[PREINITIALIZATION][SERVER][INFO] Current loaders after merging: [[preinit]]
[PREINITIALIZATION][SERVER][INFO] Loading scripts for loader with names [preinit]
[PREINITIALIZATION][SERVER][INFO] [preinit | SIDE_SERVER]: Skipping file {[1000:crafttweaker]: Nuclearcraft_Array.zs} as we are currently loading with a different loader
[PREINITIALIZATION][SERVER][INFO] [preinit | SIDE_SERVER]: Skipping file {[1000:crafttweaker]: Nuclearcraft_bloat.zs} as we are currently loading with a different loader
[PREINITIALIZATION][SERVER][INFO] [preinit | SIDE_SERVER]: Loading Script: {[0:preinit]: Dregora_ContentCreator.zs}
[PREINITIALIZATION][SERVER][INFO] [preinit | SIDE_SERVER]: Skipping file {[0:contenttweaker]: Dregora_ContentTweaker.zs} as we are currently loading with a different loader
[PREINITIALIZATION][SERVER][INFO] [preinit | SIDE_SERVER]: Skipping file {[0:crafttweaker]: Dregora_LootTweaker_Copper.zs} as we are currently loading with a different loader
[PREINITIALIZATION][SERVER][INFO] [preinit | SIDE_SERVER]: Skipping file {[0:crafttweaker]: Dregora_PotionTooltips.zs} as we are currently loading with a different loader
[PREINITIALIZATION][SERVER][INFO] [preinit | SIDE_SERVER]: Skipping file {[0:crafttweaker]: Dregora_recipes.zs} as we are currently loading with a different loader
[PREINITIALIZATION][SERVER][INFO] [preinit | SIDE_SERVER]: Skipping file {[0:crafttweaker]: DregoraArchived.zs} as we are currently loading with a different loader
[PREINITIALIZATION][SERVER][INFO] [preinit | SIDE_SERVER]: Skipping file {[0:crafttweaker]: localization.zs} as we are currently loading with a different loader
[PREINITIALIZATION][SERVER][INFO] [preinit | SIDE_SERVER]: Skipping file {[0:crafttweaker]: LootTweaker_Champions.zs} as we are currently loading with a different loader
[PREINITIALIZATION][SERVER][INFO] [preinit | SIDE_SERVER]: Skipping file {[0:crafttweaker]: LootTweaker_FMB.zs} as we are currently loading with a different loader
[PREINITIALIZATION][SERVER][INFO] [preinit | SIDE_SERVER]: Skipping file {[0:crafttweaker]: LootTweaker_LostCities.zs} as we are currently loading with a different loader
[PREINITIALIZATION][SERVER][INFO] [preinit | SIDE_SERVER]: Skipping file {[0:crafttweaker]: LootTweaker_SAmulet.zs} as we are currently loading with a different loader
[PREINITIALIZATION][SERVER][INFO] [preinit | SIDE_SERVER]: Skipping file {[0:crafttweaker]: Nuclearcraft_recipes.zs} as we are currently loading with a different loader
[PREINITIALIZATION][SERVER][INFO] [preinit | SIDE_SERVER]: Skipping file {[0:crafttweaker]: Shiv.zs} as we are currently loading with a different loader
[PREINITIALIZATION][SERVER][INFO] [preinit | SIDE_SERVER]: Skipping file {[0:crafttweaker]: Shiv2.zs} as we are currently loading with a different loader
[PREINITIALIZATION][SERVER][INFO] [preinit | SIDE_SERVER]: Skipping file {[0:crafttweaker]: SRP_ResetADP.zs} as we are currently loading with a different loader
[PREINITIALIZATION][SERVER][INFO] [preinit | SIDE_SERVER]: Skipping file {[0:contenttweaker]: why.zs} as we are currently loading with a different loader
[PREINITIALIZATION][SERVER][INFO] [preinit | SIDE_SERVER]: Skipping file {[-10:crafttweaker]: Dregora_Deepslate.zs} as we are currently loading with a different loader
[PREINITIALIZATION][SERVER][INFO] Completed script loading in: 578ms
[PREINITIALIZATION][SERVER][INFO] Current loaders after merging: [[preinit], [contenttweaker]]
[PREINITIALIZATION][SERVER][INFO] Loading scripts for loader with names [contenttweaker]
[PREINITIALIZATION][SERVER][INFO] [contenttweaker | SIDE_SERVER]: Skipping file {[1000:crafttweaker]: Nuclearcraft_Array.zs} as we are currently loading with a different loader
[PREINITIALIZATION][SERVER][INFO] [contenttweaker | SIDE_SERVER]: Skipping file {[1000:crafttweaker]: Nuclearcraft_bloat.zs} as we are currently loading with a different loader
[PREINITIALIZATION][SERVER][INFO] [contenttweaker | SIDE_SERVER]: Skipping file {[0:preinit]: Dregora_ContentCreator.zs} as we are currently loading with a different loader
[PREINITIALIZATION][SERVER][INFO] [contenttweaker | SIDE_SERVER]: Loading Script: {[0:contenttweaker]: Dregora_ContentTweaker.zs}
[PREINITIALIZATION][SERVER][INFO] [contenttweaker | SIDE_SERVER]: Skipping file {[0:crafttweaker]: Dregora_LootTweaker_Copper.zs} as we are currently loading with a different loader
[PREINITIALIZATION][SERVER][INFO] [contenttweaker | SIDE_SERVER]: Skipping file {[0:crafttweaker]: Dregora_PotionTooltips.zs} as we are currently loading with a different loader
[PREINITIALIZATION][SERVER][INFO] [contenttweaker | SIDE_SERVER]: Skipping file {[0:crafttweaker]: Dregora_recipes.zs} as we are currently loading with a different loader
[PREINITIALIZATION][SERVER][INFO] [contenttweaker | SIDE_SERVER]: Skipping file {[0:crafttweaker]: DregoraArchived.zs} as we are currently loading with a different loader
[PREINITIALIZATION][SERVER][INFO] [contenttweaker | SIDE_SERVER]: Skipping file {[0:crafttweaker]: localization.zs} as we are currently loading with a different loader
[PREINITIALIZATION][SERVER][INFO] [contenttweaker | SIDE_SERVER]: Skipping file {[0:crafttweaker]: LootTweaker_Champions.zs} as we are currently loading with a different loader
[PREINITIALIZATION][SERVER][INFO] [contenttweaker | SIDE_SERVER]: Skipping file {[0:crafttweaker]: LootTweaker_FMB.zs} as we are currently loading with a different loader
[PREINITIALIZATION][SERVER][INFO] [contenttweaker | SIDE_SERVER]: Skipping file {[0:crafttweaker]: LootTweaker_LostCities.zs} as we are currently loading with a different loader
[PREINITIALIZATION][SERVER][INFO] [contenttweaker | SIDE_SERVER]: Skipping file {[0:crafttweaker]: LootTweaker_SAmulet.zs} as we are currently loading with a different loader
[PREINITIALIZATION][SERVER][INFO] [contenttweaker | SIDE_SERVER]: Skipping file {[0:crafttweaker]: Nuclearcraft_recipes.zs} as we are currently loading with a different loader
[PREINITIALIZATION][SERVER][INFO] [contenttweaker | SIDE_SERVER]: Skipping file {[0:crafttweaker]: Shiv.zs} as we are currently loading with a different loader
[PREINITIALIZATION][SERVER][INFO] [contenttweaker | SIDE_SERVER]: Skipping file {[0:crafttweaker]: Shiv2.zs} as we are currently loading with a different loader
[PREINITIALIZATION][SERVER][INFO] [contenttweaker | SIDE_SERVER]: Skipping file {[0:crafttweaker]: SRP_ResetADP.zs} as we are currently loading with a different loader
[PREINITIALIZATION][SERVER][INFO] [contenttweaker | SIDE_SERVER]: Loading Script: {[0:contenttweaker]: why.zs}
[PREINITIALIZATION][SERVER][INFO] [contenttweaker | SIDE_SERVER]: Skipping file {[-10:crafttweaker]: Dregora_Deepslate.zs} as we are currently loading with a different loader
[PREINITIALIZATION][SERVER][INFO] Completed script loading in: 88ms
[INITIALIZATION][SERVER][INFO] CraftTweaker: Building registry
[INITIALIZATION][SERVER][INFO] CraftTweaker: Successfully built item registry
[INITIALIZATION][SERVER][INFO] Current loaders after merging: [[preinit], [contenttweaker], [recipeevent | crafttweaker]]
[INITIALIZATION][SERVER][INFO] Loading scripts for loader with names [crafttweaker | recipeevent]
[INITIALIZATION][SERVER][INFO] [crafttweaker | SIDE_SERVER]: Loading Script: {[1000:crafttweaker]: Nuclearcraft_Array.zs}
[INITIALIZATION][SERVER][INFO] Nuclearcraft Array Script starting!
[INITIALIZATION][SERVER][INFO] [crafttweaker | SIDE_SERVER]: Loading Script: {[1000:crafttweaker]: Nuclearcraft_bloat.zs}
[INITIALIZATION][SERVER][INFO] Nuclearcraft Bloat Script starting!
[INITIALIZATION][SERVER][INFO] Removing all nuclearcraft_crystallizer recipes
[INITIALIZATION][SERVER][INFO] Removing all nuclearcraft_centrifuge recipes
[INITIALIZATION][SERVER][INFO] Removing all nuclearcraft_electrolyser recipes
[INITIALIZATION][SERVER][INFO] Removing all nuclearcraft_ingot_former recipes
[INITIALIZATION][SERVER][INFO] Error: Failed to remove nuclearcraft_ingot_former recipe with 1 x steel as the input
[INITIALIZATION][SERVER][INFO] Error: Failed to remove nuclearcraft_ingot_former recipe with 1 x item.ingot_steel:0 as the output
[INITIALIZATION][SERVER][INFO] Removing all nuclearcraft_pressurizer recipes
[INITIALIZATION][SERVER][INFO] Removing all nuclearcraft_salt_mixer recipes
[INITIALIZATION][SERVER][INFO] Adding nuclearcraft_salt_mixer recipe: 250 x radaway, 200 x redstone -> 250 x radaway_slow
[INITIALIZATION][SERVER][INFO] Removing all nuclearcraft_manufactory recipes
[INITIALIZATION][SERVER][INFO] Adding nuclearcraft_manufactory recipe: 1 x item.coal:0 -> 1 x item.nuclearcraft.gem_dust:7
[INITIALIZATION][SERVER][INFO] Adding nuclearcraft_manufactory recipe: 1 x item.nuclearcraft.gem_dust:7 -> 1 x item.nuclearcraft.dust:8
[INITIALIZATION][SERVER][INFO] Adding nuclearcraft_manufactory recipe: 1 x tile.stonebrick:0 -> 1 x tile.sand:0
[INITIALIZATION][SERVER][INFO] Adding nuclearcraft_manufactory recipe: 1 x tile.gravel:0 -> 1 x item.flint:0
[INITIALIZATION][SERVER][INFO] Adding nuclearcraft_manufactory recipe: 1 x item.blazeRod:0 -> 4 x item.blazePowder:0
[INITIALIZATION][SERVER][INFO] Adding nuclearcraft_manufactory recipe: 4 x item.rottenFlesh:0 -> 1 x item.leather:0
[INITIALIZATION][SERVER][INFO] Adding nuclearcraft_manufactory recipe: 2 x item.reeds:0 -> 1 x item.nuclearcraft.part:6
[INITIALIZATION][SERVER][INFO] Adding nuclearcraft_manufactory recipe: 1 x item.bone:0 -> 6 x item.dyePowder:15
[INITIALIZATION][SERVER][INFO] Removing all nuclearcraft_isotope_separator recipes
[INITIALIZATION][SERVER][INFO] Adding nuclearcraft_isotope_separator recipe: 1 x item.nuclearcraft.ingot:3 -> 1 x item.nuclearcraft.thorium:4, 1 x item.nuclearcraft.thorium:2
[INITIALIZATION][SERVER][INFO] Adding nuclearcraft_isotope_separator recipe: 1 x item.nuclearcraft.ingot:4 -> 1 x item.nuclearcraft.uranium:8, 1 x item.nuclearcraft.uranium:6
[INITIALIZATION][SERVER][INFO] Adding nuclearcraft_isotope_separator recipe: 1 x item.nuclearcraft.fuel_thorium:0 -> 8 x item.nuclearcraft.thorium:4, 1 x item.nuclearcraft.thorium:0
[INITIALIZATION][SERVER][INFO] Adding nuclearcraft_isotope_separator recipe: 1 x item.nuclearcraft.fuel_uranium:4 -> 8 x item.nuclearcraft.uranium:8, 1 x item.nuclearcraft.uranium:4
[INITIALIZATION][SERVER][INFO] Removing all nuclearcraft_decay_hastener recipes
[INITIALIZATION][SERVER][INFO] Adding nuclearcraft_decay_hastener recipe: 1 x item.nuclearcraft.plutonium:6 -> 1 x item.nuclearcraft.uranium:6
[INITIALIZATION][SERVER][INFO] Adding nuclearcraft_decay_hastener recipe: 1 x item.nuclearcraft.plutonium:14 -> 1 x item.nuclearcraft.uranium:10
[INITIALIZATION][SERVER][INFO] Adding nuclearcraft_decay_hastener recipe: 1 x item.nuclearcraft.neptunium:2 -> 1 x item.nuclearcraft.thorium:6
[INITIALIZATION][SERVER][INFO] Adding nuclearcraft_decay_hastener recipe: 1 x item.nuclearcraft.plutonium:2 -> 1 x item.nuclearcraft.thorium:2
[INITIALIZATION][SERVER][INFO] Removing all nuclearcraft_fuel_reprocessor recipes
[INITIALIZATION][SERVER][INFO] Adding nuclearcraft_fuel_reprocessor recipe: 1 x item.nuclearcraft.depleted_fuel_thorium:0 -> 20 x item.nuclearcraft.neptunium:2, 6 x item.nuclearcraft.plutonium:2, 6 x item.nuclearcraft.uranium:10, 4 x item.nuclearcraft.uranium:6
[INITIALIZATION][SERVER][INFO] Adding nuclearcraft_fuel_reprocessor recipe: 1 x item.nuclearcraft.depleted_fuel_uranium:4 -> 40 x item.nuclearcraft.uranium:10, 8 x item.nuclearcraft.plutonium:6, 8 x item.nuclearcraft.plutonium:14, 8 x item.nuclearcraft.uranium:6
[INITIALIZATION][SERVER][INFO] Removing nuclearcraft_alloy_furnace recipes for: 1 x item.nuclearcraft.alloy:5
[INITIALIZATION][SERVER][INFO] Removing nuclearcraft_alloy_furnace recipe: { 1 x ore:ingotSteel }, { 1 x ore:ingotBoron, 1 x ore:dustBoron } -> 2 x ore:ingotFerroboron
[INITIALIZATION][SERVER][INFO] Removing nuclearcraft_alloy_furnace recipe: { 1 x ore:ingotFerroboron }, { 1 x ore:ingotLithium, 1 x ore:dustLithium } -> 2 x ore:ingotTough
[INITIALIZATION][SERVER][INFO] Removing nuclearcraft_alloy_furnace recipe: { 2 x ore:ingotGraphite, 2 x ore:dustGraphite }, { 1 x ore:gemDiamond, 1 x ore:dustDiamond } -> 2 x ore:ingotHardCarbon
[INITIALIZATION][SERVER][INFO] Removing nuclearcraft_alloy_furnace recipes for: 2 x item.nuclearcraft.alloy:4
[INITIALIZATION][SERVER][INFO] Removing nuclearcraft_alloy_furnace recipes for: 4 x item.nuclearcraft.alloy:7
[INITIALIZATION][SERVER][INFO] Removing nuclearcraft_alloy_furnace recipes for: 1 x item.nuclearcraft.alloy:10
[INITIALIZATION][SERVER][INFO] Removing nuclearcraft_alloy_furnace recipes for: 2 x item.nuclearcraft.alloy:11
[INITIALIZATION][SERVER][INFO] Removing nuclearcraft_alloy_furnace recipes for: 2 x item.nuclearcraft.alloy:13
[INITIALIZATION][SERVER][INFO] Removing nuclearcraft_alloy_furnace recipes for: 16 x item.nuclearcraft.alloy:15
[INITIALIZATION][SERVER][INFO] Adding nuclearcraft_alloy_furnace recipe: 1 x item.nuclearcraft.alloy:6, 1 x item.nuclearcraft.ingot:6 -> 1 x item.nuclearcraft.alloy:1
[INITIALIZATION][SERVER][INFO] Adding nuclearcraft_alloy_furnace recipe: 1 x item.nuclearcraft.ingot:8, 1 x item.diamond:0 -> 1 x item.nuclearcraft.alloy:2
[INITIALIZATION][SERVER][INFO] Adding nuclearcraft_alloy_furnace recipe: 1 x item.ingot_steel:0, 1 x item.nuclearcraft.ingot:5 -> 1 x item.nuclearcraft.alloy:6
[INITIALIZATION][SERVER][INFO] Removing all nuclearcraft_melter recipes
[INITIALIZATION][SERVER][INFO] Adding nuclearcraft_melter recipe: 1 x item.sugar:0 -> 144 x sugar
[INITIALIZATION][SERVER][INFO] Adding nuclearcraft_melter recipe: 1 x item.redstone:0 -> 100 x redstone
[INITIALIZATION][SERVER][INFO] Adding nuclearcraft_melter recipe: 1 x tile.blockRedstone:0 -> 900 x redstone
[INITIALIZATION][SERVER][INFO] Removing all nuclearcraft_chemical_reactor recipes
[INITIALIZATION][SERVER][INFO] Adding nuclearcraft_chemical_reactor recipe: 1000 x water, 144 x sugar -> 4000 x ethanol, null
[INITIALIZATION][SERVER][INFO] Adding nuclearcraft_chemical_reactor recipe: 144 x sugar, 1000 x water -> 4000 x ethanol, null
[INITIALIZATION][SERVER][INFO] Removing all nuclearcraft_dissolver recipes
[INITIALIZATION][SERVER][INFO] Error: Failed to remove nuclearcraft_dissolver recipe with 1 x boron_nitride_solution as the output
[INITIALIZATION][SERVER][INFO] Error: Failed to remove nuclearcraft_dissolver recipe with 1 x fluorite_water as the output
[INITIALIZATION][SERVER][INFO] Error: Failed to remove nuclearcraft_dissolver recipe with 1 x calcium_sulfate_solution as the output
[INITIALIZATION][SERVER][INFO] Error: Failed to remove nuclearcraft_dissolver recipe with 1 x sodium_fluoride_solution as the output
[INITIALIZATION][SERVER][INFO] Error: Failed to remove nuclearcraft_dissolver recipe with 1 x sodium_hydroxide_solution as the output
[INITIALIZATION][SERVER][INFO] Error: Failed to remove nuclearcraft_dissolver recipe with 1 x potassium_hydroxide_solution as the output
[INITIALIZATION][SERVER][INFO] Error: Failed to remove nuclearcraft_dissolver recipe with 1 x potassium_fluoride_solution as the output
[INITIALIZATION][SERVER][INFO] Error: Failed to remove nuclearcraft_dissolver recipe with 1 x borax_solution as the output
[INITIALIZATION][SERVER][INFO] Error: Failed to remove nuclearcraft_dissolver recipe with 1 x cryotheum as the output
[INITIALIZATION][SERVER][INFO] Error: Failed to remove nuclearcraft_dissolver recipe with 1 x item.nuclearcraft.gem_dust:4 as the input
[INITIALIZATION][SERVER][INFO] Error: Failed to remove nuclearcraft_dissolver recipe with 1 x item.nuclearcraft.gem_dust:5 as the input
[INITIALIZATION][SERVER][INFO] Error: Failed to remove nuclearcraft_dissolver recipe with 1 x item.nuclearcraft.compound:0 as the input
[INITIALIZATION][SERVER][INFO] Error: Failed to remove nuclearcraft_dissolver recipe with 1 x item.nuclearcraft.compound:3 as the input
[INITIALIZATION][SERVER][INFO] Error: Failed to remove nuclearcraft_dissolver recipe with 1 x item.nuclearcraft.compound:4 as the input
[INITIALIZATION][SERVER][INFO] Error: Failed to remove nuclearcraft_dissolver recipe with 1 x item.nuclearcraft.compound:5 as the input
[INITIALIZATION][SERVER][INFO] Error: Failed to remove nuclearcraft_dissolver recipe with 1 x item.nuclearcraft.compound:6 as the input
[INITIALIZATION][SERVER][INFO] Error: Failed to remove nuclearcraft_dissolver recipe with 1 x item.snowball:0 as the input
[INITIALIZATION][SERVER][INFO] Error: Failed to remove nuclearcraft_dissolver recipe with 1 x item.nuclearcraft.compound:7 as the input
[INITIALIZATION][SERVER][INFO] Removing all nuclearcraft_rock_crusher recipes
[INITIALIZATION][SERVER][INFO] Adding nuclearcraft_rock_crusher recipe: 1 x tile.stone:1 -> 1 x item.nuclearcraft.gem_dust:6, 1 x item.notreepunching:rock.granite:0, 1 x item.notreepunching:rock.stone:0
[INITIALIZATION][SERVER][INFO] Adding nuclearcraft_rock_crusher recipe: 1 x tile.stone:2 -> 2 x item.nuclearcraft.gem_dust:6, 2 x item.notreepunching:rock.granite:0, 1 x item.notreepunching:rock.stone:0
[INITIALIZATION][SERVER][INFO] Adding nuclearcraft_rock_crusher recipe: 1 x tile.stone:5 -> 1 x item.nuclearcraft.dust:9, 1 x item.notreepunching:rock.andesite:0, 1 x item.notreepunching:rock.stone:0
[INITIALIZATION][SERVER][INFO] Adding nuclearcraft_rock_crusher recipe: 1 x tile.stone:6 -> 2 x item.nuclearcraft.dust:9, 2 x item.notreepunching:rock.andesite:0, 1 x item.notreepunching:rock.stone:0
[INITIALIZATION][SERVER][INFO] Removing nuclearcraft_fission recipe: 1 x ore:fuelTBUOxide -> 1 x ore:depletedFuelTBUOxide
[INITIALIZATION][SERVER][INFO] Removing nuclearcraft_fission recipe: 1 x ore:fuelLEU233 -> 1 x ore:depletedFuelLEU233
[INITIALIZATION][SERVER][INFO] Removing nuclearcraft_fission recipe: 1 x ore:fuelLEU233Oxide -> 1 x ore:depletedFuelLEU233Oxide
[INITIALIZATION][SERVER][INFO] Removing nuclearcraft_fission recipe: 1 x ore:fuelHEU233 -> 1 x ore:depletedFuelHEU233
[INITIALIZATION][SERVER][INFO] Removing nuclearcraft_fission recipe: 1 x ore:fuelHEU233Oxide -> 1 x ore:depletedFuelHEU233Oxide
[INITIALIZATION][SERVER][INFO] Removing nuclearcraft_fission recipe: 1 x ore:fuelLEU235Oxide -> 1 x ore:depletedFuelLEU235Oxide
[INITIALIZATION][SERVER][INFO] Removing nuclearcraft_fission recipe: 1 x ore:fuelHEU235 -> 1 x ore:depletedFuelHEU235
[INITIALIZATION][SERVER][INFO] Removing nuclearcraft_fission recipe: 1 x ore:fuelHEU235Oxide -> 1 x ore:depletedFuelHEU235Oxide
[INITIALIZATION][SERVER][INFO] Removing nuclearcraft_fission recipe: 1 x ore:fuelLEN236 -> 1 x ore:depletedFuelLEN236
[INITIALIZATION][SERVER][INFO] Removing nuclearcraft_fission recipe: 1 x ore:fuelLEN236Oxide -> 1 x ore:depletedFuelLEN236Oxide
[INITIALIZATION][SERVER][INFO] Removing nuclearcraft_fission recipe: 1 x ore:fuelHEN236 -> 1 x ore:depletedFuelHEN236
[INITIALIZATION][SERVER][INFO] Removing nuclearcraft_fission recipe: 1 x ore:fuelHEN236Oxide -> 1 x ore:depletedFuelHEN236Oxide
[INITIALIZATION][SERVER][INFO] Removing nuclearcraft_fission recipe: 1 x ore:fuelLEP239 -> 1 x ore:depletedFuelLEP239
[INITIALIZATION][SERVER][INFO] Removing nuclearcraft_fission recipe: 1 x ore:fuelLEP239Oxide -> 1 x ore:depletedFuelLEP239Oxide
[INITIALIZATION][SERVER][INFO] Removing nuclearcraft_fission recipe: 1 x ore:fuelHEP239 -> 1 x ore:depletedFuelHEP239
[INITIALIZATION][SERVER][INFO] Removing nuclearcraft_fission recipe: 1 x ore:fuelHEP239Oxide -> 1 x ore:depletedFuelHEP239Oxide
[INITIALIZATION][SERVER][INFO] Removing nuclearcraft_fission recipe: 1 x ore:fuelLEP241 -> 1 x ore:depletedFuelLEP241
[INITIALIZATION][SERVER][INFO] Removing nuclearcraft_fission recipe: 1 x ore:fuelLEP241Oxide -> 1 x ore:depletedFuelLEP241Oxide
[INITIALIZATION][SERVER][INFO] Removing nuclearcraft_fission recipe: 1 x ore:fuelHEP241 -> 1 x ore:depletedFuelHEP241
[INITIALIZATION][SERVER][INFO] Removing nuclearcraft_fission recipe: 1 x ore:fuelHEP241Oxide -> 1 x ore:depletedFuelHEP241Oxide
[INITIALIZATION][SERVER][INFO] Removing nuclearcraft_fission recipe: 1 x ore:fuelMOX239 -> 1 x ore:depletedFuelMOX239
[INITIALIZATION][SERVER][INFO] Removing nuclearcraft_fission recipe: 1 x ore:fuelMOX241 -> 1 x ore:depletedFuelMOX241
[INITIALIZATION][SERVER][INFO] Removing nuclearcraft_fission recipe: 1 x ore:fuelLEA242 -> 1 x ore:depletedFuelLEA242
[INITIALIZATION][SERVER][INFO] Removing nuclearcraft_fission recipe: 1 x ore:fuelLEA242Oxide -> 1 x ore:depletedFuelLEA242Oxide
[INITIALIZATION][SERVER][INFO] Removing nuclearcraft_fission recipe: 1 x ore:fuelHEA242 -> 1 x ore:depletedFuelHEA242
[INITIALIZATION][SERVER][INFO] Removing nuclearcraft_fission recipe: 1 x ore:fuelHEA242Oxide -> 1 x ore:depletedFuelHEA242Oxide
[INITIALIZATION][SERVER][INFO] Removing nuclearcraft_fission recipe: 1 x ore:fuelLECm243 -> 1 x ore:depletedFuelLECm243
[INITIALIZATION][SERVER][INFO] Removing nuclearcraft_fission recipe: 1 x ore:fuelLECm243Oxide -> 1 x ore:depletedFuelLECm243Oxide
[INITIALIZATION][SERVER][INFO] Removing nuclearcraft_fission recipe: 1 x ore:fuelHECm243 -> 1 x ore:depletedFuelHECm243
[INITIALIZATION][SERVER][INFO] Removing nuclearcraft_fission recipe: 1 x ore:fuelHECm243Oxide -> 1 x ore:depletedFuelHECm243Oxide
[INITIALIZATION][SERVER][INFO] Removing nuclearcraft_fission recipe: 1 x ore:fuelLECm245 -> 1 x ore:depletedFuelLECm245
[INITIALIZATION][SERVER][INFO] Removing nuclearcraft_fission recipe: 1 x ore:fuelLECm245Oxide -> 1 x ore:depletedFuelLECm245Oxide
[INITIALIZATION][SERVER][INFO] Removing nuclearcraft_fission recipe: 1 x ore:fuelHECm245 -> 1 x ore:depletedFuelHECm245
[INITIALIZATION][SERVER][INFO] Removing nuclearcraft_fission recipe: 1 x ore:fuelHECm245Oxide -> 1 x ore:depletedFuelHECm245Oxide
[INITIALIZATION][SERVER][INFO] Removing nuclearcraft_fission recipe: 1 x ore:fuelLECm247 -> 1 x ore:depletedFuelLECm247
[INITIALIZATION][SERVER][INFO] Removing nuclearcraft_fission recipe: 1 x ore:fuelLECm247Oxide -> 1 x ore:depletedFuelLECm247Oxide
[INITIALIZATION][SERVER][INFO] Removing nuclearcraft_fission recipe: 1 x ore:fuelHECm247 -> 1 x ore:depletedFuelHECm247
[INITIALIZATION][SERVER][INFO] Removing nuclearcraft_fission recipe: 1 x ore:fuelHECm247Oxide -> 1 x ore:depletedFuelHECm247Oxide
[INITIALIZATION][SERVER][INFO] Removing nuclearcraft_fission recipe: 1 x ore:fuelLEB248 -> 1 x ore:depletedFuelLEB248
[INITIALIZATION][SERVER][INFO] Removing nuclearcraft_fission recipe: 1 x ore:fuelLEB248Oxide -> 1 x ore:depletedFuelLEB248Oxide
[INITIALIZATION][SERVER][INFO] Removing nuclearcraft_fission recipe: 1 x ore:fuelHEB248 -> 1 x ore:depletedFuelHEB248
[INITIALIZATION][SERVER][INFO] Removing nuclearcraft_fission recipe: 1 x ore:fuelHEB248Oxide -> 1 x ore:depletedFuelHEB248Oxide
[INITIALIZATION][SERVER][INFO] Removing nuclearcraft_fission recipe: 1 x ore:fuelLECf249 -> 1 x ore:depletedFuelLECf249
[INITIALIZATION][SERVER][INFO] Removing nuclearcraft_fission recipe: 1 x ore:fuelLECf249Oxide -> 1 x ore:depletedFuelLECf249Oxide
[INITIALIZATION][SERVER][INFO] Removing nuclearcraft_fission recipe: 1 x ore:fuelHECf249 -> 1 x ore:depletedFuelHECf249
[INITIALIZATION][SERVER][INFO] Removing nuclearcraft_fission recipe: 1 x ore:fuelHECf249Oxide -> 1 x ore:depletedFuelHECf249Oxide
[INITIALIZATION][SERVER][INFO] Removing nuclearcraft_fission recipe: 1 x ore:fuelLECf251 -> 1 x ore:depletedFuelLECf251
[INITIALIZATION][SERVER][INFO] Removing nuclearcraft_fission recipe: 1 x ore:fuelLECf251Oxide -> 1 x ore:depletedFuelLECf251Oxide
[INITIALIZATION][SERVER][INFO] Removing nuclearcraft_fission recipe: 1 x ore:fuelHECf251 -> 1 x ore:depletedFuelHECf251
[INITIALIZATION][SERVER][INFO] Removing nuclearcraft_fission recipe: 1 x ore:fuelHECf251Oxide -> 1 x ore:depletedFuelHECf251Oxide
[INITIALIZATION][SERVER][INFO] Removing nuclearcraft_infuser recipes for: 1 x item.nuclearcraft.ingot_oxide:0
[INITIALIZATION][SERVER][INFO] Removing nuclearcraft_infuser recipes for: 1 x item.nuclearcraft.ingot_oxide:1
[INITIALIZATION][SERVER][INFO] Removing nuclearcraft_infuser recipes for: 1 x item.nuclearcraft.ingot_oxide:2
[INITIALIZATION][SERVER][INFO] Removing nuclearcraft_infuser recipes for: 1 x item.nuclearcraft.ingot_oxide:3
[INITIALIZATION][SERVER][INFO] Removing nuclearcraft_infuser recipes for: 1 x item.nuclearcraft.dust_oxide:0
[INITIALIZATION][SERVER][INFO] Removing nuclearcraft_infuser recipes for: 1 x item.nuclearcraft.dust_oxide:1
[INITIALIZATION][SERVER][INFO] Removing nuclearcraft_infuser recipes for: 1 x item.nuclearcraft.dust_oxide:2
[INITIALIZATION][SERVER][INFO] Removing nuclearcraft_infuser recipes for: 1 x item.nuclearcraft.dust_oxide:3
[INITIALIZATION][SERVER][INFO] Removing nuclearcraft_infuser recipes for: 1 x tile.nuclearcraft.block_ice:0
[INITIALIZATION][SERVER][INFO] Removing nuclearcraft_infuser recipes for: 1 x tile.nuclearcraft.cooler:10
[INITIALIZATION][SERVER][INFO] Removing nuclearcraft_infuser recipes for: 1 x tile.nuclearcraft.water_source:0
[INITIALIZATION][SERVER][INFO] Removing nuclearcraft_infuser recipes for: 1 x tile.nuclearcraft.tritium_lamp:0
[INITIALIZATION][SERVER][INFO] Removing nuclearcraft_infuser recipes for: 1 x tile.whiteStone:0
[INITIALIZATION][SERVER][INFO] Removing nuclearcraft_infuser recipes for: 1 x item.nuclearcraft.thorium:1
[INITIALIZATION][SERVER][INFO] Removing nuclearcraft_infuser recipes for: 1 x item.nuclearcraft.thorium:3
[INITIALIZATION][SERVER][INFO] Removing nuclearcraft_infuser recipes for: 1 x item.nuclearcraft.thorium:5
[INITIALIZATION][SERVER][INFO] Removing nuclearcraft_infuser recipes for: 1 x item.nuclearcraft.thorium:7
[INITIALIZATION][SERVER][INFO] Removing nuclearcraft_infuser recipes for: 1 x item.nuclearcraft.uranium:1
[INITIALIZATION][SERVER][INFO] Removing nuclearcraft_infuser recipes for: 1 x item.nuclearcraft.uranium:3
[INITIALIZATION][SERVER][INFO] Removing nuclearcraft_infuser recipes for: 1 x item.nuclearcraft.uranium:5
[INITIALIZATION][SERVER][INFO] Removing nuclearcraft_infuser recipes for: 1 x item.nuclearcraft.uranium:7
[INITIALIZATION][SERVER][INFO] Removing nuclearcraft_infuser recipes for: 1 x item.nuclearcraft.uranium:9
[INITIALIZATION][SERVER][INFO] Removing nuclearcraft_infuser recipes for: 1 x item.nuclearcraft.uranium:11
[INITIALIZATION][SERVER][INFO] Removing nuclearcraft_infuser recipes for: 1 x item.nuclearcraft.neptunium:1
[INITIALIZATION][SERVER][INFO] Removing nuclearcraft_infuser recipes for: 1 x item.nuclearcraft.neptunium:3
[INITIALIZATION][SERVER][INFO] Removing nuclearcraft_infuser recipes for: 1 x item.nuclearcraft.neptunium:5
[INITIALIZATION][SERVER][INFO] Removing nuclearcraft_infuser recipes for: 1 x item.nuclearcraft.neptunium:7
[INITIALIZATION][SERVER][INFO] Removing nuclearcraft_infuser recipes for: 1 x item.nuclearcraft.plutonium:1
[INITIALIZATION][SERVER][INFO] Removing nuclearcraft_infuser recipes for: 1 x item.nuclearcraft.plutonium:3
[INITIALIZATION][SERVER][INFO] Removing nuclearcraft_infuser recipes for: 1 x item.nuclearcraft.plutonium:5
[INITIALIZATION][SERVER][INFO] Removing nuclearcraft_infuser recipes for: 1 x item.nuclearcraft.plutonium:7
[INITIALIZATION][SERVER][INFO] Removing nuclearcraft_infuser recipes for: 1 x item.nuclearcraft.plutonium:9
[INITIALIZATION][SERVER][INFO] Removing nuclearcraft_infuser recipes for: 1 x item.nuclearcraft.plutonium:11
[INITIALIZATION][SERVER][INFO] Removing nuclearcraft_infuser recipes for: 1 x item.nuclearcraft.plutonium:13
[INITIALIZATION][SERVER][INFO] Removing nuclearcraft_infuser recipes for: 1 x item.nuclearcraft.plutonium:15
[INITIALIZATION][SERVER][INFO] Removing nuclearcraft_infuser recipes for: 1 x item.nuclearcraft.americium:1
[INITIALIZATION][SERVER][INFO] Removing nuclearcraft_infuser recipes for: 1 x item.nuclearcraft.americium:3
[INITIALIZATION][SERVER][INFO] Removing nuclearcraft_infuser recipes for: 1 x item.nuclearcraft.americium:5
[INITIALIZATION][SERVER][INFO] Removing nuclearcraft_infuser recipes for: 1 x item.nuclearcraft.americium:7
[INITIALIZATION][SERVER][INFO] Removing nuclearcraft_infuser recipes for: 1 x item.nuclearcraft.americium:9
[INITIALIZATION][SERVER][INFO] Removing nuclearcraft_infuser recipes for: 1 x item.nuclearcraft.americium:11
[INITIALIZATION][SERVER][INFO] Removing nuclearcraft_infuser recipes for: 1 x item.nuclearcraft.curium:1
[INITIALIZATION][SERVER][INFO] Removing nuclearcraft_infuser recipes for: 1 x item.nuclearcraft.curium:3
[INITIALIZATION][SERVER][INFO] Removing nuclearcraft_infuser recipes for: 1 x item.nuclearcraft.curium:5
[INITIALIZATION][SERVER][INFO] Removing nuclearcraft_infuser recipes for: 1 x item.nuclearcraft.curium:7
[INITIALIZATION][SERVER][INFO] Removing nuclearcraft_infuser recipes for: 1 x item.nuclearcraft.curium:9
[INITIALIZATION][SERVER][INFO] Removing nuclearcraft_infuser recipes for: 1 x item.nuclearcraft.curium:11
[INITIALIZATION][SERVER][INFO] Removing nuclearcraft_infuser recipes for: 1 x item.nuclearcraft.curium:13
[INITIALIZATION][SERVER][INFO] Removing nuclearcraft_infuser recipes for: 1 x item.nuclearcraft.curium:15
[INITIALIZATION][SERVER][INFO] Removing nuclearcraft_infuser recipes for: 1 x item.nuclearcraft.berkelium:1
[INITIALIZATION][SERVER][INFO] Removing nuclearcraft_infuser recipes for: 1 x item.nuclearcraft.berkelium:3
[INITIALIZATION][SERVER][INFO] Removing nuclearcraft_infuser recipes for: 1 x item.nuclearcraft.berkelium:5
[INITIALIZATION][SERVER][INFO] Removing nuclearcraft_infuser recipes for: 1 x item.nuclearcraft.berkelium:7
[INITIALIZATION][SERVER][INFO] Removing nuclearcraft_infuser recipes for: 1 x item.nuclearcraft.californium:1
[INITIALIZATION][SERVER][INFO] Removing nuclearcraft_infuser recipes for: 1 x item.nuclearcraft.californium:3
[INITIALIZATION][SERVER][INFO] Removing nuclearcraft_infuser recipes for: 1 x item.nuclearcraft.californium:5
[INITIALIZATION][SERVER][INFO] Removing nuclearcraft_infuser recipes for: 1 x item.nuclearcraft.californium:7
[INITIALIZATION][SERVER][INFO] Removing nuclearcraft_infuser recipes for: 1 x item.nuclearcraft.californium:9
[INITIALIZATION][SERVER][INFO] Removing nuclearcraft_infuser recipes for: 1 x item.nuclearcraft.californium:11
[INITIALIZATION][SERVER][INFO] Removing nuclearcraft_infuser recipes for: 1 x item.nuclearcraft.californium:13
[INITIALIZATION][SERVER][INFO] Removing nuclearcraft_infuser recipes for: 1 x item.nuclearcraft.californium:15
[INITIALIZATION][SERVER][INFO] Removing nuclearcraft_infuser recipes for: 1 x item.nuclearcraft.fuel_thorium:1
[INITIALIZATION][SERVER][INFO] Removing nuclearcraft_infuser recipes for: 1 x item.nuclearcraft.depleted_fuel_thorium:1
[INITIALIZATION][SERVER][INFO] Removing nuclearcraft_infuser recipes for: 1 x item.nuclearcraft.fuel_uranium:1
[INITIALIZATION][SERVER][INFO] Removing nuclearcraft_infuser recipes for: 1 x item.nuclearcraft.depleted_fuel_uranium:1
[INITIALIZATION][SERVER][INFO] Removing nuclearcraft_infuser recipes for: 1 x item.nuclearcraft.fuel_uranium:3
[INITIALIZATION][SERVER][INFO] Removing nuclearcraft_infuser recipes for: 1 x item.nuclearcraft.depleted_fuel_uranium:3
[INITIALIZATION][SERVER][INFO] Removing nuclearcraft_infuser recipes for: 1 x item.nuclearcraft.fuel_uranium:5
[INITIALIZATION][SERVER][INFO] Removing nuclearcraft_infuser recipes for: 1 x item.nuclearcraft.depleted_fuel_uranium:5
[INITIALIZATION][SERVER][INFO] Removing nuclearcraft_infuser recipes for: 1 x item.nuclearcraft.fuel_uranium:7
[INITIALIZATION][SERVER][INFO] Removing nuclearcraft_infuser recipes for: 1 x item.nuclearcraft.depleted_fuel_uranium:7
[INITIALIZATION][SERVER][INFO] Removing nuclearcraft_infuser recipes for: 1 x item.nuclearcraft.fuel_neptunium:1
[INITIALIZATION][SERVER][INFO] Removing nuclearcraft_infuser recipes for: 1 x item.nuclearcraft.depleted_fuel_neptunium:1
[INITIALIZATION][SERVER][INFO] Removing nuclearcraft_infuser recipes for: 1 x item.nuclearcraft.fuel_neptunium:3
[INITIALIZATION][SERVER][INFO] Removing nuclearcraft_infuser recipes for: 1 x item.nuclearcraft.depleted_fuel_neptunium:3
[INITIALIZATION][SERVER][INFO] Removing nuclearcraft_infuser recipes for: 1 x item.nuclearcraft.fuel_plutonium:1
[INITIALIZATION][SERVER][INFO] Removing nuclearcraft_infuser recipes for: 1 x item.nuclearcraft.depleted_fuel_plutonium:1
[INITIALIZATION][SERVER][INFO] Removing nuclearcraft_infuser recipes for: 1 x item.nuclearcraft.fuel_plutonium:3
[INITIALIZATION][SERVER][INFO] Removing nuclearcraft_infuser recipes for: 1 x item.nuclearcraft.depleted_fuel_plutonium:3
[INITIALIZATION][SERVER][INFO] Removing nuclearcraft_infuser recipes for: 1 x item.nuclearcraft.fuel_plutonium:5
[INITIALIZATION][SERVER][INFO] Removing nuclearcraft_infuser recipes for: 1 x item.nuclearcraft.depleted_fuel_plutonium:5
[INITIALIZATION][SERVER][INFO] Removing nuclearcraft_infuser recipes for: 1 x item.nuclearcraft.fuel_plutonium:7
[INITIALIZATION][SERVER][INFO] Removing nuclearcraft_infuser recipes for: 1 x item.nuclearcraft.depleted_fuel_plutonium:7
[INITIALIZATION][SERVER][INFO] Removing nuclearcraft_infuser recipes for: 1 x item.nuclearcraft.fuel_americium:1
[INITIALIZATION][SERVER][INFO] Removing nuclearcraft_infuser recipes for: 1 x item.nuclearcraft.depleted_fuel_americium:1
[INITIALIZATION][SERVER][INFO] Removing nuclearcraft_infuser recipes for: 1 x item.nuclearcraft.fuel_americium:3
[INITIALIZATION][SERVER][INFO] Removing nuclearcraft_infuser recipes for: 1 x item.nuclearcraft.depleted_fuel_americium:3
[INITIALIZATION][SERVER][INFO] Removing nuclearcraft_infuser recipes for: 1 x item.nuclearcraft.fuel_curium:1
[INITIALIZATION][SERVER][INFO] Removing nuclearcraft_infuser recipes for: 1 x item.nuclearcraft.depleted_fuel_curium:1
[INITIALIZATION][SERVER][INFO] Removing nuclearcraft_infuser recipes for: 1 x item.nuclearcraft.fuel_curium:3
[INITIALIZATION][SERVER][INFO] Removing nuclearcraft_infuser recipes for: 1 x item.nuclearcraft.depleted_fuel_curium:3
[INITIALIZATION][SERVER][INFO] Removing nuclearcraft_infuser recipes for: 1 x item.nuclearcraft.fuel_curium:5
[INITIALIZATION][SERVER][INFO] Removing nuclearcraft_infuser recipes for: 1 x item.nuclearcraft.depleted_fuel_curium:5
[INITIALIZATION][SERVER][INFO] Removing nuclearcraft_infuser recipes for: 1 x item.nuclearcraft.fuel_curium:7
[INITIALIZATION][SERVER][INFO] Removing nuclearcraft_infuser recipes for: 1 x item.nuclearcraft.depleted_fuel_curium:7
[INITIALIZATION][SERVER][INFO] Removing nuclearcraft_infuser recipes for: 1 x item.nuclearcraft.fuel_curium:9
[INITIALIZATION][SERVER][INFO] Removing nuclearcraft_infuser recipes for: 1 x item.nuclearcraft.depleted_fuel_curium:9
[INITIALIZATION][SERVER][INFO] Removing nuclearcraft_infuser recipes for: 1 x item.nuclearcraft.fuel_curium:11
[INITIALIZATION][SERVER][INFO] Removing nuclearcraft_infuser recipes for: 1 x item.nuclearcraft.depleted_fuel_curium:11
[INITIALIZATION][SERVER][INFO] Removing nuclearcraft_infuser recipes for: 1 x item.nuclearcraft.fuel_berkelium:1
[INITIALIZATION][SERVER][INFO] Removing nuclearcraft_infuser recipes for: 1 x item.nuclearcraft.depleted_fuel_berkelium:1
[INITIALIZATION][SERVER][INFO] Removing nuclearcraft_infuser recipes for: 1 x item.nuclearcraft.fuel_berkelium:3
[INITIALIZATION][SERVER][INFO] Removing nuclearcraft_infuser recipes for: 1 x item.nuclearcraft.depleted_fuel_berkelium:3
[INITIALIZATION][SERVER][INFO] Removing nuclearcraft_infuser recipes for: 1 x item.nuclearcraft.fuel_californium:1
[INITIALIZATION][SERVER][INFO] Removing nuclearcraft_infuser recipes for: 1 x item.nuclearcraft.depleted_fuel_californium:1
[INITIALIZATION][SERVER][INFO] Removing nuclearcraft_infuser recipes for: 1 x item.nuclearcraft.fuel_californium:3
[INITIALIZATION][SERVER][INFO] Removing nuclearcraft_infuser recipes for: 1 x item.nuclearcraft.depleted_fuel_californium:3
[INITIALIZATION][SERVER][INFO] Removing nuclearcraft_infuser recipes for: 1 x item.nuclearcraft.fuel_californium:5
[INITIALIZATION][SERVER][INFO] Removing nuclearcraft_infuser recipes for: 1 x item.nuclearcraft.depleted_fuel_californium:5
[INITIALIZATION][SERVER][INFO] Removing nuclearcraft_infuser recipes for: 1 x item.nuclearcraft.fuel_californium:7
[INITIALIZATION][SERVER][INFO] Removing nuclearcraft_infuser recipes for: 1 x item.nuclearcraft.depleted_fuel_californium:7
[INITIALIZATION][SERVER][INFO] Removing nuclearcraft_extractor recipe: 1 x tile.nuclearcraft.cooler:10 -> 1 x tile.nuclearcraft.cooler:0, 2000 x cryotheum
[INITIALIZATION][SERVER][INFO] Removing nuclearcraft_extractor recipe: 1 x item.nuclearcraft.ground_cocoa_nibs:0 -> 1 x item.nuclearcraft.cocoa_solids:0, 144 x cocoa_butter
[INITIALIZATION][SERVER][INFO] [crafttweaker | SIDE_SERVER]: Skipping file {[0:preinit]: Dregora_ContentCreator.zs} as we are currently loading with a different loader
[INITIALIZATION][SERVER][INFO] [crafttweaker | SIDE_SERVER]: Skipping file {[0:contenttweaker]: Dregora_ContentTweaker.zs} as we are currently loading with a different loader
[INITIALIZATION][SERVER][INFO] [crafttweaker | SIDE_SERVER]: Loading Script: {[0:crafttweaker]: Dregora_LootTweaker_Copper.zs}
[INITIALIZATION][SERVER][INFO] Queued all pools of table mod_lavacow:entities/mimic for removal
[INITIALIZATION][SERVER][INFO] Queued pool claw for addition to table mod_lavacow:entities/mimic
[INITIALIZATION][SERVER][INFO] Queued item entry 'loottweaker#1' for addition to pool 'claw' of table 'mod_lavacow:entities/mimic'
[INITIALIZATION][SERVER][INFO] Queued all pools of table mod_lavacow:entities/bosses/skeleton_king for removal
[INITIALIZATION][SERVER][INFO] Queued pool dregora_skeleton_king for addition to table mod_lavacow:entities/bosses/skeleton_king
[INITIALIZATION][SERVER][INFO] Queued loot table entry 'loottweaker#1' for addition to pool 'dregora_skeleton_king' of table 'mod_lavacow:entities/bosses/skeleton_king'
[INITIALIZATION][SERVER][INFO] Queued pool CopperPool for addition to table minecraft:chests/village_blacksmith
[INITIALIZATION][SERVER][INFO] Queued pool CopperPool for addition to table minecraft:chests/simple_dungeon
[INITIALIZATION][SERVER][INFO] Queued pool CopperPool for addition to table minecraft:chests/abandoned_mineshaft
[INITIALIZATION][SERVER][INFO] Queued pool CopperPool for addition to table charm:village/butcher
[INITIALIZATION][SERVER][INFO] Queued pool CopperPool for addition to table charm:village/carpenter
[INITIALIZATION][SERVER][INFO] Queued pool CopperPool for addition to table charm:village/farmer
[INITIALIZATION][SERVER][INFO] Queued pool CopperPool for addition to table charm:village/smith
[INITIALIZATION][SERVER][INFO] Queued pool CopperPool for addition to table charm:treasure/common
[INITIALIZATION][SERVER][INFO] Queued pool CopperPool for addition to table quark:chests/pirate_chest
[INITIALIZATION][SERVER][INFO] Queued item entry 'loottweaker#1' for addition to pool 'CopperPool' of table 'minecraft:chests/simple_dungeon'
[INITIALIZATION][SERVER][INFO] Queued item entry 'loottweaker#2' for addition to pool 'CopperPool' of table 'minecraft:chests/simple_dungeon'
[INITIALIZATION][SERVER][INFO] Queued item entry 'loottweaker#1' for addition to pool 'CopperPool' of table 'charm:village/smith'
[INITIALIZATION][SERVER][INFO] Queued item entry 'loottweaker#2' for addition to pool 'CopperPool' of table 'charm:village/smith'
[INITIALIZATION][SERVER][INFO] Queued item entry 'loottweaker#1' for addition to pool 'CopperPool' of table 'minecraft:chests/village_blacksmith'
[INITIALIZATION][SERVER][INFO] Queued item entry 'loottweaker#2' for addition to pool 'CopperPool' of table 'minecraft:chests/village_blacksmith'
[INITIALIZATION][SERVER][INFO] Queued item entry 'loottweaker#3' for addition to pool 'CopperPool' of table 'minecraft:chests/simple_dungeon'
[INITIALIZATION][SERVER][INFO] Queued item entry 'loottweaker#4' for addition to pool 'CopperPool' of table 'minecraft:chests/simple_dungeon'
[INITIALIZATION][SERVER][INFO] Queued item entry 'loottweaker#3' for addition to pool 'CopperPool' of table 'charm:village/smith'
[INITIALIZATION][SERVER][INFO] Queued item entry 'loottweaker#4' for addition to pool 'CopperPool' of table 'charm:village/smith'
[INITIALIZATION][SERVER][INFO] Queued item entry 'loottweaker#3' for addition to pool 'CopperPool' of table 'minecraft:chests/village_blacksmith'
[INITIALIZATION][SERVER][INFO] Queued item entry 'loottweaker#4' for addition to pool 'CopperPool' of table 'minecraft:chests/village_blacksmith'
[INITIALIZATION][SERVER][INFO] Queued item entry 'loottweaker#5' for addition to pool 'CopperPool' of table 'minecraft:chests/simple_dungeon'
[INITIALIZATION][SERVER][INFO] Queued item entry 'loottweaker#6' for addition to pool 'CopperPool' of table 'minecraft:chests/simple_dungeon'
[INITIALIZATION][SERVER][INFO] Queued item entry 'loottweaker#5' for addition to pool 'CopperPool' of table 'charm:village/smith'
[INITIALIZATION][SERVER][INFO] Queued item entry 'loottweaker#6' for addition to pool 'CopperPool' of table 'charm:village/smith'
[INITIALIZATION][SERVER][INFO] Queued item entry 'loottweaker#5' for addition to pool 'CopperPool' of table 'minecraft:chests/village_blacksmith'
[INITIALIZATION][SERVER][INFO] Queued item entry 'loottweaker#6' for addition to pool 'CopperPool' of table 'minecraft:chests/village_blacksmith'
[INITIALIZATION][SERVER][INFO] Queued item entry 'loottweaker#7' for addition to pool 'CopperPool' of table 'minecraft:chests/simple_dungeon'
[INITIALIZATION][SERVER][INFO] Queued item entry 'loottweaker#8' for addition to pool 'CopperPool' of table 'minecraft:chests/simple_dungeon'
[INITIALIZATION][SERVER][INFO] Queued item entry 'loottweaker#7' for addition to pool 'CopperPool' of table 'charm:village/smith'
[INITIALIZATION][SERVER][INFO] Queued item entry 'loottweaker#8' for addition to pool 'CopperPool' of table 'charm:village/smith'
[INITIALIZATION][SERVER][INFO] Queued item entry 'loottweaker#7' for addition to pool 'CopperPool' of table 'minecraft:chests/village_blacksmith'
[INITIALIZATION][SERVER][INFO] Queued item entry 'loottweaker#8' for addition to pool 'CopperPool' of table 'minecraft:chests/village_blacksmith'
[INITIALIZATION][SERVER][INFO] Queued item entry 'loottweaker#9' for addition to pool 'CopperPool' of table 'minecraft:chests/simple_dungeon'
[INITIALIZATION][SERVER][INFO] Queued item entry 'loottweaker#10' for addition to pool 'CopperPool' of table 'minecraft:chests/simple_dungeon'
[INITIALIZATION][SERVER][INFO] Queued item entry 'loottweaker#1' for addition to pool 'CopperPool' of table 'quark:chests/pirate_chest'
[INITIALIZATION][SERVER][INFO] Queued item entry 'loottweaker#2' for addition to pool 'CopperPool' of table 'quark:chests/pirate_chest'
[INITIALIZATION][SERVER][INFO] Queued item entry 'loottweaker#9' for addition to pool 'CopperPool' of table 'charm:village/smith'
[INITIALIZATION][SERVER][INFO] Queued item entry 'loottweaker#10' for addition to pool 'CopperPool' of table 'charm:village/smith'
[INITIALIZATION][SERVER][INFO] Queued item entry 'loottweaker#9' for addition to pool 'CopperPool' of table 'minecraft:chests/village_blacksmith'
[INITIALIZATION][SERVER][INFO] Queued item entry 'loottweaker#10' for addition to pool 'CopperPool' of table 'minecraft:chests/village_blacksmith'
[INITIALIZATION][SERVER][INFO] Queued item entry 'loottweaker#11' for addition to pool 'CopperPool' of table 'minecraft:chests/simple_dungeon'
[INITIALIZATION][SERVER][INFO] Queued item entry 'loottweaker#12' for addition to pool 'CopperPool' of table 'minecraft:chests/simple_dungeon'
[INITIALIZATION][SERVER][INFO] Queued item entry 'loottweaker#3' for addition to pool 'CopperPool' of table 'quark:chests/pirate_chest'
[INITIALIZATION][SERVER][INFO] Queued item entry 'loottweaker#4' for addition to pool 'CopperPool' of table 'quark:chests/pirate_chest'
[INITIALIZATION][SERVER][INFO] Queued item entry 'loottweaker#11' for addition to pool 'CopperPool' of table 'charm:village/smith'
[INITIALIZATION][SERVER][INFO] Queued item entry 'loottweaker#12' for addition to pool 'CopperPool' of table 'charm:village/smith'
[INITIALIZATION][SERVER][INFO] Queued item entry 'loottweaker#11' for addition to pool 'CopperPool' of table 'minecraft:chests/village_blacksmith'
[INITIALIZATION][SERVER][INFO] Queued item entry 'loottweaker#12' for addition to pool 'CopperPool' of table 'minecraft:chests/village_blacksmith'
[INITIALIZATION][SERVER][INFO] Queued item entry 'loottweaker#13' for addition to pool 'CopperPool' of table 'minecraft:chests/simple_dungeon'
[INITIALIZATION][SERVER][INFO] Queued item entry 'loottweaker#14' for addition to pool 'CopperPool' of table 'minecraft:chests/simple_dungeon'
[INITIALIZATION][SERVER][INFO] Queued item entry 'loottweaker#5' for addition to pool 'CopperPool' of table 'quark:chests/pirate_chest'
[INITIALIZATION][SERVER][INFO] Queued item entry 'loottweaker#6' for addition to pool 'CopperPool' of table 'quark:chests/pirate_chest'
[INITIALIZATION][SERVER][INFO] Queued item entry 'loottweaker#13' for addition to pool 'CopperPool' of table 'charm:village/smith'
[INITIALIZATION][SERVER][INFO] Queued item entry 'loottweaker#14' for addition to pool 'CopperPool' of table 'charm:village/smith'
[INITIALIZATION][SERVER][INFO] Queued item entry 'loottweaker#13' for addition to pool 'CopperPool' of table 'minecraft:chests/village_blacksmith'
[INITIALIZATION][SERVER][INFO] Queued item entry 'loottweaker#14' for addition to pool 'CopperPool' of table 'minecraft:chests/village_blacksmith'
[INITIALIZATION][SERVER][INFO] Queued item entry 'loottweaker#15' for addition to pool 'CopperPool' of table 'minecraft:chests/simple_dungeon'
[INITIALIZATION][SERVER][INFO] Queued item entry 'loottweaker#16' for addition to pool 'CopperPool' of table 'minecraft:chests/simple_dungeon'
[INITIALIZATION][SERVER][INFO] Queued item entry 'loottweaker#7' for addition to pool 'CopperPool' of table 'quark:chests/pirate_chest'
[INITIALIZATION][SERVER][INFO] Queued item entry 'loottweaker#8' for addition to pool 'CopperPool' of table 'quark:chests/pirate_chest'
[INITIALIZATION][SERVER][INFO] Queued item entry 'loottweaker#15' for addition to pool 'CopperPool' of table 'charm:village/smith'
[INITIALIZATION][SERVER][INFO] Queued item entry 'loottweaker#16' for addition to pool 'CopperPool' of table 'charm:village/smith'
[INITIALIZATION][SERVER][INFO] Queued item entry 'loottweaker#15' for addition to pool 'CopperPool' of table 'minecraft:chests/village_blacksmith'
[INITIALIZATION][SERVER][INFO] Queued item entry 'loottweaker#16' for addition to pool 'CopperPool' of table 'minecraft:chests/village_blacksmith'
[INITIALIZATION][SERVER][INFO] Queued item entry 'loottweaker#17' for addition to pool 'CopperPool' of table 'minecraft:chests/simple_dungeon'
[INITIALIZATION][SERVER][INFO] Queued item entry 'loottweaker#18' for addition to pool 'CopperPool' of table 'minecraft:chests/simple_dungeon'
[INITIALIZATION][SERVER][INFO] Queued item entry 'loottweaker#9' for addition to pool 'CopperPool' of table 'quark:chests/pirate_chest'
[INITIALIZATION][SERVER][INFO] Queued item entry 'loottweaker#10' for addition to pool 'CopperPool' of table 'quark:chests/pirate_chest'
[INITIALIZATION][SERVER][INFO] Queued item entry 'loottweaker#17' for addition to pool 'CopperPool' of table 'charm:village/smith'
[INITIALIZATION][SERVER][INFO] Queued item entry 'loottweaker#18' for addition to pool 'CopperPool' of table 'charm:village/smith'
[INITIALIZATION][SERVER][INFO] Queued item entry 'loottweaker#17' for addition to pool 'CopperPool' of table 'minecraft:chests/village_blacksmith'
[INITIALIZATION][SERVER][INFO] Queued item entry 'loottweaker#18' for addition to pool 'CopperPool' of table 'minecraft:chests/village_blacksmith'
[INITIALIZATION][SERVER][INFO] Queued item entry 'loottweaker#19' for addition to pool 'CopperPool' of table 'minecraft:chests/simple_dungeon'
[INITIALIZATION][SERVER][INFO] Queued item entry 'loottweaker#20' for addition to pool 'CopperPool' of table 'minecraft:chests/simple_dungeon'
[INITIALIZATION][SERVER][INFO] Queued item entry 'loottweaker#11' for addition to pool 'CopperPool' of table 'quark:chests/pirate_chest'
[INITIALIZATION][SERVER][INFO] Queued item entry 'loottweaker#12' for addition to pool 'CopperPool' of table 'quark:chests/pirate_chest'
[INITIALIZATION][SERVER][INFO] Queued item entry 'loottweaker#19' for addition to pool 'CopperPool' of table 'charm:village/smith'
[INITIALIZATION][SERVER][INFO] Queued item entry 'loottweaker#20' for addition to pool 'CopperPool' of table 'charm:village/smith'
[INITIALIZATION][SERVER][INFO] Queued item entry 'loottweaker#19' for addition to pool 'CopperPool' of table 'minecraft:chests/village_blacksmith'
[INITIALIZATION][SERVER][INFO] Queued item entry 'loottweaker#20' for addition to pool 'CopperPool' of table 'minecraft:chests/village_blacksmith'
[INITIALIZATION][SERVER][INFO] Queued item entry 'loottweaker#21' for addition to pool 'CopperPool' of table 'minecraft:chests/simple_dungeon'
[INITIALIZATION][SERVER][INFO] Queued item entry 'loottweaker#22' for addition to pool 'CopperPool' of table 'minecraft:chests/simple_dungeon'
[INITIALIZATION][SERVER][INFO] Queued item entry 'loottweaker#13' for addition to pool 'CopperPool' of table 'quark:chests/pirate_chest'
[INITIALIZATION][SERVER][INFO] Queued item entry 'loottweaker#14' for addition to pool 'CopperPool' of table 'quark:chests/pirate_chest'
[INITIALIZATION][SERVER][INFO] Queued item entry 'loottweaker#21' for addition to pool 'CopperPool' of table 'charm:village/smith'
[INITIALIZATION][SERVER][INFO] Queued item entry 'loottweaker#22' for addition to pool 'CopperPool' of table 'charm:village/smith'
[INITIALIZATION][SERVER][INFO] Queued item entry 'loottweaker#21' for addition to pool 'CopperPool' of table 'minecraft:chests/village_blacksmith'
[INITIALIZATION][SERVER][INFO] Queued item entry 'loottweaker#22' for addition to pool 'CopperPool' of table 'minecraft:chests/village_blacksmith'
[INITIALIZATION][SERVER][INFO] Queued item entry 'loottweaker#23' for addition to pool 'CopperPool' of table 'minecraft:chests/simple_dungeon'
[INITIALIZATION][SERVER][INFO] Queued item entry 'loottweaker#24' for addition to pool 'CopperPool' of table 'minecraft:chests/simple_dungeon'
[INITIALIZATION][SERVER][INFO] Queued item entry 'loottweaker#15' for addition to pool 'CopperPool' of table 'quark:chests/pirate_chest'
[INITIALIZATION][SERVER][INFO] Queued item entry 'loottweaker#16' for addition to pool 'CopperPool' of table 'quark:chests/pirate_chest'
[INITIALIZATION][SERVER][INFO] Queued item entry 'loottweaker#23' for addition to pool 'CopperPool' of table 'charm:village/smith'
[INITIALIZATION][SERVER][INFO] Queued item entry 'loottweaker#24' for addition to pool 'CopperPool' of table 'charm:village/smith'
[INITIALIZATION][SERVER][INFO] Queued item entry 'loottweaker#23' for addition to pool 'CopperPool' of table 'minecraft:chests/village_blacksmith'
[INITIALIZATION][SERVER][INFO] Queued item entry 'loottweaker#24' for addition to pool 'CopperPool' of table 'minecraft:chests/village_blacksmith'
[INITIALIZATION][SERVER][INFO] Queued item entry 'loottweaker#25' for addition to pool 'CopperPool' of table 'minecraft:chests/simple_dungeon'
[INITIALIZATION][SERVER][INFO] Queued item entry 'loottweaker#26' for addition to pool 'CopperPool' of table 'minecraft:chests/simple_dungeon'
[INITIALIZATION][SERVER][INFO] Queued item entry 'loottweaker#17' for addition to pool 'CopperPool' of table 'quark:chests/pirate_chest'
[INITIALIZATION][SERVER][INFO] Queued item entry 'loottweaker#18' for addition to pool 'CopperPool' of table 'quark:chests/pirate_chest'
[INITIALIZATION][SERVER][INFO] Queued item entry 'loottweaker#25' for addition to pool 'CopperPool' of table 'charm:village/smith'
[INITIALIZATION][SERVER][INFO] Queued item entry 'loottweaker#26' for addition to pool 'CopperPool' of table 'charm:village/smith'
[INITIALIZATION][SERVER][INFO] Queued item entry 'loottweaker#25' for addition to pool 'CopperPool' of table 'minecraft:chests/village_blacksmith'
[INITIALIZATION][SERVER][INFO] Queued item entry 'loottweaker#26' for addition to pool 'CopperPool' of table 'minecraft:chests/village_blacksmith'
[INITIALIZATION][SERVER][INFO] Queued item entry 'loottweaker#27' for addition to pool 'CopperPool' of table 'minecraft:chests/simple_dungeon'
[INITIALIZATION][SERVER][INFO] Queued item entry 'loottweaker#28' for addition to pool 'CopperPool' of table 'minecraft:chests/simple_dungeon'
[INITIALIZATION][SERVER][INFO] Queued item entry 'loottweaker#19' for addition to pool 'CopperPool' of table 'quark:chests/pirate_chest'
[INITIALIZATION][SERVER][INFO] Queued item entry 'loottweaker#20' for addition to pool 'CopperPool' of table 'quark:chests/pirate_chest'
[INITIALIZATION][SERVER][INFO] Queued item entry 'loottweaker#27' for addition to pool 'CopperPool' of table 'charm:village/smith'
[INITIALIZATION][SERVER][INFO] Queued item entry 'loottweaker#28' for addition to pool 'CopperPool' of table 'charm:village/smith'
[INITIALIZATION][SERVER][INFO] Queued item entry 'loottweaker#27' for addition to pool 'CopperPool' of table 'minecraft:chests/village_blacksmith'
[INITIALIZATION][SERVER][INFO] Queued item entry 'loottweaker#28' for addition to pool 'CopperPool' of table 'minecraft:chests/village_blacksmith'
[INITIALIZATION][SERVER][INFO] Queued item entry 'loottweaker#29' for addition to pool 'CopperPool' of table 'minecraft:chests/simple_dungeon'
[INITIALIZATION][SERVER][INFO] Queued item entry 'loottweaker#30' for addition to pool 'CopperPool' of table 'minecraft:chests/simple_dungeon'
[INITIALIZATION][SERVER][INFO] Queued item entry 'loottweaker#21' for addition to pool 'CopperPool' of table 'quark:chests/pirate_chest'
[INITIALIZATION][SERVER][INFO] Queued item entry 'loottweaker#22' for addition to pool 'CopperPool' of table 'quark:chests/pirate_chest'
[INITIALIZATION][SERVER][INFO] Queued item entry 'loottweaker#29' for addition to pool 'CopperPool' of table 'charm:village/smith'
[INITIALIZATION][SERVER][INFO] Queued item entry 'loottweaker#30' for addition to pool 'CopperPool' of table 'charm:village/smith'
[INITIALIZATION][SERVER][INFO] Queued item entry 'loottweaker#29' for addition to pool 'CopperPool' of table 'minecraft:chests/village_blacksmith'
[INITIALIZATION][SERVER][INFO] Queued item entry 'loottweaker#30' for addition to pool 'CopperPool' of table 'minecraft:chests/village_blacksmith'
[INITIALIZATION][SERVER][INFO] Queued item entry 'loottweaker#31' for addition to pool 'CopperPool' of table 'minecraft:chests/simple_dungeon'
[INITIALIZATION][SERVER][INFO] Queued item entry 'loottweaker#32' for addition to pool 'CopperPool' of table 'minecraft:chests/simple_dungeon'
[INITIALIZATION][SERVER][INFO] Queued item entry 'loottweaker#23' for addition to pool 'CopperPool' of table 'quark:chests/pirate_chest'
[INITIALIZATION][SERVER][INFO] Queued item entry 'loottweaker#24' for addition to pool 'CopperPool' of table 'quark:chests/pirate_chest'
[INITIALIZATION][SERVER][INFO] Queued item entry 'loottweaker#31' for addition to pool 'CopperPool' of table 'charm:village/smith'
[INITIALIZATION][SERVER][INFO] Queued item entry 'loottweaker#32' for addition to pool 'CopperPool' of table 'charm:village/smith'
[INITIALIZATION][SERVER][INFO] Queued item entry 'loottweaker#31' for addition to pool 'CopperPool' of table 'minecraft:chests/village_blacksmith'
[INITIALIZATION][SERVER][INFO] Queued item entry 'loottweaker#32' for addition to pool 'CopperPool' of table 'minecraft:chests/village_blacksmith'
[INITIALIZATION][SERVER][INFO] Queued item entry 'loottweaker#33' for addition to pool 'CopperPool' of table 'minecraft:chests/simple_dungeon'
[INITIALIZATION][SERVER][INFO] Queued item entry 'loottweaker#34' for addition to pool 'CopperPool' of table 'minecraft:chests/simple_dungeon'
[INITIALIZATION][SERVER][INFO] Queued item entry 'loottweaker#25' for addition to pool 'CopperPool' of table 'quark:chests/pirate_chest'
[INITIALIZATION][SERVER][INFO] Queued item entry 'loottweaker#26' for addition to pool 'CopperPool' of table 'quark:chests/pirate_chest'
[INITIALIZATION][SERVER][INFO] Queued item entry 'loottweaker#33' for addition to pool 'CopperPool' of table 'charm:village/smith'
[INITIALIZATION][SERVER][INFO] Queued item entry 'loottweaker#34' for addition to pool 'CopperPool' of table 'charm:village/smith'
[INITIALIZATION][SERVER][INFO] Queued item entry 'loottweaker#33' for addition to pool 'CopperPool' of table 'minecraft:chests/village_blacksmith'
[INITIALIZATION][SERVER][INFO] Queued item entry 'loottweaker#34' for addition to pool 'CopperPool' of table 'minecraft:chests/village_blacksmith'
[INITIALIZATION][SERVER][INFO] Queued item entry 'loottweaker#35' for addition to pool 'CopperPool' of table 'minecraft:chests/simple_dungeon'
[INITIALIZATION][SERVER][INFO] Queued item entry 'loottweaker#36' for addition to pool 'CopperPool' of table 'minecraft:chests/simple_dungeon'
[INITIALIZATION][SERVER][INFO] Queued item entry 'loottweaker#27' for addition to pool 'CopperPool' of table 'quark:chests/pirate_chest'
[INITIALIZATION][SERVER][INFO] Queued item entry 'loottweaker#28' for addition to pool 'CopperPool' of table 'quark:chests/pirate_chest'
[INITIALIZATION][SERVER][INFO] Queued item entry 'loottweaker#35' for addition to pool 'CopperPool' of table 'charm:village/smith'
[INITIALIZATION][SERVER][INFO] Queued item entry 'loottweaker#36' for addition to pool 'CopperPool' of table 'charm:village/smith'
[INITIALIZATION][SERVER][INFO] Queued item entry 'loottweaker#35' for addition to pool 'CopperPool' of table 'minecraft:chests/village_blacksmith'
[INITIALIZATION][SERVER][INFO] Queued item entry 'loottweaker#36' for addition to pool 'CopperPool' of table 'minecraft:chests/village_blacksmith'
[INITIALIZATION][SERVER][INFO] Queued item entry 'loottweaker#37' for addition to pool 'CopperPool' of table 'minecraft:chests/simple_dungeon'
[INITIALIZATION][SERVER][INFO] Queued item entry 'loottweaker#38' for addition to pool 'CopperPool' of table 'minecraft:chests/simple_dungeon'
[INITIALIZATION][SERVER][INFO] Queued item entry 'loottweaker#29' for addition to pool 'CopperPool' of table 'quark:chests/pirate_chest'
[INITIALIZATION][SERVER][INFO] Queued item entry 'loottweaker#30' for addition to pool 'CopperPool' of table 'quark:chests/pirate_chest'
[INITIALIZATION][SERVER][INFO] Queued item entry 'loottweaker#37' for addition to pool 'CopperPool' of table 'charm:village/smith'
[INITIALIZATION][SERVER][INFO] Queued item entry 'loottweaker#38' for addition to pool 'CopperPool' of table 'charm:village/smith'
[INITIALIZATION][SERVER][INFO] Queued item entry 'loottweaker#37' for addition to pool 'CopperPool' of table 'minecraft:chests/village_blacksmith'
[INITIALIZATION][SERVER][INFO] Queued item entry 'loottweaker#38' for addition to pool 'CopperPool' of table 'minecraft:chests/village_blacksmith'
[INITIALIZATION][SERVER][INFO] Queued item entry 'loottweaker#39' for addition to pool 'CopperPool' of table 'minecraft:chests/simple_dungeon'
[INITIALIZATION][SERVER][INFO] Queued item entry 'loottweaker#40' for addition to pool 'CopperPool' of table 'minecraft:chests/simple_dungeon'
[INITIALIZATION][SERVER][INFO] Queued item entry 'loottweaker#31' for addition to pool 'CopperPool' of table 'quark:chests/pirate_chest'
[INITIALIZATION][SERVER][INFO] Queued item entry 'loottweaker#32' for addition to pool 'CopperPool' of table 'quark:chests/pirate_chest'
[INITIALIZATION][SERVER][INFO] Queued item entry 'loottweaker#39' for addition to pool 'CopperPool' of table 'charm:village/smith'
[INITIALIZATION][SERVER][INFO] Queued item entry 'loottweaker#40' for addition to pool 'CopperPool' of table 'charm:village/smith'
[INITIALIZATION][SERVER][INFO] Queued item entry 'loottweaker#39' for addition to pool 'CopperPool' of table 'minecraft:chests/village_blacksmith'
[INITIALIZATION][SERVER][INFO] Queued item entry 'loottweaker#40' for addition to pool 'CopperPool' of table 'minecraft:chests/village_blacksmith'
[INITIALIZATION][SERVER][INFO] Queued item entry 'loottweaker#41' for addition to pool 'CopperPool' of table 'minecraft:chests/simple_dungeon'
[INITIALIZATION][SERVER][INFO] Queued item entry 'loottweaker#42' for addition to pool 'CopperPool' of table 'minecraft:chests/simple_dungeon'
[INITIALIZATION][SERVER][INFO] Queued item entry 'loottweaker#33' for addition to pool 'CopperPool' of table 'quark:chests/pirate_chest'
[INITIALIZATION][SERVER][INFO] Queued item entry 'loottweaker#34' for addition to pool 'CopperPool' of table 'quark:chests/pirate_chest'
[INITIALIZATION][SERVER][INFO] Queued item entry 'loottweaker#41' for addition to pool 'CopperPool' of table 'charm:village/smith'
[INITIALIZATION][SERVER][INFO] Queued item entry 'loottweaker#42' for addition to pool 'CopperPool' of table 'charm:village/smith'
[INITIALIZATION][SERVER][INFO] Queued item entry 'loottweaker#41' for addition to pool 'CopperPool' of table 'minecraft:chests/village_blacksmith'
[INITIALIZATION][SERVER][INFO] Queued item entry 'loottweaker#42' for addition to pool 'CopperPool' of table 'minecraft:chests/village_blacksmith'
[INITIALIZATION][SERVER][INFO] Queued item entry 'loottweaker#43' for addition to pool 'CopperPool' of table 'minecraft:chests/simple_dungeon'
[INITIALIZATION][SERVER][INFO] Queued item entry 'loottweaker#44' for addition to pool 'CopperPool' of table 'minecraft:chests/simple_dungeon'
[INITIALIZATION][SERVER][INFO] Queued item entry 'loottweaker#35' for addition to pool 'CopperPool' of table 'quark:chests/pirate_chest'
[INITIALIZATION][SERVER][INFO] Queued item entry 'loottweaker#36' for addition to pool 'CopperPool' of table 'quark:chests/pirate_chest'
[INITIALIZATION][SERVER][INFO] Queued item entry 'loottweaker#43' for addition to pool 'CopperPool' of table 'charm:village/smith'
[INITIALIZATION][SERVER][INFO] Queued item entry 'loottweaker#44' for addition to pool 'CopperPool' of table 'charm:village/smith'
[INITIALIZATION][SERVER][INFO] Queued item entry 'loottweaker#43' for addition to pool 'CopperPool' of table 'minecraft:chests/village_blacksmith'
[INITIALIZATION][SERVER][INFO] Queued item entry 'loottweaker#44' for addition to pool 'CopperPool' of table 'minecraft:chests/village_blacksmith'
[INITIALIZATION][SERVER][INFO] Queued item entry 'loottweaker#45' for addition to pool 'CopperPool' of table 'minecraft:chests/simple_dungeon'
[INITIALIZATION][SERVER][INFO] Queued item entry 'loottweaker#46' for addition to pool 'CopperPool' of table 'minecraft:chests/simple_dungeon'
[INITIALIZATION][SERVER][INFO] Queued item entry 'loottweaker#37' for addition to pool 'CopperPool' of table 'quark:chests/pirate_chest'
[INITIALIZATION][SERVER][INFO] Queued item entry 'loottweaker#38' for addition to pool 'CopperPool' of table 'quark:chests/pirate_chest'
[INITIALIZATION][SERVER][INFO] Queued item entry 'loottweaker#45' for addition to pool 'CopperPool' of table 'charm:village/smith'
[INITIALIZATION][SERVER][INFO] Queued item entry 'loottweaker#46' for addition to pool 'CopperPool' of table 'charm:village/smith'
[INITIALIZATION][SERVER][INFO] Queued item entry 'loottweaker#45' for addition to pool 'CopperPool' of table 'minecraft:chests/village_blacksmith'
[INITIALIZATION][SERVER][INFO] Queued item entry 'loottweaker#46' for addition to pool 'CopperPool' of table 'minecraft:chests/village_blacksmith'
[INITIALIZATION][SERVER][INFO] Queued item entry 'loottweaker#47' for addition to pool 'CopperPool' of table 'minecraft:chests/simple_dungeon'
[INITIALIZATION][SERVER][INFO] Queued item entry 'loottweaker#48' for addition to pool 'CopperPool' of table 'minecraft:chests/simple_dungeon'
[INITIALIZATION][SERVER][INFO] Queued item entry 'loottweaker#39' for addition to pool 'CopperPool' of table 'quark:chests/pirate_chest'
[INITIALIZATION][SERVER][INFO] Queued item entry 'loottweaker#40' for addition to pool 'CopperPool' of table 'quark:chests/pirate_chest'
[INITIALIZATION][SERVER][INFO] Queued item entry 'loottweaker#47' for addition to pool 'CopperPool' of table 'charm:village/smith'
[INITIALIZATION][SERVER][INFO] Queued item entry 'loottweaker#48' for addition to pool 'CopperPool' of table 'charm:village/smith'
[INITIALIZATION][SERVER][INFO] Queued item entry 'loottweaker#47' for addition to pool 'CopperPool' of table 'minecraft:chests/village_blacksmith'
[INITIALIZATION][SERVER][INFO] Queued item entry 'loottweaker#48' for addition to pool 'CopperPool' of table 'minecraft:chests/village_blacksmith'
[INITIALIZATION][SERVER][INFO] Queued item entry 'loottweaker#49' for addition to pool 'CopperPool' of table 'minecraft:chests/simple_dungeon'
[INITIALIZATION][SERVER][INFO] Queued item entry 'loottweaker#50' for addition to pool 'CopperPool' of table 'minecraft:chests/simple_dungeon'
[INITIALIZATION][SERVER][INFO] Queued item entry 'loottweaker#41' for addition to pool 'CopperPool' of table 'quark:chests/pirate_chest'
[INITIALIZATION][SERVER][INFO] Queued item entry 'loottweaker#42' for addition to pool 'CopperPool' of table 'quark:chests/pirate_chest'
[INITIALIZATION][SERVER][INFO] Queued item entry 'loottweaker#49' for addition to pool 'CopperPool' of table 'charm:village/smith'
[INITIALIZATION][SERVER][INFO] Queued item entry 'loottweaker#50' for addition to pool 'CopperPool' of table 'charm:village/smith'
[INITIALIZATION][SERVER][INFO] Queued item entry 'loottweaker#49' for addition to pool 'CopperPool' of table 'minecraft:chests/village_blacksmith'
[INITIALIZATION][SERVER][INFO] Queued item entry 'loottweaker#50' for addition to pool 'CopperPool' of table 'minecraft:chests/village_blacksmith'
[INITIALIZATION][SERVER][INFO] Queued item entry 'loottweaker#51' for addition to pool 'CopperPool' of table 'minecraft:chests/simple_dungeon'
[INITIALIZATION][SERVER][INFO] Queued item entry 'loottweaker#52' for addition to pool 'CopperPool' of table 'minecraft:chests/simple_dungeon'
[INITIALIZATION][SERVER][INFO] Queued item entry 'loottweaker#43' for addition to pool 'CopperPool' of table 'quark:chests/pirate_chest'
[INITIALIZATION][SERVER][INFO] Queued item entry 'loottweaker#44' for addition to pool 'CopperPool' of table 'quark:chests/pirate_chest'
[INITIALIZATION][SERVER][INFO] Queued item entry 'loottweaker#51' for addition to pool 'CopperPool' of table 'charm:village/smith'
[INITIALIZATION][SERVER][INFO] Queued item entry 'loottweaker#52' for addition to pool 'CopperPool' of table 'charm:village/smith'
[INITIALIZATION][SERVER][INFO] Queued item entry 'loottweaker#51' for addition to pool 'CopperPool' of table 'minecraft:chests/village_blacksmith'
[INITIALIZATION][SERVER][INFO] Queued item entry 'loottweaker#52' for addition to pool 'CopperPool' of table 'minecraft:chests/village_blacksmith'
[INITIALIZATION][SERVER][INFO] Queued item entry 'loottweaker#53' for addition to pool 'CopperPool' of table 'minecraft:chests/simple_dungeon'
[INITIALIZATION][SERVER][INFO] Queued item entry 'loottweaker#54' for addition to pool 'CopperPool' of table 'minecraft:chests/simple_dungeon'
[INITIALIZATION][SERVER][INFO] Queued item entry 'loottweaker#45' for addition to pool 'CopperPool' of table 'quark:chests/pirate_chest'
[INITIALIZATION][SERVER][INFO] Queued item entry 'loottweaker#46' for addition to pool 'CopperPool' of table 'quark:chests/pirate_chest'
[INITIALIZATION][SERVER][INFO] Queued item entry 'loottweaker#53' for addition to pool 'CopperPool' of table 'charm:village/smith'
[INITIALIZATION][SERVER][INFO] Queued item entry 'loottweaker#54' for addition to pool 'CopperPool' of table 'charm:village/smith'
[INITIALIZATION][SERVER][INFO] Queued item entry 'loottweaker#53' for addition to pool 'CopperPool' of table 'minecraft:chests/village_blacksmith'
[INITIALIZATION][SERVER][INFO] Queued item entry 'loottweaker#54' for addition to pool 'CopperPool' of table 'minecraft:chests/village_blacksmith'
[INITIALIZATION][SERVER][INFO] Queued item entry 'loottweaker#1' for addition to pool 'CopperPool' of table 'minecraft:chests/abandoned_mineshaft'
[INITIALIZATION][SERVER][INFO] Queued item entry 'loottweaker#2' for addition to pool 'CopperPool' of table 'minecraft:chests/abandoned_mineshaft'
[INITIALIZATION][SERVER][INFO] Queued item entry 'loottweaker#3' for addition to pool 'CopperPool' of table 'minecraft:chests/abandoned_mineshaft'
[INITIALIZATION][SERVER][INFO] Queued item entry 'loottweaker#4' for addition to pool 'CopperPool' of table 'minecraft:chests/abandoned_mineshaft'
[INITIALIZATION][SERVER][INFO] Queued item entry 'loottweaker#5' for addition to pool 'CopperPool' of table 'minecraft:chests/abandoned_mineshaft'
[INITIALIZATION][SERVER][INFO] Queued item entry 'loottweaker#6' for addition to pool 'CopperPool' of table 'minecraft:chests/abandoned_mineshaft'
[INITIALIZATION][SERVER][INFO] Queued item entry 'loottweaker#7' for addition to pool 'CopperPool' of table 'minecraft:chests/abandoned_mineshaft'
[INITIALIZATION][SERVER][INFO] Queued item entry 'loottweaker#1' for addition to pool 'CopperPool' of table 'charm:village/carpenter'
[INITIALIZATION][SERVER][INFO] Queued item entry 'loottweaker#1' for addition to pool 'CopperPool' of table 'charm:treasure/common'
[INITIALIZATION][SERVER][INFO] Queued item entry 'loottweaker#55' for addition to pool 'CopperPool' of table 'charm:village/smith'
[INITIALIZATION][SERVER][INFO] Queued item entry 'loottweaker#55' for addition to pool 'CopperPool' of table 'minecraft:chests/village_blacksmith'
[INITIALIZATION][SERVER][INFO] Queued item entry 'loottweaker#8' for addition to pool 'CopperPool' of table 'minecraft:chests/abandoned_mineshaft'
[INITIALIZATION][SERVER][INFO] Queued item entry 'loottweaker#2' for addition to pool 'CopperPool' of table 'charm:village/carpenter'
[INITIALIZATION][SERVER][INFO] Queued item entry 'loottweaker#2' for addition to pool 'CopperPool' of table 'charm:treasure/common'
[INITIALIZATION][SERVER][INFO] Queued item entry 'loottweaker#56' for addition to pool 'CopperPool' of table 'charm:village/smith'
[INITIALIZATION][SERVER][INFO] Queued item entry 'loottweaker#56' for addition to pool 'CopperPool' of table 'minecraft:chests/village_blacksmith'
[INITIALIZATION][SERVER][INFO] Queued item entry 'loottweaker#1' for addition to pool 'CopperPool' of table 'charm:village/farmer'
[INITIALIZATION][SERVER][INFO] Queued item entry 'loottweaker#2' for addition to pool 'CopperPool' of table 'charm:village/farmer'
[INITIALIZATION][SERVER][INFO] Queued item entry 'loottweaker#3' for addition to pool 'CopperPool' of table 'charm:village/farmer'
[INITIALIZATION][SERVER][INFO] Queued item entry 'loottweaker#4' for addition to pool 'CopperPool' of table 'charm:village/farmer'
[INITIALIZATION][SERVER][INFO] Queued item entry 'loottweaker#5' for addition to pool 'CopperPool' of table 'charm:village/farmer'
[INITIALIZATION][SERVER][INFO] Queued item entry 'loottweaker#6' for addition to pool 'CopperPool' of table 'charm:village/farmer'
[INITIALIZATION][SERVER][INFO] Queued item entry 'loottweaker#3' for addition to pool 'CopperPool' of table 'charm:village/carpenter'
[INITIALIZATION][SERVER][INFO] Queued item entry 'loottweaker#4' for addition to pool 'CopperPool' of table 'charm:village/carpenter'
[INITIALIZATION][SERVER][INFO] Queued item entry 'loottweaker#57' for addition to pool 'CopperPool' of table 'charm:village/smith'
[INITIALIZATION][SERVER][INFO] Queued item entry 'loottweaker#58' for addition to pool 'CopperPool' of table 'charm:village/smith'
[INITIALIZATION][SERVER][INFO] Queued item entry 'loottweaker#57' for addition to pool 'CopperPool' of table 'minecraft:chests/village_blacksmith'
[INITIALIZATION][SERVER][INFO] Queued item entry 'loottweaker#58' for addition to pool 'CopperPool' of table 'minecraft:chests/village_blacksmith'
[INITIALIZATION][SERVER][INFO] Queued item entry 'loottweaker#59' for addition to pool 'CopperPool' of table 'charm:village/smith'
[INITIALIZATION][SERVER][INFO] Queued item entry 'loottweaker#60' for addition to pool 'CopperPool' of table 'charm:village/smith'
[INITIALIZATION][SERVER][INFO] Queued item entry 'loottweaker#59' for addition to pool 'CopperPool' of table 'minecraft:chests/village_blacksmith'
[INITIALIZATION][SERVER][INFO] Queued item entry 'loottweaker#60' for addition to pool 'CopperPool' of table 'minecraft:chests/village_blacksmith'
[INITIALIZATION][SERVER][INFO] Queued item entry 'loottweaker#61' for addition to pool 'CopperPool' of table 'charm:village/smith'
[INITIALIZATION][SERVER][INFO] Queued item entry 'loottweaker#62' for addition to pool 'CopperPool' of table 'charm:village/smith'
[INITIALIZATION][SERVER][INFO] Queued item entry 'loottweaker#61' for addition to pool 'CopperPool' of table 'minecraft:chests/village_blacksmith'
[INITIALIZATION][SERVER][INFO] Queued item entry 'loottweaker#62' for addition to pool 'CopperPool' of table 'minecraft:chests/village_blacksmith'
[INITIALIZATION][SERVER][INFO] Queued item entry 'loottweaker#63' for addition to pool 'CopperPool' of table 'charm:village/smith'
[INITIALIZATION][SERVER][INFO] Queued item entry 'loottweaker#64' for addition to pool 'CopperPool' of table 'charm:village/smith'
[INITIALIZATION][SERVER][INFO] Queued item entry 'loottweaker#63' for addition to pool 'CopperPool' of table 'minecraft:chests/village_blacksmith'
[INITIALIZATION][SERVER][INFO] Queued item entry 'loottweaker#64' for addition to pool 'CopperPool' of table 'minecraft:chests/village_blacksmith'
[INITIALIZATION][SERVER][INFO] Queued item entry 'loottweaker#65' for addition to pool 'CopperPool' of table 'charm:village/smith'
[INITIALIZATION][SERVER][INFO] Queued item entry 'loottweaker#66' for addition to pool 'CopperPool' of table 'charm:village/smith'
[INITIALIZATION][SERVER][INFO] Queued item entry 'loottweaker#65' for addition to pool 'CopperPool' of table 'minecraft:chests/village_blacksmith'
[INITIALIZATION][SERVER][INFO] Queued item entry 'loottweaker#66' for addition to pool 'CopperPool' of table 'minecraft:chests/village_blacksmith'
[INITIALIZATION][SERVER][INFO] [crafttweaker | SIDE_SERVER]: Loading Script: {[0:crafttweaker]: Dregora_PotionTooltips.zs}
[INITIALIZATION][SERVER][INFO] [crafttweaker | SIDE_SERVER]: Loading Script: {[0:crafttweaker]: Dregora_recipes.zs}
[INITIALIZATION][SERVER][INFO] Dregora Recipe Script starting!
[INITIALIZATION][SERVER][INFO] Adding tooltip for <contenttweaker:shelter_special_item>: "rldregora.contenttweaker:shelter_special_item.tooltip"
[INITIALIZATION][SERVER][INFO] Adding tooltip for <contenttweaker:shelter_item>: "rldregora.contenttweaker:shelter_item.tooltip"
[INITIALIZATION][SERVER][INFO] Adding tooltip for <variedcommodities:mana>: "rldregora.variedcommodities:mana.tooltip"
[INITIALIZATION][SERVER][INFO] Adding tooltip for <variedcommodities:satchel>: "rldregora.variedcommodities:satchel.tooltip"
[INITIALIZATION][SERVER][INFO] Adding tooltip for <contentcreator:iron_plate_slab_reinforced>: "rldregora.reinforced_blocks.tooltip"
[INITIALIZATION][SERVER][INFO] Adding tooltip for <contenttweaker:iron_plate_reinforced>: "rldregora.reinforced_blocks.tooltip"
[INITIALIZATION][SERVER][INFO] Adding tooltip for <contentcreator:iron_plate_stairs_reinforced>: "rldregora.reinforced_blocks.tooltip"
[INITIALIZATION][SERVER][INFO] Adding tooltip for <contenttweaker:iron_plate_rust_reinforced>: "rldregora.reinforced_blocks.tooltip"
[INITIALIZATION][SERVER][INFO] Setting hardness of Barrier Theta to 30.0
[INITIALIZATION][SERVER][INFO] Setting hardness of Barrier Eta to 30.0
[INITIALIZATION][SERVER][INFO] Setting hardness of Barrier Zeta to 30.0
[INITIALIZATION][SERVER][INFO] Setting hardness of Barrier Alpha to 30.0
[INITIALIZATION][SERVER][INFO] Setting hardness of Ashenstone to 30.0
[INITIALIZATION][SERVER][INFO] Setting hardness of Iron Lattice to 20.0
[INITIALIZATION][SERVER][INFO] Setting hardness of Iron Grate to 10.0
[INITIALIZATION][SERVER][INFO] Setting hardness of Iron Ladder to 5.0
[INITIALIZATION][SERVER][INFO] Setting hardness of tile.contentcreator.iron_plate_slab_reinforced.name to 30.0
[INITIALIZATION][SERVER][INFO] Setting hardness of tile.contentcreator.iron_plate_stairs_reinforced.name to 30.0
[INITIALIZATION][SERVER][INFO] Setting hardness of tile.contentcreator.concrete_slab_reinforced.name to 30.0
[INITIALIZATION][SERVER][INFO] Setting hardness of tile.contentcreator.concrete_stairs_reinforced.name to 30.0
[INITIALIZATION][SERVER][INFO] Setting hardness of Polished Lushstone to 30.0
[INITIALIZATION][SERVER][INFO] Setting hardness of Basalt Wall to 10.0
[INITIALIZATION][SERVER][INFO] Adding tooltip for <quark:witch_hat>: "rldregora.quark:witch_hat.tooltip"
[INITIALIZATION][SERVER][INFO] Adding tooltip for <quark:archaeologist_hat>: "rldregora.quark:archaeologist_hat.tooltip"
[INITIALIZATION][SERVER][INFO] Altering Cauldron Brewing Recipe(s) for "mod_lavacow:infestation"
[INITIALIZATION][SERVER][INFO] Altering Cauldron Brewing Recipe(s) for "mod_lavacow:long_infestation"
[INITIALIZATION][SERVER][INFO] Altering Cauldron Brewing Recipe(s) for "mod_lavacow:strong_infestation"
[INITIALIZATION][SERVER][INFO] Altering Cauldron Brewing Recipe(s) for "mod_lavacow:strong_fragile"
[INITIALIZATION][SERVER][INFO] Altering Cauldron Brewing Recipe(s) for "mod_lavacow:long_fragile"
[INITIALIZATION][SERVER][INFO] Altering Cauldron Brewing Recipe(s) for "mod_lavacow:fragile"
[INITIALIZATION][SERVER][INFO] Clearing tooltip for <mod_lavacow:fissionpotion>
[INITIALIZATION][SERVER][INFO] Adding tooltip for <mod_lavacow:fissionpotion>: "rldregora.mod_lavacow:fissionpotion.tooltip"
[INITIALIZATION][SERVER][INFO] Adding tooltip for <mod_lavacow:hatred_shard>: "rldregora.mod_lavacow:hatred_shard.tooltip.0"
[INITIALIZATION][SERVER][INFO] Adding tooltip for <mod_lavacow:kings_crown:1>: "rldregora.mod_lavacow:kings_crown.tooltip.0"
[INITIALIZATION][SERVER][INFO] Adding tooltip for <mod_lavacow:skeletonking_mace:*>: "rldregora.mod_lavacow:skeletonking_mace.tooltip"
[INITIALIZATION][SERVER][INFO] Adding tooltip for <mod_lavacow:faminearmor_helmet:*>: "rldregora.famine_armors.tooltip"
[INITIALIZATION][SERVER][INFO] Adding tooltip for <mod_lavacow:faminearmor_chestplate:*>: "rldregora.famine_armors.tooltip"
[INITIALIZATION][SERVER][INFO] Adding tooltip for <mod_lavacow:faminearmor_leggings:*>: "rldregora.famine_armors.tooltip"
[INITIALIZATION][SERVER][INFO] Adding tooltip for <mod_lavacow:faminearmor_boots:*>: "rldregora.famine_armors.tooltip"
[INITIALIZATION][SERVER][INFO] Adding tooltip for <mod_lavacow:famine:*>: "rldregora.famine_armors.tooltip"
[INITIALIZATION][SERVER][INFO] Adding tooltip for <mod_lavacow:war:*>: "rldregora.famine_armors.tooltip"
[INITIALIZATION][SERVER][INFO] Adding tooltip for <mod_lavacow:dreamcatcher>: "rldregora.famine_armors.tooltip"
[INITIALIZATION][SERVER][INFO] Adding tooltip for <mod_lavacow:halo_necklace>: "rldregora.famine_armors.tooltip"
[INITIALIZATION][SERVER][INFO] Adding tooltip for <mod_lavacow:raven_whistle>: "rldregora.famine_armors.tooltip"
[INITIALIZATION][SERVER][INFO] Adding tooltip for <mod_lavacow:kings_crown:*>: "rldregora.mod_lavacow:kings_crown.tooltip.1"
[INITIALIZATION][SERVER][INFO] Adding tooltip for <mod_lavacow:hatred_shard>: "rldregora.mod_lavacow:hatred_shard.tooltip.1"
[INITIALIZATION][SERVER][INFO] Adding tooltip for <mod_lavacow:sharptooth>: "rldregora.mod_lavacow:sharptooth.tooltip"
[INITIALIZATION][SERVER][INFO] Adding tooltip for <mod_lavacow:raven_whistle>: "rldregora.mod_lavacow:raven_whistle.tooltip"
[INITIALIZATION][SERVER][INFO] Adding tooltip for <mod_lavacow:ghostjelly>: "rldregora.mod_lavacow:ghostjelly.tooltip"
[INITIALIZATION][SERVER][INFO] Adding tooltip for <mod_lavacow:vespa_dagger:*>: "rldregora.mod_lavacow:vespa_dagger.tooltip"
[INITIALIZATION][SERVER][INFO] Clearing tooltip for <mod_lavacow:dreamcatcher>
[INITIALIZATION][SERVER][INFO] Adding tooltip for <mod_lavacow:dreamcatcher>: "rldregora.mod_lavacow:dreamcatcher.tooltip.0"
[INITIALIZATION][SERVER][INFO] Adding tooltip for <mod_lavacow:dreamcatcher>: " "
[INITIALIZATION][SERVER][INFO] Adding tooltip for <mod_lavacow:dreamcatcher>: "rldregora.mod_lavacow:dreamcatcher.tooltip.1"
[INITIALIZATION][SERVER][INFO] Adding tooltip for <mod_lavacow:dreamcatcher>: "rldregora.mod_lavacow:dreamcatcher.tooltip.2"
[INITIALIZATION][SERVER][INFO] Clearing tooltip for <mod_lavacow:skeletonking_mace:*>
[INITIALIZATION][SERVER][INFO] Adding tooltip for <mod_lavacow:skeletonking_mace:*>: "rldregora.mod_lavacow:skeletonking_mace.tooltip.0"
[INITIALIZATION][SERVER][INFO] Adding tooltip for <mod_lavacow:skeletonking_mace:*>: "rldregora.mod_lavacow:skeletonking_mace.tooltip.1"
[INITIALIZATION][SERVER][INFO] Clearing tooltip for <mod_lavacow:mootenheart>
[INITIALIZATION][SERVER][INFO] Adding tooltip for <mod_lavacow:mootenheart>: "rldregora.mod_lavacow:mootenheart.tooltip"
[INITIALIZATION][SERVER][INFO] Adding tooltip for <variedcommodities:tuxedo_chest:*>: "rldregora.variedcommodities:tuxedo_chest.tooltip"
[INITIALIZATION][SERVER][INFO] Adding tooltip for <variedcommodities:tuxedo_pants:*>: "rldregora.variedcommodities:tuxedo_pants.tooltip"
[INITIALIZATION][SERVER][INFO] Adding tooltip for <variedcommodities:tuxedo_bottom:*>: "rldregora.variedcommodities:tuxedo_bottom.tooltip"
[INITIALIZATION][SERVER][INFO] Adding tooltip for <variedcommodities:soldier_head:*>: "rldregora.soldier_armor.tooltip"
[INITIALIZATION][SERVER][INFO] Adding tooltip for <variedcommodities:soldier_chest:*>: "rldregora.soldier_armor.tooltip"
[INITIALIZATION][SERVER][INFO] Adding tooltip for <variedcommodities:soldier_legs:*>: "rldregora.soldier_armor.tooltip"
[INITIALIZATION][SERVER][INFO] Adding tooltip for <variedcommodities:soldier_bottom:*>: "rldregora.soldier_armor.tooltip"
[INITIALIZATION][SERVER][INFO] Adding tooltip for <variedcommodities:x407_head:*>: "rldregora.x407_armor.tooltip"
[INITIALIZATION][SERVER][INFO] Adding tooltip for <variedcommodities:x407_chest:*>: "rldregora.x407_armor.tooltip"
[INITIALIZATION][SERVER][INFO] Adding tooltip for <variedcommodities:x407_legs:*>: "rldregora.x407_armor.tooltip"
[INITIALIZATION][SERVER][INFO] Adding tooltip for <variedcommodities:x407_boots:*>: "rldregora.x407_armor.tooltip"
[INITIALIZATION][SERVER][INFO] Adding tooltip for <variedcommodities:commissar_head:*>: "rldregora.variedcommodities:commissar_head.tooltip"
[INITIALIZATION][SERVER][INFO] Adding tooltip for <variedcommodities:commissar_chest:*>: "rldregora.variedcommodities:commissar_chest.tooltip"
[INITIALIZATION][SERVER][INFO] Adding tooltip for <variedcommodities:commissar_legs:*>: "rldregora.variedcommodities:commissar_legs.tooltip"
[INITIALIZATION][SERVER][INFO] Adding tooltip for <variedcommodities:commissar_bottom:*>: "rldregora.variedcommodities:commissar_bottom.tooltip"
[INITIALIZATION][SERVER][INFO] Adding tooltip for <variedcommodities:infantry_helmet:*>: "rldregora.variedcommodities:infantry_helmet.tooltip"
[INITIALIZATION][SERVER][INFO] Adding tooltip for <variedcommodities:officer_chest:*>: "rldregora.variedcommodities:officer_chest.tooltip"
[INITIALIZATION][SERVER][INFO] Adding tooltip for <variedcommodities:tactical_chest:*>: "rldregora.variedcommodities:tactical_chest.tooltip"
[INITIALIZATION][SERVER][INFO] Adding tooltip for <variedcommodities:tactical_head:*>: "rldregora.variedcommodities:tactical_head.tooltip"
[INITIALIZATION][SERVER][INFO] Adding tooltip for <variedcommodities:nanorum_head:*>: "rldregora.variedcommodities:nanorum_head.tooltip"
[INITIALIZATION][SERVER][INFO] Adding tooltip for <variedcommodities:nanorum_chest:*>: "rldregora.variedcommodities:nanorum_chest.tooltip"
[INITIALIZATION][SERVER][INFO] Adding tooltip for <variedcommodities:nanorum_legs:*>: "rldregora.variedcommodities:nanorum_legs.tooltip"
[INITIALIZATION][SERVER][INFO] Adding tooltip for <variedcommodities:nanorum_boots:*>: "rldregora.variedcommodities:nanorum_boots.tooltip"
[INITIALIZATION][SERVER][INFO] Adding tooltip for <srparasites:biomepurifier>: "rldregora.srparasites:biomepurifier.tooltip"
[INITIALIZATION][SERVER][INFO] Adding tooltip for <contenttweaker:blood_tear>: "rldregora.contenttweaker:blood_tear.tooltip"
[INITIALIZATION][SERVER][INFO] Adding tooltip for <variedcommodities:coin_stone>: "rldregora.variedcommodities:coin_stone.tooltip"
[INITIALIZATION][SERVER][INFO] Adding tooltip for <biomesoplenty:terrestrial_artifact>: "rldregora.biomesoplenty:terrestrial_artifact.tooltip"
[INITIALIZATION][SERVER][INFO] Adding tooltip for <variedcommodities:coin_gold>: "rldregora.variedcommodities:coin_gold.tooltip"
[INITIALIZATION][SERVER][INFO] Adding tooltip for <variedcommodities:ancient_coin>: "rldregora.variedcommodities:ancient_coin.tooltip"
[INITIALIZATION][SERVER][INFO] Adding tooltip for <variedcommodities:lead_pipe:*>: "rldregora.variedcommodities:lead_pipe.tooltip.0"
[INITIALIZATION][SERVER][INFO] Adding tooltip for <variedcommodities:lead_pipe:*>: "rldregora.variedcommodities:lead_pipe.tooltip.1"
[INITIALIZATION][SERVER][INFO] Adding tooltip for <variedcommodities:crowbar:*>: "rldregora.variedcommodities:crowbar.tooltip.0"
[INITIALIZATION][SERVER][INFO] Adding tooltip for <variedcommodities:crowbar:*>: "rldregora.variedcommodities:crowbar.tooltip.1"
[INITIALIZATION][SERVER][INFO] Adding tooltip for <variedcommodities:hammer:*>: "rldregora.variedcommodities:hammer.tooltip.0"
[INITIALIZATION][SERVER][INFO] Adding tooltip for <variedcommodities:hammer:*>: "rldregora.variedcommodities:hammer.tooltip.1"
[INITIALIZATION][SERVER][INFO] Adding tooltip for <variedcommodities:wrench:*>: "rldregora.variedcommodities:wrench.tooltip.0"
[INITIALIZATION][SERVER][INFO] Adding tooltip for <variedcommodities:wrench:*>: "rldregora.variedcommodities:wrench.tooltip.1"
[INITIALIZATION][SERVER][INFO] Adding tooltip for <variedcommodities:pipe_wrench:*>: "rldregora.variedcommodities:pipe_wrench.tooltip.0"
[INITIALIZATION][SERVER][INFO] Adding tooltip for <variedcommodities:pipe_wrench:*>: "rldregora.variedcommodities:pipe_wrench.tooltip.1"
[INITIALIZATION][SERVER][INFO] Adding tooltip for <variedcommodities:sledge_hammer:*>: "rldregora.variedcommodities:sledge_hammer.tooltip.0"
[INITIALIZATION][SERVER][INFO] Adding tooltip for <variedcommodities:sledge_hammer:*>: "rldregora.variedcommodities:sledge_hammer.tooltip.1"
[INITIALIZATION][SERVER][INFO] Adding tooltip for <variedcommodities:cleaver:*>: "rldregora.variedcommodities:cleaver.tooltip.0"
[INITIALIZATION][SERVER][INFO] Adding tooltip for <variedcommodities:cleaver:*>: "rldregora.variedcommodities:cleaver.tooltip.1"
[INITIALIZATION][SERVER][INFO] Adding tooltip for <dimstack:bedrock:7>: "rldregora.dimstack:bedrock:7.tooltip"
[INITIALIZATION][SERVER][INFO] Adding tooltip for <dimstack:bedrock:6>: "rldregora.dimstack:bedrock:6.tooltip"
[INITIALIZATION][SERVER][INFO] Adding tooltip for <dimstack:bedrock:5>: "rldregora.dimstack:bedrock:5.tooltip"
[INITIALIZATION][SERVER][INFO] Adding tooltip for <dimstack:bedrock>: "rldregora.dimstack:bedrock:0.tooltip"
[INITIALIZATION][SERVER][INFO] Adding tooltip for <variedcommodities:artifact>: "rldregora.variedcommodities:artifact.tooltip.0"
[INITIALIZATION][SERVER][INFO] Adding tooltip for <variedcommodities:artifact>: "rldregora.variedcommodities:artifact.tooltip.1"
[INITIALIZATION][SERVER][INFO] Adding tooltip for <variedcommodities:pendant>: "rldregora.variedcommodities:pendant.tooltip"
[INITIALIZATION][SERVER][INFO] Clearing tooltip for <variedcommodities:element_fire>
[INITIALIZATION][SERVER][INFO] Adding tooltip for <variedcommodities:element_fire>: "variedcommodities:element_fire"
[INITIALIZATION][SERVER][INFO] Adding tooltip for <variedcommodities:element_fire>: "rldregora.variedcommodities:element_fire.tooltip.0"
[INITIALIZATION][SERVER][INFO] Adding tooltip for <variedcommodities:element_fire>: "rldregora.variedcommodities:element_fire.tooltip.1"
[INITIALIZATION][SERVER][INFO] Clearing tooltip for <variedcommodities:gem_ruby>
[INITIALIZATION][SERVER][INFO] Adding tooltip for <variedcommodities:gem_ruby>: "variedcommodities:gem_ruby"
[INITIALIZATION][SERVER][INFO] Adding tooltip for <variedcommodities:gem_ruby>: "rldregora.variedcommodities:gem_ruby.tooltip.0"
[INITIALIZATION][SERVER][INFO] Adding tooltip for <variedcommodities:gem_ruby>: "rldregora.variedcommodities:gem_ruby.tooltip.1"
[INITIALIZATION][SERVER][INFO] Clearing tooltip for <variedcommodities:orb>
[INITIALIZATION][SERVER][INFO] Translating item.orb.name to rldregora.variedcommodities:orb:0.name
[INITIALIZATION][SERVER][INFO] Adding tooltip for <variedcommodities:orb>: "variedcommodities:orb"
[INITIALIZATION][SERVER][INFO] Adding tooltip for <variedcommodities:orb>: "rldregora.variedcommodities:orb:0.tooltip.0"
[INITIALIZATION][SERVER][INFO] Adding tooltip for <variedcommodities:orb>: "rldregora.variedcommodities:orb:0.tooltip.1"
[INITIALIZATION][SERVER][INFO] Clearing tooltip for <variedcommodities:orb:1>
[INITIALIZATION][SERVER][INFO] Clearing tooltip for <variedcommodities:orb:5>
[INITIALIZATION][SERVER][INFO] Clearing tooltip for <variedcommodities:orb:6>
[INITIALIZATION][SERVER][INFO] Translating item.orb.name to rldregora.variedcommodities:orb:1.name
[INITIALIZATION][SERVER][INFO] Adding tooltip for <variedcommodities:orb:1>: "variedcommodities:orb"
[INITIALIZATION][SERVER][INFO] Adding tooltip for <variedcommodities:orb:1>: "rldregora.variedcommodities:orb:1.tooltip.0"
[INITIALIZATION][SERVER][INFO] Adding tooltip for <variedcommodities:orb:1>: "rldregora.variedcommodities:orb:1.tooltip.1"
[INITIALIZATION][SERVER][INFO] Translating item.orb.name to rldregora.variedcommodities:orb:5.name
[INITIALIZATION][SERVER][INFO] Adding tooltip for <variedcommodities:orb:5>: "variedcommodities:orb"
[INITIALIZATION][SERVER][INFO] Adding tooltip for <variedcommodities:orb:5>: "rldregora.variedcommodities:orb:5.tooltip.0"
[INITIALIZATION][SERVER][INFO] Adding tooltip for <variedcommodities:orb:5>: "rldregora.variedcommodities:orb:5.tooltip.1"
[INITIALIZATION][SERVER][INFO] Translating item.orb.name to rldregora.variedcommodities:orb:6.name
[INITIALIZATION][SERVER][INFO] Adding tooltip for <variedcommodities:orb:6>: "variedcommodities:orb"
[INITIALIZATION][SERVER][INFO] Adding tooltip for <variedcommodities:orb:6>: "rldregora.variedcommodities:orb:6.tooltip.0"
[INITIALIZATION][SERVER][INFO] Adding tooltip for <variedcommodities:orb:6>: "rldregora.variedcommodities:orb:6.tooltip.1"
[INITIALIZATION][SERVER][INFO] Adding tooltip for <biomesoplenty:plant_1:11>: "rldregora.plant_harvest_shears.tooltip"
[INITIALIZATION][SERVER][INFO] Adding tooltip for <biomesoplenty:double_plant>: "rldregora.plant_harvest_shears.tooltip"
[INITIALIZATION][SERVER][INFO] Adding tooltip for <biomesoplenty:plant_1:3>: "rldregora.plant_harvest_shears.tooltip"
[INITIALIZATION][SERVER][INFO] Setting fuel for <biomesoplenty:bamboo>
[INITIALIZATION][SERVER][INFO] Setting fuel for <biomesoplenty:plant_0>
[INITIALIZATION][SERVER][INFO] Translating tile.mushroom.glowshroom.name to rldregora.biomesoplenty:mushroom:3.tooltip
[INITIALIZATION][SERVER][INFO] Translating tile.terrarium.terrarium_glowshroom.name to rldregora.biomesoplenty:terrarium:8.tooltip
[INITIALIZATION][SERVER][INFO] Setting fuel for <biomesoplenty:seaweed>
[INITIALIZATION][SERVER][INFO] Translating tile.seaweed.kelp.name to rldregora.biomesoplenty:seaweed.name
[INITIALIZATION][SERVER][INFO] [crafttweaker | SIDE_SERVER]: Loading Script: {[0:crafttweaker]: DregoraArchived.zs}
[INITIALIZATION][SERVER][INFO] [crafttweaker | SIDE_SERVER]: Loading Script: {[0:crafttweaker]: localization.zs}
[INITIALIZATION][SERVER][INFO] Translating item.notreepunching:rock.basalt.name to item.notreepunching:rock.basalt.name
[INITIALIZATION][SERVER][INFO] Translating tile.notreepunching:cobblestone.basalt.name to tile.notreepunching:cobblestone.basalt.name
[INITIALIZATION][SERVER][INFO] Adding tooltip for <minecraft:fishing_rod:*>: "tooltip.scripts.onlycrafting"
[INITIALIZATION][SERVER][INFO] Adding tooltip for <advanced-fishing:blazing_fishing_pole:*>: "tooltip.scripts.onlycrafting"
[INITIALIZATION][SERVER][INFO] Adding tooltip for <iceandfire:fishing_spear:*>: "tooltip.scripts.onlycrafting"
[INITIALIZATION][SERVER][INFO] Adding tooltip for <armorunder:auto_chestplate_liner>: "tooltip.scripts.ozzyliner.destroys"
[INITIALIZATION][SERVER][INFO] Adding tooltip for <armorunder:auto_leggings_liner>: "tooltip.scripts.ozzyliner.destroys"
[INITIALIZATION][SERVER][INFO] Adding tooltip for <quark:ancient_tome:*>: "tooltip.quark:ancient_tome"
[INITIALIZATION][SERVER][INFO] Adding tooltip for <rlmixins:cleansing_talisman>: "tooltip.rlmixins:cleansing_talisman"
[INITIALIZATION][SERVER][INFO] Adding tooltip for <bountifulbaubles:amuletsinwrath>: "tooltip.bountifulbaubles:amuletsinwrath"
[INITIALIZATION][SERVER][INFO] Adding tooltip for <variedcommodities:heart>: "tooltip.variedcommodities:heart"
[INITIALIZATION][SERVER][INFO] Adding tooltip for <variedcommodities:skull>: "tooltip.variedcommodities:skull"
[INITIALIZATION][SERVER][INFO] [crafttweaker | SIDE_SERVER]: Loading Script: {[0:crafttweaker]: LootTweaker_Champions.zs}
[INITIALIZATION][SERVER][INFO] Queued pool tier#5 for addition to table champions:champion_loot
[INITIALIZATION][SERVER][INFO] Queued item entry 'loottweaker#1' for addition to pool 'tier#5' of table 'champions:champion_loot'
[INITIALIZATION][SERVER][INFO] [crafttweaker | SIDE_SERVER]: Loading Script: {[0:crafttweaker]: LootTweaker_FMB.zs}
[INITIALIZATION][SERVER][INFO] Queued all pools of table fishingmadebetter:fishing_combined for removal
[INITIALIZATION][SERVER][INFO] Queued pool rlcraftfishing for addition to table fishingmadebetter:fishing_combined
[INITIALIZATION][SERVER][INFO] Queued item entry 'treasure_1' for addition to pool 'rlcraftfishing' of table 'fishingmadebetter:fishing_combined'
[INITIALIZATION][SERVER][INFO] Queued item entry 'treasure_2' for addition to pool 'rlcraftfishing' of table 'fishingmadebetter:fishing_combined'
[INITIALIZATION][SERVER][INFO] Queued item entry 'treasure_3' for addition to pool 'rlcraftfishing' of table 'fishingmadebetter:fishing_combined'
[INITIALIZATION][SERVER][INFO] Queued item entry 'treasure_4' for addition to pool 'rlcraftfishing' of table 'fishingmadebetter:fishing_combined'
[INITIALIZATION][SERVER][INFO] Queued item entry 'treasure_5' for addition to pool 'rlcraftfishing' of table 'fishingmadebetter:fishing_combined'
[INITIALIZATION][SERVER][INFO] Queued item entry 'treasure_6' for addition to pool 'rlcraftfishing' of table 'fishingmadebetter:fishing_combined'
[INITIALIZATION][SERVER][INFO] Queued item entry 'treasure_7' for addition to pool 'rlcraftfishing' of table 'fishingmadebetter:fishing_combined'
[INITIALIZATION][SERVER][INFO] Queued item entry 'treasure_8' for addition to pool 'rlcraftfishing' of table 'fishingmadebetter:fishing_combined'
[INITIALIZATION][SERVER][INFO] Queued item entry 'treasure_9' for addition to pool 'rlcraftfishing' of table 'fishingmadebetter:fishing_combined'
[INITIALIZATION][SERVER][INFO] Queued item entry 'treasure_10' for addition to pool 'rlcraftfishing' of table 'fishingmadebetter:fishing_combined'
[INITIALIZATION][SERVER][INFO] Queued item entry 'junk_1' for addition to pool 'rlcraftfishing' of table 'fishingmadebetter:fishing_combined'
[INITIALIZATION][SERVER][INFO] Queued item entry 'junk_2' for addition to pool 'rlcraftfishing' of table 'fishingmadebetter:fishing_combined'
[INITIALIZATION][SERVER][INFO] Queued item entry 'junk_3' for addition to pool 'rlcraftfishing' of table 'fishingmadebetter:fishing_combined'
[INITIALIZATION][SERVER][INFO] Queued item entry 'junk_4' for addition to pool 'rlcraftfishing' of table 'fishingmadebetter:fishing_combined'
[INITIALIZATION][SERVER][INFO] Queued item entry 'junk_5' for addition to pool 'rlcraftfishing' of table 'fishingmadebetter:fishing_combined'
[INITIALIZATION][SERVER][INFO] Queued item entry 'junk_6' for addition to pool 'rlcraftfishing' of table 'fishingmadebetter:fishing_combined'
[INITIALIZATION][SERVER][INFO] Queued item entry 'junk_7' for addition to pool 'rlcraftfishing' of table 'fishingmadebetter:fishing_combined'
[INITIALIZATION][SERVER][INFO] Queued item entry 'junk_8' for addition to pool 'rlcraftfishing' of table 'fishingmadebetter:fishing_combined'
[INITIALIZATION][SERVER][INFO] Queued item entry 'junk_9' for addition to pool 'rlcraftfishing' of table 'fishingmadebetter:fishing_combined'
[INITIALIZATION][SERVER][INFO] Queued item entry 'junk_10' for addition to pool 'rlcraftfishing' of table 'fishingmadebetter:fishing_combined'
[INITIALIZATION][SERVER][INFO] Queued item entry 'junk_11' for addition to pool 'rlcraftfishing' of table 'fishingmadebetter:fishing_combined'
[INITIALIZATION][SERVER][INFO] Queued item entry 'junk_12' for addition to pool 'rlcraftfishing' of table 'fishingmadebetter:fishing_combined'
[INITIALIZATION][SERVER][INFO] Queued item entry 'junk_13' for addition to pool 'rlcraftfishing' of table 'fishingmadebetter:fishing_combined'
[INITIALIZATION][SERVER][INFO] Queued item entry 'junk_14' for addition to pool 'rlcraftfishing' of table 'fishingmadebetter:fishing_combined'
[INITIALIZATION][SERVER][INFO] Queued item entry 'junk_15' for addition to pool 'rlcraftfishing' of table 'fishingmadebetter:fishing_combined'
[INITIALIZATION][SERVER][INFO] Queued item entry 'junk_16' for addition to pool 'rlcraftfishing' of table 'fishingmadebetter:fishing_combined'
[INITIALIZATION][SERVER][INFO] Queued item entry 'junk_17' for addition to pool 'rlcraftfishing' of table 'fishingmadebetter:fishing_combined'
[INITIALIZATION][SERVER][INFO] Queued item entry 'junk_18' for addition to pool 'rlcraftfishing' of table 'fishingmadebetter:fishing_combined'
[INITIALIZATION][SERVER][INFO] Queued item entry 'junk_19' for addition to pool 'rlcraftfishing' of table 'fishingmadebetter:fishing_combined'
[INITIALIZATION][SERVER][INFO] [crafttweaker | SIDE_SERVER]: Loading Script: {[0:crafttweaker]: LootTweaker_LostCities.zs}
[INITIALIZATION][SERVER][INFO] Created new table 'loottweaker:lostcityhighrise'
[INITIALIZATION][SERVER][INFO] Created new table 'loottweaker:lostcityground'
[INITIALIZATION][SERVER][INFO] Created new table 'loottweaker:lostcitybasement'
[INITIALIZATION][SERVER][INFO] Created new table 'loottweaker:lostcitysubway'
[INITIALIZATION][SERVER][INFO] Created new table 'loottweaker:lostcityrare'
[INITIALIZATION][SERVER][INFO] Created new table 'loottweaker:lostcityuncommon'
[INITIALIZATION][SERVER][INFO] Created new table 'loottweaker:lostcitycommon'
[INITIALIZATION][SERVER][INFO] Created new table 'loottweaker:lowtable'
[INITIALIZATION][SERVER][INFO] Created new table 'loottweaker:medtable'
[INITIALIZATION][SERVER][INFO] Created new table 'loottweaker:hightable'
[INITIALIZATION][SERVER][INFO] Created new table 'loottweaker:buildertable'
[INITIALIZATION][SERVER][INFO] Queued pool highrise for addition to table loottweaker:lostcityhighrise
[INITIALIZATION][SERVER][INFO] Queued pool ground for addition to table loottweaker:lostcityground
[INITIALIZATION][SERVER][INFO] Queued pool basement for addition to table loottweaker:lostcitybasement
[INITIALIZATION][SERVER][INFO] Queued pool subway for addition to table loottweaker:lostcitysubway
[INITIALIZATION][SERVER][INFO] Queued pool rare for addition to table loottweaker:lostcityrare
[INITIALIZATION][SERVER][INFO] Queued pool uncommon for addition to table loottweaker:lostcityuncommon
[INITIALIZATION][SERVER][INFO] Queued pool common for addition to table loottweaker:lostcitycommon
[INITIALIZATION][SERVER][INFO] Queued pool low for addition to table loottweaker:lowtable
[INITIALIZATION][SERVER][INFO] Queued pool medium for addition to table loottweaker:medtable
[INITIALIZATION][SERVER][INFO] Queued pool high for addition to table loottweaker:hightable
[INITIALIZATION][SERVER][INFO] Queued pool builder for addition to table loottweaker:buildertable
[INITIALIZATION][SERVER][INFO] Queued item entry '1' for addition to pool 'low' of table 'loottweaker:lowtable'
[INITIALIZATION][SERVER][INFO] Queued item entry '2' for addition to pool 'low' of table 'loottweaker:lowtable'
[INITIALIZATION][SERVER][INFO] Queued item entry '3' for addition to pool 'low' of table 'loottweaker:lowtable'
[INITIALIZATION][SERVER][INFO] Queued item entry '4' for addition to pool 'low' of table 'loottweaker:lowtable'
[INITIALIZATION][SERVER][INFO] Queued item entry '5' for addition to pool 'low' of table 'loottweaker:lowtable'
[INITIALIZATION][SERVER][INFO] Queued item entry '6' for addition to pool 'low' of table 'loottweaker:lowtable'
[INITIALIZATION][SERVER][INFO] Queued item entry '7' for addition to pool 'low' of table 'loottweaker:lowtable'
[INITIALIZATION][SERVER][INFO] Queued item entry '8' for addition to pool 'low' of table 'loottweaker:lowtable'
[INITIALIZATION][SERVER][INFO] Queued item entry '9' for addition to pool 'low' of table 'loottweaker:lowtable'
[INITIALIZATION][SERVER][INFO] Queued item entry '10' for addition to pool 'low' of table 'loottweaker:lowtable'
[INITIALIZATION][SERVER][INFO] Queued item entry '11' for addition to pool 'low' of table 'loottweaker:lowtable'
[INITIALIZATION][SERVER][INFO] Queued item entry '12' for addition to pool 'low' of table 'loottweaker:lowtable'
[INITIALIZATION][SERVER][INFO] Queued item entry '1' for addition to pool 'medium' of table 'loottweaker:medtable'
[INITIALIZATION][SERVER][INFO] Queued item entry '1bi' for addition to pool 'medium' of table 'loottweaker:medtable'
[INITIALIZATION][SERVER][INFO] Queued item entry '1bd' for addition to pool 'medium' of table 'loottweaker:medtable'
[INITIALIZATION][SERVER][INFO] Queued item entry '2' for addition to pool 'medium' of table 'loottweaker:medtable'
[INITIALIZATION][SERVER][INFO] Queued item entry '2ia' for addition to pool 'medium' of table 'loottweaker:medtable'
[INITIALIZATION][SERVER][INFO] Queued item entry '2da' for addition to pool 'medium' of table 'loottweaker:medtable'
[INITIALIZATION][SERVER][INFO] Queued item entry '3' for addition to pool 'medium' of table 'loottweaker:medtable'
[INITIALIZATION][SERVER][INFO] Queued item entry '4' for addition to pool 'medium' of table 'loottweaker:medtable'
[INITIALIZATION][SERVER][INFO] Queued item entry '5' for addition to pool 'medium' of table 'loottweaker:medtable'
[INITIALIZATION][SERVER][INFO] Queued item entry '6' for addition to pool 'medium' of table 'loottweaker:medtable'
[INITIALIZATION][SERVER][INFO] Queued item entry '7' for addition to pool 'medium' of table 'loottweaker:medtable'
[INITIALIZATION][SERVER][INFO] Queued item entry '8' for addition to pool 'medium' of table 'loottweaker:medtable'
[INITIALIZATION][SERVER][INFO] Queued item entry '9' for addition to pool 'medium' of table 'loottweaker:medtable'
[INITIALIZATION][SERVER][INFO] Queued item entry '10' for addition to pool 'medium' of table 'loottweaker:medtable'
[INITIALIZATION][SERVER][INFO] Queued item entry '11' for addition to pool 'medium' of table 'loottweaker:medtable'
[INITIALIZATION][SERVER][INFO] Queued item entry '1' for addition to pool 'high' of table 'loottweaker:hightable'
[INITIALIZATION][SERVER][INFO] Queued item entry '2' for addition to pool 'high' of table 'loottweaker:hightable'
[INITIALIZATION][SERVER][INFO] Queued item entry '3' for addition to pool 'high' of table 'loottweaker:hightable'
[INITIALIZATION][SERVER][INFO] Queued item entry '4' for addition to pool 'high' of table 'loottweaker:hightable'
[INITIALIZATION][SERVER][INFO] Queued item entry '5' for addition to pool 'high' of table 'loottweaker:hightable'
[INITIALIZATION][SERVER][INFO] Queued item entry '6' for addition to pool 'high' of table 'loottweaker:hightable'
[INITIALIZATION][SERVER][INFO] Queued item entry '7' for addition to pool 'high' of table 'loottweaker:hightable'
[INITIALIZATION][SERVER][INFO] Queued item entry '8' for addition to pool 'high' of table 'loottweaker:hightable'
[INITIALIZATION][SERVER][INFO] Queued item entry '9' for addition to pool 'high' of table 'loottweaker:hightable'
[INITIALIZATION][SERVER][INFO] Queued item entry '10' for addition to pool 'high' of table 'loottweaker:hightable'
[INITIALIZATION][SERVER][INFO] Queued item entry '11' for addition to pool 'high' of table 'loottweaker:hightable'
[INITIALIZATION][SERVER][INFO] Queued item entry '12' for addition to pool 'high' of table 'loottweaker:hightable'
[INITIALIZATION][SERVER][INFO] Queued item entry '1' for addition to pool 'builder' of table 'loottweaker:buildertable'
[INITIALIZATION][SERVER][INFO] Queued item entry '2' for addition to pool 'builder' of table 'loottweaker:buildertable'
[INITIALIZATION][SERVER][INFO] Queued item entry '3' for addition to pool 'builder' of table 'loottweaker:buildertable'
[INITIALIZATION][SERVER][INFO] Queued item entry '4' for addition to pool 'builder' of table 'loottweaker:buildertable'
[INITIALIZATION][SERVER][INFO] Queued item entry '5' for addition to pool 'builder' of table 'loottweaker:buildertable'
[INITIALIZATION][SERVER][INFO] Queued item entry '6' for addition to pool 'builder' of table 'loottweaker:buildertable'
[INITIALIZATION][SERVER][INFO] Queued item entry '7' for addition to pool 'builder' of table 'loottweaker:buildertable'
[INITIALIZATION][SERVER][INFO] Queued item entry '8' for addition to pool 'builder' of table 'loottweaker:buildertable'
[INITIALIZATION][SERVER][INFO] Queued item entry '9' for addition to pool 'builder' of table 'loottweaker:buildertable'
[INITIALIZATION][SERVER][INFO] Queued item entry '10' for addition to pool 'builder' of table 'loottweaker:buildertable'
[INITIALIZATION][SERVER][INFO] Queued item entry 'fairy_ring' for addition to pool 'highrise' of table 'loottweaker:lostcityhighrise'
[INITIALIZATION][SERVER][INFO] Queued loot table entry 'loottweaker#1' for addition to pool 'highrise' of table 'loottweaker:lostcityhighrise'
[INITIALIZATION][SERVER][INFO] Queued loot table entry 'loottweaker#2' for addition to pool 'highrise' of table 'loottweaker:lostcityhighrise'
[INITIALIZATION][SERVER][INFO] Queued item entry 'elf_ring' for addition to pool 'ground' of table 'loottweaker:lostcityground'
[INITIALIZATION][SERVER][INFO] Queued loot table entry 'loottweaker#1' for addition to pool 'ground' of table 'loottweaker:lostcityground'
[INITIALIZATION][SERVER][INFO] Queued loot table entry 'loottweaker#2' for addition to pool 'ground' of table 'loottweaker:lostcityground'
[INITIALIZATION][SERVER][INFO] Queued loot table entry 'loottweaker#3' for addition to pool 'ground' of table 'loottweaker:lostcityground'
[INITIALIZATION][SERVER][INFO] Queued loot table entry 'loottweaker#4' for addition to pool 'ground' of table 'loottweaker:lostcityground'
[INITIALIZATION][SERVER][INFO] Queued item entry 'dwarf_ring' for addition to pool 'basement' of table 'loottweaker:lostcitybasement'
[INITIALIZATION][SERVER][INFO] Queued loot table entry 'loottweaker#1' for addition to pool 'basement' of table 'loottweaker:lostcitybasement'
[INITIALIZATION][SERVER][INFO] Queued loot table entry 'loottweaker#2' for addition to pool 'basement' of table 'loottweaker:lostcitybasement'
[INITIALIZATION][SERVER][INFO] Queued loot table entry 'loottweaker#3' for addition to pool 'basement' of table 'loottweaker:lostcitybasement'
[INITIALIZATION][SERVER][INFO] Queued item entry 'goblin_ring' for addition to pool 'subway' of table 'loottweaker:lostcitysubway'
[INITIALIZATION][SERVER][INFO] Queued loot table entry 'loottweaker#1' for addition to pool 'subway' of table 'loottweaker:lostcitysubway'
[INITIALIZATION][SERVER][INFO] Queued loot table entry 'loottweaker#2' for addition to pool 'subway' of table 'loottweaker:lostcitysubway'
[INITIALIZATION][SERVER][INFO] Queued loot table entry 'loottweaker#3' for addition to pool 'subway' of table 'loottweaker:lostcitysubway'
[INITIALIZATION][SERVER][INFO] Queued item entry 'dragon_ring' for addition to pool 'rare' of table 'loottweaker:lostcityrare'
[INITIALIZATION][SERVER][INFO] Queued loot table entry 'loottweaker#1' for addition to pool 'rare' of table 'loottweaker:lostcityrare'
[INITIALIZATION][SERVER][INFO] Queued loot table entry 'loottweaker#2' for addition to pool 'rare' of table 'loottweaker:lostcityrare'
[INITIALIZATION][SERVER][INFO] Queued loot table entry 'loottweaker#3' for addition to pool 'rare' of table 'loottweaker:lostcityrare'
[INITIALIZATION][SERVER][INFO] Queued item entry 'titan_ring' for addition to pool 'uncommon' of table 'loottweaker:lostcityuncommon'
[INITIALIZATION][SERVER][INFO] Queued loot table entry 'loottweaker#1' for addition to pool 'uncommon' of table 'loottweaker:lostcityuncommon'
[INITIALIZATION][SERVER][INFO] Queued loot table entry 'loottweaker#2' for addition to pool 'uncommon' of table 'loottweaker:lostcityuncommon'
[INITIALIZATION][SERVER][INFO] Queued loot table entry 'loottweaker#3' for addition to pool 'uncommon' of table 'loottweaker:lostcityuncommon'
[INITIALIZATION][SERVER][INFO] Queued item entry 'faelis_ring' for addition to pool 'common' of table 'loottweaker:lostcitycommon'
[INITIALIZATION][SERVER][INFO] Queued loot table entry 'loottweaker#1' for addition to pool 'common' of table 'loottweaker:lostcitycommon'
[INITIALIZATION][SERVER][INFO] Queued loot table entry 'loottweaker#2' for addition to pool 'common' of table 'loottweaker:lostcitycommon'
[INITIALIZATION][SERVER][INFO] Queued loot table entry 'loottweaker#3' for addition to pool 'common' of table 'loottweaker:lostcitycommon'
[INITIALIZATION][SERVER][INFO] Queued loot table entry 'loottweaker#4' for addition to pool 'common' of table 'loottweaker:lostcitycommon'
[INITIALIZATION][SERVER][INFO] Queued loot table entry 'loottweaker#5' for addition to pool 'common' of table 'loottweaker:lostcitycommon'
[INITIALIZATION][SERVER][INFO] Queued loot table entry 'loottweaker#6' for addition to pool 'common' of table 'loottweaker:lostcitycommon'
[INITIALIZATION][SERVER][INFO] [crafttweaker | SIDE_SERVER]: Loading Script: {[0:crafttweaker]: LootTweaker_SAmulet.zs}
[INITIALIZATION][SERVER][INFO] Queued all pools of table artifacts:sacrificial_reward for removal
[INITIALIZATION][SERVER][INFO] Queued pool brah for addition to table artifacts:sacrificial_reward
[INITIALIZATION][SERVER][INFO] Queued item entry 'yeploot' for addition to pool 'brah' of table 'artifacts:sacrificial_reward'
[INITIALIZATION][SERVER][INFO] [crafttweaker | SIDE_SERVER]: Loading Script: {[0:crafttweaker]: Nuclearcraft_recipes.zs}
[INITIALIZATION][SERVER][INFO] Nuclearcraft Recipe Script starting!
[INITIALIZATION][SERVER][INFO] Removing all nuclearcraft_extractor recipes
[INITIALIZATION][SERVER][INFO] Adding nuclearcraft_infuser recipe: 1 x tile.nuclearcraft.cooler:0, 1000 x water -> 1 x tile.nuclearcraft.cooler:1
[INITIALIZATION][SERVER][INFO] Adding nuclearcraft_extractor recipe: 1 x tile.nuclearcraft.cooler:1 -> 1 x tile.nuclearcraft.cooler:0, 1000 x water
[INITIALIZATION][SERVER][INFO] Adding nuclearcraft_infuser recipe: 1 x tile.nuclearcraft.cooler:0, 1000 x liquidhelium -> 1 x tile.nuclearcraft.cooler:8
[INITIALIZATION][SERVER][INFO] Adding nuclearcraft_extractor recipe: 1 x tile.nuclearcraft.cooler:8 -> 1 x tile.nuclearcraft.cooler:0, 1000 x liquidhelium
[INITIALIZATION][SERVER][INFO] Removing all nuclearcraft_supercooler recipes
[INITIALIZATION][SERVER][INFO] Adding nuclearcraft_supercooler recipe: 1000 x helium -> 25 x liquidhelium
[INITIALIZATION][SERVER][INFO] Removing all nuclearcraft_melter recipes
[INITIALIZATION][SERVER][INFO] Adding nuclearcraft_dissolver recipe: 3 x tile.nuclearcraft.glowing_mushroom:0, 250 x ethanol -> 250 x radaway
[INITIALIZATION][SERVER][INFO] Adding nuclearcraft_dissolver recipe: 1 x tile.concretePowder:0, 7500 x water -> 1000 x cement_fluid
[INITIALIZATION][SERVER][INFO] Adding nuclearcraft_dissolver recipe: 1 x tile.concretePowder:1, 7500 x water -> 1000 x cement_fluid
[INITIALIZATION][SERVER][INFO] Adding nuclearcraft_dissolver recipe: 1 x tile.concretePowder:2, 7500 x water -> 1000 x cement_fluid
[INITIALIZATION][SERVER][INFO] Adding nuclearcraft_dissolver recipe: 1 x tile.concretePowder:3, 7500 x water -> 1000 x cement_fluid
[INITIALIZATION][SERVER][INFO] Adding nuclearcraft_dissolver recipe: 1 x tile.concretePowder:4, 7500 x water -> 1000 x cement_fluid
[INITIALIZATION][SERVER][INFO] Adding nuclearcraft_dissolver recipe: 1 x tile.concretePowder:5, 7500 x water -> 1000 x cement_fluid
[INITIALIZATION][SERVER][INFO] Adding nuclearcraft_dissolver recipe: 1 x tile.concretePowder:6, 7500 x water -> 1000 x cement_fluid
[INITIALIZATION][SERVER][INFO] Adding nuclearcraft_dissolver recipe: 1 x tile.concretePowder:7, 7500 x water -> 1000 x cement_fluid
[INITIALIZATION][SERVER][INFO] Adding nuclearcraft_dissolver recipe: 1 x tile.concretePowder:8, 7500 x water -> 1000 x cement_fluid
[INITIALIZATION][SERVER][INFO] Adding nuclearcraft_dissolver recipe: 1 x tile.concretePowder:9, 7500 x water -> 1000 x cement_fluid
[INITIALIZATION][SERVER][INFO] Adding nuclearcraft_dissolver recipe: 1 x tile.concretePowder:10, 7500 x water -> 1000 x cement_fluid
[INITIALIZATION][SERVER][INFO] Adding nuclearcraft_dissolver recipe: 1 x tile.concretePowder:11, 7500 x water -> 1000 x cement_fluid
[INITIALIZATION][SERVER][INFO] Adding nuclearcraft_dissolver recipe: 1 x tile.concretePowder:12, 7500 x water -> 1000 x cement_fluid
[INITIALIZATION][SERVER][INFO] Adding nuclearcraft_dissolver recipe: 1 x tile.concretePowder:13, 7500 x water -> 1000 x cement_fluid
[INITIALIZATION][SERVER][INFO] Adding nuclearcraft_dissolver recipe: 1 x tile.concretePowder:14, 7500 x water -> 1000 x cement_fluid
[INITIALIZATION][SERVER][INFO] Adding nuclearcraft_dissolver recipe: 1 x tile.concretePowder:15, 7500 x water -> 1000 x cement_fluid
[INITIALIZATION][SERVER][INFO] Adding nuclearcraft_infuser recipe: 1 x item.contenttweaker.rebar:0, 1000 x cement_fluid -> 1 x tile.contenttweaker.reinforced_concrete:0
[INITIALIZATION][SERVER][INFO] Adding nuclearcraft_ingot_former recipe: 144 x steel -> 1 x item.ingot_steel:0
[INITIALIZATION][SERVER][INFO] Error: Failed to remove nuclearcraft_alloy_furnace recipe with 1 x item.ingotIron:0, 1 x item.nuclearcraft.ingot:0 as the input
[INITIALIZATION][SERVER][INFO] Error: Failed to remove nuclearcraft_alloy_furnace recipe with 1 x item.ingotIron:0, 1 x item.nuclearcraft.dust:0 as the input
[INITIALIZATION][SERVER][INFO] Error: Failed to remove nuclearcraft_alloy_furnace recipe with 1 x item.ingotIron:0, 1 x item.nuclearcraft.gem_dust:0 as the input
[INITIALIZATION][SERVER][INFO] Error: Failed to remove nuclearcraft_alloy_furnace recipe with 1 x item.ingotIron:0, 1 x item.coal:0 as the input
[INITIALIZATION][SERVER][INFO] Error: Failed to remove nuclearcraft_ingot_former recipe with 1 x item.nuclearcraft.alloy:5 as the output
[INITIALIZATION][SERVER][INFO] Adding tooltip for <nuclearcraft:ore:2>: "rldregora.nuclearcraft:ore:2.tooltip"
[INITIALIZATION][SERVER][INFO] Adding tooltip for <nuclearcraft:ore:3>: "rldregora.nuclearcraft:ore:3.tooltip"
[INITIALIZATION][SERVER][INFO] Adding tooltip for <nuclearcraft:ore:4>: "rldregora.nuclearcraft:ore:4.tooltip"
[INITIALIZATION][SERVER][INFO] Adding tooltip for <nuclearcraft:ore:5>: "rldregora.nuclearcraft:ore:5.tooltip"
[INITIALIZATION][SERVER][INFO] Adding tooltip for <nuclearcraft:ore:6>: "rldregora.nuclearcraft:ore:6.tooltip"
[INITIALIZATION][SERVER][INFO] Adding tooltip for <contenttweaker:deepslate_lead_ore>: "rldregora.deepslate_lead.tooltip"
[INITIALIZATION][SERVER][INFO] Adding tooltip for <contenttweaker:deepslate_thorium_ore>: "rldregora.deepslate_thorium.tooltip"
[INITIALIZATION][SERVER][INFO] Adding tooltip for <contenttweaker:deepslate_uranium_ore>: "rldregora.deepslate_uranium.tooltip"
[INITIALIZATION][SERVER][INFO] Adding tooltip for <contenttweaker:deepslate_boron_ore>: "rldregora.deepslate_boron.tooltip"
[INITIALIZATION][SERVER][INFO] Adding tooltip for <contenttweaker:deepslate_lithium_ore>: "rldregora.deepslate_lithium.tooltip"
[INITIALIZATION][SERVER][INFO] Adding tooltip for <nuclearcraft:geiger_counter>: "rldregora.nuclearcraft:geiger_counter.tooltip"
[INITIALIZATION][SERVER][INFO] Adding tooltip for <nuclearcraft:tritium_lamp>: "rldregora.nuclearcraft:tritium_lamp.tooltip"
[INITIALIZATION][SERVER][INFO] Adding tooltip for <nuclearcraft:upgrade>: "rldregora.nuclearcraft:upgrade.tooltip"
[INITIALIZATION][SERVER][INFO] Adding tooltip for <nuclearcraft:upgrade:1>: "rldregora.nuclearcraft:upgrade.tooltip"
[INITIALIZATION][SERVER][INFO] Adding tooltip for <nuclearcraft:record_wanderer>: "rldregora.nuclearcraft:record.tooltip"
[INITIALIZATION][SERVER][INFO] Adding tooltip for <nuclearcraft:record_end_of_the_world>: "rldregora.nuclearcraft:record.tooltip"
[INITIALIZATION][SERVER][INFO] Adding tooltip for <nuclearcraft:record_money_for_nothing>: "rldregora.nuclearcraft:record.tooltip"
[INITIALIZATION][SERVER][INFO] Adding tooltip for <nuclearcraft:record_hyperspace>: "rldregora.nuclearcraft:record.tooltip"
[INITIALIZATION][SERVER][INFO] Adding tooltip for <nuclearcraft:helm_hazmat>: "rldregora.nuclearcraft:helm_hazmat.tooltip"
[INITIALIZATION][SERVER][INFO] Adding tooltip for <nuclearcraft:chest_hazmat>: "rldregora.nuclearcraft:chest_hazmat.tooltip"
[INITIALIZATION][SERVER][INFO] Adding tooltip for <nuclearcraft:legs_hazmat>: "rldregora.nuclearcraft:legs_hazmat.tooltip"
[INITIALIZATION][SERVER][INFO] Adding tooltip for <nuclearcraft:boots_hazmat>: "rldregora.nuclearcraft:boots_hazmat.tooltip"
[INITIALIZATION][SERVER][INFO] Adding tooltip for <nuclearcraft:radaway_slow>: "rldregora.nuclearcraft:radaway_slow.tooltip"
[INITIALIZATION][SERVER][INFO] Adding tooltip for <nuclearcraft:rad_x>: "rldregora.nuclearcraft:rad_x.tooltip"
[INITIALIZATION][SERVER][INFO] Adding tooltip for <nuclearcraft:radaway>: "rldregora.nuclearcraft:radaway.tooltip"
[INITIALIZATION][SERVER][INFO] Adding tooltip for <nuclearcraft:fission_controller_new_fixed>: "rldregora.nuclearcraft:shelter_fission.tooltip"
[INITIALIZATION][SERVER][INFO] Adding tooltip for <nuclearcraft:fission_port>: "rldregora.nuclearcraft:shelter_fission.tooltip"
[INITIALIZATION][SERVER][INFO] Adding tooltip for <nuclearcraft:buffer>: "rldregora.nuclearcraft:shelter_fission.tooltip"
[INITIALIZATION][SERVER][INFO] Adding tooltip for <nuclearcraft:active_cooler>: "rldregora.nuclearcraft:shelter_fission.tooltip"
[INITIALIZATION][SERVER][INFO] Adding tooltip for <nuclearcraft:fission_block>: "rldregora.nuclearcraft:shelter_fission.tooltip"
[INITIALIZATION][SERVER][INFO] Adding tooltip for <nuclearcraft:fission_block:1>: "rldregora.nuclearcraft:shelter_fission.tooltip"
[INITIALIZATION][SERVER][INFO] Adding tooltip for <nuclearcraft:reactor_casing_transparent>: "rldregora.nuclearcraft:shelter_fission.tooltip"
[INITIALIZATION][SERVER][INFO] Adding tooltip for <nuclearcraft:cell_block>: "rldregora.nuclearcraft:shelter_fission.tooltip"
[INITIALIZATION][SERVER][INFO] Adding tooltip for <nuclearcraft:cooler:*>: "rldregora.nuclearcraft:shelter_fission.tooltip"
[INITIALIZATION][SERVER][INFO] Adding tooltip for <nuclearcraft:reactor_trapdoor>: "rldregora.nuclearcraft:shelter_small.tooltip"
[INITIALIZATION][SERVER][INFO] Adding tooltip for <nuclearcraft:reactor_door>: "rldregora.nuclearcraft:shelter_small.tooltip"
[INITIALIZATION][SERVER][INFO] Adding tooltip for <nuclearcraft:nuclear_furnace_idle>: "rldregora.nuclearcraft:shelter_big.tooltip"
[INITIALIZATION][SERVER][INFO] Adding tooltip for <nuclearcraft:manufactory_idle>: "rldregora.nuclearcraft:shelter_big.tooltip"
[INITIALIZATION][SERVER][INFO] Adding tooltip for <nuclearcraft:isotope_separator_idle>: "rldregora.nuclearcraft:shelter_big.tooltip"
[INITIALIZATION][SERVER][INFO] Adding tooltip for <nuclearcraft:decay_hastener_idle>: "rldregora.nuclearcraft:shelter_big.tooltip"
[INITIALIZATION][SERVER][INFO] Adding tooltip for <nuclearcraft:fuel_reprocessor_idle>: "rldregora.nuclearcraft:shelter_big.tooltip"
[INITIALIZATION][SERVER][INFO] Adding tooltip for <nuclearcraft:alloy_furnace_idle>: "rldregora.nuclearcraft:shelter_big.tooltip"
[INITIALIZATION][SERVER][INFO] Adding tooltip for <nuclearcraft:infuser_idle>: "rldregora.nuclearcraft:shelter_big.tooltip"
[INITIALIZATION][SERVER][INFO] Adding tooltip for <nuclearcraft:melter_idle>: "rldregora.nuclearcraft:shelter_big.tooltip"
[INITIALIZATION][SERVER][INFO] Adding tooltip for <nuclearcraft:supercooler_idle>: "rldregora.nuclearcraft:shelter_big.tooltip"
[INITIALIZATION][SERVER][INFO] Adding tooltip for <nuclearcraft:electrolyser_idle>: "rldregora.nuclearcraft:shelter_big.tooltip"
[INITIALIZATION][SERVER][INFO] Adding tooltip for <nuclearcraft:irradiator_idle>: "rldregora.nuclearcraft:shelter_big.tooltip"
[INITIALIZATION][SERVER][INFO] Adding tooltip for <nuclearcraft:ingot_former_idle>: "rldregora.nuclearcraft:shelter_big.tooltip"
[INITIALIZATION][SERVER][INFO] Adding tooltip for <nuclearcraft:pressurizer_idle>: "rldregora.nuclearcraft:shelter_big.tooltip"
[INITIALIZATION][SERVER][INFO] Adding tooltip for <nuclearcraft:chemical_reactor_idle>: "rldregora.nuclearcraft:shelter_big.tooltip"
[INITIALIZATION][SERVER][INFO] Adding tooltip for <nuclearcraft:salt_mixer_idle>: "rldregora.nuclearcraft:shelter_big.tooltip"
[INITIALIZATION][SERVER][INFO] Adding tooltip for <nuclearcraft:crystallizer_idle>: "rldregora.nuclearcraft:shelter_big.tooltip"
[INITIALIZATION][SERVER][INFO] Adding tooltip for <nuclearcraft:dissolver_idle>: "rldregora.nuclearcraft:shelter_big.tooltip"
[INITIALIZATION][SERVER][INFO] Adding tooltip for <nuclearcraft:extractor_idle>: "rldregora.nuclearcraft:shelter_big.tooltip"
[INITIALIZATION][SERVER][INFO] Adding tooltip for <nuclearcraft:centrifuge_idle>: "rldregora.nuclearcraft:shelter_big.tooltip"
[INITIALIZATION][SERVER][INFO] Adding tooltip for <nuclearcraft:rock_crusher_idle>: "rldregora.nuclearcraft:shelter_big.tooltip"
[INITIALIZATION][SERVER][INFO] Adding tooltip for <nuclearcraft:machine_interface>: "rldregora.nuclearcraft:shelter_big.tooltip"
[INITIALIZATION][SERVER][INFO] Adding tooltip for <nuclearcraft:bin>: "rldregora.nuclearcraft:shelter_big.tooltip"
[INITIALIZATION][SERVER][INFO] Adding tooltip for <nuclearcraft:radiation_scrubber>: "rldregora.nuclearcraft:shelter_big.tooltip"
[INITIALIZATION][SERVER][INFO] Adding tooltip for <nuclearcraft:geiger_block>: "rldregora.nuclearcraft:shelter_small.tooltip"
[INITIALIZATION][SERVER][INFO] Adding tooltip for <nuclearcraft:helium_collector>: "rldregora.nuclearcraft:collector.tooltip"
[INITIALIZATION][SERVER][INFO] Adding tooltip for <nuclearcraft:helium_collector_compact>: "rldregora.nuclearcraft:collector.tooltip"
[INITIALIZATION][SERVER][INFO] Adding tooltip for <nuclearcraft:helium_collector_dense>: "rldregora.nuclearcraft:collector.tooltip"
[INITIALIZATION][SERVER][INFO] Adding tooltip for <nuclearcraft:water_source>: "rldregora.nuclearcraft:collector.tooltip"
[INITIALIZATION][SERVER][INFO] Adding tooltip for <nuclearcraft:water_source_compact>: "rldregora.nuclearcraft:collector.tooltip"
[INITIALIZATION][SERVER][INFO] Adding tooltip for <nuclearcraft:water_source_dense>: "rldregora.nuclearcraft:collector.tooltip"
[INITIALIZATION][SERVER][INFO] Adding tooltip for <nuclearcraft:nitrogen_collector>: "rldregora.nuclearcraft:collector.tooltip"
[INITIALIZATION][SERVER][INFO] Adding tooltip for <nuclearcraft:nitrogen_collector_compact>: "rldregora.nuclearcraft:collector.tooltip"
[INITIALIZATION][SERVER][INFO] Adding tooltip for <nuclearcraft:nitrogen_collector_dense>: "rldregora.nuclearcraft:collector.tooltip"
[INITIALIZATION][SERVER][INFO] Adding tooltip for <nuclearcraft:rtg_uranium>: "rldregora.nuclearcraft:generators.tooltip"
[INITIALIZATION][SERVER][INFO] Adding tooltip for <nuclearcraft:rtg_plutonium>: "rldregora.nuclearcraft:generators.tooltip"
[INITIALIZATION][SERVER][INFO] Adding tooltip for <nuclearcraft:rtg_americium>: "rldregora.nuclearcraft:generators.tooltip"
[INITIALIZATION][SERVER][INFO] Adding tooltip for <nuclearcraft:rtg_californium>: "rldregora.nuclearcraft:generators.tooltip"
[INITIALIZATION][SERVER][INFO] Adding tooltip for <nuclearcraft:decay_generator>: "rldregora.nuclearcraft:generators.tooltip"
[INITIALIZATION][SERVER][INFO] Adding tooltip for <nuclearcraft:voltaic_pile_basic>: "rldregora.nuclearcraft:power_storage.tooltip"
[INITIALIZATION][SERVER][INFO] Adding tooltip for <nuclearcraft:voltaic_pile_advanced>: "rldregora.nuclearcraft:power_storage.tooltip"
[INITIALIZATION][SERVER][INFO] Adding tooltip for <nuclearcraft:voltaic_pile_du>: "rldregora.nuclearcraft:power_storage.tooltip"
[INITIALIZATION][SERVER][INFO] Adding tooltip for <nuclearcraft:voltaic_pile_elite>: "rldregora.nuclearcraft:power_storage.tooltip"
[INITIALIZATION][SERVER][INFO] Adding tooltip for <nuclearcraft:lithium_ion_battery_basic>: "rldregora.nuclearcraft:power_storage.tooltip"
[INITIALIZATION][SERVER][INFO] Adding tooltip for <nuclearcraft:lithium_ion_battery_advanced>: "rldregora.nuclearcraft:power_storage.tooltip"
[INITIALIZATION][SERVER][INFO] Adding tooltip for <nuclearcraft:lithium_ion_battery_du>: "rldregora.nuclearcraft:power_storage.tooltip"
[INITIALIZATION][SERVER][INFO] Adding tooltip for <nuclearcraft:lithium_ion_battery_elite>: "rldregora.nuclearcraft:power_storage.tooltip"
[INITIALIZATION][SERVER][INFO] [crafttweaker | SIDE_SERVER]: Loading Script: {[0:crafttweaker]: Shiv.zs}
[INITIALIZATION][SERVER][INFO] Script starting!
[INITIALIZATION][SERVER][INFO] Setting hardness of Monster Spawner to 15.0
[INITIALIZATION][SERVER][INFO] Queued pool wut for addition to table minecraft:entities/skeleton
[INITIALIZATION][SERVER][INFO] Queued item entry 'loottweaker#1' for addition to pool 'wut' of table 'minecraft:entities/skeleton'
[INITIALIZATION][SERVER][INFO] Queued item entry 'loottweaker#2' for addition to pool 'wut' of table 'minecraft:entities/skeleton'
[INITIALIZATION][SERVER][INFO] Queued pool lul for addition to table minecraft:entities/zombie
[INITIALIZATION][SERVER][INFO] Queued item entry 'loottweaker#1' for addition to pool 'lul' of table 'minecraft:entities/zombie'
[INITIALIZATION][SERVER][INFO] Queued item entry 'loottweaker#2' for addition to pool 'lul' of table 'minecraft:entities/zombie'
[INITIALIZATION][SERVER][INFO] Queued pool yep for addition to table minecraft:entities/creeper
[INITIALIZATION][SERVER][INFO] Queued item entry 'loottweaker#1' for addition to pool 'yep' of table 'minecraft:entities/creeper'
[INITIALIZATION][SERVER][INFO] Queued item entry 'loottweaker#2' for addition to pool 'yep' of table 'minecraft:entities/creeper'
[INITIALIZATION][SERVER][INFO] Queued pool mkey for addition to table playerbosses:entity/player_boss
[INITIALIZATION][SERVER][INFO] Queued item entry 'loottweaker#1' for addition to pool 'mkey' of table 'playerbosses:entity/player_boss'
[INITIALIZATION][SERVER][INFO] Script ending!
[INITIALIZATION][SERVER][INFO] [crafttweaker | SIDE_SERVER]: Loading Script: {[0:crafttweaker]: Shiv2.zs}
[INITIALIZATION][SERVER][INFO] Script starting!
[INITIALIZATION][SERVER][INFO] Adding tooltip for <simpledifficulty:wool_helmet:*>: "tooltip.simpledifficulty:wool_helmet"
[INITIALIZATION][SERVER][INFO] Adding tooltip for <simpledifficulty:wool_chestplate:*>: "tooltip.simpledifficulty:wool_chestplate"
[INITIALIZATION][SERVER][INFO] Adding tooltip for <simpledifficulty:wool_leggings:*>: "tooltip.simpledifficulty:wool_leggings"
[INITIALIZATION][SERVER][INFO] Adding tooltip for <simpledifficulty:wool_boots:*>: "tooltip.simpledifficulty:wool_boots"
[INITIALIZATION][SERVER][INFO] Adding tooltip for <simpledifficulty:ice_helmet:*>: "tooltip.simpledifficulty:ice_helmet"
[INITIALIZATION][SERVER][INFO] Adding tooltip for <simpledifficulty:ice_chestplate:*>: "tooltip.simpledifficulty:ice_chestplate"
[INITIALIZATION][SERVER][INFO] Adding tooltip for <simpledifficulty:ice_leggings:*>: "tooltip.simpledifficulty:ice_leggings"
[INITIALIZATION][SERVER][INFO] Adding tooltip for <simpledifficulty:ice_boots:*>: "tooltip.simpledifficulty:ice_boots"
[INITIALIZATION][SERVER][INFO] Translating item.scarlite_helmet.name to Scarlite Helmet
[INITIALIZATION][SERVER][INFO] Translating item.scarlite_chestplate.name to Scarlite Chestplate
[INITIALIZATION][SERVER][INFO] Translating item.scarlite_leggings.name to Scarlite Leggings
[INITIALIZATION][SERVER][INFO] Translating item.scarlite_boots.name to Scarlite Boots
[INITIALIZATION][SERVER][INFO] Adding tooltip for <mujmajnkraftsbettersurvival:itemsteelhammer:*>: "tooltip.scripts.weapon.steelbonus"
[INITIALIZATION][SERVER][INFO] Adding tooltip for <mujmajnkraftsbettersurvival:itemsteelspear:*>: "tooltip.scripts.weapon.steelbonus"
[INITIALIZATION][SERVER][INFO] Adding tooltip for <mujmajnkraftsbettersurvival:itemsteeldagger:*>: "tooltip.scripts.weapon.steelbonus"
[INITIALIZATION][SERVER][INFO] Adding tooltip for <mujmajnkraftsbettersurvival:itemsteelbattleaxe:*>: "tooltip.scripts.weapon.steelbonus"
[INITIALIZATION][SERVER][INFO] Adding tooltip for <mujmajnkraftsbettersurvival:itemsteelnunchaku:*>: "tooltip.scripts.weapon.steelbonus"
[INITIALIZATION][SERVER][INFO] Adding tooltip for <spartanweaponry:dagger_steel:*>: "tooltip.scripts.weapon.steelbonus"
[INITIALIZATION][SERVER][INFO] Adding tooltip for <spartanweaponry:longsword_steel:*>: "tooltip.scripts.weapon.steelbonus"
[INITIALIZATION][SERVER][INFO] Adding tooltip for <spartanweaponry:katana_steel:*>: "tooltip.scripts.weapon.steelbonus"
[INITIALIZATION][SERVER][INFO] Adding tooltip for <spartanweaponry:saber_steel:*>: "tooltip.scripts.weapon.steelbonus"
[INITIALIZATION][SERVER][INFO] Adding tooltip for <spartanweaponry:rapier_steel:*>: "tooltip.scripts.weapon.steelbonus"
[INITIALIZATION][SERVER][INFO] Adding tooltip for <spartanweaponry:greatsword_steel:*>: "tooltip.scripts.weapon.steelbonus"
[INITIALIZATION][SERVER][INFO] Adding tooltip for <spartanweaponry:hammer_steel:*>: "tooltip.scripts.weapon.steelbonus"
[INITIALIZATION][SERVER][INFO] Adding tooltip for <spartanweaponry:warhammer_steel:*>: "tooltip.scripts.weapon.steelbonus"
[INITIALIZATION][SERVER][INFO] Adding tooltip for <spartanweaponry:spear_steel:*>: "tooltip.scripts.weapon.steelbonus"
[INITIALIZATION][SERVER][INFO] Adding tooltip for <spartanweaponry:throwing_axe_steel:*>: "tooltip.scripts.weapon.steelbonus"
[INITIALIZATION][SERVER][INFO] Adding tooltip for <spartanweaponry:halberd_steel:*>: "tooltip.scripts.weapon.steelbonus"
[INITIALIZATION][SERVER][INFO] Adding tooltip for <spartanweaponry:pike_steel:*>: "tooltip.scripts.weapon.steelbonus"
[INITIALIZATION][SERVER][INFO] Adding tooltip for <spartanweaponry:lance_steel:*>: "tooltip.scripts.weapon.steelbonus"
[INITIALIZATION][SERVER][INFO] Adding tooltip for <spartanweaponry:throwing_knife_steel:*>: "tooltip.scripts.weapon.steelbonus"
[INITIALIZATION][SERVER][INFO] Adding tooltip for <spartanweaponry:javelin_steel:*>: "tooltip.scripts.weapon.steelbonus"
[INITIALIZATION][SERVER][INFO] Adding tooltip for <spartanweaponry:boomerang_steel:*>: "tooltip.scripts.weapon.steelbonus"
[INITIALIZATION][SERVER][INFO] Adding tooltip for <spartanweaponry:battleaxe_steel:*>: "tooltip.scripts.weapon.steelbonus"
[INITIALIZATION][SERVER][INFO] Adding tooltip for <spartanweaponry:mace_steel:*>: "tooltip.scripts.weapon.steelbonus"
[INITIALIZATION][SERVER][INFO] Adding tooltip for <spartanweaponry:glaive_steel:*>: "tooltip.scripts.weapon.steelbonus"
[INITIALIZATION][SERVER][INFO] Adding tooltip for <spartanweaponry:staff_steel:*>: "tooltip.scripts.weapon.steelbonus"
[INITIALIZATION][SERVER][INFO] Adding tooltip for <spartanweaponry:scythe_steel:*>: "tooltip.scripts.weapon.steelbonus"
[INITIALIZATION][SERVER][INFO] Adding Silver Axe to ore dictionary entry toolAxe
[INITIALIZATION][SERVER][INFO] Adding Copper Axe to ore dictionary entry toolAxe
[INITIALIZATION][SERVER][INFO] Adding Dragon Bone Axe to ore dictionary entry toolAxe
[INITIALIZATION][SERVER][INFO] Adding Steel Quarterstaff to ore dictionary entry spartanStaff
[INITIALIZATION][SERVER][INFO] Adding Wooden Quarterstaff to ore dictionary entry spartanStaff
[INITIALIZATION][SERVER][INFO] Adding Stone Quarterstaff to ore dictionary entry spartanStaff
[INITIALIZATION][SERVER][INFO] Adding Iron Quarterstaff to ore dictionary entry spartanStaff
[INITIALIZATION][SERVER][INFO] Adding Golden Quarterstaff to ore dictionary entry spartanStaff
[INITIALIZATION][SERVER][INFO] Adding Diamond Quarterstaff to ore dictionary entry spartanStaff
[INITIALIZATION][SERVER][INFO] Adding Bronze Quarterstaff to ore dictionary entry spartanStaff
[INITIALIZATION][SERVER][INFO] Adding Silver Quarterstaff to ore dictionary entry spartanStaff
[INITIALIZATION][SERVER][INFO] Adding Copper Quarterstaff to ore dictionary entry spartanStaff
[INITIALIZATION][SERVER][INFO] Adding Desert Myrmex Stinger Quarterstaff to ore dictionary entry spartanStaff
[INITIALIZATION][SERVER][INFO] Adding Jungle Myrmex Stinger Quarterstaff to ore dictionary entry spartanStaff
[INITIALIZATION][SERVER][INFO] Adding Desert Myrmex Quarterstaff to ore dictionary entry spartanStaff
[INITIALIZATION][SERVER][INFO] Adding Jungle Myrmex Quarterstaff to ore dictionary entry spartanStaff
[INITIALIZATION][SERVER][INFO] Adding Iced Dragonbone Quarterstaff to ore dictionary entry spartanStaff
[INITIALIZATION][SERVER][INFO] Adding Flamed Dragonbone Quarterstaff to ore dictionary entry spartanStaff
[INITIALIZATION][SERVER][INFO] Adding Dragonbone Quarterstaff to ore dictionary entry spartanStaff
[INITIALIZATION][SERVER][INFO] Adding Umbrium Quarterstaff to ore dictionary entry spartanStaff
[INITIALIZATION][SERVER][INFO] Adding Steel Glaive to ore dictionary entry spartanGlaive
[INITIALIZATION][SERVER][INFO] Adding Wooden Glaive to ore dictionary entry spartanGlaive
[INITIALIZATION][SERVER][INFO] Adding Stone Glaive to ore dictionary entry spartanGlaive
[INITIALIZATION][SERVER][INFO] Adding Iron Glaive to ore dictionary entry spartanGlaive
[INITIALIZATION][SERVER][INFO] Adding Golden Glaive to ore dictionary entry spartanGlaive
[INITIALIZATION][SERVER][INFO] Adding Diamond Glaive to ore dictionary entry spartanGlaive
[INITIALIZATION][SERVER][INFO] Adding Bronze Glaive to ore dictionary entry spartanGlaive
[INITIALIZATION][SERVER][INFO] Adding Silver Glaive to ore dictionary entry spartanGlaive
[INITIALIZATION][SERVER][INFO] Adding Copper Glaive to ore dictionary entry spartanGlaive
[INITIALIZATION][SERVER][INFO] Adding Desert Myrmex Stinger Glaive to ore dictionary entry spartanGlaive
[INITIALIZATION][SERVER][INFO] Adding Jungle Myrmex Stinger Glaive to ore dictionary entry spartanGlaive
[INITIALIZATION][SERVER][INFO] Adding Desert Myrmex Glaive to ore dictionary entry spartanGlaive
[INITIALIZATION][SERVER][INFO] Adding Jungle Myrmex Glaive to ore dictionary entry spartanGlaive
[INITIALIZATION][SERVER][INFO] Adding Iced Dragonbone Glaive to ore dictionary entry spartanGlaive
[INITIALIZATION][SERVER][INFO] Adding Flamed Dragonbone Glaive to ore dictionary entry spartanGlaive
[INITIALIZATION][SERVER][INFO] Adding Dragonbone Glaive to ore dictionary entry spartanGlaive
[INITIALIZATION][SERVER][INFO] Adding Umbrium Glaive to ore dictionary entry spartanGlaive
[INITIALIZATION][SERVER][INFO] Adding Steel Flanged Mace to ore dictionary entry spartanMace
[INITIALIZATION][SERVER][INFO] Adding Wooden Flanged Mace to ore dictionary entry spartanMace
[INITIALIZATION][SERVER][INFO] Adding Stone Flanged Mace to ore dictionary entry spartanMace
[INITIALIZATION][SERVER][INFO] Adding Iron Flanged Mace to ore dictionary entry spartanMace
[INITIALIZATION][SERVER][INFO] Adding Golden Flanged Mace to ore dictionary entry spartanMace
[INITIALIZATION][SERVER][INFO] Adding Diamond Flanged Mace to ore dictionary entry spartanMace
[INITIALIZATION][SERVER][INFO] Adding Bronze Flanged Mace to ore dictionary entry spartanMace
[INITIALIZATION][SERVER][INFO] Adding Silver Flanged Mace to ore dictionary entry spartanMace
[INITIALIZATION][SERVER][INFO] Adding Copper Flanged Mace to ore dictionary entry spartanMace
[INITIALIZATION][SERVER][INFO] Adding Desert Myrmex Stinger Flanged Mace to ore dictionary entry spartanMace
[INITIALIZATION][SERVER][INFO] Adding Jungle Myrmex Stinger Flanged Mace to ore dictionary entry spartanMace
[INITIALIZATION][SERVER][INFO] Adding Desert Myrmex Flanged Mace to ore dictionary entry spartanMace
[INITIALIZATION][SERVER][INFO] Adding Jungle Myrmex Flanged Mace to ore dictionary entry spartanMace
[INITIALIZATION][SERVER][INFO] Adding Iced Dragonbone Flanged Mace to ore dictionary entry spartanMace
[INITIALIZATION][SERVER][INFO] Adding Flamed Dragonbone Flanged Mace to ore dictionary entry spartanMace
[INITIALIZATION][SERVER][INFO] Adding Dragonbone Flanged Mace to ore dictionary entry spartanMace
[INITIALIZATION][SERVER][INFO] Adding Umbrium Flanged Mace to ore dictionary entry spartanMace
[INITIALIZATION][SERVER][INFO] Adding Steel Battleaxe to ore dictionary entry spartanBattleaxe
[INITIALIZATION][SERVER][INFO] Adding Wooden Battleaxe to ore dictionary entry spartanBattleaxe
[INITIALIZATION][SERVER][INFO] Adding Stone Battleaxe to ore dictionary entry spartanBattleaxe
[INITIALIZATION][SERVER][INFO] Adding Iron Battleaxe to ore dictionary entry spartanBattleaxe
[INITIALIZATION][SERVER][INFO] Adding Golden Battleaxe to ore dictionary entry spartanBattleaxe
[INITIALIZATION][SERVER][INFO] Adding Diamond Battleaxe to ore dictionary entry spartanBattleaxe
[INITIALIZATION][SERVER][INFO] Adding Bronze Battleaxe to ore dictionary entry spartanBattleaxe
[INITIALIZATION][SERVER][INFO] Adding Silver Battleaxe to ore dictionary entry spartanBattleaxe
[INITIALIZATION][SERVER][INFO] Adding Copper Battleaxe to ore dictionary entry spartanBattleaxe
[INITIALIZATION][SERVER][INFO] Adding Desert Myrmex Stinger Battleaxe to ore dictionary entry spartanBattleaxe
[INITIALIZATION][SERVER][INFO] Adding Jungle Myrmex Stinger Battleaxe to ore dictionary entry spartanBattleaxe
[INITIALIZATION][SERVER][INFO] Adding Desert Myrmex Battleaxe to ore dictionary entry spartanBattleaxe
[INITIALIZATION][SERVER][INFO] Adding Jungle Myrmex Battleaxe to ore dictionary entry spartanBattleaxe
[INITIALIZATION][SERVER][INFO] Adding Iced Dragonbone Battleaxe to ore dictionary entry spartanBattleaxe
[INITIALIZATION][SERVER][INFO] Adding Flamed Dragonbone Battleaxe to ore dictionary entry spartanBattleaxe
[INITIALIZATION][SERVER][INFO] Adding Dragonbone Battleaxe to ore dictionary entry spartanBattleaxe
[INITIALIZATION][SERVER][INFO] Adding Umbrium Battleaxe to ore dictionary entry spartanBattleaxe
[INITIALIZATION][SERVER][INFO] Adding Steel Boomerang to ore dictionary entry spartanBoomerang
[INITIALIZATION][SERVER][INFO] Adding Wooden Boomerang to ore dictionary entry spartanBoomerang
[INITIALIZATION][SERVER][INFO] Adding Stone Boomerang to ore dictionary entry spartanBoomerang
[INITIALIZATION][SERVER][INFO] Adding Iron Boomerang to ore dictionary entry spartanBoomerang
[INITIALIZATION][SERVER][INFO] Adding Golden Boomerang to ore dictionary entry spartanBoomerang
[INITIALIZATION][SERVER][INFO] Adding Diamond Boomerang to ore dictionary entry spartanBoomerang
[INITIALIZATION][SERVER][INFO] Adding Bronze Boomerang to ore dictionary entry spartanBoomerang
[INITIALIZATION][SERVER][INFO] Adding Silver Boomerang to ore dictionary entry spartanBoomerang
[INITIALIZATION][SERVER][INFO] Adding Copper Boomerang to ore dictionary entry spartanBoomerang
[INITIALIZATION][SERVER][INFO] Adding Desert Myrmex Stinger Boomerang to ore dictionary entry spartanBoomerang
[INITIALIZATION][SERVER][INFO] Adding Jungle Myrmex Stinger Boomerang to ore dictionary entry spartanBoomerang
[INITIALIZATION][SERVER][INFO] Adding Desert Myrmex Boomerang to ore dictionary entry spartanBoomerang
[INITIALIZATION][SERVER][INFO] Adding Jungle Myrmex Boomerang to ore dictionary entry spartanBoomerang
[INITIALIZATION][SERVER][INFO] Adding Iced Dragonbone Boomerang to ore dictionary entry spartanBoomerang
[INITIALIZATION][SERVER][INFO] Adding Flamed Dragonbone Boomerang to ore dictionary entry spartanBoomerang
[INITIALIZATION][SERVER][INFO] Adding Dragonbone Boomerang to ore dictionary entry spartanBoomerang
[INITIALIZATION][SERVER][INFO] Adding Umbrium Boomerang to ore dictionary entry spartanBoomerang
[INITIALIZATION][SERVER][INFO] Adding Steel Javelin to ore dictionary entry spartanjavelin
[INITIALIZATION][SERVER][INFO] Adding Wooden Javelin to ore dictionary entry spartanjavelin
[INITIALIZATION][SERVER][INFO] Adding Stone Javelin to ore dictionary entry spartanjavelin
[INITIALIZATION][SERVER][INFO] Adding Iron Javelin to ore dictionary entry spartanjavelin
[INITIALIZATION][SERVER][INFO] Adding Golden Javelin to ore dictionary entry spartanjavelin
[INITIALIZATION][SERVER][INFO] Adding Diamond Javelin to ore dictionary entry spartanjavelin
[INITIALIZATION][SERVER][INFO] Adding Bronze Javelin to ore dictionary entry spartanjavelin
[INITIALIZATION][SERVER][INFO] Adding Silver Javelin to ore dictionary entry spartanjavelin
[INITIALIZATION][SERVER][INFO] Adding Copper Javelin to ore dictionary entry spartanjavelin
[INITIALIZATION][SERVER][INFO] Adding Desert Myrmex Stinger Javelin to ore dictionary entry spartanjavelin
[INITIALIZATION][SERVER][INFO] Adding Jungle Myrmex Stinger Javelin to ore dictionary entry spartanjavelin
[INITIALIZATION][SERVER][INFO] Adding Desert Myrmex Javelin to ore dictionary entry spartanjavelin
[INITIALIZATION][SERVER][INFO] Adding Jungle Myrmex Javelin to ore dictionary entry spartanjavelin
[INITIALIZATION][SERVER][INFO] Adding Iced Dragonbone Javelin to ore dictionary entry spartanjavelin
[INITIALIZATION][SERVER][INFO] Adding Flamed Dragonbone Javelin to ore dictionary entry spartanjavelin
[INITIALIZATION][SERVER][INFO] Adding Dragonbone Javelin to ore dictionary entry spartanjavelin
[INITIALIZATION][SERVER][INFO] Adding Umbrium Javelin to ore dictionary entry spartanjavelin
[INITIALIZATION][SERVER][INFO] Adding Steel Throwing Axe to ore dictionary entry spartanThrowingAxe
[INITIALIZATION][SERVER][INFO] Adding Wooden Throwing Axe to ore dictionary entry spartanThrowingAxe
[INITIALIZATION][SERVER][INFO] Adding Stone Throwing Axe to ore dictionary entry spartanThrowingAxe
[INITIALIZATION][SERVER][INFO] Adding Iron Throwing Axe to ore dictionary entry spartanThrowingAxe
[INITIALIZATION][SERVER][INFO] Adding Golden Throwing Axe to ore dictionary entry spartanThrowingAxe
[INITIALIZATION][SERVER][INFO] Adding Diamond Throwing Axe to ore dictionary entry spartanThrowingAxe
[INITIALIZATION][SERVER][INFO] Adding Bronze Throwing Axe to ore dictionary entry spartanThrowingAxe
[INITIALIZATION][SERVER][INFO] Adding Silver Throwing Axe to ore dictionary entry spartanThrowingAxe
[INITIALIZATION][SERVER][INFO] Adding Copper Throwing Axe to ore dictionary entry spartanThrowingAxe
[INITIALIZATION][SERVER][INFO] Adding Desert Myrmex Stinger Throwing Axe to ore dictionary entry spartanThrowingAxe
[INITIALIZATION][SERVER][INFO] Adding Jungle Myrmex Stinger Throwing Axe to ore dictionary entry spartanThrowingAxe
[INITIALIZATION][SERVER][INFO] Adding Desert Myrmex Throwing Axe to ore dictionary entry spartanThrowingAxe
[INITIALIZATION][SERVER][INFO] Adding Jungle Myrmex Throwing Axe to ore dictionary entry spartanThrowingAxe
[INITIALIZATION][SERVER][INFO] Adding Iced Dragonbone Throwing Axe to ore dictionary entry spartanThrowingAxe
[INITIALIZATION][SERVER][INFO] Adding Flamed Dragonbone Throwing Axe to ore dictionary entry spartanThrowingAxe
[INITIALIZATION][SERVER][INFO] Adding Dragonbone Throwing Axe to ore dictionary entry spartanThrowingAxe
[INITIALIZATION][SERVER][INFO] Adding Umbrium Throwing Axe to ore dictionary entry spartanThrowingAxe
[INITIALIZATION][SERVER][INFO] Adding Steel Throwing Knife to ore dictionary entry spartanThrowingKnife
[INITIALIZATION][SERVER][INFO] Adding Wooden Throwing Knife to ore dictionary entry spartanThrowingKnife
[INITIALIZATION][SERVER][INFO] Adding Stone Throwing Knife to ore dictionary entry spartanThrowingKnife
[INITIALIZATION][SERVER][INFO] Adding Iron Throwing Knife to ore dictionary entry spartanThrowingKnife
[INITIALIZATION][SERVER][INFO] Adding Golden Throwing Knife to ore dictionary entry spartanThrowingKnife
[INITIALIZATION][SERVER][INFO] Adding Diamond Throwing Knife to ore dictionary entry spartanThrowingKnife
[INITIALIZATION][SERVER][INFO] Adding Bronze Throwing Knife to ore dictionary entry spartanThrowingKnife
[INITIALIZATION][SERVER][INFO] Adding Silver Throwing Knife to ore dictionary entry spartanThrowingKnife
[INITIALIZATION][SERVER][INFO] Adding Copper Throwing Knife to ore dictionary entry spartanThrowingKnife
[INITIALIZATION][SERVER][INFO] Adding Desert Myrmex Stinger Throwing Knife to ore dictionary entry spartanThrowingKnife
[INITIALIZATION][SERVER][INFO] Adding Jungle Myrmex Stinger Throwing Knife to ore dictionary entry spartanThrowingKnife
[INITIALIZATION][SERVER][INFO] Adding Desert Myrmex Throwing Knife to ore dictionary entry spartanThrowingKnife
[INITIALIZATION][SERVER][INFO] Adding Jungle Myrmex Throwing Knife to ore dictionary entry spartanThrowingKnife
[INITIALIZATION][SERVER][INFO] Adding Iced Dragonbone Throwing Knife to ore dictionary entry spartanThrowingKnife
[INITIALIZATION][SERVER][INFO] Adding Flamed Dragonbone Throwing Knife to ore dictionary entry spartanThrowingKnife
[INITIALIZATION][SERVER][INFO] Adding Dragonbone Throwing Knife to ore dictionary entry spartanThrowingKnife
[INITIALIZATION][SERVER][INFO] Adding Umbrium Throwing Knife to ore dictionary entry spartanThrowingKnife
[INITIALIZATION][SERVER][INFO] Adding Steel-Strengthened Crossbow to ore dictionary entry spartanCrossbow
[INITIALIZATION][SERVER][INFO] Adding Wooden Crossbow to ore dictionary entry spartanCrossbow
[INITIALIZATION][SERVER][INFO] Adding Leather-Strengthened Crossbow to ore dictionary entry spartanCrossbow
[INITIALIZATION][SERVER][INFO] Adding Iron-Strengthened Crossbow to ore dictionary entry spartanCrossbow
[INITIALIZATION][SERVER][INFO] Adding Diamond-Strengthened Crossbow to ore dictionary entry spartanCrossbow
[INITIALIZATION][SERVER][INFO] Adding Bronze-Strengthened Crossbow to ore dictionary entry spartanCrossbow
[INITIALIZATION][SERVER][INFO] Adding Silver-Strengthened Crossbow to ore dictionary entry spartanCrossbow
[INITIALIZATION][SERVER][INFO] Adding Copper-Strengthened Crossbow to ore dictionary entry spartanCrossbow
[INITIALIZATION][SERVER][INFO] Adding Desert Myrmex Stinger-Strengthened Crossbow to ore dictionary entry spartanCrossbow
[INITIALIZATION][SERVER][INFO] Adding Jungle Myrmex Stinger-Strengthened Crossbow to ore dictionary entry spartanCrossbow
[INITIALIZATION][SERVER][INFO] Adding Desert Myrmex-Strengthened Crossbow to ore dictionary entry spartanCrossbow
[INITIALIZATION][SERVER][INFO] Adding Jungle Myrmex-Strengthened Crossbow to ore dictionary entry spartanCrossbow
[INITIALIZATION][SERVER][INFO] Adding Iced Dragonbone-Strengthened Crossbow to ore dictionary entry spartanCrossbow
[INITIALIZATION][SERVER][INFO] Adding Flamed Dragonbone-Strengthened Crossbow to ore dictionary entry spartanCrossbow
[INITIALIZATION][SERVER][INFO] Adding Dragonbone-Strengthened Crossbow to ore dictionary entry spartanCrossbow
[INITIALIZATION][SERVER][INFO] Adding Umbrium-Strengthened Crossbow to ore dictionary entry spartanCrossbow
[INITIALIZATION][SERVER][INFO] Adding Steel Katana to ore dictionary entry spartanKatana
[INITIALIZATION][SERVER][INFO] Adding Wooden Katana to ore dictionary entry spartanKatana
[INITIALIZATION][SERVER][INFO] Adding Stone Katana to ore dictionary entry spartanKatana
[INITIALIZATION][SERVER][INFO] Adding Iron Katana to ore dictionary entry spartanKatana
[INITIALIZATION][SERVER][INFO] Adding Golden Katana to ore dictionary entry spartanKatana
[INITIALIZATION][SERVER][INFO] Adding Diamond Katana to ore dictionary entry spartanKatana
[INITIALIZATION][SERVER][INFO] Adding Bronze Katana to ore dictionary entry spartanKatana
[INITIALIZATION][SERVER][INFO] Adding Silver Katana to ore dictionary entry spartanKatana
[INITIALIZATION][SERVER][INFO] Adding Copper Katana to ore dictionary entry spartanKatana
[INITIALIZATION][SERVER][INFO] Adding Desert Myrmex Stinger Katana to ore dictionary entry spartanKatana
[INITIALIZATION][SERVER][INFO] Adding Jungle Myrmex Stinger Katana to ore dictionary entry spartanKatana
[INITIALIZATION][SERVER][INFO] Adding Desert Myrmex Katana to ore dictionary entry spartanKatana
[INITIALIZATION][SERVER][INFO] Adding Jungle Myrmex Katana to ore dictionary entry spartanKatana
[INITIALIZATION][SERVER][INFO] Adding Iced Dragonbone Katana to ore dictionary entry spartanKatana
[INITIALIZATION][SERVER][INFO] Adding Flamed Dragonbone Katana to ore dictionary entry spartanKatana
[INITIALIZATION][SERVER][INFO] Adding Dragonbone Katana to ore dictionary entry spartanKatana
[INITIALIZATION][SERVER][INFO] Adding Umbrium Katana to ore dictionary entry spartanKatana
[INITIALIZATION][SERVER][INFO] Adding Steel Scythe to ore dictionary entry spartanScythe
[INITIALIZATION][SERVER][INFO] Adding Wooden Scythe to ore dictionary entry spartanScythe
[INITIALIZATION][SERVER][INFO] Adding Stone Scythe to ore dictionary entry spartanScythe
[INITIALIZATION][SERVER][INFO] Adding Iron Scythe to ore dictionary entry spartanScythe
[INITIALIZATION][SERVER][INFO] Adding Golden Scythe to ore dictionary entry spartanScythe
[INITIALIZATION][SERVER][INFO] Adding Diamond Scythe to ore dictionary entry spartanScythe
[INITIALIZATION][SERVER][INFO] Adding Bronze Scythe to ore dictionary entry spartanScythe
[INITIALIZATION][SERVER][INFO] Adding Silver Scythe to ore dictionary entry spartanScythe
[INITIALIZATION][SERVER][INFO] Adding Copper Scythe to ore dictionary entry spartanScythe
[INITIALIZATION][SERVER][INFO] Adding Desert Myrmex Stinger Scythe to ore dictionary entry spartanScythe
[INITIALIZATION][SERVER][INFO] Adding Jungle Myrmex Stinger Scythe to ore dictionary entry spartanScythe
[INITIALIZATION][SERVER][INFO] Adding Desert Myrmex Scythe to ore dictionary entry spartanScythe
[INITIALIZATION][SERVER][INFO] Adding Jungle Myrmex Scythe to ore dictionary entry spartanScythe
[INITIALIZATION][SERVER][INFO] Adding Iced Dragonbone Scythe to ore dictionary entry spartanScythe
[INITIALIZATION][SERVER][INFO] Adding Flamed Dragonbone Scythe to ore dictionary entry spartanScythe
[INITIALIZATION][SERVER][INFO] Adding Dragonbone Scythe to ore dictionary entry spartanScythe
[INITIALIZATION][SERVER][INFO] Adding Steel Longsword to ore dictionary entry spartanLongsword
[INITIALIZATION][SERVER][INFO] Adding Wooden Longsword to ore dictionary entry spartanLongsword
[INITIALIZATION][SERVER][INFO] Adding Stone Longsword to ore dictionary entry spartanLongsword
[INITIALIZATION][SERVER][INFO] Adding Iron Longsword to ore dictionary entry spartanLongsword
[INITIALIZATION][SERVER][INFO] Adding Golden Longsword to ore dictionary entry spartanLongsword
[INITIALIZATION][SERVER][INFO] Adding Diamond Longsword to ore dictionary entry spartanLongsword
[INITIALIZATION][SERVER][INFO] Adding Bronze Longsword to ore dictionary entry spartanLongsword
[INITIALIZATION][SERVER][INFO] Adding Silver Longsword to ore dictionary entry spartanLongsword
[INITIALIZATION][SERVER][INFO] Adding Copper Longsword to ore dictionary entry spartanLongsword
[INITIALIZATION][SERVER][INFO] Adding Desert Myrmex Stinger Longsword to ore dictionary entry spartanLongsword
[INITIALIZATION][SERVER][INFO] Adding Jungle Myrmex Stinger Longsword to ore dictionary entry spartanLongsword
[INITIALIZATION][SERVER][INFO] Adding Desert Myrmex Longsword to ore dictionary entry spartanLongsword
[INITIALIZATION][SERVER][INFO] Adding Jungle Myrmex Longsword to ore dictionary entry spartanLongsword
[INITIALIZATION][SERVER][INFO] Adding Iced Dragonbone Longsword to ore dictionary entry spartanLongsword
[INITIALIZATION][SERVER][INFO] Adding Flamed Dragonbone Longsword to ore dictionary entry spartanLongsword
[INITIALIZATION][SERVER][INFO] Adding Dragonbone Longsword to ore dictionary entry spartanLongsword
[INITIALIZATION][SERVER][INFO] Adding Umbrium Longsword to ore dictionary entry spartanLongsword
[INITIALIZATION][SERVER][INFO] Adding Steel Greatsword to ore dictionary entry spartanGreatsword
[INITIALIZATION][SERVER][INFO] Adding Wooden Greatsword to ore dictionary entry spartanGreatsword
[INITIALIZATION][SERVER][INFO] Adding Stone Greatsword to ore dictionary entry spartanGreatsword
[INITIALIZATION][SERVER][INFO] Adding Iron Greatsword to ore dictionary entry spartanGreatsword
[INITIALIZATION][SERVER][INFO] Adding Golden Greatsword to ore dictionary entry spartanGreatsword
[INITIALIZATION][SERVER][INFO] Adding Diamond Greatsword to ore dictionary entry spartanGreatsword
[INITIALIZATION][SERVER][INFO] Adding Bronze Greatsword to ore dictionary entry spartanGreatsword
[INITIALIZATION][SERVER][INFO] Adding Silver Greatsword to ore dictionary entry spartanGreatsword
[INITIALIZATION][SERVER][INFO] Adding Copper Greatsword to ore dictionary entry spartanGreatsword
[INITIALIZATION][SERVER][INFO] Adding Desert Myrmex Stinger Greatsword to ore dictionary entry spartanGreatsword
[INITIALIZATION][SERVER][INFO] Adding Jungle Myrmex Stinger Greatsword to ore dictionary entry spartanGreatsword
[INITIALIZATION][SERVER][INFO] Adding Desert Myrmex Greatsword to ore dictionary entry spartanGreatsword
[INITIALIZATION][SERVER][INFO] Adding Jungle Myrmex Greatsword to ore dictionary entry spartanGreatsword
[INITIALIZATION][SERVER][INFO] Adding Iced Dragonbone Greatsword to ore dictionary entry spartanGreatsword
[INITIALIZATION][SERVER][INFO] Adding Flamed Dragonbone Greatsword to ore dictionary entry spartanGreatsword
[INITIALIZATION][SERVER][INFO] Adding Dragonbone Greatsword to ore dictionary entry spartanGreatsword
[INITIALIZATION][SERVER][INFO] Adding Umbrium Greatsword to ore dictionary entry spartanGreatsword
[INITIALIZATION][SERVER][INFO] Adding Steel Rapier to ore dictionary entry spartanRapier
[INITIALIZATION][SERVER][INFO] Adding Wooden Saber to ore dictionary entry spartanRapier
[INITIALIZATION][SERVER][INFO] Adding Stone Rapier to ore dictionary entry spartanRapier
[INITIALIZATION][SERVER][INFO] Adding Iron Rapier to ore dictionary entry spartanRapier
[INITIALIZATION][SERVER][INFO] Adding Golden Rapier to ore dictionary entry spartanRapier
[INITIALIZATION][SERVER][INFO] Adding Diamond Rapier to ore dictionary entry spartanRapier
[INITIALIZATION][SERVER][INFO] Adding Bronze Rapier to ore dictionary entry spartanRapier
[INITIALIZATION][SERVER][INFO] Adding Silver Rapier to ore dictionary entry spartanRapier
[INITIALIZATION][SERVER][INFO] Adding Copper Rapier to ore dictionary entry spartanRapier
[INITIALIZATION][SERVER][INFO] Adding Desert Myrmex Stinger Rapier to ore dictionary entry spartanRapier
[INITIALIZATION][SERVER][INFO] Adding Jungle Myrmex Stinger Rapier to ore dictionary entry spartanRapier
[INITIALIZATION][SERVER][INFO] Adding Desert Myrmex Rapier to ore dictionary entry spartanRapier
[INITIALIZATION][SERVER][INFO] Adding Jungle Myrmex Rapier to ore dictionary entry spartanRapier
[INITIALIZATION][SERVER][INFO] Adding Iced Dragonbone Rapier to ore dictionary entry spartanRapier
[INITIALIZATION][SERVER][INFO] Adding Flamed Dragonbone Rapier to ore dictionary entry spartanRapier
[INITIALIZATION][SERVER][INFO] Adding Dragonbone Rapier to ore dictionary entry spartanRapier
[INITIALIZATION][SERVER][INFO] Adding Umbrium Rapier to ore dictionary entry spartanRapier
[INITIALIZATION][SERVER][INFO] Adding Steel Saber to ore dictionary entry spartanSaber
[INITIALIZATION][SERVER][INFO] Adding Stone Saber to ore dictionary entry spartanSaber
[INITIALIZATION][SERVER][INFO] Adding Iron Saber to ore dictionary entry spartanSaber
[INITIALIZATION][SERVER][INFO] Adding Golden Saber to ore dictionary entry spartanSaber
[INITIALIZATION][SERVER][INFO] Adding Diamond Saber to ore dictionary entry spartanSaber
[INITIALIZATION][SERVER][INFO] Adding Bronze Saber to ore dictionary entry spartanSaber
[INITIALIZATION][SERVER][INFO] Adding Silver Saber to ore dictionary entry spartanSaber
[INITIALIZATION][SERVER][INFO] Adding Copper Saber to ore dictionary entry spartanSaber
[INITIALIZATION][SERVER][INFO] Adding Desert Myrmex Stinger Saber to ore dictionary entry spartanSaber
[INITIALIZATION][SERVER][INFO] Adding Jungle Myrmex Stinger Saber to ore dictionary entry spartanSaber
[INITIALIZATION][SERVER][INFO] Adding Desert Myrmex Saber to ore dictionary entry spartanSaber
[INITIALIZATION][SERVER][INFO] Adding Jungle Myrmex Saber to ore dictionary entry spartanSaber
[INITIALIZATION][SERVER][INFO] Adding Iced Dragonbone Saber to ore dictionary entry spartanSaber
[INITIALIZATION][SERVER][INFO] Adding Flamed Dragonbone Saber to ore dictionary entry spartanSaber
[INITIALIZATION][SERVER][INFO] Adding Dragonbone Saber to ore dictionary entry spartanSaber
[INITIALIZATION][SERVER][INFO] Adding Umbrium Saber to ore dictionary entry spartanSaber
[INITIALIZATION][SERVER][INFO] Adding Steel Lance to ore dictionary entry spartanLance
[INITIALIZATION][SERVER][INFO] Adding Wooden Lance to ore dictionary entry spartanLance
[INITIALIZATION][SERVER][INFO] Adding Stone Lance to ore dictionary entry spartanLance
[INITIALIZATION][SERVER][INFO] Adding Iron Lance to ore dictionary entry spartanLance
[INITIALIZATION][SERVER][INFO] Adding Golden Lance to ore dictionary entry spartanLance
[INITIALIZATION][SERVER][INFO] Adding Diamond Lance to ore dictionary entry spartanLance
[INITIALIZATION][SERVER][INFO] Adding Bronze Lance to ore dictionary entry spartanLance
[INITIALIZATION][SERVER][INFO] Adding Silver Lance to ore dictionary entry spartanLance
[INITIALIZATION][SERVER][INFO] Adding Copper Lance to ore dictionary entry spartanLance
[INITIALIZATION][SERVER][INFO] Adding Desert Myrmex Stinger Lance to ore dictionary entry spartanLance
[INITIALIZATION][SERVER][INFO] Adding Jungle Myrmex Stinger Lance to ore dictionary entry spartanLance
[INITIALIZATION][SERVER][INFO] Adding Desert Myrmex Lance to ore dictionary entry spartanLance
[INITIALIZATION][SERVER][INFO] Adding Jungle Myrmex Lance to ore dictionary entry spartanLance
[INITIALIZATION][SERVER][INFO] Adding Iced Dragonbone Lance to ore dictionary entry spartanLance
[INITIALIZATION][SERVER][INFO] Adding Flamed Dragonbone Lance to ore dictionary entry spartanLance
[INITIALIZATION][SERVER][INFO] Adding Dragonbone Lance to ore dictionary entry spartanLance
[INITIALIZATION][SERVER][INFO] Adding Umbrium Lance to ore dictionary entry spartanLance
[INITIALIZATION][SERVER][INFO] Adding Steel Pike to ore dictionary entry spartanPike
[INITIALIZATION][SERVER][INFO] Adding Wooden Pike to ore dictionary entry spartanPike
[INITIALIZATION][SERVER][INFO] Adding Stone Pike to ore dictionary entry spartanPike
[INITIALIZATION][SERVER][INFO] Adding Iron Pike to ore dictionary entry spartanPike
[INITIALIZATION][SERVER][INFO] Adding Golden Pike to ore dictionary entry spartanPike
[INITIALIZATION][SERVER][INFO] Adding Diamond Pike to ore dictionary entry spartanPike
[INITIALIZATION][SERVER][INFO] Adding Bronze Pike to ore dictionary entry spartanPike
[INITIALIZATION][SERVER][INFO] Adding Silver Pike to ore dictionary entry spartanPike
[INITIALIZATION][SERVER][INFO] Adding Copper Pike to ore dictionary entry spartanPike
[INITIALIZATION][SERVER][INFO] Adding Desert Myrmex Stinger Pike to ore dictionary entry spartanPike
[INITIALIZATION][SERVER][INFO] Adding Jungle Myrmex Stinger Pike to ore dictionary entry spartanPike
[INITIALIZATION][SERVER][INFO] Adding Desert Myrmex Pike to ore dictionary entry spartanPike
[INITIALIZATION][SERVER][INFO] Adding Jungle Myrmex Pike to ore dictionary entry spartanPike
[INITIALIZATION][SERVER][INFO] Adding Iced Dragonbone Pike to ore dictionary entry spartanPike
[INITIALIZATION][SERVER][INFO] Adding Flamed Dragonbone Pike to ore dictionary entry spartanPike
[INITIALIZATION][SERVER][INFO] Adding Dragonbone Pike to ore dictionary entry spartanPike
[INITIALIZATION][SERVER][INFO] Adding Umbrium Pike to ore dictionary entry spartanPike
[INITIALIZATION][SERVER][INFO] Adding Steel Spear to ore dictionary entry spartanSpear
[INITIALIZATION][SERVER][INFO] Adding Wooden Spear to ore dictionary entry spartanSpear
[INITIALIZATION][SERVER][INFO] Adding Stone Spear to ore dictionary entry spartanSpear
[INITIALIZATION][SERVER][INFO] Adding Iron Spear to ore dictionary entry spartanSpear
[INITIALIZATION][SERVER][INFO] Adding Golden Spear to ore dictionary entry spartanSpear
[INITIALIZATION][SERVER][INFO] Adding Diamond Spear to ore dictionary entry spartanSpear
[INITIALIZATION][SERVER][INFO] Adding Bronze Spear to ore dictionary entry spartanSpear
[INITIALIZATION][SERVER][INFO] Adding Silver Spear to ore dictionary entry spartanSpear
[INITIALIZATION][SERVER][INFO] Adding Copper Spear to ore dictionary entry spartanSpear
[INITIALIZATION][SERVER][INFO] Adding Desert Myrmex Stinger Spear to ore dictionary entry spartanSpear
[INITIALIZATION][SERVER][INFO] Adding Jungle Myrmex Stinger Spear to ore dictionary entry spartanSpear
[INITIALIZATION][SERVER][INFO] Adding Desert Myrmex Spear to ore dictionary entry spartanSpear
[INITIALIZATION][SERVER][INFO] Adding Jungle Myrmex Spear to ore dictionary entry spartanSpear
[INITIALIZATION][SERVER][INFO] Adding Iced Dragonbone Spear to ore dictionary entry spartanSpear
[INITIALIZATION][SERVER][INFO] Adding Flamed Dragonbone Spear to ore dictionary entry spartanSpear
[INITIALIZATION][SERVER][INFO] Adding Dragonbone Spear to ore dictionary entry spartanSpear
[INITIALIZATION][SERVER][INFO] Adding Umbrium Spear to ore dictionary entry spartanSpear
[INITIALIZATION][SERVER][INFO] Adding Steel-Strengthened Longbow to ore dictionary entry spartanLongbow
[INITIALIZATION][SERVER][INFO] Adding Wooden Longbow to ore dictionary entry spartanLongbow
[INITIALIZATION][SERVER][INFO] Adding Leather-Strengthened Longbow to ore dictionary entry spartanLongbow
[INITIALIZATION][SERVER][INFO] Adding Iron-Strengthened Longbow to ore dictionary entry spartanLongbow
[INITIALIZATION][SERVER][INFO] Adding Diamond-Strengthened Longbow to ore dictionary entry spartanLongbow
[INITIALIZATION][SERVER][INFO] Adding Bronze-Strengthened Longbow to ore dictionary entry spartanLongbow
[INITIALIZATION][SERVER][INFO] Adding Silver-Strengthened Longbow to ore dictionary entry spartanLongbow
[INITIALIZATION][SERVER][INFO] Adding Copper-Strengthened Longbow to ore dictionary entry spartanLongbow
[INITIALIZATION][SERVER][INFO] Adding Desert Myrmex Stinger-Strengthened Longbow to ore dictionary entry spartanLongbow
[INITIALIZATION][SERVER][INFO] Adding Jungle Myrmex Stinger-Strengthened Longbow to ore dictionary entry spartanLongbow
[INITIALIZATION][SERVER][INFO] Adding Desert Myrmex-Strengthened Longbow to ore dictionary entry spartanLongbow
[INITIALIZATION][SERVER][INFO] Adding Jungle Myrmex-Strengthened Longbow to ore dictionary entry spartanLongbow
[INITIALIZATION][SERVER][INFO] Adding Iced Dragonbone-Strengthened Longbow to ore dictionary entry spartanLongbow
[INITIALIZATION][SERVER][INFO] Adding Flamed Dragonbone-Strengthened Longbow to ore dictionary entry spartanLongbow
[INITIALIZATION][SERVER][INFO] Adding Dragonbone-Strengthened Longbow to ore dictionary entry spartanLongbow
[INITIALIZATION][SERVER][INFO] Adding Umbrium-Strengthened Longbow to ore dictionary entry spartanLongbow
[INITIALIZATION][SERVER][INFO] Adding Steel Halberd to ore dictionary entry spartanHalberd
[INITIALIZATION][SERVER][INFO] Adding Wooden Halberd to ore dictionary entry spartanHalberd
[INITIALIZATION][SERVER][INFO] Adding Stone Halberd to ore dictionary entry spartanHalberd
[INITIALIZATION][SERVER][INFO] Adding Iron Halberd to ore dictionary entry spartanHalberd
[INITIALIZATION][SERVER][INFO] Adding Golden Halberd to ore dictionary entry spartanHalberd
[INITIALIZATION][SERVER][INFO] Adding Diamond Halberd to ore dictionary entry spartanHalberd
[INITIALIZATION][SERVER][INFO] Adding Bronze Halberd to ore dictionary entry spartanHalberd
[INITIALIZATION][SERVER][INFO] Adding Silver Halberd to ore dictionary entry spartanHalberd
[INITIALIZATION][SERVER][INFO] Adding Copper Halberd to ore dictionary entry spartanHalberd
[INITIALIZATION][SERVER][INFO] Adding Desert Myrmex Stinger Halberd to ore dictionary entry spartanHalberd
[INITIALIZATION][SERVER][INFO] Adding Jungle Myrmex Stinger Halberd to ore dictionary entry spartanHalberd
[INITIALIZATION][SERVER][INFO] Adding Desert Myrmex Halberd to ore dictionary entry spartanHalberd
[INITIALIZATION][SERVER][INFO] Adding Jungle Myrmex Halberd to ore dictionary entry spartanHalberd
[INITIALIZATION][SERVER][INFO] Adding Iced Dragonbone Halberd to ore dictionary entry spartanHalberd
[INITIALIZATION][SERVER][INFO] Adding Flamed Dragonbone Halberd to ore dictionary entry spartanHalberd
[INITIALIZATION][SERVER][INFO] Adding Dragonbone Halberd to ore dictionary entry spartanHalberd
[INITIALIZATION][SERVER][INFO] Adding Umbrium Halberd to ore dictionary entry spartanHalberd
[INITIALIZATION][SERVER][INFO] Adding Steel Hammer to ore dictionary entry spartanHammer
[INITIALIZATION][SERVER][INFO] Adding Wooden Hammer to ore dictionary entry spartanHammer
[INITIALIZATION][SERVER][INFO] Adding Stone Hammer to ore dictionary entry spartanHammer
[INITIALIZATION][SERVER][INFO] Adding Iron Hammer to ore dictionary entry spartanHammer
[INITIALIZATION][SERVER][INFO] Adding Golden Hammer to ore dictionary entry spartanHammer
[INITIALIZATION][SERVER][INFO] Adding Diamond Hammer to ore dictionary entry spartanHammer
[INITIALIZATION][SERVER][INFO] Adding Bronze Hammer to ore dictionary entry spartanHammer
[INITIALIZATION][SERVER][INFO] Adding Silver Hammer to ore dictionary entry spartanHammer
[INITIALIZATION][SERVER][INFO] Adding Copper Hammer to ore dictionary entry spartanHammer
[INITIALIZATION][SERVER][INFO] Adding Desert Myrmex Stinger Hammer to ore dictionary entry spartanHammer
[INITIALIZATION][SERVER][INFO] Adding Jungle Myrmex Stinger Hammer to ore dictionary entry spartanHammer
[INITIALIZATION][SERVER][INFO] Adding Desert Myrmex Hammer to ore dictionary entry spartanHammer
[INITIALIZATION][SERVER][INFO] Adding Jungle Myrmex Hammer to ore dictionary entry spartanHammer
[INITIALIZATION][SERVER][INFO] Adding Iced Dragonbone Hammer to ore dictionary entry spartanHammer
[INITIALIZATION][SERVER][INFO] Adding Flamed Dragonbone Hammer to ore dictionary entry spartanHammer
[INITIALIZATION][SERVER][INFO] Adding Dragonbone Hammer to ore dictionary entry spartanHammer
[INITIALIZATION][SERVER][INFO] Adding Umbrium Hammer to ore dictionary entry spartanHammer
[INITIALIZATION][SERVER][INFO] Adding Steel Warhammer to ore dictionary entry spartanWarhammer
[INITIALIZATION][SERVER][INFO] Adding Wooden Warhammer to ore dictionary entry spartanWarhammer
[INITIALIZATION][SERVER][INFO] Adding Stone Warhammer to ore dictionary entry spartanWarhammer
[INITIALIZATION][SERVER][INFO] Adding Iron Warhammer to ore dictionary entry spartanWarhammer
[INITIALIZATION][SERVER][INFO] Adding Golden Warhammer to ore dictionary entry spartanWarhammer
[INITIALIZATION][SERVER][INFO] Adding Diamond Warhammer to ore dictionary entry spartanWarhammer
[INITIALIZATION][SERVER][INFO] Adding Bronze Warhammer to ore dictionary entry spartanWarhammer
[INITIALIZATION][SERVER][INFO] Adding Silver Warhammer to ore dictionary entry spartanWarhammer
[INITIALIZATION][SERVER][INFO] Adding Copper Warhammer to ore dictionary entry spartanWarhammer
[INITIALIZATION][SERVER][INFO] Adding Desert Myrmex Stinger Warhammer to ore dictionary entry spartanWarhammer
[INITIALIZATION][SERVER][INFO] Adding Jungle Myrmex Stinger Warhammer to ore dictionary entry spartanWarhammer
[INITIALIZATION][SERVER][INFO] Adding Desert Myrmex Warhammer to ore dictionary entry spartanWarhammer
[INITIALIZATION][SERVER][INFO] Adding Jungle Myrmex Warhammer to ore dictionary entry spartanWarhammer
[INITIALIZATION][SERVER][INFO] Adding Iced Dragonbone Warhammer to ore dictionary entry spartanWarhammer
[INITIALIZATION][SERVER][INFO] Adding Flamed Dragonbone Warhammer to ore dictionary entry spartanWarhammer
[INITIALIZATION][SERVER][INFO] Adding Dragonbone Warhammer to ore dictionary entry spartanWarhammer
[INITIALIZATION][SERVER][INFO] Adding Umbrium Warhammer to ore dictionary entry spartanWarhammer
[INITIALIZATION][SERVER][INFO] Adding Steel Dagger to ore dictionary entry spartanDagger
[INITIALIZATION][SERVER][INFO] Adding Wooden Dagger to ore dictionary entry spartanDagger
[INITIALIZATION][SERVER][INFO] Adding Stone Dagger to ore dictionary entry spartanDagger
[INITIALIZATION][SERVER][INFO] Adding Iron Dagger to ore dictionary entry spartanDagger
[INITIALIZATION][SERVER][INFO] Adding Golden Dagger to ore dictionary entry spartanDagger
[INITIALIZATION][SERVER][INFO] Adding Diamond Dagger to ore dictionary entry spartanDagger
[INITIALIZATION][SERVER][INFO] Adding Bronze Dagger to ore dictionary entry spartanDagger
[INITIALIZATION][SERVER][INFO] Adding Silver Dagger to ore dictionary entry spartanDagger
[INITIALIZATION][SERVER][INFO] Adding Copper Dagger to ore dictionary entry spartanDagger
[INITIALIZATION][SERVER][INFO] Adding Desert Myrmex Stinger Dagger to ore dictionary entry spartanDagger
[INITIALIZATION][SERVER][INFO] Adding Jungle Myrmex Stinger Dagger to ore dictionary entry spartanDagger
[INITIALIZATION][SERVER][INFO] Adding Desert Myrmex Dagger to ore dictionary entry spartanDagger
[INITIALIZATION][SERVER][INFO] Adding Jungle Myrmex Dagger to ore dictionary entry spartanDagger
[INITIALIZATION][SERVER][INFO] Adding Iced Dragonbone Dagger to ore dictionary entry spartanDagger
[INITIALIZATION][SERVER][INFO] Adding Flamed Dragonbone Dagger to ore dictionary entry spartanDagger
[INITIALIZATION][SERVER][INFO] Adding Dragonbone Dagger to ore dictionary entry spartanDagger
[INITIALIZATION][SERVER][INFO] Adding Umbrium Dagger to ore dictionary entry spartanDagger
[INITIALIZATION][SERVER][INFO] Adding Plant Treat to ore dictionary entry lycaniteTreat
[INITIALIZATION][SERVER][INFO] Adding Dragon Treat to ore dictionary entry lycaniteTreat
[INITIALIZATION][SERVER][INFO] Adding Anthronian Treat to ore dictionary entry lycaniteTreat
[INITIALIZATION][SERVER][INFO] Adding Undead Treat to ore dictionary entry lycaniteTreat
[INITIALIZATION][SERVER][INFO] Adding Demon Treat to ore dictionary entry lycaniteTreat
[INITIALIZATION][SERVER][INFO] Adding Imp Treat to ore dictionary entry lycaniteTreat
[INITIALIZATION][SERVER][INFO] Adding Aberration Treat to ore dictionary entry lycaniteTreat
[INITIALIZATION][SERVER][INFO] Adding Avian Treat to ore dictionary entry lycaniteTreat
[INITIALIZATION][SERVER][INFO] Adding Amphibian Treat to ore dictionary entry lycaniteTreat
[INITIALIZATION][SERVER][INFO] Adding Arachnid Treat to ore dictionary entry lycaniteTreat
[INITIALIZATION][SERVER][INFO] Adding Worm Treat to ore dictionary entry lycaniteTreat
[INITIALIZATION][SERVER][INFO] Adding Beast Treat to ore dictionary entry lycaniteTreat
[INITIALIZATION][SERVER][INFO] Adding Insect Treat to ore dictionary entry lycaniteTreat
[INITIALIZATION][SERVER][INFO] Adding Aquatic Treat to ore dictionary entry lycaniteTreat
[INITIALIZATION][SERVER][INFO] Adding Reptile Treat to ore dictionary entry lycaniteTreat
[INITIALIZATION][SERVER][INFO] Adding Beast Saddle to ore dictionary entry lycaniteSaddle
[INITIALIZATION][SERVER][INFO] Adding Insect Saddle to ore dictionary entry lycaniteSaddle
[INITIALIZATION][SERVER][INFO] Adding Dragon Saddle to ore dictionary entry lycaniteSaddle
[INITIALIZATION][SERVER][INFO] Adding Amphibian Saddle to ore dictionary entry lycaniteSaddle
[INITIALIZATION][SERVER][INFO] Adding Reptile Saddle to ore dictionary entry lycaniteSaddle
[INITIALIZATION][SERVER][INFO] Adding Avian Saddle to ore dictionary entry lycaniteSaddle
[INITIALIZATION][SERVER][INFO] Adding Aquatic Saddle to ore dictionary entry lycaniteSaddle
[INITIALIZATION][SERVER][INFO] Adding Aberration Saddle to ore dictionary entry lycaniteSaddle
[INITIALIZATION][SERVER][INFO] Adding Demon Saddle to ore dictionary entry lycaniteSaddle
[INITIALIZATION][SERVER][INFO] Adding Oak Crate to ore dictionary entry charmCrate
[INITIALIZATION][SERVER][INFO] Adding Spruce Crate to ore dictionary entry charmCrate
[INITIALIZATION][SERVER][INFO] Adding Birch Crate to ore dictionary entry charmCrate
[INITIALIZATION][SERVER][INFO] Adding Jungle Crate to ore dictionary entry charmCrate
[INITIALIZATION][SERVER][INFO] Adding Acacia Crate to ore dictionary entry charmCrate
[INITIALIZATION][SERVER][INFO] Adding Dark Oak Crate to ore dictionary entry charmCrate
[INITIALIZATION][SERVER][INFO] Adding tooltip for <sereneseasons:greenhouse_glass:*>: "tooltip.sereneseasons:greenhouse_glass"
[INITIALIZATION][SERVER][INFO] Altering Cauldron Brewing Recipe(s) for "minecraft:thick"
[INITIALIZATION][SERVER][INFO] Altering Cauldron Brewing Recipe(s) for "simpledifficulty:cold_resist_type"
[INITIALIZATION][SERVER][INFO] Altering Cauldron Brewing Recipe(s) for "simpledifficulty:heat_resist_type"
[INITIALIZATION][SERVER][INFO] Altering Cauldron Brewing Recipe(s) for "minecraft:mundane"
[INITIALIZATION][SERVER][INFO] Altering Cauldron Fluid Recipe(s) for <minecraft:potion>.withTag({Potion: "potioncore:revival"})
[INITIALIZATION][SERVER][INFO] Altering Cauldron Fluid Recipe(s) for <minecraft:splash_potion>.withTag({Potion: "potioncore:revival"})
[INITIALIZATION][SERVER][INFO] Altering Cauldron Fluid Recipe(s) for <minecraft:lingering_potion>.withTag({Potion: "potioncore:revival"})
[INITIALIZATION][SERVER][INFO] Altering Cauldron Fill Recipe(s) for <minecraft:potion>.withTag({Potion: "potioncore:revival"})
[INITIALIZATION][SERVER][INFO] Altering Cauldron Fill Recipe(s) for <minecraft:splash_potion>.withTag({Potion: "potioncore:revival"})
[INITIALIZATION][SERVER][INFO] Altering Cauldron Fill Recipe(s) for <minecraft:lingering_potion>.withTag({Potion: "potioncore:revival"})
[INITIALIZATION][SERVER][INFO] Altering Cauldron Fill Recipe(s) for <minecraft:potion>.withTag({Potion: "rlmixins:curse_break"})
[INITIALIZATION][SERVER][INFO] Altering Cauldron Fluid Recipe(s) for <minecraft:tipped_arrow>.withTag({Potion: "rlmixins:curse_break"})
[INITIALIZATION][SERVER][INFO] Altering Cauldron Fluid Recipe(s) for <minecraft:splash_potion>.withTag({Potion: "rlmixins:curse_break"})
[INITIALIZATION][SERVER][INFO] Altering Cauldron Fluid Recipe(s) for <minecraft:lingering_potion>.withTag({Potion: "rlmixins:curse_break"})
[INITIALIZATION][SERVER][INFO] Altering Cauldron Brewing Recipe(s) for "potioncore:revival"
[INITIALIZATION][SERVER][INFO] Altering Cauldron Brewing Recipe(s) for "rlmixins:curse_break"
[INITIALIZATION][SERVER][INFO] Script ending!
[INITIALIZATION][SERVER][INFO] [crafttweaker | SIDE_SERVER]: Loading Script: {[0:crafttweaker]: SRP_ResetADP.zs}
[INITIALIZATION][SERVER][INFO] [crafttweaker | SIDE_SERVER]: Skipping file {[0:contenttweaker]: why.zs} as we are currently loading with a different loader
[INITIALIZATION][SERVER][INFO] [crafttweaker | SIDE_SERVER]: Loading Script: {[-10:crafttweaker]: Dregora_Deepslate.zs}
[INITIALIZATION][SERVER][INFO] Dregora Deepslate Script starting!
[INITIALIZATION][SERVER][INFO] Setting hardness of tile.contentcreator.deepslate_tile_slab.name to 4.5
[INITIALIZATION][SERVER][INFO] Setting hardness of tile.contentcreator.deepslate_tile_stairs.name to 4.5
[INITIALIZATION][SERVER][INFO] Setting hardness of tile.contentcreator.polished_deepslate_stairs.name to 4.5
[INITIALIZATION][SERVER][INFO] Setting hardness of tile.contentcreator.polished_deepslate_slab.name to 4.5
[INITIALIZATION][SERVER][INFO] Setting hardness of tile.contentcreator.deepslate_brick_slab.name to 4.5
[INITIALIZATION][SERVER][INFO] Setting hardness of tile.contentcreator.deepslate_brick_stairs.name to 4.5
[INITIALIZATION][SERVER][INFO] Setting hardness of tile.contentcreator.cobbled_deepslate_stairs.name to 4.5
[INITIALIZATION][SERVER][INFO] Setting hardness of tile.contentcreator.cobbled_deepslate_slab.name to 4.5
[INITIALIZATION][SERVER][INFO] Setting hardness of tile.contentcreator.deepslate_stairs.name to 4.5
[INITIALIZATION][SERVER][INFO] Setting hardness of tile.contentcreator.deepslate_slab.name to 4.5
[INITIALIZATION][SERVER][INFO] Completed script loading in: 757ms
[POSTINITIALIZATION][SERVER][INFO] Removing recipes for various outputs
[POSTINITIALIZATION][SERVER][INFO] Removing Shaped recipes for <minecraft:ice>
[POSTINITIALIZATION][SERVER][INFO] 1 removed
[POSTINITIALIZATION][SERVER][INFO] Removing recipe with name "minecraft:bread"
[POSTINITIALIZATION][SERVER][INFO] Removing recipe with name "minecraft:stone_brick_slab"
[POSTINITIALIZATION][SERVER][INFO] Removing recipe with name "minecraft:stone_brick_stairs"
[POSTINITIALIZATION][SERVER][INFO] Removing recipe with name "xat:dragons_eye"
[POSTINITIALIZATION][SERVER][INFO] Removing recipe with name "bountifulbaubles:spectralsilt_flaregun"
[POSTINITIALIZATION][SERVER][INFO] Removing recipe with name "bountifulbaubles:flare_red"
[POSTINITIALIZATION][SERVER][INFO] Removing recipe with name "bountifulbaubles:phantomprism"
[POSTINITIALIZATION][SERVER][INFO] Removing recipe with name "bountifulbaubles:spectralsilt_magicmirror"
[POSTINITIALIZATION][SERVER][INFO] Removing recipe with name "bountifulbaubles:wormholemirror"
[POSTINITIALIZATION][SERVER][INFO] Removing recipe with name "bountifulbaubles:spectralsilt_luckyhorseshoe"
[POSTINITIALIZATION][SERVER][INFO] Removing recipe with name "bountifulbaubles:ringflywheel"
[POSTINITIALIZATION][SERVER][INFO] Removing recipe with name "bountifulbaubles:ringflywheeladvanced"
[POSTINITIALIZATION][SERVER][INFO] Removing recipe with name "bountifulbaubles:ringiron"
[POSTINITIALIZATION][SERVER][INFO] Removing recipe with name "bountifulbaubles:spectralsilt_sinpendantempty"
[POSTINITIALIZATION][SERVER][INFO] Removing recipe with name "bountifulbaubles:spectralsilt_shieldcobalt"
[POSTINITIALIZATION][SERVER][INFO] Removing recipe with name "bountifulbaubles:amuletsinwrath"
[POSTINITIALIZATION][SERVER][INFO] Removing recipe with name "bountifulbaubles:amuletsingluttony"
[POSTINITIALIZATION][SERVER][INFO] Removing recipe with name "bountifulbaubles:crowngold"
[POSTINITIALIZATION][SERVER][INFO] Removing recipe with name "foodexpansion:netherwartsoup"
[POSTINITIALIZATION][SERVER][INFO] Removing recipe with name "defiledlands:decoration/stone_defiled_stairs"
[POSTINITIALIZATION][SERVER][INFO] Removing recipe with name "defiledlands:decoration/sandstone_defiled_stairs"
[POSTINITIALIZATION][SERVER][INFO] Removing recipe with name "defiledlands:decoration/stone_defiled_bricks_stairs"
[POSTINITIALIZATION][SERVER][INFO] Removing recipe with name "defiledlands:decoration/tenebra_stairs"
[POSTINITIALIZATION][SERVER][INFO] Removing recipe with name "grapplemod:block_grapple_modifier"
[POSTINITIALIZATION][SERVER][INFO] Removing recipe with name "grapplemod:launcheritem"
[POSTINITIALIZATION][SERVER][INFO] Removing recipe with name "grapplemod:repeller"
[POSTINITIALIZATION][SERVER][INFO] Removing recipe with name "grapplemod:baseupgradeitem"
[POSTINITIALIZATION][SERVER][INFO] Removing recipe with name "grapplemod:doubleupgradeitem"
[POSTINITIALIZATION][SERVER][INFO] Removing recipe with name "grapplemod:doubleupgradeitem"
[POSTINITIALIZATION][SERVER][INFO] Removing recipe with name "grapplemod:forcefieldupgradeitem"
[POSTINITIALIZATION][SERVER][INFO] Removing recipe with name "grapplemod:magnetupgradeitem"
[POSTINITIALIZATION][SERVER][INFO] Removing recipe with name "grapplemod:motorupgradeitem"
[POSTINITIALIZATION][SERVER][INFO] Removing recipe with name "grapplemod:ropeupgradeitem"
[POSTINITIALIZATION][SERVER][INFO] Removing recipe with name "grapplemod:staffupgradeitem"
[POSTINITIALIZATION][SERVER][INFO] Removing recipe with name "grapplemod:swingupgradeitem"
[POSTINITIALIZATION][SERVER][INFO] Removing recipe with name "grapplemod:throwupgradeitem"
[POSTINITIALIZATION][SERVER][INFO] Removing recipe with name "grapplemod:limitsupgradeitem"
[POSTINITIALIZATION][SERVER][INFO] Removing recipe with name "grapplemod:longfallboots"
[POSTINITIALIZATION][SERVER][INFO] Removing recipe with name "notreepunching:tools/fire_starter"
[POSTINITIALIZATION][SERVER][INFO] Removing recipe with name "charm:ender_pearl"
[POSTINITIALIZATION][SERVER][INFO] Removing recipe with name "lycanitesmobs:paleosalad"
[POSTINITIALIZATION][SERVER][INFO] Removing recipe with name "quark:duskbound_block"
[POSTINITIALIZATION][SERVER][INFO] Removing recipe with name "quark:midori_block"
[POSTINITIALIZATION][SERVER][INFO] Removing recipe with name "quark:wheat"
[POSTINITIALIZATION][SERVER][INFO] Removing recipe with name "betternether:stalagnate_stick"
[POSTINITIALIZATION][SERVER][INFO] Removing recipe with name "lycanitesmobs:sugar"
[POSTINITIALIZATION][SERVER][INFO] Removing recipe with name "aquaculture:leather_from_boots"
[POSTINITIALIZATION][SERVER][INFO] Removing recipe with name "variedcommodities:mithril_spear_0"
[POSTINITIALIZATION][SERVER][INFO] Removing recipe with name "variedcommodities:demonic_spear_0"
[POSTINITIALIZATION][SERVER][INFO] Removing recipe with name "variedcommodities:demonic_broadsword_0"
[POSTINITIALIZATION][SERVER][INFO] Removing recipe with name "variedcommodities:mithril_broadsword_0"
[POSTINITIALIZATION][SERVER][INFO] Removing recipe with name "variedcommodities:mithril_dagger_0"
[POSTINITIALIZATION][SERVER][INFO] Removing recipe with name "variedcommodities:demonic_dagger_0"
[POSTINITIALIZATION][SERVER][INFO] Removing recipe with name "variedcommodities:demonic_sword_0"
[POSTINITIALIZATION][SERVER][INFO] Removing recipe with name "variedcommodities:mithril_sword_0"
[POSTINITIALIZATION][SERVER][INFO] Removing recipe with name "grapplemod:rockethook"
[POSTINITIALIZATION][SERVER][INFO] Removing recipe with name "grapplemod:doublemotorhook"
[POSTINITIALIZATION][SERVER][INFO] Removing recipe with name "grapplemod:motorhook"
[POSTINITIALIZATION][SERVER][INFO] Removing recipe with name "grapplemod:magnethook"
[POSTINITIALIZATION][SERVER][INFO] Removing recipe with name "grapplemod:rocketdoublemotorhook"
[POSTINITIALIZATION][SERVER][INFO] Removing recipe with name "grapplemod:enderhook"
[POSTINITIALIZATION][SERVER][INFO] Removing recipe with name "grapplemod:smarthook"
[POSTINITIALIZATION][SERVER][INFO] Removing recipe with name "betterquesting:life_full_0"
[POSTINITIALIZATION][SERVER][INFO] Removing recipe with name "betterquesting:life_full_1"
[POSTINITIALIZATION][SERVER][INFO] Removing recipe with name "betterquesting:life_full_2"
[POSTINITIALIZATION][SERVER][INFO] Removing recipe with name "betterquesting:life_half_0"
[POSTINITIALIZATION][SERVER][INFO] Removing recipe with name "betterquesting:life_half_1"
[POSTINITIALIZATION][SERVER][INFO] Removing recipe with name "betterquesting:life_quarter_0"
[POSTINITIALIZATION][SERVER][INFO] Removing recipe with name "variedcommodities:mithril_head_0"
[POSTINITIALIZATION][SERVER][INFO] Removing recipe with name "variedcommodities:demonic_head_0"
[POSTINITIALIZATION][SERVER][INFO] Removing recipe with name "variedcommodities:demonic_chest_0"
[POSTINITIALIZATION][SERVER][INFO] Removing recipe with name "variedcommodities:mithril_chest_0"
[POSTINITIALIZATION][SERVER][INFO] Removing recipe with name "variedcommodities:mithril_legs_0"
[POSTINITIALIZATION][SERVER][INFO] Removing recipe with name "variedcommodities:demonic_legs_0"
[POSTINITIALIZATION][SERVER][INFO] Removing recipe with name "variedcommodities:mithril_boots_0"
[POSTINITIALIZATION][SERVER][INFO] Removing recipe with name "variedcommodities:demonic_boots_0"
[POSTINITIALIZATION][SERVER][INFO] Adding shapeless recipe for tile.contenttweaker.shelter_block.name with name dregora59
[POSTINITIALIZATION][SERVER][INFO] Adding shapeless recipe for tile.contenttweaker.biohazard_block.name with name dregora60
[POSTINITIALIZATION][SERVER][INFO] Adding shapeless recipe for tile.contenttweaker.reinforced_concrete_danger.name with name dregora61
[POSTINITIALIZATION][SERVER][INFO] Adding shapeless recipe for tile.contenttweaker.radiation_block.name with name dregora62
[POSTINITIALIZATION][SERVER][INFO] Adding shaped recipe for tile.contentcreator.concrete_stairs_reinforced.name with name dregora63
[POSTINITIALIZATION][SERVER][INFO] Adding shaped recipe for tile.contentcreator.concrete_slab_reinforced.name with name dregora64
[POSTINITIALIZATION][SERVER][INFO] Adding shapeless recipe for item.contenttweaker.shelter_item.name with name dregora65
[POSTINITIALIZATION][SERVER][INFO] Adding shapeless recipe for item.contenttweaker.shelter_special_item.name with name dregora66
[POSTINITIALIZATION][SERVER][INFO] Adding shapeless recipe for item.contenttweaker.radiation_item.name with name dregora67
[POSTINITIALIZATION][SERVER][INFO] Adding shaped recipe for Baobing with name dregora57
[POSTINITIALIZATION][SERVER][INFO] Adding shaped recipe for Frozen Dagger with name dregora58
[POSTINITIALIZATION][SERVER][INFO] Adding shaped recipe for Block of Ruby with name dregora53
[POSTINITIALIZATION][SERVER][INFO] Adding shaped recipe for Book with name saw_bookshelf
[POSTINITIALIZATION][SERVER][INFO] Adding shaped recipe for Satchel with name dregora54
[POSTINITIALIZATION][SERVER][INFO] Adding shaped recipe for item.contenttweaker.coin_pile.name with name dregora51
[POSTINITIALIZATION][SERVER][INFO] Adding shapeless recipe for Golden Coin with name dregora52
[POSTINITIALIZATION][SERVER][INFO] Adding shapeless recipe for Golden Coin with name dregora55
[POSTINITIALIZATION][SERVER][INFO] Adding shaped recipe for Enchantment Table with name dregora24
[POSTINITIALIZATION][SERVER][INFO] Adding shaped recipe for tile.contenttweaker.iron_plate_reinforced.name with name dregora48
[POSTINITIALIZATION][SERVER][INFO] Adding shaped recipe for tile.contenttweaker.iron_plate_rust_reinforced.name with name dregora47
[POSTINITIALIZATION][SERVER][INFO] Adding shaped recipe for tile.contentcreator.iron_plate_slab_reinforced.name with name dregora49
[POSTINITIALIZATION][SERVER][INFO] Adding shaped recipe for tile.contentcreator.iron_plate_stairs_reinforced.name with name dregora50
[POSTINITIALIZATION][SERVER][INFO] Adding shaped recipe for Amethyst Block with name dregora68
[POSTINITIALIZATION][SERVER][INFO] Adding shaped recipe for Bone Sword with name dregora35
[POSTINITIALIZATION][SERVER][INFO] Adding shaped recipe for Frozen Dagger with name dregora36
[POSTINITIALIZATION][SERVER][INFO] Adding shaped recipe for Spectral Dagger with name dregora37
[POSTINITIALIZATION][SERVER][INFO] Adding shaped recipe for Molten Frypan with name dregora38
[POSTINITIALIZATION][SERVER][INFO] Adding shaped recipe for Molten Hammer with name dregora39
[POSTINITIALIZATION][SERVER][INFO] Adding shaped recipe for Molten Axe with name dregora40
[POSTINITIALIZATION][SERVER][INFO] Adding shaped recipe for Holy Grenade with name dregora41
[POSTINITIALIZATION][SERVER][INFO] Adding shapeless recipe for Spectral Silt with name dregora42
[POSTINITIALIZATION][SERVER][INFO] Adding shaped recipe for Sonic Bomb with name dregora44
[POSTINITIALIZATION][SERVER][INFO] Adding shaped recipe for Bone Stew with name dregora45
[POSTINITIALIZATION][SERVER][INFO] Adding shaped recipe for Ghost Jelly with name dregora46
[POSTINITIALIZATION][SERVER][INFO] Adding shaped recipe for Pendant with name dregora20
[POSTINITIALIZATION][SERVER][INFO] Adding shaped recipe for Ancient Coin with name dregora32
[POSTINITIALIZATION][SERVER][INFO] Adding shaped recipe for Undead Soulcube with name dregora21
[POSTINITIALIZATION][SERVER][INFO] Adding shaped recipe for Aberrant Soulcube with name dregora22
[POSTINITIALIZATION][SERVER][INFO] Adding shaped recipe for Demonic Soulcube with name dregora23
[POSTINITIALIZATION][SERVER][INFO] Adding shaped recipe for Living Lance with name dregora34
[POSTINITIALIZATION][SERVER][INFO] Adding shaped recipe for Dry Bamboo Bridge with name dregora27
[POSTINITIALIZATION][SERVER][INFO] Adding shaped recipe for Bamboo Bridge with name dregora26
[POSTINITIALIZATION][SERVER][INFO] Adding shapeless recipe for String with name dregora29
[POSTINITIALIZATION][SERVER][INFO] Adding shapeless recipe for Cave Root with name dregora30
[POSTINITIALIZATION][SERVER][INFO] Adding shapeless recipe for Tiny Cactus with name dregora31
[POSTINITIALIZATION][SERVER][INFO] Adding shapeless recipe for Wheat with name dregora28
[POSTINITIALIZATION][SERVER][INFO] Adding shaped recipe for Terrestrial Artifact with name dregora56
[POSTINITIALIZATION][SERVER][INFO] Adding shapeless recipe for Plant Fiber with name dregora25
[POSTINITIALIZATION][SERVER][INFO] Adding shapeless recipe for Sacred Oak Wood Planks with name dregora19
[POSTINITIALIZATION][SERVER][INFO] Adding shapeless recipe for Stick with name dregora17
[POSTINITIALIZATION][SERVER][INFO] Adding shapeless recipe for Stick with name dregora18
[POSTINITIALIZATION][SERVER][INFO] Adding shaped recipe for Sacred Oak Door with name dregora01
[POSTINITIALIZATION][SERVER][INFO] Adding shaped recipe for Cherry Door with name dregora02
[POSTINITIALIZATION][SERVER][INFO] Adding shaped recipe for Umbran Door with name dregora03
[POSTINITIALIZATION][SERVER][INFO] Adding shaped recipe for Fir Door with name dregora04
[POSTINITIALIZATION][SERVER][INFO] Adding shaped recipe for Ethereal Door with name dregora05
[POSTINITIALIZATION][SERVER][INFO] Adding shaped recipe for Magic Door with name dregora06
[POSTINITIALIZATION][SERVER][INFO] Adding shaped recipe for Mangrove Door with name dregora07
[POSTINITIALIZATION][SERVER][INFO] Adding shaped recipe for Palm Door with name dregora08
[POSTINITIALIZATION][SERVER][INFO] Adding shaped recipe for Redwood Door with name dregora09
[POSTINITIALIZATION][SERVER][INFO] Adding shaped recipe for Willow Door with name dregora10
[POSTINITIALIZATION][SERVER][INFO] Adding shaped recipe for Pine Door with name dregora11
[POSTINITIALIZATION][SERVER][INFO] Adding shaped recipe for Hellbark Door with name dregora12
[POSTINITIALIZATION][SERVER][INFO] Adding shaped recipe for Jacaranda Door with name dregora13
[POSTINITIALIZATION][SERVER][INFO] Adding shaped recipe for Mahogany Door with name dregora14
[POSTINITIALIZATION][SERVER][INFO] Adding shaped recipe for Ebony Door with name dregora15
[POSTINITIALIZATION][SERVER][INFO] Adding shaped recipe for Eucalyptus Door with name dregora16
[POSTINITIALIZATION][SERVER][INFO] Adding shaped recipe for Quartz Cooler with name nuclearcraft06
[POSTINITIALIZATION][SERVER][INFO] Adding shaped recipe for TBU Fuel with name nuclearcraft05
[POSTINITIALIZATION][SERVER][INFO] Adding shaped recipe for item.contenttweaker.rebar.name with name nuclearcraft04
[POSTINITIALIZATION][SERVER][INFO] Adding shapeless recipe for Empty Antique Atlas with name lolarecipe1
[POSTINITIALIZATION][SERVER][INFO] Adding shapeless recipe for item.roughtweaks.salve.name with name lolarecipe2
[POSTINITIALIZATION][SERVER][INFO] Adding shapeless recipe for item.roughtweaks.salve.name with name lolarecipe3
[POSTINITIALIZATION][SERVER][INFO] Adding shapeless recipe for item.roughtweaks.salve.name with name lolarecipe4
[POSTINITIALIZATION][SERVER][INFO] Adding shapeless recipe for item.roughtweaks.plaster.name with name lolarecipe5
[POSTINITIALIZATION][SERVER][INFO] Adding shaped recipe for item.roughtweaks.bandage.name with name lolarecipe6
[POSTINITIALIZATION][SERVER][INFO] Adding shaped recipe for Golden Apple with name lolarecipe7
[POSTINITIALIZATION][SERVER][INFO] Adding shapeless recipe for String with name lolarecipe8
[POSTINITIALIZATION][SERVER][INFO] Adding shapeless recipe for Plaster with name lolarecipe10
[POSTINITIALIZATION][SERVER][INFO] Adding shaped recipe for Bandage with name lolarecipe11
[POSTINITIALIZATION][SERVER][INFO] Adding shaped recipe for Wooden Dagger with name lolarecipe12
[POSTINITIALIZATION][SERVER][INFO] Adding shaped recipe for Stone Dagger with name lolarecipe13
[POSTINITIALIZATION][SERVER][INFO] Adding shaped recipe for Golden Dagger with name lolarecipe14
[POSTINITIALIZATION][SERVER][INFO] Adding shaped recipe for Iron Dagger with name lolarecipe15
[POSTINITIALIZATION][SERVER][INFO] Adding shaped recipe for Diamond Dagger with name lolarecipe16
[POSTINITIALIZATION][SERVER][INFO] Adding shaped recipe for Silver Dagger with name lolarecipe16again
[POSTINITIALIZATION][SERVER][INFO] Adding shaped recipe for Bronze Dagger with name lolarecipe16againagain
[POSTINITIALIZATION][SERVER][INFO] Adding shaped recipe for Dragon Bone Dagger with name lolarecipe16dragonbonedagger
[POSTINITIALIZATION][SERVER][INFO] Adding shaped recipe for Jungle Myrmex Chitin Dagger with name lolarecipe16junglemyrmexdagger
[POSTINITIALIZATION][SERVER][INFO] Adding shaped recipe for Desert Myrmex Chitin Dagger with name lolarecipe16desertmyrmexdagger
[POSTINITIALIZATION][SERVER][INFO] Adding shaped recipe for Stone Spear with name lolarecipe17
[POSTINITIALIZATION][SERVER][INFO] Adding shaped recipe for Stone Battle Axe with name lolarecipe18
[POSTINITIALIZATION][SERVER][INFO] Adding shaped recipe for Stone Nunchaku with name lolarecipe19
[POSTINITIALIZATION][SERVER][INFO] Adding shaped recipe for Stone Hammer with name lolarecipe20
[POSTINITIALIZATION][SERVER][INFO] Adding shapeless recipe for Paper with name lolarecipe21test
[POSTINITIALIZATION][SERVER][INFO] Adding shaped recipe for Emerald Ring with name lolarecipe22
[POSTINITIALIZATION][SERVER][INFO] Adding shaped recipe for Emerald Amulet with name lolarecipe23
[POSTINITIALIZATION][SERVER][INFO] Adding shaped recipe for Wither Ring with name lolarecipe25
[POSTINITIALIZATION][SERVER][INFO] Adding shaped recipe for Poison Stone with name lolarecipe25a
[POSTINITIALIZATION][SERVER][INFO] Adding shaped recipe for Stone of the Sea with name lolarecipe25b
[POSTINITIALIZATION][SERVER][INFO] Adding shaped recipe for Golden Crown with name lolarecipe27
[POSTINITIALIZATION][SERVER][INFO] Adding shaped recipe for Chain Wolf Armor with name lolarecipe28
[POSTINITIALIZATION][SERVER][INFO] Adding shapeless recipe for Leather with name z29
[POSTINITIALIZATION][SERVER][INFO] Adding shaped recipe for Heart Crystal Shard with name lolarecipe29
[POSTINITIALIZATION][SERVER][INFO] Adding shaped recipe for Sin Pendant (Empty) with name lolarecipe30
[POSTINITIALIZATION][SERVER][INFO] Adding shapeless recipe for Spectral Silt with name lolarecipe31x
[POSTINITIALIZATION][SERVER][INFO] Adding shapeless recipe for Spectral Silt with name lolarecipe31y
[POSTINITIALIZATION][SERVER][INFO] Adding shapeless recipe for Spectral Silt with name lolarecipe31z
[POSTINITIALIZATION][SERVER][INFO] Adding shapeless recipe for Spectral Silt with name lolarecipe31a
[POSTINITIALIZATION][SERVER][INFO] Adding shapeless recipe for Spectral Silt with name lolarecipe31s
[POSTINITIALIZATION][SERVER][INFO] Adding shapeless recipe for Spectral Silt with name lolarecipe31d
[POSTINITIALIZATION][SERVER][INFO] Adding shapeless recipe for Spectral Silt with name lolarecipe31f
[POSTINITIALIZATION][SERVER][INFO] Adding shapeless recipe for Spectral Silt with name lolarecipe31g
[POSTINITIALIZATION][SERVER][INFO] Adding shapeless recipe for Spectral Silt with name lolarecipe31h
[POSTINITIALIZATION][SERVER][INFO] Adding shapeless recipe for Spectral Silt with name lolarecipe31j
[POSTINITIALIZATION][SERVER][INFO] Adding shapeless recipe for Spectral Silt with name lolarecipe31k
[POSTINITIALIZATION][SERVER][INFO] Adding shapeless recipe for Spectral Silt with name lolarecipe31l
[POSTINITIALIZATION][SERVER][INFO] Adding shapeless recipe for Spectral Silt with name lolarecipe31q
[POSTINITIALIZATION][SERVER][INFO] Adding shapeless recipe for Spectral Silt with name lolarecipe31e
[POSTINITIALIZATION][SERVER][INFO] Adding shapeless recipe for Spectral Silt with name lolarecipe31w
[POSTINITIALIZATION][SERVER][INFO] Adding shaped recipe for Carrot on a Stick with name lolarecipe33carrotstick
[POSTINITIALIZATION][SERVER][INFO] Adding shapeless recipe for Obsidian Bobber with name lolarecipe33new
[POSTINITIALIZATION][SERVER][INFO] Adding shapeless recipe for Ozzy Chestplate Liner with name lolarecipe35
[POSTINITIALIZATION][SERVER][INFO] Adding shapeless recipe for Ozzy Leggings Liner with name lolarecipe36
[POSTINITIALIZATION][SERVER][INFO] Adding shaped recipe for Cobweb with name lolarecipe37
[POSTINITIALIZATION][SERVER][INFO] Adding shaped recipe for Greenhouse Glass with name lolarecipe38
[POSTINITIALIZATION][SERVER][INFO] Adding shapeless recipe for Lit Torch with name lolarecipe39
[POSTINITIALIZATION][SERVER][INFO] Adding shapeless recipe for Ozzy Liner Material with name lolarecipe40
[POSTINITIALIZATION][SERVER][INFO] Adding shaped recipe for Ozzy Chestplate Liner with name lolarecipe41
[POSTINITIALIZATION][SERVER][INFO] Adding shaped recipe for Ozzy Leggings Liner with name lolarecipe42
[POSTINITIALIZATION][SERVER][INFO] Adding shaped recipe for Waystone with name lolarecipe43
[POSTINITIALIZATION][SERVER][INFO] Adding shaped recipe for Diamond with name lolarecipe44
[POSTINITIALIZATION][SERVER][INFO] Adding shapeless recipe for Diamond Coin with name lolarecipe45
[POSTINITIALIZATION][SERVER][INFO] Adding shaped recipe for Bronze Ingot with name lolarecipe44b
[POSTINITIALIZATION][SERVER][INFO] Adding shapeless recipe for Bronze Coin with name lolarecipe45b
[POSTINITIALIZATION][SERVER][INFO] Adding shaped recipe for Steel Ingot with name lolarecipe40fak
[POSTINITIALIZATION][SERVER][INFO] Adding shapeless recipe for item.contenttweaker.steel_nugget.name with name lolarecipe40fac
[POSTINITIALIZATION][SERVER][INFO] Adding shaped recipe for Neptunium Ingot with name lolarecipe40frick
[POSTINITIALIZATION][SERVER][INFO] Adding shapeless recipe for item.contenttweaker.neptunium_nugget.name with name lolarecipe40frack
[POSTINITIALIZATION][SERVER][INFO] Adding shaped recipe for Potion Ring of Speed with name lolarecipe46
[POSTINITIALIZATION][SERVER][INFO] Adding shaped recipe for Potion Ring of Jump Boost with name lolarecipe47
[POSTINITIALIZATION][SERVER][INFO] Adding shaped recipe for Potion Ring of Haste with name lolarecipe48
[POSTINITIALIZATION][SERVER][INFO] Adding shaped recipe for Potion Ring of Strength with name lolarecipe49
[POSTINITIALIZATION][SERVER][INFO] Adding shaped recipe for Potion Ring of Regeneration with name lolarecipe50
[POSTINITIALIZATION][SERVER][INFO] Adding shaped recipe for Potion Ring of Resistance with name lolarecipe51
[POSTINITIALIZATION][SERVER][INFO] Adding shaped recipe for Leather Skirt with name lolaskirt52leather
[POSTINITIALIZATION][SERVER][INFO] Adding shaped recipe for Chain Skirt with name lolarecipe52
[POSTINITIALIZATION][SERVER][INFO] Adding shaped recipe for Golden Skirt with name lolarecipe53
[POSTINITIALIZATION][SERVER][INFO] Adding shaped recipe for Iron Skirt with name lolarecipe54
[POSTINITIALIZATION][SERVER][INFO] Adding shaped recipe for Diamond Skirt with name lolarecipe55
[POSTINITIALIZATION][SERVER][INFO] Adding shaped recipe for Glowing Ingot with name lolarecipe56
[POSTINITIALIZATION][SERVER][INFO] Adding shaped recipe for Glowing Ingot with name lolarecipe57
[POSTINITIALIZATION][SERVER][INFO] Adding shapeless recipe for Trading Block with name lolarecipe59
[POSTINITIALIZATION][SERVER][INFO] Adding shaped recipe for Spectral Silt with name lolarecipe61
[POSTINITIALIZATION][SERVER][INFO] Adding shaped recipe for Sandstone with name lolarecipe62
[POSTINITIALIZATION][SERVER][INFO] Adding shaped recipe for Red Sandstone with name lolarecipe63
[POSTINITIALIZATION][SERVER][INFO] Adding shaped recipe for Blossoming Leaf Carpet with name lolarecipe65
[POSTINITIALIZATION][SERVER][INFO] Adding shaped recipe for Dragon Bone Nunchaku with name lolarecipe66
[POSTINITIALIZATION][SERVER][INFO] Adding shaped recipe for Jungle Myrmex Chitin Nunchaku with name lolarecipe67
[POSTINITIALIZATION][SERVER][INFO] Adding shaped recipe for Jungle Myrmex Stinger Nunchaku with name lolarecipe67s
[POSTINITIALIZATION][SERVER][INFO] Adding shaped recipe for Desert Myrmex Chitin Nunchaku with name lolarecipe68
[POSTINITIALIZATION][SERVER][INFO] Adding shaped recipe for Desert Myrmex Stinger Nunchaku with name lolarecipe68s
[POSTINITIALIZATION][SERVER][INFO] Adding shaped recipe for Earplugs with name lolarecipe69
[POSTINITIALIZATION][SERVER][INFO] Adding shapeless recipe for Oak Button with name lolarecipe69lmao
[POSTINITIALIZATION][SERVER][INFO] Adding shaped recipe for Heater with name lolarecipe70
[POSTINITIALIZATION][SERVER][INFO] Adding shaped recipe for Chiller with name lolarecipe71
[POSTINITIALIZATION][SERVER][INFO] Adding shaped recipe for Campfire Spit with name lolarecipe71a
[POSTINITIALIZATION][SERVER][INFO] Adding shaped recipe for Campfire with name lolarecipe71b
[POSTINITIALIZATION][SERVER][INFO] Adding shaped recipe for Wooden Arrow with name lolarecipe75
[POSTINITIALIZATION][SERVER][INFO] Adding shaped recipe for Iron Plate with name lolarecipe77
[POSTINITIALIZATION][SERVER][INFO] Adding shaped recipe for Rusty Iron Plate with name lolarecipe78
[POSTINITIALIZATION][SERVER][INFO] Adding shaped recipe for Warp Stone with name lolarecipe79
[POSTINITIALIZATION][SERVER][INFO] Adding shaped recipe for Pedestal with name lolarecipe80
[POSTINITIALIZATION][SERVER][INFO] Adding shaped recipe for Pedestal with name lolarecipe81
[POSTINITIALIZATION][SERVER][INFO] Adding shaped recipe for Pedestal with name lolarecipe82
[POSTINITIALIZATION][SERVER][INFO] Adding shaped recipe for Pedestal with name lolarecipe83
[POSTINITIALIZATION][SERVER][INFO] Adding shaped recipe for Pedestal with name lolarecipe84
[POSTINITIALIZATION][SERVER][INFO] Adding shaped recipe for Cooling Goo with name lolarecipe85
[POSTINITIALIZATION][SERVER][INFO] Adding shaped recipe for Heating Goo with name lolarecipe86
[POSTINITIALIZATION][SERVER][INFO] Adding shapeless recipe for item.contenttweaker.steel_alloy.name with name lolarecipe87
[POSTINITIALIZATION][SERVER][INFO] Adding shaped recipe for Oak Crate with name lolarecipe88a
[POSTINITIALIZATION][SERVER][INFO] Adding shaped recipe for Spruce Crate with name lolarecipe88b
[POSTINITIALIZATION][SERVER][INFO] Adding shaped recipe for Birch Crate with name lolarecipe88c
[POSTINITIALIZATION][SERVER][INFO] Adding shaped recipe for Jungle Crate with name lolarecipe88d
[POSTINITIALIZATION][SERVER][INFO] Adding shaped recipe for Acacia Crate with name lolarecipe88e
[POSTINITIALIZATION][SERVER][INFO] Adding shaped recipe for Dark Oak Crate with name lolarecipe88f
[POSTINITIALIZATION][SERVER][INFO] Adding shaped recipe for Steel Lock Mechanism with name lolarecipe89
[POSTINITIALIZATION][SERVER][INFO] Adding shaped recipe for Bobby Pin Lock Pick with name lolarecipe90a
[POSTINITIALIZATION][SERVER][INFO] Adding shaped recipe for Iron Lock Pick with name lolarecipe90b
[POSTINITIALIZATION][SERVER][INFO] Adding shaped recipe for Gold Lock Pick with name lolarecipe90c
[POSTINITIALIZATION][SERVER][INFO] Adding shaped recipe for Steel Lock Pick with name lolarecipe90d
[POSTINITIALIZATION][SERVER][INFO] Adding shaped recipe for Diamond Lock Pick with name lolarecipe90e
[POSTINITIALIZATION][SERVER][INFO] Adding shaped recipe for Lamp with name lolarecipe92
[POSTINITIALIZATION][SERVER][INFO] Adding shaped recipe for Candle with name lolarecipe93
[POSTINITIALIZATION][SERVER][INFO] Adding shaped recipe for Candle with name lolarecipe93a
[POSTINITIALIZATION][SERVER][INFO] Adding shaped recipe for Iron Candle with name lolarecipe93b
[POSTINITIALIZATION][SERVER][INFO] Adding shaped recipe for Golden Candle with name lolarecipe93c
[POSTINITIALIZATION][SERVER][INFO] Adding shaped recipe for Silver Candle with name lolarecipe93d
[POSTINITIALIZATION][SERVER][INFO] Adding shaped recipe for Iron Lantern with name lolarecipe93e
[POSTINITIALIZATION][SERVER][INFO] Adding shaped recipe for Golden Lantern with name lolarecipe93f
[POSTINITIALIZATION][SERVER][INFO] Adding shaped recipe for Silver Lantern with name lolarecipe93g
[POSTINITIALIZATION][SERVER][INFO] Adding shaped recipe for Cincinnasite Forge with name lolarecipe94
[POSTINITIALIZATION][SERVER][INFO] Adding shaped recipe for Cincinnasite Frame with name lolarecipe94b
[POSTINITIALIZATION][SERVER][INFO] Adding shaped recipe for Chain with name lolarecipe95
[POSTINITIALIZATION][SERVER][INFO] Adding shaped recipe for Equipment Station with name lolarecipe96
[POSTINITIALIZATION][SERVER][INFO] Adding shaped recipe for Tombstone with name lolarecipe97
[POSTINITIALIZATION][SERVER][INFO] Adding shapeless recipe for Tombstone with name lolarecipe98
[POSTINITIALIZATION][SERVER][INFO] Adding shapeless recipe for Tombstone with name lolarecipe99
[POSTINITIALIZATION][SERVER][INFO] Adding shapeless recipe for Iron Paxel Level: 1 with name lolarecipe100
[POSTINITIALIZATION][SERVER][INFO] Adding shapeless recipe for Wooden Paxel Level: 1 with name lolarecipe101
[POSTINITIALIZATION][SERVER][INFO] Adding shaped recipe for Iron Rod Level: 1 with name lolarecipe102
[POSTINITIALIZATION][SERVER][INFO] Adding shaped recipe for Iron Guard Level: 1 with name lolarecipe103
[POSTINITIALIZATION][SERVER][INFO] Adding shaped recipe for Iron Pike Joint Level: 1 with name lolarecipe104
[POSTINITIALIZATION][SERVER][INFO] Adding shaped recipe for Iron Axe Head Level: 1 with name lolarecipe105
[POSTINITIALIZATION][SERVER][INFO] Adding shaped recipe for Charcoal with name lolarecipe106
[POSTINITIALIZATION][SERVER][INFO] Adding shaped recipe for Disenchantment Table with name lolarecipe109
[POSTINITIALIZATION][SERVER][INFO] Adding shapeless recipe for Honeycomb with name lolarecipe110
[POSTINITIALIZATION][SERVER][INFO] Adding shapeless recipe for Frost Powder with name lolarecipe112
[POSTINITIALIZATION][SERVER][INFO] Adding shapeless recipe for Fire Lily Mixture with name lolarecipe113
[POSTINITIALIZATION][SERVER][INFO] Adding shapeless recipe for Frost Lily Mixture with name lolarecipe114
[POSTINITIALIZATION][SERVER][INFO] Adding shaped recipe for Stone Pillar with name lolarecipe115
[POSTINITIALIZATION][SERVER][INFO] Adding shaped recipe for Andesite Pillar with name lolarecipe116
[POSTINITIALIZATION][SERVER][INFO] Adding shaped recipe for Diorite Pillar with name lolarecipe117
[POSTINITIALIZATION][SERVER][INFO] Adding shaped recipe for Granite Pillar with name lolarecipe118
[POSTINITIALIZATION][SERVER][INFO] Adding shaped recipe for Fire-Arrow with name lolarecipe119
[POSTINITIALIZATION][SERVER][INFO] Adding shaped recipe for Frost-Arrow with name lolarecipe120
[POSTINITIALIZATION][SERVER][INFO] Adding shaped recipe for Wither-Arrow with name lolarecipe121
[POSTINITIALIZATION][SERVER][INFO] Adding shaped recipe for Vampire-Arrow with name lolarecipe122
[POSTINITIALIZATION][SERVER][INFO] Adding shaped recipe for Burial-Arrow with name lolarecipe123
[POSTINITIALIZATION][SERVER][INFO] Adding shaped recipe for Ring of Enchanted Eyes with name lolarecipe124
[POSTINITIALIZATION][SERVER][INFO] Adding shaped recipe for Dwarf Stout with name lolarecipe125
[POSTINITIALIZATION][SERVER][INFO] Adding shaped recipe for Elf Sap with name lolarecipe126
[POSTINITIALIZATION][SERVER][INFO] Adding shaped recipe for Faelis Nip with name lolarecipe127
[POSTINITIALIZATION][SERVER][INFO] Adding shaped recipe for Fairy Dew with name lolarecipe128
[POSTINITIALIZATION][SERVER][INFO] Adding shaped recipe for Goblin Soup with name lolarecipe129
[POSTINITIALIZATION][SERVER][INFO] Adding shaped recipe for Titan's Spirit with name lolarecipe130
[POSTINITIALIZATION][SERVER][INFO] Adding shaped recipe for Dragon Gem with name lolarecipe131
[POSTINITIALIZATION][SERVER][INFO] Adding shaped recipe for Beast Saddle with name lolasaddle1
[POSTINITIALIZATION][SERVER][INFO] Adding shaped recipe for Insect Saddle with name lolasaddle2
[POSTINITIALIZATION][SERVER][INFO] Adding shaped recipe for Dragon Saddle with name lolasaddle3
[POSTINITIALIZATION][SERVER][INFO] Adding shaped recipe for Amphibian Saddle with name lolasaddle4
[POSTINITIALIZATION][SERVER][INFO] Adding shaped recipe for Reptile Saddle with name lolasaddle5
[POSTINITIALIZATION][SERVER][INFO] Adding shaped recipe for Avian Saddle with name lolasaddle6
[POSTINITIALIZATION][SERVER][INFO] Adding shaped recipe for Aquatic Saddle with name lolasaddle7
[POSTINITIALIZATION][SERVER][INFO] Adding shaped recipe for Aberration Saddle with name lolasaddle8
[POSTINITIALIZATION][SERVER][INFO] Adding shaped recipe for Demon Saddle with name lolasaddle9
[POSTINITIALIZATION][SERVER][INFO] Adding shapeless recipe for Sea Serpent Fang with name lolarecipe132
[POSTINITIALIZATION][SERVER][INFO] Adding shapeless recipe for Slimeball with name lolarecipe132a
[POSTINITIALIZATION][SERVER][INFO] Adding shaped recipe for Quartz Stained Glass Silver with name lolarecipe133
[POSTINITIALIZATION][SERVER][INFO] Adding shaped recipe for Framed Quartz Stained Glass Silver with name lolarecipe134
[POSTINITIALIZATION][SERVER][INFO] Adding shaped recipe for Phantom Thread with name lolarecipe135
[POSTINITIALIZATION][SERVER][INFO] Adding shaped recipe for Small Nether Brick Tile Slab with name lolarecipe136
[POSTINITIALIZATION][SERVER][INFO] Adding shaped recipe for Flamed Dragon Bone Spear with name bruhfirespear
[POSTINITIALIZATION][SERVER][INFO] Adding shaped recipe for Iced Dragon Bone Spear with name bruhicespear
[POSTINITIALIZATION][SERVER][INFO] Adding shaped recipe for Shocked Dragon Bone Spear with name bruhlightningspear
[POSTINITIALIZATION][SERVER][INFO] Adding shaped recipe for Suspicious Soup with name SUSSOUP1
[POSTINITIALIZATION][SERVER][INFO] Adding shaped recipe for Suspicious Soup with name SUSSOUP2
[POSTINITIALIZATION][SERVER][INFO] Adding shaped recipe for Suspicious Soup with name SUSSOUP3
[POSTINITIALIZATION][SERVER][INFO] Adding shaped recipe for Suspicious Soup with name SUSSOUP4
[POSTINITIALIZATION][SERVER][INFO] Adding shaped recipe for Suspicious Soup with name SUSSOUP5
[POSTINITIALIZATION][SERVER][INFO] Adding shaped recipe for Suspicious Soup with name SUSSOUP6
[POSTINITIALIZATION][SERVER][INFO] Adding shaped recipe for Suspicious Soup with name SUSSOUP7
[POSTINITIALIZATION][SERVER][INFO] Adding shaped recipe for Suspicious Soup with name SUSSOUP8
[POSTINITIALIZATION][SERVER][INFO] Adding shaped recipe for Suspicious Soup with name SUSSOUP9
[POSTINITIALIZATION][SERVER][INFO] Adding shaped recipe for Suspicious Soup with name SUSSOUP10
[POSTINITIALIZATION][SERVER][INFO] Adding shaped recipe for Suspicious Soup with name SUSSOUP11
[POSTINITIALIZATION][SERVER][INFO] Adding shaped recipe for Suspicious Soup with name SUSSOUP12
[POSTINITIALIZATION][SERVER][INFO] Adding shaped recipe for Suspicious Soup with name SUSSOUP13
[POSTINITIALIZATION][SERVER][INFO] Adding shaped recipe for Gluttony Pendant with name lolarecipe137
[POSTINITIALIZATION][SERVER][INFO] Adding shaped recipe for Holy Hand Grenade with name lolarecipe138
[POSTINITIALIZATION][SERVER][INFO] Adding shaped recipe for Defiled Stone Stairs with name lolarecipe139
[POSTINITIALIZATION][SERVER][INFO] Adding shaped recipe for Defiled Sandstone Stairs with name lolarecipe140
[POSTINITIALIZATION][SERVER][INFO] Adding shaped recipe for Defiled Stone Bricks Stairs with name lolarecipe141
[POSTINITIALIZATION][SERVER][INFO] Adding shaped recipe for Tenebra Wood Stairs with name lolarecipe142
[POSTINITIALIZATION][SERVER][INFO] Adding shaped recipe for Umbrium Quarterstaff with name lolarecipe143
[POSTINITIALIZATION][SERVER][INFO] Adding shaped recipe for Stone Brick Stairs with name lolarecipe144
[POSTINITIALIZATION][SERVER][INFO] Adding shaped recipe for Stone Bricks Slab with name lolarecipe145
[POSTINITIALIZATION][SERVER][INFO] Adding shaped recipe for Duskbound Block with name lolarecipe148
[POSTINITIALIZATION][SERVER][INFO] Adding shaped recipe for Midori Block with name lolarecipe149
[POSTINITIALIZATION][SERVER][INFO] Adding shaped recipe for Iron Grate with name lolarecipe150
[POSTINITIALIZATION][SERVER][INFO] Adding shapeless recipe for item.contenttweaker.glacier_cream.name with name lolarecipe151
[POSTINITIALIZATION][SERVER][INFO] Adding shapeless recipe for Paleo Salad with name lesalad152
[POSTINITIALIZATION][SERVER][INFO] Adding shaped recipe for Stalagnate Fence with name lolarecipe146
[POSTINITIALIZATION][SERVER][INFO] Adding shaped recipe for Reeds Fence with name lolarecipe147
[POSTINITIALIZATION][SERVER][INFO] Adding shaped recipe for White Rune with name quarkrunewhite
[POSTINITIALIZATION][SERVER][INFO] Adding shaped recipe for Orange Rune with name quarkruneorange
[POSTINITIALIZATION][SERVER][INFO] Adding shaped recipe for Magenta Rune with name quarkrunemagenta
[POSTINITIALIZATION][SERVER][INFO] Adding shaped recipe for Light Blue Rune with name quarkrunelightblue
[POSTINITIALIZATION][SERVER][INFO] Adding shaped recipe for Yellow Rune with name quarkruneyellow
[POSTINITIALIZATION][SERVER][INFO] Adding shaped recipe for Lime Rune with name quarkrunelime
[POSTINITIALIZATION][SERVER][INFO] Adding shaped recipe for Pink Rune with name quarkrunepink
[POSTINITIALIZATION][SERVER][INFO] Adding shaped recipe for Gray Rune with name quarkrunegray
[POSTINITIALIZATION][SERVER][INFO] Adding shaped recipe for Light Gray Rune with name quarkrunelightgray
[POSTINITIALIZATION][SERVER][INFO] Adding shaped recipe for Cyan Rune with name quarkrunecyan
[POSTINITIALIZATION][SERVER][INFO] Adding shaped recipe for Purple Rune with name quarkrunepurple
[POSTINITIALIZATION][SERVER][INFO] Adding shaped recipe for Blue Rune with name quarkruneblue
[POSTINITIALIZATION][SERVER][INFO] Adding shaped recipe for Brown Rune with name quarkrunebrown
[POSTINITIALIZATION][SERVER][INFO] Adding shaped recipe for Green Rune with name quarkrunegreen
[POSTINITIALIZATION][SERVER][INFO] Adding shaped recipe for Red Rune with name quarkrunered
[POSTINITIALIZATION][SERVER][INFO] Adding shaped recipe for Black Rune with name quarkruneblack
[POSTINITIALIZATION][SERVER][INFO] Adding shaped recipe for Rainbow Rune with name quarkrunerainbow
[POSTINITIALIZATION][SERVER][INFO] Adding shaped recipe for Oak Trapdoor with name loltrapdoor1
[POSTINITIALIZATION][SERVER][INFO] Adding shaped recipe for Spruce Trapdoor with name loltrapdoor3
[POSTINITIALIZATION][SERVER][INFO] Adding shaped recipe for Birch Trapdoor with name loltrapdoor4
[POSTINITIALIZATION][SERVER][INFO] Adding shaped recipe for Jungle Trapdoor with name loltrapdoor5
[POSTINITIALIZATION][SERVER][INFO] Adding shaped recipe for Acacia Trapdoor with name loltrapdoor6
[POSTINITIALIZATION][SERVER][INFO] Adding shaped recipe for Dark Oak Trapdoor with name loltrapdoor7
[POSTINITIALIZATION][SERVER][INFO] Adding shaped recipe for Oak Door with name loldoor1
[POSTINITIALIZATION][SERVER][INFO] Adding shaped recipe for Iron Door with name loldoor2
[POSTINITIALIZATION][SERVER][INFO] Adding shaped recipe for Spruce Door with name loldoor3
[POSTINITIALIZATION][SERVER][INFO] Adding shaped recipe for Birch Door with name loldoor4
[POSTINITIALIZATION][SERVER][INFO] Adding shaped recipe for Jungle Door with name loldoor5
[POSTINITIALIZATION][SERVER][INFO] Adding shaped recipe for Acacia Door with name loldoor6
[POSTINITIALIZATION][SERVER][INFO] Adding shaped recipe for Dark Oak Door with name loldoor7
[POSTINITIALIZATION][SERVER][INFO] Adding shaped recipe for Bone-Reed Door with name loldoor8
[POSTINITIALIZATION][SERVER][INFO] Adding shaped recipe for Bone-Cincinnasite Door with name loldoor9
[POSTINITIALIZATION][SERVER][INFO] Adding shaped recipe for Tenebra Door with name loldoor10
[POSTINITIALIZATION][SERVER][INFO] Adding shaped recipe for Olive Door with name loldoor11
[POSTINITIALIZATION][SERVER][INFO] Adding shaped recipe for Ironwood Door with name loldoor12
[POSTINITIALIZATION][SERVER][INFO] Adding shaped recipe for Fir Door with name loldoor13
[POSTINITIALIZATION][SERVER][INFO] Adding shaped recipe for White Stained Planks with name lolarecipeSTAIN0
[POSTINITIALIZATION][SERVER][INFO] Adding shaped recipe for Orange Stained Planks with name lolarecipeSTAIN1
[POSTINITIALIZATION][SERVER][INFO] Adding shaped recipe for Magenta Stained Planks with name lolarecipeSTAIN2
[POSTINITIALIZATION][SERVER][INFO] Adding shaped recipe for Light Blue Stained Planks with name lolarecipeSTAIN3
[POSTINITIALIZATION][SERVER][INFO] Adding shaped recipe for Yellow Stained Planks with name lolarecipeSTAIN4
[POSTINITIALIZATION][SERVER][INFO] Adding shaped recipe for Lime Stained Planks with name lolarecipeSTAIN5
[POSTINITIALIZATION][SERVER][INFO] Adding shaped recipe for Pink Stained Planks with name lolarecipeSTAIN6
[POSTINITIALIZATION][SERVER][INFO] Adding shaped recipe for Gray Stained Planks with name lolarecipeSTAIN7
[POSTINITIALIZATION][SERVER][INFO] Adding shaped recipe for Light Gray Stained Planks with name lolarecipeSTAIN8
[POSTINITIALIZATION][SERVER][INFO] Adding shaped recipe for Cyan Stained Planks with name lolarecipeSTAIN9
[POSTINITIALIZATION][SERVER][INFO] Adding shaped recipe for Purple Stained Planks with name lolarecipeSTAIN10
[POSTINITIALIZATION][SERVER][INFO] Adding shaped recipe for Blue Stained Planks with name lolarecipeSTAIN11
[POSTINITIALIZATION][SERVER][INFO] Adding shaped recipe for Brown Stained Planks with name lolarecipeSTAIN12
[POSTINITIALIZATION][SERVER][INFO] Adding shaped recipe for Green Stained Planks with name lolarecipeSTAIN13
[POSTINITIALIZATION][SERVER][INFO] Adding shaped recipe for Red Stained Planks with name lolarecipeSTAIN14
[POSTINITIALIZATION][SERVER][INFO] Adding shaped recipe for Black Stained Planks with name lolarecipeSTAIN15
[POSTINITIALIZATION][SERVER][INFO] Adding shaped recipe for White Painted Wood with name lolarecipeDYE0
[POSTINITIALIZATION][SERVER][INFO] Adding shaped recipe for Orange Painted Wood with name lolarecipeDYE1
[POSTINITIALIZATION][SERVER][INFO] Adding shaped recipe for Magenta Painted Wood with name lolarecipeDYE2
[POSTINITIALIZATION][SERVER][INFO] Adding shaped recipe for Light Blue Painted Wood with name lolarecipeDYE3
[POSTINITIALIZATION][SERVER][INFO] Adding shaped recipe for Yellow Painted Wood with name lolarecipeDYE4
[POSTINITIALIZATION][SERVER][INFO] Adding shaped recipe for Lime Painted Wood with name lolarecipeDYE5
[POSTINITIALIZATION][SERVER][INFO] Adding shaped recipe for Pink Painted Wood with name lolarecipeDYE6
[POSTINITIALIZATION][SERVER][INFO] Adding shaped recipe for Gray Painted Wood with name lolarecipeDYE7
[POSTINITIALIZATION][SERVER][INFO] Adding shaped recipe for Light Gray Painted Wood with name lolarecipeDYE8
[POSTINITIALIZATION][SERVER][INFO] Adding shaped recipe for Cyan Painted Wood with name lolarecipeDYE9
[POSTINITIALIZATION][SERVER][INFO] Adding shaped recipe for Purple Painted Wood with name lolarecipeDYE10
[POSTINITIALIZATION][SERVER][INFO] Adding shaped recipe for Blue Painted Wood with name lolarecipeDYE11
[POSTINITIALIZATION][SERVER][INFO] Adding shaped recipe for Brown Painted Wood with name lolarecipeDYE12
[POSTINITIALIZATION][SERVER][INFO] Adding shaped recipe for Green Painted Wood with name lolarecipeDYE13
[POSTINITIALIZATION][SERVER][INFO] Adding shaped recipe for Red Painted Wood with name lolarecipeDYE14
[POSTINITIALIZATION][SERVER][INFO] Adding shaped recipe for Black Painted Wood with name lolarecipeDYE15
[POSTINITIALIZATION][SERVER][INFO] Adding shaped recipe for Saddle with name lolarecipe64
[POSTINITIALIZATION][SERVER][INFO] Adding shaped recipe for Iron Pet Armor with name lolarecipeHORSEIRON
[POSTINITIALIZATION][SERVER][INFO] Adding shaped recipe for Golden Pet Armor with name lolarecipeHORSEGOLD
[POSTINITIALIZATION][SERVER][INFO] Adding shaped recipe for Diamond Pet Armor with name lolarecipeHORSEDIAMOND
[POSTINITIALIZATION][SERVER][INFO] Adding shaped recipe for Steel Helmet with name lolarmor1
[POSTINITIALIZATION][SERVER][INFO] Adding shaped recipe for Steel Chestplate with name lolarmor2
[POSTINITIALIZATION][SERVER][INFO] Adding shaped recipe for Steel Leggings with name lolarmor3
[POSTINITIALIZATION][SERVER][INFO] Adding shaped recipe for Steel Boots with name lolarmor4
[POSTINITIALIZATION][SERVER][INFO] Adding shapeless recipe for Spectral Silt with name rlartifact1
[POSTINITIALIZATION][SERVER][INFO] Adding shapeless recipe for Spectral Silt with name rlartifact2
[POSTINITIALIZATION][SERVER][INFO] Adding shapeless recipe for Spectral Silt with name rlartifact3
[POSTINITIALIZATION][SERVER][INFO] Adding shapeless recipe for Spectral Silt with name rlartifact4
[POSTINITIALIZATION][SERVER][INFO] Adding shapeless recipe for Spectral Silt with name rlartifact5
[POSTINITIALIZATION][SERVER][INFO] Adding shapeless recipe for Spectral Silt with name rlartifact6
[POSTINITIALIZATION][SERVER][INFO] Adding shapeless recipe for Spectral Silt with name rlartifact7
[POSTINITIALIZATION][SERVER][INFO] Adding shapeless recipe for Spectral Silt with name rlartifact8
[POSTINITIALIZATION][SERVER][INFO] Adding shapeless recipe for Spectral Silt with name rlartifact9
[POSTINITIALIZATION][SERVER][INFO] Adding shapeless recipe for Spectral Silt with name rlartifact10
[POSTINITIALIZATION][SERVER][INFO] Adding shapeless recipe for Spectral Silt with name rlartifact11
[POSTINITIALIZATION][SERVER][INFO] Adding shapeless recipe for Spectral Silt with name rlartifact12
[POSTINITIALIZATION][SERVER][INFO] Adding shapeless recipe for Spectral Silt with name rlartifact13
[POSTINITIALIZATION][SERVER][INFO] Adding shapeless recipe for Spectral Silt with name rlartifact14
[POSTINITIALIZATION][SERVER][INFO] Adding shapeless recipe for Spectral Silt with name rlartifact15
[POSTINITIALIZATION][SERVER][INFO] Adding shapeless recipe for Spectral Silt with name rlartifact16
[POSTINITIALIZATION][SERVER][INFO] Adding shapeless recipe for Spectral Silt with name rlartifact17
[POSTINITIALIZATION][SERVER][INFO] Adding shapeless recipe for Spectral Silt with name rlartifact18
[POSTINITIALIZATION][SERVER][INFO] Adding shapeless recipe for Spectral Silt with name rlartifact19
[POSTINITIALIZATION][SERVER][INFO] Adding shapeless recipe for Spectral Silt with name rlartifact20
[POSTINITIALIZATION][SERVER][INFO] Adding shaped recipe for Living Helm with name lolsrarmor1
[POSTINITIALIZATION][SERVER][INFO] Adding shaped recipe for Living Chest with name lolsrarmor2
[POSTINITIALIZATION][SERVER][INFO] Adding shaped recipe for Living Pants with name lolsrarmor3
[POSTINITIALIZATION][SERVER][INFO] Adding shaped recipe for Living Boots with name lolsrarmor4
[POSTINITIALIZATION][SERVER][INFO] Adding shapeless recipe for Sentient Helm with name lolsrsarmor1
[POSTINITIALIZATION][SERVER][INFO] Adding shapeless recipe for Sentient Chest with name lolsrsarmor2
[POSTINITIALIZATION][SERVER][INFO] Adding shapeless recipe for Sentient Pants with name lolsrsarmor3
[POSTINITIALIZATION][SERVER][INFO] Adding shapeless recipe for Sentient Boots with name lolsrsarmor4
[POSTINITIALIZATION][SERVER][INFO] Adding shaped recipe for item.contenttweaker.sentient_core.name with name lolsrsentientcore
[POSTINITIALIZATION][SERVER][INFO] Adding shapeless recipe for Glass Bottle with name bottlebegone1
[POSTINITIALIZATION][SERVER][INFO] Adding shapeless recipe for Glass Bottle with name bottlebegone2
[POSTINITIALIZATION][SERVER][INFO] Adding shaped recipe for Shield of Honor with name lolarecipe60
[POSTINITIALIZATION][SERVER][INFO] Adding shaped recipe for Empty Dragon Canteen with name lolarecipe76
[POSTINITIALIZATION][SERVER][INFO] Adding shaped recipe for Dragon Treat with name lolatreat1
[POSTINITIALIZATION][SERVER][INFO] Adding shaped recipe for Avian Treat with name lolatreat2
[POSTINITIALIZATION][SERVER][INFO] Adding shaped recipe for Beast Treat with name lolatreat3
[POSTINITIALIZATION][SERVER][INFO] Adding shaped recipe for Plant Treat with name lolatreat4
[POSTINITIALIZATION][SERVER][INFO] Adding shaped recipe for Undead Treat with name lolatreat5
[POSTINITIALIZATION][SERVER][INFO] Adding shaped recipe for Demon Treat with name lolatreat6
[POSTINITIALIZATION][SERVER][INFO] Adding shaped recipe for Nether Wart Stew with name lolanetherwartsoupalt
[POSTINITIALIZATION][SERVER][INFO] Adding shaped recipe for Arachnid Treat with name lolatreat7
[POSTINITIALIZATION][SERVER][INFO] Adding shaped recipe for Aquatic Treat with name lolatreat8
[POSTINITIALIZATION][SERVER][INFO] Adding shaped recipe for Sentient Helm with name srp_resetadap01
[POSTINITIALIZATION][SERVER][INFO] Adding shaped recipe for Sentient Chest with name srp_resetadap02
[POSTINITIALIZATION][SERVER][INFO] Adding shaped recipe for Sentient Pants with name srp_resetadap03
[POSTINITIALIZATION][SERVER][INFO] Adding shaped recipe for Sentient Boots with name srp_resetadap04
[POSTINITIALIZATION][SERVER][INFO] Adding shaped recipe for tile.contentcreator.deepslate_stairs.name with name dregora_deepslate01
[POSTINITIALIZATION][SERVER][INFO] Adding shaped recipe for tile.contentcreator.cobbled_deepslate_stairs.name with name dregora_deepslate02
[POSTINITIALIZATION][SERVER][INFO] Adding shaped recipe for tile.contentcreator.deepslate_brick_stairs.name with name dregora_deepslate03
[POSTINITIALIZATION][SERVER][INFO] Adding shaped recipe for tile.contentcreator.polished_deepslate_stairs.name with name dregora_deepslate04
[POSTINITIALIZATION][SERVER][INFO] Adding shaped recipe for tile.contentcreator.deepslate_tile_stairs.name with name dregora_deepslate05
[POSTINITIALIZATION][SERVER][INFO] Adding shaped recipe for tile.contentcreator.deepslate_slab.name with name dregora_deepslate06
[POSTINITIALIZATION][SERVER][INFO] Adding shaped recipe for tile.contentcreator.cobbled_deepslate_slab.name with name dregora_deepslate07
[POSTINITIALIZATION][SERVER][INFO] Adding shaped recipe for tile.contentcreator.deepslate_brick_slab.name with name dregora_deepslate08
[POSTINITIALIZATION][SERVER][INFO] Adding shaped recipe for tile.contentcreator.polished_deepslate_slab.name with name dregora_deepslate09
[POSTINITIALIZATION][SERVER][INFO] Adding shaped recipe for tile.contentcreator.deepslate_tile_slab.name with name dregora_deepslate10
[POSTINITIALIZATION][SERVER][INFO] Adding shaped recipe for tile.contenttweaker.chiseled_deepslate.name with name dregora_deepslate11
[POSTINITIALIZATION][SERVER][INFO] Adding shaped recipe for tile.contenttweaker.deepslate_bricks.name with name dregora_deepslate12
[POSTINITIALIZATION][SERVER][INFO] Adding shaped recipe for tile.contenttweaker.deepslate_tiles.name with name dregora_deepslate13
[POSTINITIALIZATION][SERVER][INFO] Adding shaped recipe for tile.contenttweaker.polished_deepslate.name with name dregora_deepslate14
[POSTINITIALIZATION][SERVER][INFO] Removing furnace recipes for: <nuclearcraft:curium>
[POSTINITIALIZATION][SERVER][INFO] 1 recipes removed for: <nuclearcraft:curium>
[POSTINITIALIZATION][SERVER][INFO] Removing furnace recipes for: <nuclearcraft:curium:2>
[POSTINITIALIZATION][SERVER][INFO] 1 recipes removed for: <nuclearcraft:curium:2>
[POSTINITIALIZATION][SERVER][INFO] Removing furnace recipes for: <nuclearcraft:curium:4>
[POSTINITIALIZATION][SERVER][INFO] 1 recipes removed for: <nuclearcraft:curium:4>
[POSTINITIALIZATION][SERVER][INFO] Removing furnace recipes for: <nuclearcraft:curium:6>
[POSTINITIALIZATION][SERVER][INFO] 1 recipes removed for: <nuclearcraft:curium:6>
[POSTINITIALIZATION][SERVER][INFO] Removing furnace recipes for: <nuclearcraft:curium:8>
[POSTINITIALIZATION][SERVER][INFO] 1 recipes removed for: <nuclearcraft:curium:8>
[POSTINITIALIZATION][SERVER][INFO] Removing furnace recipes for: <nuclearcraft:curium:10>
[POSTINITIALIZATION][SERVER][INFO] 1 recipes removed for: <nuclearcraft:curium:10>
[POSTINITIALIZATION][SERVER][INFO] Removing furnace recipes for: <nuclearcraft:depleted_fuel_californium>
[POSTINITIALIZATION][SERVER][INFO] 1 recipes removed for: <nuclearcraft:depleted_fuel_californium>
[POSTINITIALIZATION][SERVER][INFO] Removing furnace recipes for: <nuclearcraft:depleted_fuel_californium:2>
[POSTINITIALIZATION][SERVER][INFO] 1 recipes removed for: <nuclearcraft:depleted_fuel_californium:2>
[POSTINITIALIZATION][SERVER][INFO] Removing furnace recipes for: <nuclearcraft:depleted_fuel_californium:4>
[POSTINITIALIZATION][SERVER][INFO] 1 recipes removed for: <nuclearcraft:depleted_fuel_californium:4>
[POSTINITIALIZATION][SERVER][INFO] Removing furnace recipes for: <nuclearcraft:depleted_fuel_californium:6>
[POSTINITIALIZATION][SERVER][INFO] 1 recipes removed for: <nuclearcraft:depleted_fuel_californium:6>
[POSTINITIALIZATION][SERVER][INFO] Removing furnace recipes for: <nuclearcraft:curium:12>
[POSTINITIALIZATION][SERVER][INFO] 1 recipes removed for: <nuclearcraft:curium:12>
[POSTINITIALIZATION][SERVER][INFO] Removing furnace recipes for: <nuclearcraft:curium:14>
[POSTINITIALIZATION][SERVER][INFO] 1 recipes removed for: <nuclearcraft:curium:14>
[POSTINITIALIZATION][SERVER][INFO] Removing furnace recipes for: <nuclearcraft:ingot:3>
[POSTINITIALIZATION][SERVER][INFO] 1 recipes removed for: <nuclearcraft:ingot:3>
[POSTINITIALIZATION][SERVER][INFO] Removing furnace recipes for: <nuclearcraft:ingot_oxide:2>
[POSTINITIALIZATION][SERVER][INFO] 1 recipes removed for: <nuclearcraft:ingot_oxide:2>
[POSTINITIALIZATION][SERVER][INFO] Removing furnace recipes for: <nuclearcraft:ingot:4>
[POSTINITIALIZATION][SERVER][INFO] 1 recipes removed for: <nuclearcraft:ingot:4>
[POSTINITIALIZATION][SERVER][INFO] Removing furnace recipes for: <nuclearcraft:ingot:11>
[POSTINITIALIZATION][SERVER][INFO] 1 recipes removed for: <nuclearcraft:ingot:11>
[POSTINITIALIZATION][SERVER][INFO] Removing furnace recipes for: <nuclearcraft:depleted_fuel_thorium>
[POSTINITIALIZATION][SERVER][INFO] 1 recipes removed for: <nuclearcraft:depleted_fuel_thorium>
[POSTINITIALIZATION][SERVER][INFO] Removing furnace recipes for: <nuclearcraft:fuel_curium>
[POSTINITIALIZATION][SERVER][INFO] 1 recipes removed for: <nuclearcraft:fuel_curium>
[POSTINITIALIZATION][SERVER][INFO] Removing furnace recipes for: <nuclearcraft:fuel_curium:2>
[POSTINITIALIZATION][SERVER][INFO] 1 recipes removed for: <nuclearcraft:fuel_curium:2>
[POSTINITIALIZATION][SERVER][INFO] Removing furnace recipes for: <nuclearcraft:fuel_curium:4>
[POSTINITIALIZATION][SERVER][INFO] 1 recipes removed for: <nuclearcraft:fuel_curium:4>
[POSTINITIALIZATION][SERVER][INFO] Removing furnace recipes for: <nuclearcraft:depleted_fuel_curium>
[POSTINITIALIZATION][SERVER][INFO] 1 recipes removed for: <nuclearcraft:depleted_fuel_curium>
[POSTINITIALIZATION][SERVER][INFO] Removing furnace recipes for: <nuclearcraft:depleted_fuel_curium:2>
[POSTINITIALIZATION][SERVER][INFO] 1 recipes removed for: <nuclearcraft:depleted_fuel_curium:2>
[POSTINITIALIZATION][SERVER][INFO] Removing furnace recipes for: <nuclearcraft:depleted_fuel_curium:4>
[POSTINITIALIZATION][SERVER][INFO] 1 recipes removed for: <nuclearcraft:depleted_fuel_curium:4>
[POSTINITIALIZATION][SERVER][INFO] Removing furnace recipes for: <nuclearcraft:depleted_fuel_curium:6>
[POSTINITIALIZATION][SERVER][INFO] 1 recipes removed for: <nuclearcraft:depleted_fuel_curium:6>
[POSTINITIALIZATION][SERVER][INFO] Removing furnace recipes for: <nuclearcraft:depleted_fuel_curium:8>
[POSTINITIALIZATION][SERVER][INFO] 1 recipes removed for: <nuclearcraft:depleted_fuel_curium:8>
[POSTINITIALIZATION][SERVER][INFO] Removing furnace recipes for: <nuclearcraft:depleted_fuel_curium:10>
[POSTINITIALIZATION][SERVER][INFO] 1 recipes removed for: <nuclearcraft:depleted_fuel_curium:10>
[POSTINITIALIZATION][SERVER][INFO] Removing furnace recipes for: <nuclearcraft:fuel_thorium>
[POSTINITIALIZATION][SERVER][INFO] 1 recipes removed for: <nuclearcraft:fuel_thorium>
[POSTINITIALIZATION][SERVER][INFO] Removing furnace recipes for: <nuclearcraft:fuel_curium:6>
[POSTINITIALIZATION][SERVER][INFO] 1 recipes removed for: <nuclearcraft:fuel_curium:6>
[POSTINITIALIZATION][SERVER][INFO] Removing furnace recipes for: <nuclearcraft:fuel_curium:8>
[POSTINITIALIZATION][SERVER][INFO] 1 recipes removed for: <nuclearcraft:fuel_curium:8>
[POSTINITIALIZATION][SERVER][INFO] Removing furnace recipes for: <nuclearcraft:fuel_curium:10>
[POSTINITIALIZATION][SERVER][INFO] 1 recipes removed for: <nuclearcraft:fuel_curium:10>
[POSTINITIALIZATION][SERVER][INFO] Removing furnace recipes for: <nuclearcraft:depleted_fuel_berkelium>
[POSTINITIALIZATION][SERVER][INFO] 1 recipes removed for: <nuclearcraft:depleted_fuel_berkelium>
[POSTINITIALIZATION][SERVER][INFO] Removing furnace recipes for: <nuclearcraft:depleted_fuel_berkelium:2>
[POSTINITIALIZATION][SERVER][INFO] 1 recipes removed for: <nuclearcraft:depleted_fuel_berkelium:2>
[POSTINITIALIZATION][SERVER][INFO] Removing furnace recipes for: <nuclearcraft:depleted_fuel_americium>
[POSTINITIALIZATION][SERVER][INFO] 1 recipes removed for: <nuclearcraft:depleted_fuel_americium>
[POSTINITIALIZATION][SERVER][INFO] Removing furnace recipes for: <nuclearcraft:depleted_fuel_americium:2>
[POSTINITIALIZATION][SERVER][INFO] 1 recipes removed for: <nuclearcraft:depleted_fuel_americium:2>
[POSTINITIALIZATION][SERVER][INFO] Removing furnace recipes for: <nuclearcraft:fuel_plutonium>
[POSTINITIALIZATION][SERVER][INFO] 1 recipes removed for: <nuclearcraft:fuel_plutonium>
[POSTINITIALIZATION][SERVER][INFO] Removing furnace recipes for: <nuclearcraft:fuel_plutonium:2>
[POSTINITIALIZATION][SERVER][INFO] 1 recipes removed for: <nuclearcraft:fuel_plutonium:2>
[POSTINITIALIZATION][SERVER][INFO] Removing furnace recipes for: <nuclearcraft:fuel_plutonium:4>
[POSTINITIALIZATION][SERVER][INFO] 1 recipes removed for: <nuclearcraft:fuel_plutonium:4>
[POSTINITIALIZATION][SERVER][INFO] Removing furnace recipes for: <nuclearcraft:fuel_plutonium:6>
[POSTINITIALIZATION][SERVER][INFO] 1 recipes removed for: <nuclearcraft:fuel_plutonium:6>
[POSTINITIALIZATION][SERVER][INFO] Removing furnace recipes for: <nuclearcraft:dust_oxide:2>
[POSTINITIALIZATION][SERVER][INFO] 1 recipes removed for: <nuclearcraft:dust_oxide:2>
[POSTINITIALIZATION][SERVER][INFO] Removing furnace recipes for: <nuclearcraft:fuel_uranium>
[POSTINITIALIZATION][SERVER][INFO] 1 recipes removed for: <nuclearcraft:fuel_uranium>
[POSTINITIALIZATION][SERVER][INFO] Removing furnace recipes for: <nuclearcraft:fuel_uranium:2>
[POSTINITIALIZATION][SERVER][INFO] 1 recipes removed for: <nuclearcraft:fuel_uranium:2>
[POSTINITIALIZATION][SERVER][INFO] Removing furnace recipes for: <nuclearcraft:fuel_uranium:4>
[POSTINITIALIZATION][SERVER][INFO] 1 recipes removed for: <nuclearcraft:fuel_uranium:4>
[POSTINITIALIZATION][SERVER][INFO] Removing furnace recipes for: <nuclearcraft:fuel_uranium:6>
[POSTINITIALIZATION][SERVER][INFO] 1 recipes removed for: <nuclearcraft:fuel_uranium:6>
[POSTINITIALIZATION][SERVER][INFO] Removing furnace recipes for: <nuclearcraft:fuel_berkelium>
[POSTINITIALIZATION][SERVER][INFO] 1 recipes removed for: <nuclearcraft:fuel_berkelium>
[POSTINITIALIZATION][SERVER][INFO] Removing furnace recipes for: <nuclearcraft:fuel_berkelium:2>
[POSTINITIALIZATION][SERVER][INFO] 1 recipes removed for: <nuclearcraft:fuel_berkelium:2>
[POSTINITIALIZATION][SERVER][INFO] Removing furnace recipes for: <nuclearcraft:roasted_cocoa_beans>
[POSTINITIALIZATION][SERVER][INFO] 1 recipes removed for: <nuclearcraft:roasted_cocoa_beans>
[POSTINITIALIZATION][SERVER][INFO] Removing furnace recipes for: <nuclearcraft:uranium>
[POSTINITIALIZATION][SERVER][INFO] 1 recipes removed for: <nuclearcraft:uranium>
[POSTINITIALIZATION][SERVER][INFO] Removing furnace recipes for: <nuclearcraft:ingot_oxide:3>
[POSTINITIALIZATION][SERVER][INFO] 1 recipes removed for: <nuclearcraft:ingot_oxide:3>
[POSTINITIALIZATION][SERVER][INFO] Removing furnace recipes for: <nuclearcraft:ingot_oxide:2>
[POSTINITIALIZATION][SERVER][INFO] 1 recipes removed for: <nuclearcraft:ingot_oxide:2>
[POSTINITIALIZATION][SERVER][INFO] Removing furnace recipes for: <nuclearcraft:ingot_oxide:1>
[POSTINITIALIZATION][SERVER][INFO] 1 recipes removed for: <nuclearcraft:ingot_oxide:1>
[POSTINITIALIZATION][SERVER][INFO] Removing furnace recipes for: <nuclearcraft:fuel_neptunium>
[POSTINITIALIZATION][SERVER][INFO] 1 recipes removed for: <nuclearcraft:fuel_neptunium>
[POSTINITIALIZATION][SERVER][INFO] Removing furnace recipes for: <nuclearcraft:fuel_neptunium:2>
[POSTINITIALIZATION][SERVER][INFO] 1 recipes removed for: <nuclearcraft:fuel_neptunium:2>
[POSTINITIALIZATION][SERVER][INFO] Removing furnace recipes for: <nuclearcraft:ingot_oxide>
[POSTINITIALIZATION][SERVER][INFO] 1 recipes removed for: <nuclearcraft:ingot_oxide>
[POSTINITIALIZATION][SERVER][INFO] Removing furnace recipes for: <nuclearcraft:uranium:2>
[POSTINITIALIZATION][SERVER][INFO] 1 recipes removed for: <nuclearcraft:uranium:2>
[POSTINITIALIZATION][SERVER][INFO] Removing furnace recipes for: <nuclearcraft:uranium:4>
[POSTINITIALIZATION][SERVER][INFO] 1 recipes removed for: <nuclearcraft:uranium:4>
[POSTINITIALIZATION][SERVER][INFO] Removing furnace recipes for: <nuclearcraft:uranium:6>
[POSTINITIALIZATION][SERVER][INFO] 1 recipes removed for: <nuclearcraft:uranium:6>
[POSTINITIALIZATION][SERVER][INFO] Removing furnace recipes for: <nuclearcraft:uranium:8>
[POSTINITIALIZATION][SERVER][INFO] 1 recipes removed for: <nuclearcraft:uranium:8>
[POSTINITIALIZATION][SERVER][INFO] Removing furnace recipes for: <nuclearcraft:uranium:10>
[POSTINITIALIZATION][SERVER][INFO] 1 recipes removed for: <nuclearcraft:uranium:10>
[POSTINITIALIZATION][SERVER][INFO] Removing furnace recipes for: <nuclearcraft:depleted_fuel_uranium>
[POSTINITIALIZATION][SERVER][INFO] 1 recipes removed for: <nuclearcraft:depleted_fuel_uranium>
[POSTINITIALIZATION][SERVER][INFO] Removing furnace recipes for: <nuclearcraft:depleted_fuel_uranium:2>
[POSTINITIALIZATION][SERVER][INFO] 1 recipes removed for: <nuclearcraft:depleted_fuel_uranium:2>
[POSTINITIALIZATION][SERVER][INFO] Removing furnace recipes for: <nuclearcraft:depleted_fuel_uranium:4>
[POSTINITIALIZATION][SERVER][INFO] 1 recipes removed for: <nuclearcraft:depleted_fuel_uranium:4>
[POSTINITIALIZATION][SERVER][INFO] Removing furnace recipes for: <nuclearcraft:depleted_fuel_uranium:6>
[POSTINITIALIZATION][SERVER][INFO] 1 recipes removed for: <nuclearcraft:depleted_fuel_uranium:6>
[POSTINITIALIZATION][SERVER][INFO] Removing furnace recipes for: <nuclearcraft:berkelium>
[POSTINITIALIZATION][SERVER][INFO] 1 recipes removed for: <nuclearcraft:berkelium>
[POSTINITIALIZATION][SERVER][INFO] Removing furnace recipes for: <nuclearcraft:berkelium:2>
[POSTINITIALIZATION][SERVER][INFO] 1 recipes removed for: <nuclearcraft:berkelium:2>
[POSTINITIALIZATION][SERVER][INFO] Removing furnace recipes for: <nuclearcraft:berkelium:4>
[POSTINITIALIZATION][SERVER][INFO] 1 recipes removed for: <nuclearcraft:berkelium:4>
[POSTINITIALIZATION][SERVER][INFO] Removing furnace recipes for: <nuclearcraft:berkelium:6>
[POSTINITIALIZATION][SERVER][INFO] 1 recipes removed for: <nuclearcraft:berkelium:6>
[POSTINITIALIZATION][SERVER][INFO] Removing furnace recipes for: <nuclearcraft:depleted_fuel_neptunium>
[POSTINITIALIZATION][SERVER][INFO] 1 recipes removed for: <nuclearcraft:depleted_fuel_neptunium>
[POSTINITIALIZATION][SERVER][INFO] Removing furnace recipes for: <nuclearcraft:depleted_fuel_neptunium:2>
[POSTINITIALIZATION][SERVER][INFO] 1 recipes removed for: <nuclearcraft:depleted_fuel_neptunium:2>
[POSTINITIALIZATION][SERVER][INFO] Removing furnace recipes for: <nuclearcraft:californium>
[POSTINITIALIZATION][SERVER][INFO] 1 recipes removed for: <nuclearcraft:californium>
[POSTINITIALIZATION][SERVER][INFO] Removing furnace recipes for: <nuclearcraft:californium:2>
[POSTINITIALIZATION][SERVER][INFO] 1 recipes removed for: <nuclearcraft:californium:2>
[POSTINITIALIZATION][SERVER][INFO] Removing furnace recipes for: <nuclearcraft:californium:4>
[POSTINITIALIZATION][SERVER][INFO] 1 recipes removed for: <nuclearcraft:californium:4>
[POSTINITIALIZATION][SERVER][INFO] Removing furnace recipes for: <nuclearcraft:californium:6>
[POSTINITIALIZATION][SERVER][INFO] 1 recipes removed for: <nuclearcraft:californium:6>
[POSTINITIALIZATION][SERVER][INFO] Removing furnace recipes for: <nuclearcraft:californium:8>
[POSTINITIALIZATION][SERVER][INFO] 1 recipes removed for: <nuclearcraft:californium:8>
[POSTINITIALIZATION][SERVER][INFO] Removing furnace recipes for: <nuclearcraft:californium:10>
[POSTINITIALIZATION][SERVER][INFO] 1 recipes removed for: <nuclearcraft:californium:10>
[POSTINITIALIZATION][SERVER][INFO] Removing furnace recipes for: <nuclearcraft:californium:12>
[POSTINITIALIZATION][SERVER][INFO] 1 recipes removed for: <nuclearcraft:californium:12>
[POSTINITIALIZATION][SERVER][INFO] Removing furnace recipes for: <nuclearcraft:californium:14>
[POSTINITIALIZATION][SERVER][INFO] 1 recipes removed for: <nuclearcraft:californium:14>
[POSTINITIALIZATION][SERVER][INFO] Removing furnace recipes for: <nuclearcraft:thorium>
[POSTINITIALIZATION][SERVER][INFO] 1 recipes removed for: <nuclearcraft:thorium>
[POSTINITIALIZATION][SERVER][INFO] Removing furnace recipes for: <nuclearcraft:fuel_californium>
[POSTINITIALIZATION][SERVER][INFO] 1 recipes removed for: <nuclearcraft:fuel_californium>
[POSTINITIALIZATION][SERVER][INFO] Removing furnace recipes for: <nuclearcraft:fuel_californium:2>
[POSTINITIALIZATION][SERVER][INFO] 1 recipes removed for: <nuclearcraft:fuel_californium:2>
[POSTINITIALIZATION][SERVER][INFO] Removing furnace recipes for: <nuclearcraft:fuel_californium:4>
[POSTINITIALIZATION][SERVER][INFO] 1 recipes removed for: <nuclearcraft:fuel_californium:4>
[POSTINITIALIZATION][SERVER][INFO] Removing furnace recipes for: <nuclearcraft:fuel_californium:6>
[POSTINITIALIZATION][SERVER][INFO] 1 recipes removed for: <nuclearcraft:fuel_californium:6>
[POSTINITIALIZATION][SERVER][INFO] Removing furnace recipes for: <nuclearcraft:thorium:2>
[POSTINITIALIZATION][SERVER][INFO] 1 recipes removed for: <nuclearcraft:thorium:2>
[POSTINITIALIZATION][SERVER][INFO] Removing furnace recipes for: <nuclearcraft:thorium:4>
[POSTINITIALIZATION][SERVER][INFO] 1 recipes removed for: <nuclearcraft:thorium:4>
[POSTINITIALIZATION][SERVER][INFO] Removing furnace recipes for: <nuclearcraft:thorium:6>
[POSTINITIALIZATION][SERVER][INFO] 1 recipes removed for: <nuclearcraft:thorium:6>
[POSTINITIALIZATION][SERVER][INFO] Removing furnace recipes for: <nuclearcraft:americium>
[POSTINITIALIZATION][SERVER][INFO] 1 recipes removed for: <nuclearcraft:americium>
[POSTINITIALIZATION][SERVER][INFO] Removing furnace recipes for: <nuclearcraft:americium:2>
[POSTINITIALIZATION][SERVER][INFO] 1 recipes removed for: <nuclearcraft:americium:2>
[POSTINITIALIZATION][SERVER][INFO] Removing furnace recipes for: <nuclearcraft:americium:4>
[POSTINITIALIZATION][SERVER][INFO] 1 recipes removed for: <nuclearcraft:americium:4>
[POSTINITIALIZATION][SERVER][INFO] Removing furnace recipes for: <nuclearcraft:americium:6>
[POSTINITIALIZATION][SERVER][INFO] 1 recipes removed for: <nuclearcraft:americium:6>
[POSTINITIALIZATION][SERVER][INFO] Removing furnace recipes for: <nuclearcraft:americium:8>
[POSTINITIALIZATION][SERVER][INFO] 1 recipes removed for: <nuclearcraft:americium:8>
[POSTINITIALIZATION][SERVER][INFO] Removing furnace recipes for: <nuclearcraft:americium:10>
[POSTINITIALIZATION][SERVER][INFO] 1 recipes removed for: <nuclearcraft:americium:10>
[POSTINITIALIZATION][SERVER][INFO] Removing furnace recipes for: <nuclearcraft:depleted_fuel_plutonium>
[POSTINITIALIZATION][SERVER][INFO] 1 recipes removed for: <nuclearcraft:depleted_fuel_plutonium>
[POSTINITIALIZATION][SERVER][INFO] Removing furnace recipes for: <nuclearcraft:depleted_fuel_plutonium:2>
[POSTINITIALIZATION][SERVER][INFO] 1 recipes removed for: <nuclearcraft:depleted_fuel_plutonium:2>
[POSTINITIALIZATION][SERVER][INFO] Removing furnace recipes for: <nuclearcraft:depleted_fuel_plutonium:4>
[POSTINITIALIZATION][SERVER][INFO] 1 recipes removed for: <nuclearcraft:depleted_fuel_plutonium:4>
[POSTINITIALIZATION][SERVER][INFO] Removing furnace recipes for: <nuclearcraft:depleted_fuel_plutonium:6>
[POSTINITIALIZATION][SERVER][INFO] 1 recipes removed for: <nuclearcraft:depleted_fuel_plutonium:6>
[POSTINITIALIZATION][SERVER][INFO] Removing furnace recipes for: <nuclearcraft:neptunium>
[POSTINITIALIZATION][SERVER][INFO] 1 recipes removed for: <nuclearcraft:neptunium>
[POSTINITIALIZATION][SERVER][INFO] Removing furnace recipes for: <nuclearcraft:neptunium:2>
[POSTINITIALIZATION][SERVER][INFO] 1 recipes removed for: <nuclearcraft:neptunium:2>
[POSTINITIALIZATION][SERVER][INFO] Removing furnace recipes for: <nuclearcraft:neptunium:4>
[POSTINITIALIZATION][SERVER][INFO] 1 recipes removed for: <nuclearcraft:neptunium:4>
[POSTINITIALIZATION][SERVER][INFO] Removing furnace recipes for: <nuclearcraft:neptunium:6>
[POSTINITIALIZATION][SERVER][INFO] 1 recipes removed for: <nuclearcraft:neptunium:6>
[POSTINITIALIZATION][SERVER][INFO] Removing furnace recipes for: <nuclearcraft:ingot:13>
[POSTINITIALIZATION][SERVER][INFO] 1 recipes removed for: <nuclearcraft:ingot:13>
[POSTINITIALIZATION][SERVER][INFO] Removing furnace recipes for: <nuclearcraft:ingot:12>
[POSTINITIALIZATION][SERVER][INFO] 1 recipes removed for: <nuclearcraft:ingot:12>
[POSTINITIALIZATION][SERVER][INFO] Removing furnace recipes for: <nuclearcraft:ingot:11>
[POSTINITIALIZATION][SERVER][INFO] 1 recipes removed for: <nuclearcraft:ingot:11>
[POSTINITIALIZATION][SERVER][INFO] Removing furnace recipes for: <nuclearcraft:ingot:10>
[POSTINITIALIZATION][SERVER][INFO] 1 recipes removed for: <nuclearcraft:ingot:10>
[POSTINITIALIZATION][SERVER][INFO] Removing furnace recipes for: <nuclearcraft:ingot:7>
[POSTINITIALIZATION][SERVER][INFO] 1 recipes removed for: <nuclearcraft:ingot:7>
[POSTINITIALIZATION][SERVER][INFO] Removing furnace recipes for: <nuclearcraft:ingot:6>
[POSTINITIALIZATION][SERVER][INFO] 1 recipes removed for: <nuclearcraft:ingot:6>
[POSTINITIALIZATION][SERVER][INFO] Removing furnace recipes for: <nuclearcraft:ingot:5>
[POSTINITIALIZATION][SERVER][INFO] 1 recipes removed for: <nuclearcraft:ingot:5>
[POSTINITIALIZATION][SERVER][INFO] Removing furnace recipes for: <nuclearcraft:ingot:4>
[POSTINITIALIZATION][SERVER][INFO] 1 recipes removed for: <nuclearcraft:ingot:4>
[POSTINITIALIZATION][SERVER][INFO] Removing furnace recipes for: <nuclearcraft:ingot:3>
[POSTINITIALIZATION][SERVER][INFO] 1 recipes removed for: <nuclearcraft:ingot:3>
[POSTINITIALIZATION][SERVER][INFO] Removing furnace recipes for: <nuclearcraft:ingot:2>
[POSTINITIALIZATION][SERVER][INFO] 1 recipes removed for: <nuclearcraft:ingot:2>
[POSTINITIALIZATION][SERVER][INFO] Removing furnace recipes for: <nuclearcraft:ingot:1>
[POSTINITIALIZATION][SERVER][INFO] 1 recipes removed for: <nuclearcraft:ingot:1>
[POSTINITIALIZATION][SERVER][INFO] Removing furnace recipes for: <iceandfire:copper_ingot>
[POSTINITIALIZATION][SERVER][INFO] 1 recipes removed for: <iceandfire:copper_ingot>
[POSTINITIALIZATION][SERVER][INFO] Removing furnace recipes for: <nuclearcraft:plutonium>
[POSTINITIALIZATION][SERVER][INFO] 1 recipes removed for: <nuclearcraft:plutonium>
[POSTINITIALIZATION][SERVER][INFO] Removing furnace recipes for: <nuclearcraft:plutonium:2>
[POSTINITIALIZATION][SERVER][INFO] 1 recipes removed for: <nuclearcraft:plutonium:2>
[POSTINITIALIZATION][SERVER][INFO] Removing furnace recipes for: <nuclearcraft:plutonium:4>
[POSTINITIALIZATION][SERVER][INFO] 1 recipes removed for: <nuclearcraft:plutonium:4>
[POSTINITIALIZATION][SERVER][INFO] Removing furnace recipes for: <nuclearcraft:plutonium:6>
[POSTINITIALIZATION][SERVER][INFO] 1 recipes removed for: <nuclearcraft:plutonium:6>
[POSTINITIALIZATION][SERVER][INFO] Removing furnace recipes for: <nuclearcraft:plutonium:8>
[POSTINITIALIZATION][SERVER][INFO] 1 recipes removed for: <nuclearcraft:plutonium:8>
[POSTINITIALIZATION][SERVER][INFO] Removing furnace recipes for: <nuclearcraft:plutonium:10>
[POSTINITIALIZATION][SERVER][INFO] 1 recipes removed for: <nuclearcraft:plutonium:10>
[POSTINITIALIZATION][SERVER][INFO] Removing furnace recipes for: <nuclearcraft:plutonium:12>
[POSTINITIALIZATION][SERVER][INFO] 1 recipes removed for: <nuclearcraft:plutonium:12>
[POSTINITIALIZATION][SERVER][INFO] Removing furnace recipes for: <nuclearcraft:plutonium:14>
[POSTINITIALIZATION][SERVER][INFO] 1 recipes removed for: <nuclearcraft:plutonium:14>
[POSTINITIALIZATION][SERVER][INFO] Removing furnace recipes for: <nuclearcraft:fuel_americium>
[POSTINITIALIZATION][SERVER][INFO] 1 recipes removed for: <nuclearcraft:fuel_americium>
[POSTINITIALIZATION][SERVER][INFO] Removing furnace recipes for: <nuclearcraft:fuel_americium:2>
[POSTINITIALIZATION][SERVER][INFO] 1 recipes removed for: <nuclearcraft:fuel_americium:2>
[POSTINITIALIZATION][SERVER][INFO] Removing furnace recipes for: <biomesoplenty:gem>
[POSTINITIALIZATION][SERVER][INFO] 1 recipes removed for: <biomesoplenty:gem>
[POSTINITIALIZATION][SERVER][INFO] Removing furnace recipes for: <notreepunching:ceramic_small_vessel>
[POSTINITIALIZATION][SERVER][INFO] 1 recipes removed for: <notreepunching:ceramic_small_vessel>
[POSTINITIALIZATION][SERVER][INFO] Removing furnace recipes for: <nuclearcraft:ingot:2>
[POSTINITIALIZATION][SERVER][INFO] 1 recipes removed for: <nuclearcraft:ingot:2>
[POSTINITIALIZATION][SERVER][INFO] Removing furnace recipes for: <nuclearcraft:ingot:3>
[POSTINITIALIZATION][SERVER][INFO] 1 recipes removed for: <nuclearcraft:ingot:3>
[POSTINITIALIZATION][SERVER][INFO] Removing furnace recipes for: <nuclearcraft:ingot:4>
[POSTINITIALIZATION][SERVER][INFO] 1 recipes removed for: <nuclearcraft:ingot:4>
[POSTINITIALIZATION][SERVER][INFO] Removing furnace recipes for: <nuclearcraft:ingot:5>
[POSTINITIALIZATION][SERVER][INFO] 1 recipes removed for: <nuclearcraft:ingot:5>
[POSTINITIALIZATION][SERVER][INFO] Removing furnace recipes for: <nuclearcraft:ingot:6>
[POSTINITIALIZATION][SERVER][INFO] 1 recipes removed for: <nuclearcraft:ingot:6>
[POSTINITIALIZATION][SERVER][INFO] Removing furnace recipes for: <notreepunching:ceramic_small_vessel>
[POSTINITIALIZATION][SERVER][INFO] 0 recipes removed for: <notreepunching:ceramic_small_vessel>
[POSTINITIALIZATION][SERVER][INFO] Removing furnace recipes for: <minecraft:gold_nugget>
[POSTINITIALIZATION][SERVER][INFO] 15 recipes removed for: <minecraft:gold_nugget>
[POSTINITIALIZATION][SERVER][INFO] Removing furnace recipes for: <minecraft:iron_nugget>
[POSTINITIALIZATION][SERVER][INFO] 16 recipes removed for: <minecraft:iron_nugget>
[POSTINITIALIZATION][SERVER][INFO] Removing furnace recipes for: <defiledlands:umbrium_nugget>
[POSTINITIALIZATION][SERVER][INFO] 9 recipes removed for: <defiledlands:umbrium_nugget>
[POSTINITIALIZATION][SERVER][INFO] Removing furnace recipes for: <variedcommodities:ingot_steel>
[POSTINITIALIZATION][SERVER][INFO] 1 recipes removed for: <variedcommodities:ingot_steel>
[POSTINITIALIZATION][SERVER][INFO] Removing furnace recipes for: <iceandfire:silver_ingot>
[POSTINITIALIZATION][SERVER][INFO] 7 recipes removed for: <iceandfire:silver_ingot>
[POSTINITIALIZATION][SERVER][INFO] Removing furnace recipes for: <iceandfire:sapphire_gem>
[POSTINITIALIZATION][SERVER][INFO] 1 recipes removed for: <iceandfire:sapphire_gem>
[POSTINITIALIZATION][SERVER][INFO] Removing furnace recipes for: <minecraft:hardened_clay>
[POSTINITIALIZATION][SERVER][INFO] 2 recipes removed for: <minecraft:hardened_clay>
[POSTINITIALIZATION][SERVER][INFO] Removing furnace recipes for: <rustic:beeswax>
[POSTINITIALIZATION][SERVER][INFO] 1 recipes removed for: <rustic:beeswax>
[POSTINITIALIZATION][SERVER][INFO] Adding furnace recipe for <biomesoplenty:gem_ore>
[POSTINITIALIZATION][SERVER][INFO] Adding furnace recipe for <aquaculture:food>
[POSTINITIALIZATION][SERVER][INFO] Adding furnace recipe for <nuclearcraft:ore:2>
[POSTINITIALIZATION][SERVER][INFO] Adding furnace recipe for <nuclearcraft:ore:3>
[POSTINITIALIZATION][SERVER][INFO] Adding furnace recipe for <nuclearcraft:ore:4>
[POSTINITIALIZATION][SERVER][INFO] Adding furnace recipe for <nuclearcraft:ore:5>
[POSTINITIALIZATION][SERVER][INFO] Adding furnace recipe for <nuclearcraft:ore:6>
[POSTINITIALIZATION][SERVER][INFO] Adding furnace recipe for <minecraft:clay>
[POSTINITIALIZATION][SERVER][INFO] Adding furnace recipe for <minecraft:diamond_helmet:*>
[POSTINITIALIZATION][SERVER][INFO] Adding furnace recipe for <minecraft:diamond_chestplate:*>
[POSTINITIALIZATION][SERVER][INFO] Adding furnace recipe for <minecraft:diamond_leggings:*>
[POSTINITIALIZATION][SERVER][INFO] Adding furnace recipe for <variedcommodities:diamond_skirt:*>
[POSTINITIALIZATION][SERVER][INFO] Adding furnace recipe for <minecraft:diamond_boots:*>
[POSTINITIALIZATION][SERVER][INFO] Adding furnace recipe for <minecraft:iron_helmet:*>
[POSTINITIALIZATION][SERVER][INFO] Adding furnace recipe for <minecraft:iron_chestplate:*>
[POSTINITIALIZATION][SERVER][INFO] Adding furnace recipe for <minecraft:iron_leggings:*>
[POSTINITIALIZATION][SERVER][INFO] Adding furnace recipe for <variedcommodities:iron_skirt:*>
[POSTINITIALIZATION][SERVER][INFO] Adding furnace recipe for <minecraft:iron_boots:*>
[POSTINITIALIZATION][SERVER][INFO] Adding furnace recipe for <minecraft:golden_helmet:*>
[POSTINITIALIZATION][SERVER][INFO] Adding furnace recipe for <minecraft:golden_chestplate:*>
[POSTINITIALIZATION][SERVER][INFO] Adding furnace recipe for <minecraft:golden_leggings:*>
[POSTINITIALIZATION][SERVER][INFO] Adding furnace recipe for <variedcommodities:golden_skirt:*>
[POSTINITIALIZATION][SERVER][INFO] Adding furnace recipe for <minecraft:golden_boots:*>
[POSTINITIALIZATION][SERVER][INFO] Adding furnace recipe for <minecraft:diamond_sword:*>
[POSTINITIALIZATION][SERVER][INFO] Adding furnace recipe for <minecraft:diamond_pickaxe:*>
[POSTINITIALIZATION][SERVER][INFO] Adding furnace recipe for <minecraft:diamond_axe:*>
[POSTINITIALIZATION][SERVER][INFO] Adding furnace recipe for <minecraft:diamond_hoe:*>
[POSTINITIALIZATION][SERVER][INFO] Adding furnace recipe for <minecraft:diamond_shovel:*>
[POSTINITIALIZATION][SERVER][INFO] Adding furnace recipe for <minecraft:iron_sword:*>
[POSTINITIALIZATION][SERVER][INFO] Adding furnace recipe for <minecraft:iron_pickaxe:*>
[POSTINITIALIZATION][SERVER][INFO] Adding furnace recipe for <minecraft:iron_axe:*>
[POSTINITIALIZATION][SERVER][INFO] Adding furnace recipe for <minecraft:iron_hoe:*>
[POSTINITIALIZATION][SERVER][INFO] Adding furnace recipe for <minecraft:iron_shovel:*>
[POSTINITIALIZATION][SERVER][INFO] Adding furnace recipe for <minecraft:golden_sword:*>
[POSTINITIALIZATION][SERVER][INFO] Adding furnace recipe for <minecraft:golden_pickaxe:*>
[POSTINITIALIZATION][SERVER][INFO] Adding furnace recipe for <minecraft:golden_axe:*>
[POSTINITIALIZATION][SERVER][INFO] Adding furnace recipe for <minecraft:golden_hoe:*>
[POSTINITIALIZATION][SERVER][INFO] Adding furnace recipe for <minecraft:golden_shovel:*>
[POSTINITIALIZATION][SERVER][INFO] Adding furnace recipe for <minecraft:diamond_horse_armor:*>
[POSTINITIALIZATION][SERVER][INFO] Adding furnace recipe for <minecraft:iron_horse_armor:*>
[POSTINITIALIZATION][SERVER][INFO] Adding furnace recipe for <minecraft:golden_horse_armor:*>
[POSTINITIALIZATION][SERVER][INFO] Adding furnace recipe for <minecraft:chainmail_helmet:*>
[POSTINITIALIZATION][SERVER][INFO] Adding furnace recipe for <minecraft:chainmail_chestplate:*>
[POSTINITIALIZATION][SERVER][INFO] Adding furnace recipe for <minecraft:chainmail_leggings:*>
[POSTINITIALIZATION][SERVER][INFO] Adding furnace recipe for <variedcommodities:chain_skirt:*>
[POSTINITIALIZATION][SERVER][INFO] Adding furnace recipe for <minecraft:chainmail_boots:*>
[POSTINITIALIZATION][SERVER][INFO] Adding furnace recipe for <variedcommodities:bronze_sword:*>
[POSTINITIALIZATION][SERVER][INFO] Adding furnace recipe for <aquaculture:neptunium_sword:*>
[POSTINITIALIZATION][SERVER][INFO] Adding furnace recipe for <aquaculture:neptunium_pickaxe:*>
[POSTINITIALIZATION][SERVER][INFO] Adding furnace recipe for <aquaculture:neptunium_axe:*>
[POSTINITIALIZATION][SERVER][INFO] Adding furnace recipe for <aquaculture:neptunium_hoe:*>
[POSTINITIALIZATION][SERVER][INFO] Adding furnace recipe for <aquaculture:neptunium_shovel:*>
[POSTINITIALIZATION][SERVER][INFO] Adding furnace recipe for <aquaculture:neptunium_helmet:*>
[POSTINITIALIZATION][SERVER][INFO] Adding furnace recipe for <aquaculture:neptunium_chestplate:*>
[POSTINITIALIZATION][SERVER][INFO] Adding furnace recipe for <aquaculture:neptunium_leggings:*>
[POSTINITIALIZATION][SERVER][INFO] Adding furnace recipe for <aquaculture:neptunium_boots:*>
[POSTINITIALIZATION][SERVER][INFO] Adding furnace recipe for <mujmajnkraftsbettersurvival:itemdiamondhammer:*>
[POSTINITIALIZATION][SERVER][INFO] Adding furnace recipe for <mujmajnkraftsbettersurvival:itemdiamondbattleaxe:*>
[POSTINITIALIZATION][SERVER][INFO] Adding furnace recipe for <mujmajnkraftsbettersurvival:itemdiamonddagger:*>
[POSTINITIALIZATION][SERVER][INFO] Adding furnace recipe for <mujmajnkraftsbettersurvival:itemdiamondnunchaku:*>
[POSTINITIALIZATION][SERVER][INFO] Adding furnace recipe for <mujmajnkraftsbettersurvival:itemironhammer:*>
[POSTINITIALIZATION][SERVER][INFO] Adding furnace recipe for <mujmajnkraftsbettersurvival:itemironbattleaxe:*>
[POSTINITIALIZATION][SERVER][INFO] Adding furnace recipe for <mujmajnkraftsbettersurvival:itemirondagger:*>
[POSTINITIALIZATION][SERVER][INFO] Adding furnace recipe for <mujmajnkraftsbettersurvival:itemironnunchaku:*>
[POSTINITIALIZATION][SERVER][INFO] Adding furnace recipe for <mujmajnkraftsbettersurvival:itemgoldhammer:*>
[POSTINITIALIZATION][SERVER][INFO] Adding furnace recipe for <mujmajnkraftsbettersurvival:itemgoldbattleaxe:*>
[POSTINITIALIZATION][SERVER][INFO] Adding furnace recipe for <mujmajnkraftsbettersurvival:itemgolddagger:*>
[POSTINITIALIZATION][SERVER][INFO] Adding furnace recipe for <mujmajnkraftsbettersurvival:itemgoldnunchaku:*>
[POSTINITIALIZATION][SERVER][INFO] Adding furnace recipe for <mujmajnkraftsbettersurvival:itemsilverhammer:*>
[POSTINITIALIZATION][SERVER][INFO] Adding furnace recipe for <mujmajnkraftsbettersurvival:itemsilverbattleaxe:*>
[POSTINITIALIZATION][SERVER][INFO] Adding furnace recipe for <mujmajnkraftsbettersurvival:itemsilverdagger:*>
[POSTINITIALIZATION][SERVER][INFO] Adding furnace recipe for <mujmajnkraftsbettersurvival:itemsilvernunchaku:*>
[POSTINITIALIZATION][SERVER][INFO] Adding furnace recipe for <mujmajnkraftsbettersurvival:itemcopperhammer:*>
[POSTINITIALIZATION][SERVER][INFO] Adding furnace recipe for <mujmajnkraftsbettersurvival:itemcopperbattleaxe:*>
[POSTINITIALIZATION][SERVER][INFO] Adding furnace recipe for <mujmajnkraftsbettersurvival:itemcopperdagger:*>
[POSTINITIALIZATION][SERVER][INFO] Adding furnace recipe for <mujmajnkraftsbettersurvival:itemcoppernunchaku:*>
[POSTINITIALIZATION][SERVER][INFO] Adding furnace recipe for <mujmajnkraftsbettersurvival:itembronzehammer:*>
[POSTINITIALIZATION][SERVER][INFO] Adding furnace recipe for <mujmajnkraftsbettersurvival:itembronzebattleaxe:*>
[POSTINITIALIZATION][SERVER][INFO] Adding furnace recipe for <mujmajnkraftsbettersurvival:itembronzedagger:*>
[POSTINITIALIZATION][SERVER][INFO] Adding furnace recipe for <mujmajnkraftsbettersurvival:itembronzenunchaku:*>
[POSTINITIALIZATION][SERVER][INFO] Adding furnace recipe for <mujmajnkraftsbettersurvival:itemsteelhammer:*>
[POSTINITIALIZATION][SERVER][INFO] Adding furnace recipe for <mujmajnkraftsbettersurvival:itemsteelbattleaxe:*>
[POSTINITIALIZATION][SERVER][INFO] Adding furnace recipe for <mujmajnkraftsbettersurvival:itemsteeldagger:*>
[POSTINITIALIZATION][SERVER][INFO] Adding furnace recipe for <mujmajnkraftsbettersurvival:itemsteelnunchaku:*>
[POSTINITIALIZATION][SERVER][INFO] Adding furnace recipe for <spartanweaponry:longsword_diamond:*>
[POSTINITIALIZATION][SERVER][INFO] Adding furnace recipe for <spartanweaponry:katana_diamond:*>
[POSTINITIALIZATION][SERVER][INFO] Adding furnace recipe for <spartanweaponry:saber_diamond:*>
[POSTINITIALIZATION][SERVER][INFO] Adding furnace recipe for <spartanweaponry:rapier_diamond:*>
[POSTINITIALIZATION][SERVER][INFO] Adding furnace recipe for <spartanweaponry:greatsword_diamond:*>
[POSTINITIALIZATION][SERVER][INFO] Adding furnace recipe for <spartanweaponry:hammer_diamond:*>
[POSTINITIALIZATION][SERVER][INFO] Adding furnace recipe for <spartanweaponry:warhammer_diamond:*>
[POSTINITIALIZATION][SERVER][INFO] Adding furnace recipe for <spartanweaponry:halberd_diamond:*>
[POSTINITIALIZATION][SERVER][INFO] Adding furnace recipe for <spartanweaponry:battleaxe_diamond:*>
[POSTINITIALIZATION][SERVER][INFO] Adding furnace recipe for <spartanweaponry:mace_diamond:*>
[POSTINITIALIZATION][SERVER][INFO] Adding furnace recipe for <spartanweaponry:glaive_diamond:*>
[POSTINITIALIZATION][SERVER][INFO] Adding furnace recipe for <spartanweaponry:staff_diamond:*>
[POSTINITIALIZATION][SERVER][INFO] Adding furnace recipe for <spartanweaponry:longsword_steel:*>
[POSTINITIALIZATION][SERVER][INFO] Adding furnace recipe for <spartanweaponry:katana_steel:*>
[POSTINITIALIZATION][SERVER][INFO] Adding furnace recipe for <spartanweaponry:saber_steel:*>
[POSTINITIALIZATION][SERVER][INFO] Adding furnace recipe for <spartanweaponry:rapier_steel:*>
[POSTINITIALIZATION][SERVER][INFO] Adding furnace recipe for <spartanweaponry:greatsword_steel:*>
[POSTINITIALIZATION][SERVER][INFO] Adding furnace recipe for <spartanweaponry:hammer_steel:*>
[POSTINITIALIZATION][SERVER][INFO] Adding furnace recipe for <spartanweaponry:warhammer_steel:*>
[POSTINITIALIZATION][SERVER][INFO] Adding furnace recipe for <spartanweaponry:halberd_steel:*>
[POSTINITIALIZATION][SERVER][INFO] Adding furnace recipe for <spartanweaponry:battleaxe_steel:*>
[POSTINITIALIZATION][SERVER][INFO] Adding furnace recipe for <spartanweaponry:mace_steel:*>
[POSTINITIALIZATION][SERVER][INFO] Adding furnace recipe for <spartanweaponry:glaive_steel:*>
[POSTINITIALIZATION][SERVER][INFO] Adding furnace recipe for <spartanweaponry:staff_steel:*>
[POSTINITIALIZATION][SERVER][INFO] Adding furnace recipe for <spartandefiled:longsword_umbrium:*>
[POSTINITIALIZATION][SERVER][INFO] Adding furnace recipe for <spartandefiled:katana_umbrium:*>
[POSTINITIALIZATION][SERVER][INFO] Adding furnace recipe for <spartandefiled:saber_umbrium:*>
[POSTINITIALIZATION][SERVER][INFO] Adding furnace recipe for <spartandefiled:rapier_umbrium:*>
[POSTINITIALIZATION][SERVER][INFO] Adding furnace recipe for <spartandefiled:greatsword_umbrium:*>
[POSTINITIALIZATION][SERVER][INFO] Adding furnace recipe for <spartandefiled:hammer_umbrium:*>
[POSTINITIALIZATION][SERVER][INFO] Adding furnace recipe for <spartandefiled:warhammer_umbrium:*>
[POSTINITIALIZATION][SERVER][INFO] Adding furnace recipe for <spartandefiled:halberd_umbrium:*>
[POSTINITIALIZATION][SERVER][INFO] Adding furnace recipe for <spartandefiled:battleaxe_umbrium:*>
[POSTINITIALIZATION][SERVER][INFO] Adding furnace recipe for <spartandefiled:mace_umbrium:*>
[POSTINITIALIZATION][SERVER][INFO] Adding furnace recipe for <spartandefiled:glaive_umbrium:*>
[POSTINITIALIZATION][SERVER][INFO] Adding furnace recipe for <spartandefiled:staff_umbrium:*>
[POSTINITIALIZATION][SERVER][INFO] Adding furnace recipe for <spartanweaponry:longsword_iron:*>
[POSTINITIALIZATION][SERVER][INFO] Adding furnace recipe for <spartanweaponry:katana_iron:*>
[POSTINITIALIZATION][SERVER][INFO] Adding furnace recipe for <spartanweaponry:saber_iron:*>
[POSTINITIALIZATION][SERVER][INFO] Adding furnace recipe for <spartanweaponry:rapier_iron:*>
[POSTINITIALIZATION][SERVER][INFO] Adding furnace recipe for <spartanweaponry:greatsword_iron:*>
[POSTINITIALIZATION][SERVER][INFO] Adding furnace recipe for <spartanweaponry:hammer_iron:*>
[POSTINITIALIZATION][SERVER][INFO] Adding furnace recipe for <spartanweaponry:warhammer_iron:*>
[POSTINITIALIZATION][SERVER][INFO] Adding furnace recipe for <spartanweaponry:halberd_iron:*>
[POSTINITIALIZATION][SERVER][INFO] Adding furnace recipe for <spartanweaponry:battleaxe_iron:*>
[POSTINITIALIZATION][SERVER][INFO] Adding furnace recipe for <spartanweaponry:mace_iron:*>
[POSTINITIALIZATION][SERVER][INFO] Adding furnace recipe for <spartanweaponry:glaive_iron:*>
[POSTINITIALIZATION][SERVER][INFO] Adding furnace recipe for <spartanweaponry:staff_iron:*>
[POSTINITIALIZATION][SERVER][INFO] Adding furnace recipe for <spartanweaponry:longsword_gold:*>
[POSTINITIALIZATION][SERVER][INFO] Adding furnace recipe for <spartanweaponry:katana_gold:*>
[POSTINITIALIZATION][SERVER][INFO] Adding furnace recipe for <spartanweaponry:saber_gold:*>
[POSTINITIALIZATION][SERVER][INFO] Adding furnace recipe for <spartanweaponry:rapier_gold:*>
[POSTINITIALIZATION][SERVER][INFO] Adding furnace recipe for <spartanweaponry:greatsword_gold:*>
[POSTINITIALIZATION][SERVER][INFO] Adding furnace recipe for <spartanweaponry:hammer_gold:*>
[POSTINITIALIZATION][SERVER][INFO] Adding furnace recipe for <spartanweaponry:warhammer_gold:*>
[POSTINITIALIZATION][SERVER][INFO] Adding furnace recipe for <spartanweaponry:halberd_gold:*>
[POSTINITIALIZATION][SERVER][INFO] Adding furnace recipe for <spartanweaponry:battleaxe_gold:*>
[POSTINITIALIZATION][SERVER][INFO] Adding furnace recipe for <spartanweaponry:mace_gold:*>
[POSTINITIALIZATION][SERVER][INFO] Adding furnace recipe for <spartanweaponry:glaive_gold:*>
[POSTINITIALIZATION][SERVER][INFO] Adding furnace recipe for <spartanweaponry:staff_gold:*>
[POSTINITIALIZATION][SERVER][INFO] Adding furnace recipe for <spartanweaponry:longsword_silver:*>
[POSTINITIALIZATION][SERVER][INFO] Adding furnace recipe for <spartanweaponry:katana_silver:*>
[POSTINITIALIZATION][SERVER][INFO] Adding furnace recipe for <spartanweaponry:saber_silver:*>
[POSTINITIALIZATION][SERVER][INFO] Adding furnace recipe for <spartanweaponry:rapier_silver:*>
[POSTINITIALIZATION][SERVER][INFO] Adding furnace recipe for <spartanweaponry:greatsword_silver:*>
[POSTINITIALIZATION][SERVER][INFO] Adding furnace recipe for <spartanweaponry:hammer_silver:*>
[POSTINITIALIZATION][SERVER][INFO] Adding furnace recipe for <spartanweaponry:warhammer_silver:*>
[POSTINITIALIZATION][SERVER][INFO] Adding furnace recipe for <spartanweaponry:halberd_silver:*>
[POSTINITIALIZATION][SERVER][INFO] Adding furnace recipe for <spartanweaponry:battleaxe_silver:*>
[POSTINITIALIZATION][SERVER][INFO] Adding furnace recipe for <spartanweaponry:mace_silver:*>
[POSTINITIALIZATION][SERVER][INFO] Adding furnace recipe for <spartanweaponry:glaive_silver:*>
[POSTINITIALIZATION][SERVER][INFO] Adding furnace recipe for <spartanweaponry:staff_silver:*>
[POSTINITIALIZATION][SERVER][INFO] Adding furnace recipe for <spartanweaponry:longsword_bronze:*>
[POSTINITIALIZATION][SERVER][INFO] Adding furnace recipe for <spartanweaponry:katana_bronze:*>
[POSTINITIALIZATION][SERVER][INFO] Adding furnace recipe for <spartanweaponry:saber_bronze:*>
[POSTINITIALIZATION][SERVER][INFO] Adding furnace recipe for <spartanweaponry:rapier_bronze:*>
[POSTINITIALIZATION][SERVER][INFO] Adding furnace recipe for <spartanweaponry:greatsword_bronze:*>
[POSTINITIALIZATION][SERVER][INFO] Adding furnace recipe for <spartanweaponry:hammer_bronze:*>
[POSTINITIALIZATION][SERVER][INFO] Adding furnace recipe for <spartanweaponry:warhammer_bronze:*>
[POSTINITIALIZATION][SERVER][INFO] Adding furnace recipe for <spartanweaponry:halberd_bronze:*>
[POSTINITIALIZATION][SERVER][INFO] Adding furnace recipe for <spartanweaponry:battleaxe_bronze:*>
[POSTINITIALIZATION][SERVER][INFO] Adding furnace recipe for <spartanweaponry:mace_bronze:*>
[POSTINITIALIZATION][SERVER][INFO] Adding furnace recipe for <spartanweaponry:glaive_bronze:*>
[POSTINITIALIZATION][SERVER][INFO] Adding furnace recipe for <spartanweaponry:staff_bronze:*>
[POSTINITIALIZATION][SERVER][INFO] Adding furnace recipe for <spartanweaponry:dagger_diamond:*>
[POSTINITIALIZATION][SERVER][INFO] Adding furnace recipe for <spartanweaponry:spear_diamond:*>
[POSTINITIALIZATION][SERVER][INFO] Adding furnace recipe for <spartanweaponry:pike_diamond:*>
[POSTINITIALIZATION][SERVER][INFO] Adding furnace recipe for <spartanweaponry:lance_diamond:*>
[POSTINITIALIZATION][SERVER][INFO] Adding furnace recipe for <spartandefiled:dagger_umbrium:*>
[POSTINITIALIZATION][SERVER][INFO] Adding furnace recipe for <spartandefiled:spear_umbrium:*>
[POSTINITIALIZATION][SERVER][INFO] Adding furnace recipe for <spartandefiled:pike_umbrium:*>
[POSTINITIALIZATION][SERVER][INFO] Adding furnace recipe for <spartandefiled:lance_umbrium:*>
[POSTINITIALIZATION][SERVER][INFO] Adding furnace recipe for <spartanweaponry:dagger_iron:*>
[POSTINITIALIZATION][SERVER][INFO] Adding furnace recipe for <spartanweaponry:spear_iron:*>
[POSTINITIALIZATION][SERVER][INFO] Adding furnace recipe for <spartanweaponry:pike_iron:*>
[POSTINITIALIZATION][SERVER][INFO] Adding furnace recipe for <spartanweaponry:lance_iron:*>
[POSTINITIALIZATION][SERVER][INFO] Adding furnace recipe for <spartanweaponry:dagger_gold:*>
[POSTINITIALIZATION][SERVER][INFO] Adding furnace recipe for <spartanweaponry:spear_gold:*>
[POSTINITIALIZATION][SERVER][INFO] Adding furnace recipe for <spartanweaponry:pike_gold:*>
[POSTINITIALIZATION][SERVER][INFO] Adding furnace recipe for <spartanweaponry:lance_gold:*>
[POSTINITIALIZATION][SERVER][INFO] Adding furnace recipe for <spartanweaponry:dagger_silver:*>
[POSTINITIALIZATION][SERVER][INFO] Adding furnace recipe for <spartanweaponry:spear_silver:*>
[POSTINITIALIZATION][SERVER][INFO] Adding furnace recipe for <spartanweaponry:pike_silver:*>
[POSTINITIALIZATION][SERVER][INFO] Adding furnace recipe for <spartanweaponry:lance_silver:*>
[POSTINITIALIZATION][SERVER][INFO] Adding furnace recipe for <spartanweaponry:dagger_bronze:*>
[POSTINITIALIZATION][SERVER][INFO] Adding furnace recipe for <spartanweaponry:spear_bronze:*>
[POSTINITIALIZATION][SERVER][INFO] Adding furnace recipe for <spartanweaponry:pike_bronze:*>
[POSTINITIALIZATION][SERVER][INFO] Adding furnace recipe for <spartanweaponry:lance_bronze:*>
[POSTINITIALIZATION][SERVER][INFO] Adding furnace recipe for <spartanweaponry:dagger_steel:*>
[POSTINITIALIZATION][SERVER][INFO] Adding furnace recipe for <spartanweaponry:spear_steel:*>
[POSTINITIALIZATION][SERVER][INFO] Adding furnace recipe for <spartanweaponry:pike_steel:*>
[POSTINITIALIZATION][SERVER][INFO] Adding furnace recipe for <spartanweaponry:lance_steel:*>
[POSTINITIALIZATION][SERVER][INFO] Adding furnace recipe for <defiledlands:umbrium_sword:*>
[POSTINITIALIZATION][SERVER][INFO] Adding furnace recipe for <defiledlands:umbrium_axe:*>
[POSTINITIALIZATION][SERVER][INFO] Adding furnace recipe for <defiledlands:umbrium_pickaxe:*>
[POSTINITIALIZATION][SERVER][INFO] Adding furnace recipe for <defiledlands:umbrium_hoe:*>
[POSTINITIALIZATION][SERVER][INFO] Adding furnace recipe for <defiledlands:umbrium_shovel:*>
[POSTINITIALIZATION][SERVER][INFO] Adding furnace recipe for <defiledlands:umbrium_helmet:*>
[POSTINITIALIZATION][SERVER][INFO] Adding furnace recipe for <defiledlands:umbrium_chestplate:*>
[POSTINITIALIZATION][SERVER][INFO] Adding furnace recipe for <defiledlands:umbrium_leggings:*>
[POSTINITIALIZATION][SERVER][INFO] Adding furnace recipe for <defiledlands:umbrium_boots:*>
[POSTINITIALIZATION][SERVER][INFO] Adding furnace recipe for <iceandfire:armor_silver_metal_helmet:*>
[POSTINITIALIZATION][SERVER][INFO] Adding furnace recipe for <iceandfire:armor_silver_metal_chestplate:*>
[POSTINITIALIZATION][SERVER][INFO] Adding furnace recipe for <iceandfire:armor_silver_metal_leggings:*>
[POSTINITIALIZATION][SERVER][INFO] Adding furnace recipe for <iceandfire:armor_silver_metal_boots:*>
[POSTINITIALIZATION][SERVER][INFO] Adding furnace recipe for <iceandfire:silver_sword:*>
[POSTINITIALIZATION][SERVER][INFO] Adding furnace recipe for <iceandfire:silver_axe:*>
[POSTINITIALIZATION][SERVER][INFO] Adding furnace recipe for <iceandfire:silver_pickaxe:*>
[POSTINITIALIZATION][SERVER][INFO] Adding furnace recipe for <iceandfire:silver_hoe:*>
[POSTINITIALIZATION][SERVER][INFO] Adding furnace recipe for <iceandfire:silver_shovel:*>
[POSTINITIALIZATION][SERVER][INFO] Adding furnace recipe for <spartanshields:shield_basic_iron:*>
[POSTINITIALIZATION][SERVER][INFO] Adding furnace recipe for <spartanshields:shield_basic_gold:*>
[POSTINITIALIZATION][SERVER][INFO] Adding furnace recipe for <spartanshields:shield_basic_diamond:*>
[POSTINITIALIZATION][SERVER][INFO] Adding furnace recipe for <spartanshields:shield_tower_iron:*>
[POSTINITIALIZATION][SERVER][INFO] Adding furnace recipe for <spartanshields:shield_tower_gold:*>
[POSTINITIALIZATION][SERVER][INFO] Adding furnace recipe for <spartanshields:shield_tower_diamond:*>
[POSTINITIALIZATION][SERVER][INFO] Adding furnace recipe for <spartanshields:shield_basic_bronze:*>
[POSTINITIALIZATION][SERVER][INFO] Adding furnace recipe for <spartanshields:shield_tower_bronze:*>
[POSTINITIALIZATION][SERVER][INFO] Adding furnace recipe for <spartanshields:shield_basic_steel:*>
[POSTINITIALIZATION][SERVER][INFO] Adding furnace recipe for <spartanshields:shield_tower_steel:*>
[POSTINITIALIZATION][SERVER][INFO] Adding furnace recipe for <spartanshields:shield_basic_silver:*>
[POSTINITIALIZATION][SERVER][INFO] Adding furnace recipe for <spartanshields:shield_tower_silver:*>
[POSTINITIALIZATION][SERVER][INFO] Adding furnace recipe for <wolfarmor:chainmail_wolf_armor:*>
[POSTINITIALIZATION][SERVER][INFO] Adding furnace recipe for <wolfarmor:iron_wolf_armor:*>
[POSTINITIALIZATION][SERVER][INFO] Adding furnace recipe for <wolfarmor:gold_wolf_armor:*>
[POSTINITIALIZATION][SERVER][INFO] Adding furnace recipe for <wolfarmor:diamond_wolf_armor:*>
[POSTINITIALIZATION][SERVER][INFO] Adding furnace recipe for <iceandfire:silver_ore:*>
[POSTINITIALIZATION][SERVER][INFO] Adding furnace recipe for <iceandfire:sapphire_ore:*>
[POSTINITIALIZATION][SERVER][INFO] Adding furnace recipe for <aquaculture:loot:2>
[POSTINITIALIZATION][SERVER][INFO] Adding furnace recipe for <aquaculture:food:1>
[POSTINITIALIZATION][SERVER][INFO] Adding furnace recipe for <contenttweaker:steel_alloy>
[POSTINITIALIZATION][SERVER][INFO] Adding furnace recipe for <rustic:dust_tiny_iron>
[POSTINITIALIZATION][SERVER][INFO] Adding furnace recipe for <quark:tallow>
[POSTINITIALIZATION][SERVER][INFO] Adding furnace recipe for <lycanitesmobs:veswax>
[POSTINITIALIZATION][SERVER][INFO] Adding furnace recipe for <iceandfire:myrmex_desert_resin_block>
[POSTINITIALIZATION][SERVER][INFO] Adding furnace recipe for <iceandfire:myrmex_jungle_resin_block>
[POSTINITIALIZATION][SERVER][INFO] Adding furnace recipe for <locks:iron_lock:*>
[POSTINITIALIZATION][SERVER][INFO] Adding furnace recipe for <locks:steel_lock:*>
[POSTINITIALIZATION][SERVER][INFO] Adding furnace recipe for <locks:gold_lock:*>
[POSTINITIALIZATION][SERVER][INFO] Adding furnace recipe for <locks:diamond_lock:*>
[POSTINITIALIZATION][SERVER][INFO] Adding furnace recipe for <betternether:cincinnasite_ore>
[POSTINITIALIZATION][SERVER][INFO] Adding furnace recipe for <scalinghealth:crystalore>
[POSTINITIALIZATION][SERVER][INFO] Adding furnace recipe for <spartandefiled:longbow_umbrium:*>
[POSTINITIALIZATION][SERVER][INFO] Adding furnace recipe for <spartandefiled:crossbow_umbrium:*>
[POSTINITIALIZATION][SERVER][INFO] Adding furnace recipe for <spartanweaponry:longbow_iron:*>
[POSTINITIALIZATION][SERVER][INFO] Adding furnace recipe for <spartanweaponry:crossbow_iron:*>
[POSTINITIALIZATION][SERVER][INFO] Adding furnace recipe for <spartanweaponry:longbow_diamond:*>
[POSTINITIALIZATION][SERVER][INFO] Adding furnace recipe for <spartanweaponry:crossbow_diamond:*>
[POSTINITIALIZATION][SERVER][INFO] Adding furnace recipe for <spartanweaponry:longbow_silver:*>
[POSTINITIALIZATION][SERVER][INFO] Adding furnace recipe for <spartanweaponry:crossbow_silver:*>
[POSTINITIALIZATION][SERVER][INFO] Adding furnace recipe for <spartanweaponry:longbow_steel:*>
[POSTINITIALIZATION][SERVER][INFO] Adding furnace recipe for <spartanweaponry:crossbow_steel:*>
[POSTINITIALIZATION][SERVER][INFO] Adding furnace recipe for <spartanweaponry:longbow_bronze:*>
[POSTINITIALIZATION][SERVER][INFO] Adding furnace recipe for <spartanweaponry:crossbow_bronze:*>
[POSTINITIALIZATION][SERVER][INFO] Adding furnace recipe for <spartanweaponry:longbow_copper:*>
[POSTINITIALIZATION][SERVER][INFO] Adding furnace recipe for <spartanweaponry:crossbow_copper:*>
[POSTINITIALIZATION][SERVER][INFO] Adding furnace recipe for <spartandefiled:scythe_umbrium:*>
[POSTINITIALIZATION][SERVER][INFO] Adding furnace recipe for <spartanweaponry:scythe_iron:*>
[POSTINITIALIZATION][SERVER][INFO] Adding furnace recipe for <spartanweaponry:scythe_gold:*>
[POSTINITIALIZATION][SERVER][INFO] Adding furnace recipe for <spartanweaponry:scythe_diamond:*>
[POSTINITIALIZATION][SERVER][INFO] Adding furnace recipe for <spartanweaponry:scythe_silver:*>
[POSTINITIALIZATION][SERVER][INFO] Adding furnace recipe for <spartanweaponry:scythe_steel:*>
[POSTINITIALIZATION][SERVER][INFO] Adding furnace recipe for <spartanweaponry:scythe_bronze:*>
[POSTINITIALIZATION][SERVER][INFO] Adding furnace recipe for <spartanweaponry:scythe_copper:*>
[POSTINITIALIZATION][SERVER][INFO] Adding furnace recipe for <mujmajnkraftsbettersurvival:itemcopperhammer:*>
[POSTINITIALIZATION][SERVER][INFO] Adding furnace recipe for <mujmajnkraftsbettersurvival:itemcopperbattleaxe:*>
[POSTINITIALIZATION][SERVER][INFO] Adding furnace recipe for <mujmajnkraftsbettersurvival:itemcopperdagger:*>
[POSTINITIALIZATION][SERVER][INFO] Adding furnace recipe for <mujmajnkraftsbettersurvival:itemcoppernunchaku:*>
[POSTINITIALIZATION][SERVER][INFO] Adding furnace recipe for <spartanweaponry:longsword_copper:*>
[POSTINITIALIZATION][SERVER][INFO] Adding furnace recipe for <spartanweaponry:katana_copper:*>
[POSTINITIALIZATION][SERVER][INFO] Adding furnace recipe for <spartanweaponry:saber_copper:*>
[POSTINITIALIZATION][SERVER][INFO] Adding furnace recipe for <spartanweaponry:rapier_copper:*>
[POSTINITIALIZATION][SERVER][INFO] Adding furnace recipe for <spartanweaponry:greatsword_copper:*>
[POSTINITIALIZATION][SERVER][INFO] Adding furnace recipe for <spartanweaponry:hammer_copper:*>
[POSTINITIALIZATION][SERVER][INFO] Adding furnace recipe for <spartanweaponry:warhammer_copper:*>
[POSTINITIALIZATION][SERVER][INFO] Adding furnace recipe for <spartanweaponry:halberd_copper:*>
[POSTINITIALIZATION][SERVER][INFO] Adding furnace recipe for <spartanweaponry:battleaxe_copper:*>
[POSTINITIALIZATION][SERVER][INFO] Adding furnace recipe for <spartanweaponry:mace_copper:*>
[POSTINITIALIZATION][SERVER][INFO] Adding furnace recipe for <spartanweaponry:glaive_copper:*>
[POSTINITIALIZATION][SERVER][INFO] Adding furnace recipe for <spartanweaponry:staff_copper:*>
[POSTINITIALIZATION][SERVER][INFO] Adding furnace recipe for <spartanweaponry:dagger_copper:*>
[POSTINITIALIZATION][SERVER][INFO] Adding furnace recipe for <spartanweaponry:spear_copper:*>
[POSTINITIALIZATION][SERVER][INFO] Adding furnace recipe for <spartanweaponry:pike_copper:*>
[POSTINITIALIZATION][SERVER][INFO] Adding furnace recipe for <spartanweaponry:lance_copper:*>
[POSTINITIALIZATION][SERVER][INFO] Adding furnace recipe for <spartanshields:shield_basic_copper:*>
[POSTINITIALIZATION][SERVER][INFO] Adding furnace recipe for <spartanshields:shield_tower_copper:*>
[POSTINITIALIZATION][SERVER][INFO] Adding furnace recipe for <rlmixins:steel_helmet:*>
[POSTINITIALIZATION][SERVER][INFO] Adding furnace recipe for <rlmixins:steel_chestplate:*>
[POSTINITIALIZATION][SERVER][INFO] Adding furnace recipe for <rlmixins:steel_leggings:*>
[POSTINITIALIZATION][SERVER][INFO] Adding furnace recipe for <rlmixins:steel_boots:*>
[POSTINITIALIZATION][SERVER][INFO] Adding furnace recipe for <contenttweaker:cobbled_deepslate>
[POSTINITIALIZATION][SERVER][INFO] Adding furnace recipe for <contenttweaker:deepslate_bricks>
[POSTINITIALIZATION][SERVER][INFO] Adding furnace recipe for <contenttweaker:deepslate_tiles>
[POSTINITIALIZATION][SERVER][INFO] Adding furnace recipe for <contenttweaker:deepslate_coal_ore>
[POSTINITIALIZATION][SERVER][INFO] Adding furnace recipe for <contenttweaker:deepslate_redstone_ore>
[POSTINITIALIZATION][SERVER][INFO] Adding furnace recipe for <contenttweaker:deepslate_lapis_ore>
[POSTINITIALIZATION][SERVER][INFO] Adding furnace recipe for <contenttweaker:deepslate_emerald_ore>
[POSTINITIALIZATION][SERVER][INFO] Adding furnace recipe for <contenttweaker:deepslate_diamond_ore>
[POSTINITIALIZATION][SERVER][INFO] Adding furnace recipe for <contenttweaker:deepslate_crystal_ore>
[POSTINITIALIZATION][SERVER][INFO] Adding furnace recipe for <contenttweaker:deepslate_copper_ore>
[POSTINITIALIZATION][SERVER][INFO] Adding furnace recipe for <contenttweaker:deepslate_silver_ore>
[POSTINITIALIZATION][SERVER][INFO] Adding furnace recipe for <contenttweaker:deepslate_gold_ore>
[POSTINITIALIZATION][SERVER][INFO] Adding furnace recipe for <contenttweaker:deepslate_iron_ore>
[POSTINITIALIZATION][SERVER][INFO] Adding furnace recipe for <contenttweaker:deepslate_lead_ore>
[POSTINITIALIZATION][SERVER][INFO] Adding furnace recipe for <contenttweaker:deepslate_thorium_ore>
[POSTINITIALIZATION][SERVER][INFO] Adding furnace recipe for <contenttweaker:deepslate_uranium_ore>
[POSTINITIALIZATION][SERVER][INFO] Adding furnace recipe for <contenttweaker:deepslate_boron_ore>
[POSTINITIALIZATION][SERVER][INFO] Adding furnace recipe for <contenttweaker:deepslate_lithium_ore>
[AVAILABLE][SERVER][INFO] Fixing Vanilla Brewing Recipes
[AVAILABLE][SERVER][INFO] Removing Brewing Recipes for input: <minecraft:potion>.withTag({Potion: "minecraft:slowness"}), ingredient: <mod_lavacow:parasite_item>
[AVAILABLE][SERVER][INFO] Removing Brewing Recipes for input: <minecraft:potion>.withTag({Potion: "minecraft:slowness"}), ingredient: <mod_lavacow:parasite_item:1>
[AVAILABLE][SERVER][INFO] Removing Brewing Recipes for input: <minecraft:potion>.withTag({Potion: "minecraft:slowness"}), ingredient: <mod_lavacow:parasite_item:2>
[AVAILABLE][SERVER][INFO] Removing Brewing Recipes for input: <minecraft:potion>.withTag({Potion: "mod_lavacow:infestation"}), ingredient: <minecraft:glowstone_dust>
[AVAILABLE][SERVER][INFO] Removing Brewing Recipes for input: <minecraft:potion>.withTag({Potion: "mod_lavacow:infestation"}), ingredient: <minecraft:redstone>
[AVAILABLE][SERVER][INFO] Removing Brewing Recipes for input: <minecraft:potion>.withTag({Potion: "minecraft:long_slowness"}), ingredient: <mod_lavacow:parasite_item>
[AVAILABLE][SERVER][INFO] Removing Brewing Recipes for input: <minecraft:potion>.withTag({Potion: "minecraft:long_slowness"}), ingredient: <mod_lavacow:parasite_item:1>
[AVAILABLE][SERVER][INFO] Removing Brewing Recipes for input: <minecraft:potion>.withTag({Potion: "minecraft:long_slowness"}), ingredient: <mod_lavacow:parasite_item:2>
[AVAILABLE][SERVER][INFO] Removing Brewing Recipes for input: <minecraft:potion>.withTag({Potion: "mod_lavacow:infestation"}), ingredient: <minecraft:gunpowder>
[AVAILABLE][SERVER][INFO] Removing Brewing Recipes for input: <minecraft:splash_potion>.withTag({Potion: "minecraft:slowness"}), ingredient: <mod_lavacow:parasite_item>
[AVAILABLE][SERVER][INFO] Removing Brewing Recipes for input: <minecraft:splash_potion>.withTag({Potion: "minecraft:slowness"}), ingredient: <mod_lavacow:parasite_item:1>
[AVAILABLE][SERVER][INFO] Removing Brewing Recipes for input: <minecraft:splash_potion>.withTag({Potion: "minecraft:slowness"}), ingredient: <mod_lavacow:parasite_item:2>
[AVAILABLE][SERVER][INFO] Removing Brewing Recipes for input: <minecraft:potion>.withTag({Potion: "mod_lavacow:strong_infestation"}), ingredient: <minecraft:glowstone_dust>
[AVAILABLE][SERVER][INFO] Removing Brewing Recipes for input: <minecraft:potion>.withTag({Potion: "mod_lavacow:strong_infestation"}), ingredient: <minecraft:gunpowder>
[AVAILABLE][SERVER][INFO] Removing Brewing Recipes for input: <minecraft:splash_potion>.withTag({Potion: "mod_lavacow:infestation"}), ingredient: <minecraft:redstone>
[AVAILABLE][SERVER][INFO] Removing Brewing Recipes for input: <minecraft:splash_potion>.withTag({Potion: "minecraft:long_slowness"}), ingredient: <mod_lavacow:parasite_item>
[AVAILABLE][SERVER][INFO] Removing Brewing Recipes for input: <minecraft:splash_potion>.withTag({Potion: "minecraft:long_slowness"}), ingredient: <mod_lavacow:parasite_item:1>
[AVAILABLE][SERVER][INFO] Removing Brewing Recipes for input: <minecraft:splash_potion>.withTag({Potion: "minecraft:long_slowness"}), ingredient: <mod_lavacow:parasite_item:2>
[AVAILABLE][SERVER][INFO] Removing Brewing Recipes for input: <minecraft:splash_potion>.withTag({Potion: "mod_lavacow:infestation"}), ingredient: <minecraft:dragon_breath>
[AVAILABLE][SERVER][INFO] Removing Brewing Recipes for input: <minecraft:lingering_potion>.withTag({Potion: "minecraft:long_slowness"}), ingredient: <mod_lavacow:parasite_item>
[AVAILABLE][SERVER][INFO] Removing Brewing Recipes for input: <minecraft:lingering_potion>.withTag({Potion: "minecraft:long_slowness"}), ingredient: <mod_lavacow:parasite_item:1>
[AVAILABLE][SERVER][INFO] Removing Brewing Recipes for input: <minecraft:lingering_potion>.withTag({Potion: "minecraft:long_slowness"}), ingredient: <mod_lavacow:parasite_item:2>
[AVAILABLE][SERVER][INFO] Removing Brewing Recipes for input: <minecraft:splash_potion>.withTag({Potion: "mod_lavacow:long_infestation"}), ingredient: <minecraft:dragon_breath>
[AVAILABLE][SERVER][INFO] Removing Brewing Recipes for input: <minecraft:lingering_potion>.withTag({Potion: "mod_lavacow:infestation"}), ingredient: <minecraft:redstone>
[AVAILABLE][SERVER][INFO] Removing Brewing Recipes for input: <minecraft:lingering_potion>.withTag({Potion: "mod_lavacow:infestation"}), ingredient: <minecraft:glowstone_dust>
[AVAILABLE][SERVER][INFO] Removing Brewing Recipes for input: <minecraft:lingering_potion>.withTag({Potion: "minecraft:slowness"}), ingredient: <mod_lavacow:parasite_item>
[AVAILABLE][SERVER][INFO] Removing Brewing Recipes for input: <minecraft:lingering_potion>.withTag({Potion: "minecraft:slowness"}), ingredient: <mod_lavacow:parasite_item:1>
[AVAILABLE][SERVER][INFO] Removing Brewing Recipes for input: <minecraft:lingering_potion>.withTag({Potion: "minecraft:slowness"}), ingredient: <mod_lavacow:parasite_item:2>
[AVAILABLE][SERVER][INFO] Removing brewing recipes for ingredient: <minecraft:potion>.withTag({Potion: "mod_lavacow:strong_fragile"})
[AVAILABLE][SERVER][INFO] Removing brewing recipes for ingredient: <mod_lavacow:potion_of_mooten_lava>
[AVAILABLE][SERVER][INFO] Removing Brewing Recipes for input: <minecraft:potion>.withTag({Potion: "minecraft:awkward"}), ingredient: <mod_lavacow:hatred_shard>
[AVAILABLE][SERVER][INFO] Removing Brewing Recipes for input: <minecraft:potion>.withTag({Potion: "mod_lavacow:fragile"}), ingredient: <minecraft:glowstone>
[AVAILABLE][SERVER][INFO] Removing Brewing Recipes for input: <minecraft:potion>.withTag({Potion: "mod_lavacow:fragile"}), ingredient: <minecraft:gunpowder>
[AVAILABLE][SERVER][INFO] Removing Brewing Recipes for input: <minecraft:splash_potion>.withTag({Potion: "minecraft:awkward"}), ingredient: <mod_lavacow:hatred_shard>
[AVAILABLE][SERVER][INFO] Removing Brewing Recipes for input: <minecraft:potion>.withTag({Potion: "mod_lavacow:fragile"}), ingredient: <minecraft:gunpowder>
[AVAILABLE][SERVER][INFO] Removing Brewing Recipes for input: <minecraft:splash_potion>.withTag({Potion: "mod_lavacow:fragile"}), ingredient: <minecraft:glowstone>
[AVAILABLE][SERVER][INFO] Removing Brewing Recipes for input: <minecraft:potion>.withTag({Potion: "mod_lavacow:strong_fragile"}), ingredient: <minecraft:gunpowder>
[AVAILABLE][SERVER][INFO] Removing Brewing Recipes for input: <minecraft:splash_potion>.withTag({Potion: "mod_lavacow:fragile"}), ingredient: <minecraft:redstone>
[AVAILABLE][SERVER][INFO] Removing Brewing Recipes for input: <minecraft:potion>.withTag({Potion: "mod_lavacow:long_fragile"}), ingredient: <minecraft:gunpowder>
[AVAILABLE][SERVER][INFO] Removing Brewing Recipes for input: <minecraft:lingering_potion>.withTag({Potion: "minecraft:awkward"}), ingredient: <mod_lavacow:hatred_shard>
[AVAILABLE][SERVER][INFO] Removing Brewing Recipes for input: <minecraft:splash_potion>.withTag({Potion: "mod_lavacow:fragile"}), ingredient: <minecraft:dragon_breath>
[AVAILABLE][SERVER][INFO] Removing Brewing Recipes for input: <minecraft:lingering_potion>.withTag({Potion: "mod_lavacow:fragile"}), ingredient: <minecraft:glowstone>
[AVAILABLE][SERVER][INFO] Removing Brewing Recipes for input: <minecraft:splash_potion>.withTag({Potion: "mod_lavacow:strong_fragile"}), ingredient: <minecraft:dragon_breath>
[AVAILABLE][SERVER][INFO] Removing Brewing Recipes for input: <minecraft:lingering_potion>.withTag({Potion: "mod_lavacow:fragile"}), ingredient: <minecraft:redstone>
[AVAILABLE][SERVER][INFO] Removing Brewing Recipes for input: <minecraft:splash_potion>.withTag({Potion: "mod_lavacow:long_fragile"}), ingredient: <minecraft:dragon_breath>
[AVAILABLE][SERVER][INFO] Removing Brewing Recipes for input: <minecraft:potion>.withTag({Potion: "minecraft:water"}), ingredient: <minecraft:glowstone_dust>
[AVAILABLE][SERVER][INFO] Removing Brewing Recipes for input: <minecraft:splash_potion>.withTag({Potion: "minecraft:water"}), ingredient: <minecraft:glowstone_dust>
[AVAILABLE][SERVER][INFO] Removing Brewing Recipes for input: <minecraft:lingering_potion>.withTag({Potion: "minecraft:water"}), ingredient: <minecraft:glowstone_dust>
[AVAILABLE][SERVER][INFO] Removing Brewing Recipes for input: <minecraft:potion>.withTag({Potion: "minecraft:water"}), ingredient: <minecraft:redstone>
[AVAILABLE][SERVER][INFO] Removing Brewing Recipes for input: <minecraft:splash_potion>.withTag({Potion: "minecraft:water"}), ingredient: <minecraft:redstone>
[AVAILABLE][SERVER][INFO] Removing Brewing Recipes for input: <minecraft:lingering_potion>.withTag({Potion: "minecraft:water"}), ingredient: <minecraft:redstone>
[AVAILABLE][SERVER][INFO] Removing Brewing Recipes for input: <minecraft:potion>.withTag({Potion: "mujmajnkraftsbettersurvival:milk"}), ingredient: <minecraft:golden_apple>
[AVAILABLE][SERVER][INFO] Removing Brewing Recipes for input: <minecraft:potion>.withTag({Potion: "mujmajnkraftsbettersurvival:milk"}), ingredient: <minecraft:fermented_spider_eye>
[AVAILABLE][SERVER][INFO] Removing Brewing Recipes for input: <minecraft:potion>.withTag({Potion: "minecraft:awkward"}), ingredient: <simpledifficulty:ice_chunk>
[AVAILABLE][SERVER][INFO] Removing Brewing Recipes for input: <minecraft:potion>.withTag({Potion: "minecraft:awkward"}), ingredient: <simpledifficulty:magma_chunk>
[AVAILABLE][SERVER][INFO] Removing Brewing Recipes for input: <minecraft:splash_potion>.withTag({Potion: "minecraft:awkward"}), ingredient: <simpledifficulty:ice_chunk>
[AVAILABLE][SERVER][INFO] Removing Brewing Recipes for input: <minecraft:splash_potion>.withTag({Potion: "minecraft:awkward"}), ingredient: <simpledifficulty:magma_chunk>
[AVAILABLE][SERVER][INFO] Removing Brewing Recipes for input: <minecraft:lingering_potion>.withTag({Potion: "minecraft:awkward"}), ingredient: <simpledifficulty:ice_chunk>
[AVAILABLE][SERVER][INFO] Removing Brewing Recipes for input: <minecraft:lingering_potion>.withTag({Potion: "minecraft:awkward"}), ingredient: <simpledifficulty:magma_chunk>
[AVAILABLE][SERVER][INFO] Removing Brewing Recipes for input: <minecraft:potion>.withTag({Potion: "xat:sparkling"}), ingredient: <minecraft:snow>
[AVAILABLE][SERVER][INFO] Removing Brewing Recipes for input: <minecraft:splash_potion>.withTag({Potion: "xat:sparkling"}), ingredient: <minecraft:snow>
[AVAILABLE][SERVER][INFO] Removing Brewing Recipes for input: <minecraft:lingering_potion>.withTag({Potion: "xat:sparkling"}), ingredient: <minecraft:snow>
[AVAILABLE][SERVER][INFO] Adding brewing recipe for <minecraft:potion>.withTag({Potion: "xat:ice_resistance"}), Registry size now: 92
[AVAILABLE][SERVER][INFO] Adding brewing recipe for <minecraft:potion>.withTag({Potion: "xat:extended_ice_resistance"}), Registry size now: 93
[AVAILABLE][SERVER][INFO] Adding brewing recipe for <minecraft:splash_potion>.withTag({Potion: "xat:ice_resistance"}), Registry size now: 94
[AVAILABLE][SERVER][INFO] Adding brewing recipe for <minecraft:splash_potion>.withTag({Potion: "xat:extended_ice_resistance"}), Registry size now: 95
[AVAILABLE][SERVER][INFO] Adding brewing recipe for <minecraft:lingering_potion>.withTag({Potion: "xat:ice_resistance"}), Registry size now: 96
[AVAILABLE][SERVER][INFO] Adding brewing recipe for <minecraft:lingering_potion>.withTag({Potion: "xat:extended_ice_resistance"}), Registry size now: 97
[AVAILABLE][SERVER][INFO] Adding brewing recipe for <bountifulbaubles:potionrecall>, Registry size now: 98
[AVAILABLE][SERVER][INFO] Adding brewing recipe for <bountifulbaubles:potionwormhole>, Registry size now: 99
[AVAILABLE][SERVER][INFO] Adding brewing recipe for <minecraft:potion>.withTag({Potion: "minecraft:thick"}), Registry size now: 100
[AVAILABLE][SERVER][INFO] Adding brewing recipe for <minecraft:potion>.withTag({Potion: "potioncore:health_boost"}), Registry size now: 101
[AVAILABLE][SERVER][INFO] Adding brewing recipe for <minecraft:potion>.withTag({Potion: "potioncore:strong_health_boost"}), Registry size now: 102
[AVAILABLE][SERVER][INFO] Adding brewing recipe for <minecraft:potion>.withTag({Potion: "potioncore:long_health_boost"}), Registry size now: 103
[AVAILABLE][SERVER][INFO] Adding brewing recipe for <minecraft:splash_potion>.withTag({Potion: "potioncore:health_boost"}), Registry size now: 104
[AVAILABLE][SERVER][INFO] Adding brewing recipe for <minecraft:splash_potion>.withTag({Potion: "potioncore:strong_health_boost"}), Registry size now: 105
[AVAILABLE][SERVER][INFO] Adding brewing recipe for <minecraft:splash_potion>.withTag({Potion: "potioncore:long_health_boost"}), Registry size now: 106
[AVAILABLE][SERVER][INFO] Adding brewing recipe for <minecraft:lingering_potion>.withTag({Potion: "potioncore:health_boost"}), Registry size now: 107
[AVAILABLE][SERVER][INFO] Adding brewing recipe for <minecraft:lingering_potion>.withTag({Potion: "potioncore:strong_health_boost"}), Registry size now: 108
[AVAILABLE][SERVER][INFO] Adding brewing recipe for <minecraft:lingering_potion>.withTag({Potion: "potioncore:long_health_boost"}), Registry size now: 109
[AVAILABLE][SERVER][INFO] Adding brewing recipe for <minecraft:potion>.withTag({Potion: "potioncore:levitation"}), Registry size now: 110
[AVAILABLE][SERVER][INFO] Adding brewing recipe for <minecraft:potion>.withTag({Potion: "potioncore:strong_levitation"}), Registry size now: 111
[AVAILABLE][SERVER][INFO] Adding brewing recipe for <minecraft:splash_potion>.withTag({Potion: "potioncore:levitation"}), Registry size now: 112
[AVAILABLE][SERVER][INFO] Adding brewing recipe for <minecraft:splash_potion>.withTag({Potion: "potioncore:strong_levitation"}), Registry size now: 113
[AVAILABLE][SERVER][INFO] Adding brewing recipe for <minecraft:lingering_potion>.withTag({Potion: "potioncore:levitation"}), Registry size now: 114
[AVAILABLE][SERVER][INFO] Adding brewing recipe for <minecraft:lingering_potion>.withTag({Potion: "potioncore:strong_levitation"}), Registry size now: 115
[AVAILABLE][SERVER][INFO] Adding brewing recipe for <minecraft:potion>.withTag({Potion: "potioncore:slow_fall"}), Registry size now: 116
[AVAILABLE][SERVER][INFO] Adding brewing recipe for <minecraft:potion>.withTag({Potion: "potioncore:strong_slow_fall"}), Registry size now: 117
[AVAILABLE][SERVER][INFO] Adding brewing recipe for <minecraft:splash_potion>.withTag({Potion: "potioncore:slow_fall"}), Registry size now: 118
[AVAILABLE][SERVER][INFO] Adding brewing recipe for <minecraft:splash_potion>.withTag({Potion: "potioncore:strong_slow_fall"}), Registry size now: 119
[AVAILABLE][SERVER][INFO] Adding brewing recipe for <minecraft:lingering_potion>.withTag({Potion: "potioncore:slow_fall"}), Registry size now: 120
[AVAILABLE][SERVER][INFO] Adding brewing recipe for <minecraft:lingering_potion>.withTag({Potion: "potioncore:strong_slow_fall"}), Registry size now: 121
[AVAILABLE][SERVER][INFO] Removing Brewing Recipes for input: <minecraft:potion>.withTag({Potion: "potioncore:revival"}), ingredient: <minecraft:gunpowder>
[AVAILABLE][SERVER][INFO] Removing Brewing Recipes for input: <minecraft:splash_potion>.withTag({Potion: "potioncore:revival"}), ingredient: <minecraft:dragon_breath>
[AVAILABLE][SERVER][INFO] Adding brewing recipe for <minecraft:potion>.withTag({Potion: "potioncore:flight"}), Registry size now: 122
[AVAILABLE][SERVER][INFO] Adding brewing recipe for <minecraft:splash_potion>.withTag({Potion: "potioncore:flight"}), Registry size now: 123
[AVAILABLE][SERVER][INFO] Adding brewing recipe for <minecraft:lingering_potion>.withTag({Potion: "potioncore:flight"}), Registry size now: 124
[AVAILABLE][SERVER][INFO] Adding brewing recipe for <minecraft:potion>.withTag({Potion: "potioncore:repair"}), Registry size now: 125
[AVAILABLE][SERVER][INFO] Adding brewing recipe for <minecraft:potion>.withTag({Potion: "potioncore:strong_repair"}), Registry size now: 126
[AVAILABLE][SERVER][INFO] Adding brewing recipe for <minecraft:potion>.withTag({Potion: "potioncore:long_repair"}), Registry size now: 127
[AVAILABLE][SERVER][INFO] Adding brewing recipe for <minecraft:splash_potion>.withTag({Potion: "potioncore:repair"}), Registry size now: 128
[AVAILABLE][SERVER][INFO] Adding brewing recipe for <minecraft:splash_potion>.withTag({Potion: "potioncore:strong_repair"}), Registry size now: 129
[AVAILABLE][SERVER][INFO] Adding brewing recipe for <minecraft:splash_potion>.withTag({Potion: "potioncore:long_repair"}), Registry size now: 130
[AVAILABLE][SERVER][INFO] Adding brewing recipe for <minecraft:lingering_potion>.withTag({Potion: "potioncore:repair"}), Registry size now: 131
[AVAILABLE][SERVER][INFO] Adding brewing recipe for <minecraft:lingering_potion>.withTag({Potion: "potioncore:strong_repair"}), Registry size now: 132
[AVAILABLE][SERVER][INFO] Adding brewing recipe for <minecraft:lingering_potion>.withTag({Potion: "potioncore:long_repair"}), Registry size now: 133
[AVAILABLE][SERVER][INFO] Adding brewing recipe for <minecraft:potion>.withTag({Potion: "potioncore:launch"}), Registry size now: 134
[AVAILABLE][SERVER][INFO] Adding brewing recipe for <minecraft:potion>.withTag({Potion: "potioncore:strong_launch"}), Registry size now: 135
[AVAILABLE][SERVER][INFO] Adding brewing recipe for <minecraft:splash_potion>.withTag({Potion: "potioncore:launch"}), Registry size now: 136
[AVAILABLE][SERVER][INFO] Adding brewing recipe for <minecraft:splash_potion>.withTag({Potion: "potioncore:strong_launch"}), Registry size now: 137
[AVAILABLE][SERVER][INFO] Adding brewing recipe for <minecraft:lingering_potion>.withTag({Potion: "potioncore:launch"}), Registry size now: 138
[AVAILABLE][SERVER][INFO] Adding brewing recipe for <minecraft:lingering_potion>.withTag({Potion: "potioncore:strong_launch"}), Registry size now: 139
[AVAILABLE][SERVER][INFO] Adding brewing recipe for <minecraft:potion>.withTag({Potion: "potioncore:explode"}), Registry size now: 140
[AVAILABLE][SERVER][INFO] Adding brewing recipe for <minecraft:potion>.withTag({Potion: "potioncore:strong_explode"}), Registry size now: 141
[AVAILABLE][SERVER][INFO] Adding brewing recipe for <minecraft:splash_potion>.withTag({Potion: "potioncore:explode"}), Registry size now: 142
[AVAILABLE][SERVER][INFO] Adding brewing recipe for <minecraft:splash_potion>.withTag({Potion: "potioncore:strong_explode"}), Registry size now: 143
[AVAILABLE][SERVER][INFO] Adding brewing recipe for <minecraft:lingering_potion>.withTag({Potion: "potioncore:explode"}), Registry size now: 144
[AVAILABLE][SERVER][INFO] Adding brewing recipe for <minecraft:lingering_potion>.withTag({Potion: "potioncore:strong_explode"}), Registry size now: 145
[AVAILABLE][SERVER][INFO] Adding brewing recipe for <minecraft:potion>.withTag({Potion: "potioncore:lightning"}), Registry size now: 146
[AVAILABLE][SERVER][INFO] Adding brewing recipe for <minecraft:splash_potion>.withTag({Potion: "potioncore:lightning"}), Registry size now: 147
[AVAILABLE][SERVER][INFO] Adding brewing recipe for <minecraft:lingering_potion>.withTag({Potion: "potioncore:lightning"}), Registry size now: 148
[AVAILABLE][SERVER][INFO] Adding brewing recipe for <minecraft:potion>.withTag({Potion: "potioncore:fire"}), Registry size now: 149
[AVAILABLE][SERVER][INFO] Adding brewing recipe for <minecraft:potion>.withTag({Potion: "potioncore:strong_fire"}), Registry size now: 150
[AVAILABLE][SERVER][INFO] Adding brewing recipe for <minecraft:splash_potion>.withTag({Potion: "potioncore:fire"}), Registry size now: 151
[AVAILABLE][SERVER][INFO] Adding brewing recipe for <minecraft:splash_potion>.withTag({Potion: "potioncore:strong_fire"}), Registry size now: 152
[AVAILABLE][SERVER][INFO] Adding brewing recipe for <minecraft:lingering_potion>.withTag({Potion: "potioncore:fire"}), Registry size now: 153
[AVAILABLE][SERVER][INFO] Adding brewing recipe for <minecraft:lingering_potion>.withTag({Potion: "potioncore:strong_fire"}), Registry size now: 154
[AVAILABLE][SERVER][INFO] Adding brewing recipe for <minecraft:potion>.withTag({Potion: "potioncore:iron_skin"}), Registry size now: 155
[AVAILABLE][SERVER][INFO] Adding brewing recipe for <minecraft:potion>.withTag({Potion: "potioncore:strong_iron_skin"}), Registry size now: 156
[AVAILABLE][SERVER][INFO] Adding brewing recipe for <minecraft:potion>.withTag({Potion: "potioncore:long_iron_skin"}), Registry size now: 157
[AVAILABLE][SERVER][INFO] Adding brewing recipe for <minecraft:splash_potion>.withTag({Potion: "potioncore:iron_skin"}), Registry size now: 158
[AVAILABLE][SERVER][INFO] Adding brewing recipe for <minecraft:splash_potion>.withTag({Potion: "potioncore:strong_iron_skin"}), Registry size now: 159
[AVAILABLE][SERVER][INFO] Adding brewing recipe for <minecraft:splash_potion>.withTag({Potion: "potioncore:long_iron_skin"}), Registry size now: 160
[AVAILABLE][SERVER][INFO] Adding brewing recipe for <minecraft:lingering_potion>.withTag({Potion: "potioncore:iron_skin"}), Registry size now: 161
[AVAILABLE][SERVER][INFO] Adding brewing recipe for <minecraft:lingering_potion>.withTag({Potion: "potioncore:strong_iron_skin"}), Registry size now: 162
[AVAILABLE][SERVER][INFO] Adding brewing recipe for <minecraft:lingering_potion>.withTag({Potion: "potioncore:long_iron_skin"}), Registry size now: 163
[AVAILABLE][SERVER][INFO] Adding brewing recipe for <minecraft:potion>.withTag({Potion: "potioncore:diamond_skin"}), Registry size now: 164
[AVAILABLE][SERVER][INFO] Adding brewing recipe for <minecraft:potion>.withTag({Potion: "potioncore:strong_diamond_skin"}), Registry size now: 165
[AVAILABLE][SERVER][INFO] Adding brewing recipe for <minecraft:potion>.withTag({Potion: "potioncore:long_diamond_skin"}), Registry size now: 166
[AVAILABLE][SERVER][INFO] Adding brewing recipe for <minecraft:splash_potion>.withTag({Potion: "potioncore:diamond_skin"}), Registry size now: 167
[AVAILABLE][SERVER][INFO] Adding brewing recipe for <minecraft:splash_potion>.withTag({Potion: "potioncore:strong_diamond_skin"}), Registry size now: 168
[AVAILABLE][SERVER][INFO] Adding brewing recipe for <minecraft:splash_potion>.withTag({Potion: "potioncore:long_diamond_skin"}), Registry size now: 169
[AVAILABLE][SERVER][INFO] Adding brewing recipe for <minecraft:lingering_potion>.withTag({Potion: "potioncore:diamond_skin"}), Registry size now: 170
[AVAILABLE][SERVER][INFO] Adding brewing recipe for <minecraft:lingering_potion>.withTag({Potion: "potioncore:strong_diamond_skin"}), Registry size now: 171
[AVAILABLE][SERVER][INFO] Adding brewing recipe for <minecraft:lingering_potion>.withTag({Potion: "potioncore:long_diamond_skin"}), Registry size now: 172
[AVAILABLE][SERVER][INFO] Adding brewing recipe for <minecraft:potion>.withTag({Potion: "potioncore:recoil"}), Registry size now: 173
[AVAILABLE][SERVER][INFO] Adding brewing recipe for <minecraft:potion>.withTag({Potion: "potioncore:strong_recoil"}), Registry size now: 174
[AVAILABLE][SERVER][INFO] Adding brewing recipe for <minecraft:potion>.withTag({Potion: "potioncore:long_recoil"}), Registry size now: 175
[AVAILABLE][SERVER][INFO] Adding brewing recipe for <minecraft:splash_potion>.withTag({Potion: "potioncore:recoil"}), Registry size now: 176
[AVAILABLE][SERVER][INFO] Adding brewing recipe for <minecraft:splash_potion>.withTag({Potion: "potioncore:strong_recoil"}), Registry size now: 177
[AVAILABLE][SERVER][INFO] Adding brewing recipe for <minecraft:splash_potion>.withTag({Potion: "potioncore:long_recoil"}), Registry size now: 178
[AVAILABLE][SERVER][INFO] Adding brewing recipe for <minecraft:lingering_potion>.withTag({Potion: "potioncore:recoil"}), Registry size now: 179
[AVAILABLE][SERVER][INFO] Adding brewing recipe for <minecraft:lingering_potion>.withTag({Potion: "potioncore:strong_recoil"}), Registry size now: 180
[AVAILABLE][SERVER][INFO] Adding brewing recipe for <minecraft:lingering_potion>.withTag({Potion: "potioncore:long_recoil"}), Registry size now: 181
[AVAILABLE][SERVER][INFO] Adding brewing recipe for <minecraft:potion>.withTag({Potion: "potioncore:climb"}), Registry size now: 182
[AVAILABLE][SERVER][INFO] Adding brewing recipe for <minecraft:splash_potion>.withTag({Potion: "potioncore:climb"}), Registry size now: 183
[AVAILABLE][SERVER][INFO] Adding brewing recipe for <minecraft:lingering_potion>.withTag({Potion: "potioncore:climb"}), Registry size now: 184
[AVAILABLE][SERVER][INFO] Adding brewing recipe for <minecraft:potion>.withTag({Potion: "potioncore:step_up"}), Registry size now: 185
[AVAILABLE][SERVER][INFO] Adding brewing recipe for <minecraft:potion>.withTag({Potion: "potioncore:strong_step_up"}), Registry size now: 186
[AVAILABLE][SERVER][INFO] Adding brewing recipe for <minecraft:potion>.withTag({Potion: "potioncore:long_step_up"}), Registry size now: 187
[AVAILABLE][SERVER][INFO] Adding brewing recipe for <minecraft:splash_potion>.withTag({Potion: "potioncore:step_up"}), Registry size now: 188
[AVAILABLE][SERVER][INFO] Adding brewing recipe for <minecraft:splash_potion>.withTag({Potion: "potioncore:strong_step_up"}), Registry size now: 189
[AVAILABLE][SERVER][INFO] Adding brewing recipe for <minecraft:splash_potion>.withTag({Potion: "potioncore:long_step_up"}), Registry size now: 190
[AVAILABLE][SERVER][INFO] Adding brewing recipe for <minecraft:lingering_potion>.withTag({Potion: "potioncore:step_up"}), Registry size now: 191
[AVAILABLE][SERVER][INFO] Adding brewing recipe for <minecraft:lingering_potion>.withTag({Potion: "potioncore:strong_step_up"}), Registry size now: 192
[AVAILABLE][SERVER][INFO] Adding brewing recipe for <minecraft:lingering_potion>.withTag({Potion: "potioncore:long_step_up"}), Registry size now: 193
[AVAILABLE][SERVER][INFO] Adding brewing recipe for <minecraft:potion>.withTag({Potion: "potioncore:solid_core"}), Registry size now: 194
[AVAILABLE][SERVER][INFO] Adding brewing recipe for <minecraft:potion>.withTag({Potion: "potioncore:long_solid_core"}), Registry size now: 195
[AVAILABLE][SERVER][INFO] Adding brewing recipe for <minecraft:splash_potion>.withTag({Potion: "potioncore:solid_core"}), Registry size now: 196
[AVAILABLE][SERVER][INFO] Adding brewing recipe for <minecraft:splash_potion>.withTag({Potion: "potioncore:long_solid_core"}), Registry size now: 197
[AVAILABLE][SERVER][INFO] Adding brewing recipe for <minecraft:lingering_potion>.withTag({Potion: "potioncore:solid_core"}), Registry size now: 198
[AVAILABLE][SERVER][INFO] Adding brewing recipe for <minecraft:lingering_potion>.withTag({Potion: "potioncore:long_solid_core"}), Registry size now: 199
[AVAILABLE][SERVER][INFO] Adding brewing recipe for <minecraft:potion>.withTag({Potion: "potioncore:cure"}), Registry size now: 200
[AVAILABLE][SERVER][INFO] Adding brewing recipe for <minecraft:splash_potion>.withTag({Potion: "potioncore:cure"}), Registry size now: 201
[AVAILABLE][SERVER][INFO] Adding brewing recipe for <minecraft:lingering_potion>.withTag({Potion: "potioncore:cure"}), Registry size now: 202
[AVAILABLE][SERVER][INFO] Adding brewing recipe for <minecraft:potion>.withTag({Potion: "potioncore:antidote"}), Registry size now: 203
[AVAILABLE][SERVER][INFO] Adding brewing recipe for <minecraft:potion>.withTag({Potion: "potioncore:long_antidote"}), Registry size now: 204
[AVAILABLE][SERVER][INFO] Adding brewing recipe for <minecraft:splash_potion>.withTag({Potion: "potioncore:antidote"}), Registry size now: 205
[AVAILABLE][SERVER][INFO] Adding brewing recipe for <minecraft:splash_potion>.withTag({Potion: "potioncore:long_antidote"}), Registry size now: 206
[AVAILABLE][SERVER][INFO] Adding brewing recipe for <minecraft:lingering_potion>.withTag({Potion: "potioncore:antidote"}), Registry size now: 207
[AVAILABLE][SERVER][INFO] Adding brewing recipe for <minecraft:lingering_potion>.withTag({Potion: "potioncore:long_antidote"}), Registry size now: 208
[AVAILABLE][SERVER][INFO] Adding brewing recipe for <minecraft:potion>.withTag({Potion: "potioncore:burst"}), Registry size now: 209
[AVAILABLE][SERVER][INFO] Adding brewing recipe for <minecraft:potion>.withTag({Potion: "potioncore:strong_burst"}), Registry size now: 210
[AVAILABLE][SERVER][INFO] Adding brewing recipe for <minecraft:splash_potion>.withTag({Potion: "potioncore:burst"}), Registry size now: 211
[AVAILABLE][SERVER][INFO] Adding brewing recipe for <minecraft:splash_potion>.withTag({Potion: "potioncore:strong_burst"}), Registry size now: 212
[AVAILABLE][SERVER][INFO] Adding brewing recipe for <minecraft:lingering_potion>.withTag({Potion: "potioncore:burst"}), Registry size now: 213
[AVAILABLE][SERVER][INFO] Adding brewing recipe for <minecraft:lingering_potion>.withTag({Potion: "potioncore:strong_burst"}), Registry size now: 214
[AVAILABLE][SERVER][INFO] Adding brewing recipe for <minecraft:potion>.withTag({Potion: "potioncore:archery"}), Registry size now: 215
[AVAILABLE][SERVER][INFO] Adding brewing recipe for <minecraft:potion>.withTag({Potion: "potioncore:strong_archery"}), Registry size now: 216
[AVAILABLE][SERVER][INFO] Adding brewing recipe for <minecraft:potion>.withTag({Potion: "potioncore:long_archery"}), Registry size now: 217
[AVAILABLE][SERVER][INFO] Adding brewing recipe for <minecraft:splash_potion>.withTag({Potion: "potioncore:archery"}), Registry size now: 218
[AVAILABLE][SERVER][INFO] Adding brewing recipe for <minecraft:splash_potion>.withTag({Potion: "potioncore:strong_archery"}), Registry size now: 219
[AVAILABLE][SERVER][INFO] Adding brewing recipe for <minecraft:splash_potion>.withTag({Potion: "potioncore:long_archery"}), Registry size now: 220
[AVAILABLE][SERVER][INFO] Adding brewing recipe for <minecraft:lingering_potion>.withTag({Potion: "potioncore:archery"}), Registry size now: 221
[AVAILABLE][SERVER][INFO] Adding brewing recipe for <minecraft:lingering_potion>.withTag({Potion: "potioncore:strong_archery"}), Registry size now: 222
[AVAILABLE][SERVER][INFO] Adding brewing recipe for <minecraft:lingering_potion>.withTag({Potion: "potioncore:long_archery"}), Registry size now: 223
[AVAILABLE][SERVER][INFO] Adding brewing recipe for <minecraft:potion>.withTag({Potion: "potioncore:klutz"}), Registry size now: 224
[AVAILABLE][SERVER][INFO] Adding brewing recipe for <minecraft:potion>.withTag({Potion: "potioncore:strong_klutz"}), Registry size now: 225
[AVAILABLE][SERVER][INFO] Adding brewing recipe for <minecraft:potion>.withTag({Potion: "potioncore:long_klutz"}), Registry size now: 226
[AVAILABLE][SERVER][INFO] Adding brewing recipe for <minecraft:splash_potion>.withTag({Potion: "potioncore:klutz"}), Registry size now: 227
[AVAILABLE][SERVER][INFO] Adding brewing recipe for <minecraft:splash_potion>.withTag({Potion: "potioncore:strong_klutz"}), Registry size now: 228
[AVAILABLE][SERVER][INFO] Adding brewing recipe for <minecraft:splash_potion>.withTag({Potion: "potioncore:long_klutz"}), Registry size now: 229
[AVAILABLE][SERVER][INFO] Adding brewing recipe for <minecraft:lingering_potion>.withTag({Potion: "potioncore:klutz"}), Registry size now: 230
[AVAILABLE][SERVER][INFO] Adding brewing recipe for <minecraft:lingering_potion>.withTag({Potion: "potioncore:strong_klutz"}), Registry size now: 231
[AVAILABLE][SERVER][INFO] Adding brewing recipe for <minecraft:lingering_potion>.withTag({Potion: "potioncore:long_klutz"}), Registry size now: 232
[AVAILABLE][SERVER][INFO] Adding brewing recipe for <minecraft:potion>.withTag({Potion: "potioncore:purity"}), Registry size now: 233
[AVAILABLE][SERVER][INFO] Adding brewing recipe for <minecraft:potion>.withTag({Potion: "potioncore:long_purity"}), Registry size now: 234
[AVAILABLE][SERVER][INFO] Adding brewing recipe for <minecraft:splash_potion>.withTag({Potion: "potioncore:purity"}), Registry size now: 235
[AVAILABLE][SERVER][INFO] Adding brewing recipe for <minecraft:splash_potion>.withTag({Potion: "potioncore:long_purity"}), Registry size now: 236
[AVAILABLE][SERVER][INFO] Adding brewing recipe for <minecraft:lingering_potion>.withTag({Potion: "potioncore:purity"}), Registry size now: 237
[AVAILABLE][SERVER][INFO] Adding brewing recipe for <minecraft:lingering_potion>.withTag({Potion: "potioncore:long_purity"}), Registry size now: 238
[AVAILABLE][SERVER][INFO] Adding brewing recipe for <minecraft:potion>.withTag({Potion: "potioncore:reach"}), Registry size now: 239
[AVAILABLE][SERVER][INFO] Adding brewing recipe for <minecraft:potion>.withTag({Potion: "potioncore:strong_reach"}), Registry size now: 240
[AVAILABLE][SERVER][INFO] Adding brewing recipe for <minecraft:potion>.withTag({Potion: "potioncore:long_reach"}), Registry size now: 241
[AVAILABLE][SERVER][INFO] Adding brewing recipe for <minecraft:splash_potion>.withTag({Potion: "potioncore:reach"}), Registry size now: 242
[AVAILABLE][SERVER][INFO] Adding brewing recipe for <minecraft:splash_potion>.withTag({Potion: "potioncore:strong_reach"}), Registry size now: 243
[AVAILABLE][SERVER][INFO] Adding brewing recipe for <minecraft:splash_potion>.withTag({Potion: "potioncore:long_reach"}), Registry size now: 244
[AVAILABLE][SERVER][INFO] Adding brewing recipe for <minecraft:lingering_potion>.withTag({Potion: "potioncore:reach"}), Registry size now: 245
[AVAILABLE][SERVER][INFO] Adding brewing recipe for <minecraft:lingering_potion>.withTag({Potion: "potioncore:strong_reach"}), Registry size now: 246
[AVAILABLE][SERVER][INFO] Adding brewing recipe for <minecraft:lingering_potion>.withTag({Potion: "potioncore:long_reach"}), Registry size now: 247
[AVAILABLE][SERVER][INFO] Adding brewing recipe for <minecraft:potion>.withTag({Potion: "potioncore:broken_armor"}), Registry size now: 248
[AVAILABLE][SERVER][INFO] Adding brewing recipe for <minecraft:potion>.withTag({Potion: "potioncore:strong_broken_armor"}), Registry size now: 249
[AVAILABLE][SERVER][INFO] Adding brewing recipe for <minecraft:potion>.withTag({Potion: "potioncore:long_broken_armor"}), Registry size now: 250
[AVAILABLE][SERVER][INFO] Adding brewing recipe for <minecraft:splash_potion>.withTag({Potion: "potioncore:broken_armor"}), Registry size now: 251
[AVAILABLE][SERVER][INFO] Adding brewing recipe for <minecraft:splash_potion>.withTag({Potion: "potioncore:strong_broken_armor"}), Registry size now: 252
[AVAILABLE][SERVER][INFO] Adding brewing recipe for <minecraft:splash_potion>.withTag({Potion: "potioncore:long_broken_armor"}), Registry size now: 253
[AVAILABLE][SERVER][INFO] Adding brewing recipe for <minecraft:lingering_potion>.withTag({Potion: "potioncore:broken_armor"}), Registry size now: 254
[AVAILABLE][SERVER][INFO] Adding brewing recipe for <minecraft:lingering_potion>.withTag({Potion: "potioncore:strong_broken_armor"}), Registry size now: 255
[AVAILABLE][SERVER][INFO] Adding brewing recipe for <minecraft:lingering_potion>.withTag({Potion: "potioncore:long_broken_armor"}), Registry size now: 256
[AVAILABLE][SERVER][INFO] Adding brewing recipe for <minecraft:potion>.withTag({Potion: "potioncore:magic_focus"}), Registry size now: 257
[AVAILABLE][SERVER][INFO] Adding brewing recipe for <minecraft:potion>.withTag({Potion: "potioncore:strong_magic_focus"}), Registry size now: 258
[AVAILABLE][SERVER][INFO] Adding brewing recipe for <minecraft:potion>.withTag({Potion: "potioncore:long_magic_focus"}), Registry size now: 259
[AVAILABLE][SERVER][INFO] Adding brewing recipe for <minecraft:splash_potion>.withTag({Potion: "potioncore:magic_focus"}), Registry size now: 260
[AVAILABLE][SERVER][INFO] Adding brewing recipe for <minecraft:splash_potion>.withTag({Potion: "potioncore:strong_magic_focus"}), Registry size now: 261
[AVAILABLE][SERVER][INFO] Adding brewing recipe for <minecraft:splash_potion>.withTag({Potion: "potioncore:long_magic_focus"}), Registry size now: 262
[AVAILABLE][SERVER][INFO] Adding brewing recipe for <minecraft:lingering_potion>.withTag({Potion: "potioncore:magic_focus"}), Registry size now: 263
[AVAILABLE][SERVER][INFO] Adding brewing recipe for <minecraft:lingering_potion>.withTag({Potion: "potioncore:strong_magic_focus"}), Registry size now: 264
[AVAILABLE][SERVER][INFO] Adding brewing recipe for <minecraft:lingering_potion>.withTag({Potion: "potioncore:long_magic_focus"}), Registry size now: 265
[AVAILABLE][SERVER][INFO] Adding brewing recipe for <minecraft:potion>.withTag({Potion: "potioncore:magic_inhibition"}), Registry size now: 266
[AVAILABLE][SERVER][INFO] Adding brewing recipe for <minecraft:potion>.withTag({Potion: "potioncore:strong_magic_inhibition"}), Registry size now: 267
[AVAILABLE][SERVER][INFO] Adding brewing recipe for <minecraft:potion>.withTag({Potion: "potioncore:long_magic_inhibition"}), Registry size now: 268
[AVAILABLE][SERVER][INFO] Adding brewing recipe for <minecraft:splash_potion>.withTag({Potion: "potioncore:magic_inhibition"}), Registry size now: 269
[AVAILABLE][SERVER][INFO] Adding brewing recipe for <minecraft:splash_potion>.withTag({Potion: "potioncore:strong_magic_inhibition"}), Registry size now: 270
[AVAILABLE][SERVER][INFO] Adding brewing recipe for <minecraft:splash_potion>.withTag({Potion: "potioncore:long_magic_inhibition"}), Registry size now: 271
[AVAILABLE][SERVER][INFO] Adding brewing recipe for <minecraft:lingering_potion>.withTag({Potion: "potioncore:magic_inhibition"}), Registry size now: 272
[AVAILABLE][SERVER][INFO] Adding brewing recipe for <minecraft:lingering_potion>.withTag({Potion: "potioncore:strong_magic_inhibition"}), Registry size now: 273
[AVAILABLE][SERVER][INFO] Adding brewing recipe for <minecraft:lingering_potion>.withTag({Potion: "potioncore:long_magic_inhibition"}), Registry size now: 274
[AVAILABLE][SERVER][INFO] Adding brewing recipe for <minecraft:potion>.withTag({Potion: "potioncore:vulnerable"}), Registry size now: 275
[AVAILABLE][SERVER][INFO] Adding brewing recipe for <minecraft:potion>.withTag({Potion: "potioncore:strong_vulnerable"}), Registry size now: 276
[AVAILABLE][SERVER][INFO] Adding brewing recipe for <minecraft:splash_potion>.withTag({Potion: "potioncore:vulnerable"}), Registry size now: 277
[AVAILABLE][SERVER][INFO] Adding brewing recipe for <minecraft:splash_potion>.withTag({Potion: "potioncore:strong_vulnerable"}), Registry size now: 278
[AVAILABLE][SERVER][INFO] Adding brewing recipe for <minecraft:lingering_potion>.withTag({Potion: "potioncore:vulnerable"}), Registry size now: 279
[AVAILABLE][SERVER][INFO] Adding brewing recipe for <minecraft:lingering_potion>.withTag({Potion: "potioncore:strong_vulnerable"}), Registry size now: 280
[AVAILABLE][SERVER][INFO] Adding brewing recipe for <minecraft:potion>.withTag({Potion: "potioncore:teleport"}), Registry size now: 281
[AVAILABLE][SERVER][INFO] Adding brewing recipe for <minecraft:potion>.withTag({Potion: "potioncore:strong_teleport"}), Registry size now: 282
[AVAILABLE][SERVER][INFO] Adding brewing recipe for <minecraft:splash_potion>.withTag({Potion: "potioncore:teleport"}), Registry size now: 283
[AVAILABLE][SERVER][INFO] Adding brewing recipe for <minecraft:splash_potion>.withTag({Potion: "potioncore:strong_teleport"}), Registry size now: 284
[AVAILABLE][SERVER][INFO] Adding brewing recipe for <minecraft:lingering_potion>.withTag({Potion: "potioncore:teleport"}), Registry size now: 285
[AVAILABLE][SERVER][INFO] Adding brewing recipe for <minecraft:lingering_potion>.withTag({Potion: "potioncore:strong_teleport"}), Registry size now: 286
[AVAILABLE][SERVER][INFO] Adding brewing recipe for <minecraft:potion>.withTag({Potion: "potioncore:teleport_surface"}), Registry size now: 287
[AVAILABLE][SERVER][INFO] Adding brewing recipe for <minecraft:splash_potion>.withTag({Potion: "potioncore:teleport_surface"}), Registry size now: 288
[AVAILABLE][SERVER][INFO] Adding brewing recipe for <minecraft:lingering_potion>.withTag({Potion: "potioncore:teleport_surface"}), Registry size now: 289
[AVAILABLE][SERVER][INFO] Adding brewing recipe for <minecraft:potion>.withTag({Potion: "mujmajnkraftsbettersurvival:decay"}), Registry size now: 290
[AVAILABLE][SERVER][INFO] Adding brewing recipe for <minecraft:potion>.withTag({Potion: "mujmajnkraftsbettersurvival:strong_decay"}), Registry size now: 291
[AVAILABLE][SERVER][INFO] Adding brewing recipe for <minecraft:potion>.withTag({Potion: "mujmajnkraftsbettersurvival:long_decay"}), Registry size now: 292
[AVAILABLE][SERVER][INFO] Adding brewing recipe for <minecraft:splash_potion>.withTag({Potion: "mujmajnkraftsbettersurvival:decay"}), Registry size now: 293
[AVAILABLE][SERVER][INFO] Adding brewing recipe for <minecraft:splash_potion>.withTag({Potion: "mujmajnkraftsbettersurvival:strong_decay"}), Registry size now: 294
[AVAILABLE][SERVER][INFO] Adding brewing recipe for <minecraft:splash_potion>.withTag({Potion: "mujmajnkraftsbettersurvival:long_decay"}), Registry size now: 295
[AVAILABLE][SERVER][INFO] Adding brewing recipe for <minecraft:lingering_potion>.withTag({Potion: "mujmajnkraftsbettersurvival:decay"}), Registry size now: 296
[AVAILABLE][SERVER][INFO] Adding brewing recipe for <minecraft:lingering_potion>.withTag({Potion: "mujmajnkraftsbettersurvival:strong_decay"}), Registry size now: 297
[AVAILABLE][SERVER][INFO] Adding brewing recipe for <minecraft:lingering_potion>.withTag({Potion: "mujmajnkraftsbettersurvival:long_decay"}), Registry size now: 298
[AVAILABLE][SERVER][INFO] Adding brewing recipe for <minecraft:potion>.withTag({Potion: "simpledifficulty:heat_resist_type"}), Registry size now: 299
[AVAILABLE][SERVER][INFO] Adding brewing recipe for <minecraft:potion>.withTag({Potion: "simpledifficulty:long_heat_resist_type"}), Registry size now: 300
[AVAILABLE][SERVER][INFO] Adding brewing recipe for <minecraft:splash_potion>.withTag({Potion: "simpledifficulty:heat_resist_type"}), Registry size now: 301
[AVAILABLE][SERVER][INFO] Adding brewing recipe for <minecraft:splash_potion>.withTag({Potion: "simpledifficulty:long_heat_resist_type"}), Registry size now: 302
[AVAILABLE][SERVER][INFO] Adding brewing recipe for <minecraft:lingering_potion>.withTag({Potion: "simpledifficulty:heat_resist_type"}), Registry size now: 303
[AVAILABLE][SERVER][INFO] Adding brewing recipe for <minecraft:lingering_potion>.withTag({Potion: "simpledifficulty:long_heat_resist_type"}), Registry size now: 304
[AVAILABLE][SERVER][INFO] Adding brewing recipe for <minecraft:potion>.withTag({Potion: "simpledifficulty:cold_resist_type"}), Registry size now: 305
[AVAILABLE][SERVER][INFO] Adding brewing recipe for <minecraft:potion>.withTag({Potion: "simpledifficulty:long_cold_resist_type"}), Registry size now: 306
[AVAILABLE][SERVER][INFO] Adding brewing recipe for <minecraft:splash_potion>.withTag({Potion: "simpledifficulty:cold_resist_type"}), Registry size now: 307
[AVAILABLE][SERVER][INFO] Adding brewing recipe for <minecraft:splash_potion>.withTag({Potion: "simpledifficulty:long_cold_resist_type"}), Registry size now: 308
[AVAILABLE][SERVER][INFO] Adding brewing recipe for <minecraft:lingering_potion>.withTag({Potion: "simpledifficulty:cold_resist_type"}), Registry size now: 309
[AVAILABLE][SERVER][INFO] Adding brewing recipe for <minecraft:lingering_potion>.withTag({Potion: "simpledifficulty:long_cold_resist_type"}), Registry size now: 310
[AVAILABLE][SERVER][INFO] Adding brewing recipe for <minecraft:potion>.withTag({Potion: "rlmixins:curse_break"}), Registry size now: 311
[AVAILABLE][SERVER][INFO] Adding brewing recipe for <minecraft:splash_potion>.withTag({Potion: "rlmixins:curse_break"}), Registry size now: 312
[AVAILABLE][SERVER][INFO] Adding brewing recipe for <minecraft:lingering_potion>.withTag({Potion: "rlmixins:curse_break"}), Registry size now: 313
[AVAILABLE][SERVER][INFO] Altering Cauldron Brewing Recipe(s) for "minecraft:thick"
[AVAILABLE][SERVER][INFO] Altering Cauldron Brewing Recipe(s) for "simpledifficulty:cold_resist_type"
[AVAILABLE][SERVER][INFO] Altering Cauldron Brewing Recipe(s) for "simpledifficulty:heat_resist_type"
[AVAILABLE][SERVER][INFO] Altering Cauldron Brewing Recipe(s) for "simpledifficulty:long_cold_resist_type"
[AVAILABLE][SERVER][INFO] Altering Cauldron Brewing Recipe(s) for "simpledifficulty:long_heat_resist_type"
[AVAILABLE][SERVER][INFO] Altering Cauldron Fluid Recipe(s) for <liquid:carrot_juice>
[AVAILABLE][SERVER][INFO] Altering Cauldron Fill Recipe(s) for <foodexpansion:itemcarrotseedsoup>
[AVAILABLE][SERVER][INFO] Altering Cauldron Fluid Recipe(s) for <foodexpansion:itemcarrotseedsoup>
[SERVER_ABOUT_TO_START][SERVER][INFO] Added new pool CopperPool to table quark:chests/pirate_chest
[SERVER_ABOUT_TO_START][SERVER][INFO] Added new pool CopperPool to table minecraft:chests/simple_dungeon
[SERVER_ABOUT_TO_START][SERVER][INFO] Added new pool yep to table minecraft:entities/creeper
[SERVER_ABOUT_TO_START][SERVER][INFO] Added new pool CopperPool to table minecraft:chests/abandoned_mineshaft
[SERVER_ABOUT_TO_START][SERVER][INFO] Added new pool lul to table minecraft:entities/zombie
[SERVER_ABOUT_TO_START][SERVER][INFO] Added new pool tier#5 to table champions:champion_loot
[SERVER_ABOUT_TO_START][SERVER][INFO] Added new pool dregora_skeleton_king to table mod_lavacow:entities/bosses/skeleton_king
[SERVER_ABOUT_TO_START][SERVER][INFO] Added new pool CopperPool to table minecraft:chests/village_blacksmith
[SERVER_ABOUT_TO_START][SERVER][INFO] Added new pool rlcraftfishing to table fishingmadebetter:fishing_combined
[SERVER_ABOUT_TO_START][SERVER][INFO] Added new pool wut to table minecraft:entities/skeleton
[SERVER_ABOUT_TO_START][SERVER][INFO] Added new pool claw to table mod_lavacow:entities/mimic
[SERVER_ABOUT_TO_START][SERVER][INFO] Added new pool ground to table loottweaker:lostcityground
[SERVER_ABOUT_TO_START][SERVER][INFO] Added new pool low to table loottweaker:lowtable
[SERVER_ABOUT_TO_START][SERVER][INFO] Added new pool medium to table loottweaker:medtable
[SERVER_ABOUT_TO_START][SERVER][INFO] Added new pool high to table loottweaker:hightable
[SERVER_ABOUT_TO_START][SERVER][INFO] Added new pool highrise to table loottweaker:lostcityhighrise
[SERVER_ABOUT_TO_START][SERVER][INFO] Added new pool rare to table loottweaker:lostcityrare
[SERVER_ABOUT_TO_START][SERVER][INFO] Added new pool subway to table loottweaker:lostcitysubway
[SERVER_ABOUT_TO_START][SERVER][INFO] Added new pool uncommon to table loottweaker:lostcityuncommon
[SERVER_ABOUT_TO_START][SERVER][INFO] Added new pool builder to table loottweaker:buildertable
[SERVER_ABOUT_TO_START][SERVER][INFO] Added new pool basement to table loottweaker:lostcitybasement
[SERVER_ABOUT_TO_START][SERVER][INFO] Added new pool common to table loottweaker:lostcitycommon
