[08:54:33] [main/INFO] [LaunchWrapper]: Loading tweak class name net.minecraftforge.fml.common.launcher.FMLServerTweaker
[08:54:33] [main/INFO] [LaunchWrapper]: Using primary tweak class name net.minecraftforge.fml.common.launcher.FMLServerTweaker
[08:54:33] [main/INFO] [LaunchWrapper]: Calling tweak class net.minecraftforge.fml.common.launcher.FMLServerTweaker
[08:54:33] [main/DEBUG] [FML]: Injecting tracing printstreams for STDOUT/STDERR.
[08:54:33] [main/INFO] [FML]: Forge Mod Loader version 14.23.5.2860 for Minecraft 1.12.2 loading
[08:54:33] [main/INFO] [FML]: Java is OpenJDK 64-Bit Server VM, version 1.8.0_492, running on Linux:amd64:6.12.86+deb13-cloud-amd64, installed at /usr/lib/jvm/temurin-8-jdk-amd64/jre
[08:54:33] [main/DEBUG] [FML]: Java classpath at launch is:
[08:54:33] [main/DEBUG] [FML]:     forge-1.12.2-14.23.5.2860.jar
[08:54:33] [main/DEBUG] [FML]: Java library path at launch is:
[08:54:33] [main/DEBUG] [FML]:     /usr/java/packages/lib/amd64
[08:54:33] [main/DEBUG] [FML]:     /usr/lib64
[08:54:33] [main/DEBUG] [FML]:     /lib64
[08:54:33] [main/DEBUG] [FML]:     /lib
[08:54:33] [main/DEBUG] [FML]:     /usr/lib
[08:54:33] [main/DEBUG] [FML]: Determined Minecraft Libraries Root: /home/Minecraft/rlcraft-server/libraries
[08:54:33] [main/DEBUG] [FML]: Cleaning up mods folder: ./mods
[08:54:33] [main/DEBUG] [FML]: Examining file: carryon-1.12.2-1.12.7.23.jar
[08:54:33] [main/DEBUG] [FML]: Examining file: BQ_Multiblock_Structure_Integration-1.0.9.jar
[08:54:33] [main/DEBUG] [FML]: Examining file: defiledlands-1.12.2-1.4.3.jar
[08:54:33] [main/DEBUG] [FML]: Examining file: Surge-1.12.2-2.0.79.jar
[08:54:33] [main/DEBUG] [FML]: Examining file: CreativeCore_v1.10.71_mc1.12.2.jar
[08:54:33] [main/DEBUG] [FML]: Examining file: Aquaculture-1.12.2-1.6.8.jar
[08:54:33] [main/DEBUG] [FML]: Examining file: XPFromHarvest-1.12.2-1.2.0.jar
[08:54:33] [main/DEBUG] [FML]: Examining file: trumpetskeleton-1.12-1.0.2.1.jar
[08:54:33] [main/DEBUG] [FML]: Examining file: BNBGamingLib-1.12.2-2.17.6.jar
[08:54:33] [main/DEBUG] [FML]: Examining file: ScalingHealth-1.12.2-1.3.42+147.jar
[08:54:33] [main/DEBUG] [FML]: Examining file: FermiumMixins-1.0.9.jar
[08:54:33] [main/DEBUG] [FML]: Examining file: FriendlyEndermite_v1.0.1_mc1.12.2.jar
[08:54:33] [main/DEBUG] [FML]: Examining file: corpsecomplex-1.12.2-1.0.12.0.jar
[08:54:33] [main/DEBUG] [FML]: Examining file: ItemPhysic_Full_1.4.37_mc1.12.2.jar
[08:54:34] [main/DEBUG] [FML]: Examining file: firstaid-1.6.22.jar
[08:54:34] [main/DEBUG] [FML]: Examining file: BattleTowers-1.12.2.jar
[08:54:34] [main/DEBUG] [FML]: Examining file: PhosphorCrashFix-1.12.2-1.0.0.jar
[08:54:34] [main/DEBUG] [FML]: Examining file: OpenTerrainGenerator-1.12.2-v9.7.jar
[08:54:34] [main/DEBUG] [FML]: Found existing ContainDep extracted to /home/Minecraft/rlcraft-server/mods/1.12.2/OTG-Core.jar, skipping extraction
[08:54:34] [main/DEBUG] [FML]: Examining file: astikorcarts-1.12.2-0.1.2.8.jar
[08:54:34] [main/DEBUG] [FML]: Examining file: crafttweakerutils-0.7.jar
[08:54:34] [main/DEBUG] [FML]: Examining file: jei_1.12.2-4.16.1.1012.jar
[08:54:34] [main/DEBUG] [FML]: Examining file: anvilpatch-1.1.1.jar
[08:54:34] [main/ERROR] [FML]: Unable to read the jar file DregoraRL-3.5.jar - ignoring
java.util.zip.ZipException: error in opening zip file
	at java.util.zip.ZipFile.open(Native Method) ~[?:1.8.0_492]
	at java.util.zip.ZipFile.<init>(ZipFile.java:231) ~[?:1.8.0_492]
	at java.util.zip.ZipFile.<init>(ZipFile.java:157) ~[?:1.8.0_492]
	at java.util.jar.JarFile.<init>(JarFile.java:169) ~[?:1.8.0_492]
	at java.util.jar.JarFile.<init>(JarFile.java:133) ~[?:1.8.0_492]
	at net.minecraftforge.fml.relauncher.libraries.LibraryManager.extractPacked(LibraryManager.java:200) [forge-1.12.2-14.23.5.2860.jar:?]
	at net.minecraftforge.fml.relauncher.libraries.LibraryManager.cleanDirectory(LibraryManager.java:169) [forge-1.12.2-14.23.5.2860.jar:?]
	at net.minecraftforge.fml.relauncher.libraries.LibraryManager.setup(LibraryManager.java:97) [forge-1.12.2-14.23.5.2860.jar:?]
	at net.minecraftforge.fml.relauncher.FMLLaunchHandler.setupHome(FMLLaunchHandler.java:106) [forge-1.12.2-14.23.5.2860.jar:?]
	at net.minecraftforge.fml.relauncher.FMLLaunchHandler.setupServer(FMLLaunchHandler.java:87) [forge-1.12.2-14.23.5.2860.jar:?]
	at net.minecraftforge.fml.relauncher.FMLLaunchHandler.configureForServerLaunch(FMLLaunchHandler.java:47) [forge-1.12.2-14.23.5.2860.jar:?]
	at net.minecraftforge.fml.common.launcher.FMLServerTweaker.injectIntoClassLoader(FMLServerTweaker.java:62) [forge-1.12.2-14.23.5.2860.jar:?]
	at net.minecraft.launchwrapper.Launch.launch(Launch.java:115) [launchwrapper-1.12.jar:?]
	at net.minecraft.launchwrapper.Launch.main(Launch.java:28) [launchwrapper-1.12.jar:?]
	at sun.reflect.NativeMethodAccessorImpl.invoke0(Native Method) ~[?:1.8.0_492]
	at sun.reflect.NativeMethodAccessorImpl.invoke(NativeMethodAccessorImpl.java:62) ~[?:1.8.0_492]
	at sun.reflect.DelegatingMethodAccessorImpl.invoke(DelegatingMethodAccessorImpl.java:43) ~[?:1.8.0_492]
	at java.lang.reflect.Method.invoke(Method.java:498) ~[?:1.8.0_492]
	at net.minecraftforge.fml.relauncher.ServerLaunchWrapper.run(ServerLaunchWrapper.java:70) [forge-1.12.2-14.23.5.2860.jar:?]
	at net.minecraftforge.fml.relauncher.ServerLaunchWrapper.main(ServerLaunchWrapper.java:34) [forge-1.12.2-14.23.5.2860.jar:?]
[08:54:34] [main/DEBUG] [FML]: Examining file: sit-1.12.2-v1.3.jar
[08:54:34] [main/DEBUG] [FML]: Examining file: BetterMineshaftsForge-1.12.2-2.2.1.jar
[08:54:34] [main/DEBUG] [FML]: Examining file: BQTweaker-1.3.5.jar
[08:54:34] [main/DEBUG] [FML]: Examining file: Ice and Fire-2.0.9.jar
[08:54:34] [main/DEBUG] [FML]: Examining file: InventoryTweaks-1.64+dev.151.jar
[08:54:34] [main/DEBUG] [FML]: Examining file: SpartanHUDBaubles-1.12.2-1.0.0.jar
[08:54:34] [main/DEBUG] [FML]: Examining file: MaterialTweaker-1.1.1.jar
[08:54:34] [main/DEBUG] [FML]: Examining file: spark-unforged-1.11.140-forge.jar
[08:54:34] [main/DEBUG] [FML]: Examining file: MTLib-3.0.7.jar
[08:54:34] [main/DEBUG] [FML]: Examining file: iChunUtil-1.12.2-7.2.2.jar
[08:54:34] [main/DEBUG] [FML]: Examining file: IvToolkit-1.3.3-1.12.jar
[08:54:34] [main/DEBUG] [FML]: Examining file: HelpFixer-1.12.1-1.5.18.jar
[08:54:34] [main/DEBUG] [FML]: Examining file: AutoRegLib-1.3-32.jar
[08:54:34] [main/DEBUG] [FML]: Examining file: Reskillable-1.12.2-1.13.0.jar
[08:54:34] [main/DEBUG] [FML]: Examining file: CoralReef-2.5-1.12.2.jar
[08:54:34] [main/DEBUG] [FML]: Examining file: SRParasites-1.12.2v1.9.21.jar
[08:54:34] [main/DEBUG] [FML]: Examining file: lycanitesmobs-1.12.2-2.0.8.10.jar
[08:54:34] [main/DEBUG] [FML]: Examining file: BoatDeleteBegone-1.1.2.jar
[08:54:34] [main/DEBUG] [FML]: Examining file: Localizator-1.12.2-1.0.14.jar
[08:54:34] [main/DEBUG] [FML]: Examining file: ElenaiDodge-1.12.2-2.1.jar
[08:54:34] [main/DEBUG] [FML]: Examining file: MouseTweaks-2.10.1-mc1.12.2.jar
[08:54:34] [main/DEBUG] [FML]: Examining file: NoiseThreader-1.1.1.jar
[08:54:34] [main/DEBUG] [FML]: Examining file: RealisticTorches-1.12.2-2.1.2.jar
[08:54:34] [main/DEBUG] [FML]: Examining file: JSON-Paintings-v1.4.0-mc1.12.2.jar
[08:54:34] [main/DEBUG] [FML]: Examining file: tumbleweed-1.12-0.4.7.jar
[08:54:34] [main/DEBUG] [FML]: Examining file: `FermiumBooter-1.3.2.jar
[08:54:34] [main/DEBUG] [FML]: Examining file: VCFix-1.0.1.jar
[08:54:34] [main/DEBUG] [FML]: Examining file: RebornCore-1.12.2-3.19.5-universal.jar
[08:54:34] [main/DEBUG] [FML]: Examining file: Born In A Barn 1.8-1.12-1.2.jar
[08:54:34] [main/DEBUG] [FML]: Examining file: ChunkAnimator-1.12.2-1.2.1.jar
[08:54:34] [main/DEBUG] [FML]: Examining file: CD4017BE_lib-1.12.2-6.5.1.jar
[08:54:34] [main/DEBUG] [FML]: Examining file: potiondescriptions-1.12.2-1.2.4.jar
[08:54:34] [main/DEBUG] [FML]: Examining file: paintingselgui-PSG Revamed-1.12.2-1.1.0.1.jar
[08:54:34] [main/DEBUG] [FML]: Examining file: VariedCommodities_1.12.2-(31Mar23).jar
[08:54:34] [main/DEBUG] [FML]: Examining file: DynamicSurroundings-1.12.2-3.6.2.1.jar
[08:54:34] [main/DEBUG] [FML]: Examining file: Bounceable-1.0.1.jar
[08:54:34] [main/DEBUG] [FML]: Examining file: MultiMine-1.12.2.jar
[08:54:34] [main/DEBUG] [FML]: Examining file: SpawnerControl-1.6.3b.jar
[08:54:34] [main/DEBUG] [FML]: Examining file: framevoidpatch-1.0.0.jar
[08:54:34] [main/DEBUG] [FML]: Examining file: tschipplib-1.12.2-1.1.7.jar
[08:54:34] [main/DEBUG] [FML]: Examining file: LootTweaker-0.3.1+MC1.12.2.jar
[08:54:34] [main/DEBUG] [FML]: Examining file: Quark-r1.6-179.jar
[08:54:34] [main/DEBUG] [FML]: Examining file: craftablechainmail-1.0.jar
[08:54:34] [main/DEBUG] [FML]: Examining file: !mod-director-launchwrapper-1.9.1.jar
[08:54:34] [main/DEBUG] [FML]: Examining file: RLTweaker-1.12.2-0.7.5.jar
[08:54:34] [main/DEBUG] [FML]: Examining file: antiqueatlas-1.12.2-4.6.3.jar
[08:54:34] [main/DEBUG] [FML]: Examining file: FantasticLib-1.12.2.070.jar
[08:54:34] [main/DEBUG] [FML]: Examining file: betterbiomeblend-1.12.2-1.1.7-forge.jar
[08:54:34] [main/DEBUG] [FML]: Examining file: foamfix-0.10.15-1.12.2.jar
[08:54:34] [main/DEBUG] [FML]: Examining file: OptifineCITPatch-1.0.4.jar
[08:54:34] [main/DEBUG] [FML]: Examining file: VerticallyStackedDimensions-1.12.2-0.1.9.jar
[08:54:34] [main/DEBUG] [FML]: Examining file: AttributeFix-Forge-1.12.2-1.0.12.jar
[08:54:34] [main/DEBUG] [FML]: Examining file: CraftTweaker2-1.12-4.1.20.704.jar
[08:54:34] [main/DEBUG] [FML]: Examining file: Trinkets and Baubles-0.32.5.jar
[08:54:34] [main/DEBUG] [FML]: Examining file: OreLib-1.12.2-3.6.0.1.jar
[08:54:34] [main/DEBUG] [FML]: Making maven link for org.orecruncher:OreLib:1.12.2-3.6.0.1 in memory to /home/Minecraft/rlcraft-server/./mods/OreLib-1.12.2-3.6.0.1.jar.
[08:54:34] [main/DEBUG] [FML]: Examining file: classyhats-1.6.0.jar
[08:54:34] [main/DEBUG] [FML]: Examining file: bettercaves-1.12.2-2.0.4.jar
[08:54:34] [main/DEBUG] [FML]: Examining file: switchbow-1.6.8.jar
[08:54:34] [main/DEBUG] [FML]: Examining file: SilentLib-1.12.2-3.0.14+168.jar
[08:54:34] [main/DEBUG] [FML]: Examining file: WearableBackpacks-RLCraft-1.12.2-3.2.6.jar
[08:54:34] [main/DEBUG] [FML]: Examining file: DoomlikeDungeons-1.14.12-MC1.12.2.jar
[08:54:34] [main/DEBUG] [FML]: Examining file: SRPMixins-2.9.1.1.jar
[08:54:34] [main/DEBUG] [FML]: Examining file: EditableEdibles-1.3.3.jar
[08:54:34] [main/DEBUG] [FML]: Examining file: alcatrazcore-1.0.4.jar
[08:54:34] [main/DEBUG] [FML]: Examining file: BedBreakBegone-1.0.2.jar
[08:54:34] [main/DEBUG] [FML]: Examining file: Charm-1.12.2-1.4.1.jar
[08:54:34] [main/DEBUG] [FML]: Examining file: LegendaryTooltips-1.12.2-1.1.11.jar
[08:54:34] [main/DEBUG] [FML]: Examining file: SoManyEnchantments-1.0.7-1.12.2.jar
[08:54:34] [main/DEBUG] [FML]: Examining file: FoodExpansion1.3.3-1.12.2.jar
[08:54:34] [main/DEBUG] [FML]: Examining file: RLFoliage-MC1.12-2.4.2.jar
[08:54:34] [main/DEBUG] [FML]: Examining file: dynamictreesdefiledlands-1.12.2-1.0.0.jar
[08:54:34] [main/DEBUG] [FML]: Examining file: llibrary-1.7.20-1.12.2.jar
[08:54:34] [main/DEBUG] [FML]: Found existing ContainedDep llibrary-core-1.0.11-1.12.2.jar(net.ilexiconn:llibrary-core:1.0.11-1.12.2) from /home/Minecraft/rlcraft-server/mods/memory_repo/net/ilexiconn/llibrary-core/1.0.11-1.12.2/llibrary-core-1.0.11-1.12.2.jar extracted to ./mods/llibrary-1.7.20-1.12.2.jar, skipping extraction
[08:54:34] [main/DEBUG] [FML]: Examining file: llibrary-core-1.0.11-1.12.2.jar
[08:54:34] [main/DEBUG] [FML]: Making maven link for net.ilexiconn:llibrary:1.7.20-1.12.2 in memory to /home/Minecraft/rlcraft-server/./mods/llibrary-1.7.20-1.12.2.jar.
[08:54:34] [main/DEBUG] [FML]: Examining file: RecurrentComplex-1.4.8.6.jar
[08:54:34] [main/DEBUG] [FML]: Examining file: ContentCreator-1.3.7-fix2.jar
[08:54:34] [main/DEBUG] [FML]: Examining file: WolfArmorAndStorage-3.8.1+1.12.2.alpha.1-SNAPSHOT-signed.jar
[08:54:34] [main/DEBUG] [FML]: Examining file: incontrol-1.12-3.9.18.jar
[08:54:34] [main/DEBUG] [FML]: Found existing ContainedDep META-INF/libraries/mcjtytools-1.12-0.0.21.jar(com.github.mcjty:mcjtytools:0.0.21) from /home/Minecraft/rlcraft-server/mods/memory_repo/com/github/mcjty/mcjtytools/0.0.21/mcjtytools-0.0.21.jar extracted to ./mods/incontrol-1.12-3.9.18.jar, skipping extraction
[08:54:34] [main/DEBUG] [FML]: Examining file: mcjtytools-0.0.21.jar
[08:54:34] [main/DEBUG] [FML]: Examining file: base-1.12.2-3.14.0.jar
[08:54:34] [main/DEBUG] [FML]: Examining file: DynamicTrees-1.12.2-0.9.29.jar
[08:54:34] [main/DEBUG] [FML]: Examining file: ctintegration-1.8.0.jar
[08:54:34] [main/DEBUG] [FML]: Examining file: BetterTabs-1.0.4.jar
[08:54:34] [main/DEBUG] [FML]: Examining file: Inspirations-1.12.2-0.2.9.jar
[08:54:34] [main/DEBUG] [FML]: Examining file: FancyBlockParticles-1.12.x-2.4.1.jar
[08:54:34] [main/DEBUG] [FML]: Examining file: FishingMadeBetter-1.12.2-2.2.7.jar
[08:54:34] [main/DEBUG] [FML]: Examining file: fancymenu_forge_2.14.9_MC_1.12-1.12.2.jar
[08:54:34] [main/DEBUG] [FML]: Examining file: SetBonus-1.12.2.040.jar
[08:54:34] [main/DEBUG] [FML]: Examining file: Locks-1.12.2-3.0.0.jar
[08:54:34] [main/DEBUG] [FML]: Examining file: GooglyEyes-1.12.2-7.1.1.jar
[08:54:34] [main/DEBUG] [FML]: Examining file: better_survival-1.5.4.jar
[08:54:34] [main/DEBUG] [FML]: Examining file: mcw-bridges-1.0.6b-mc1.12.2.jar
[08:54:34] [main/DEBUG] [FML]: Examining file: spartanfire_rlcraft-1.3.3.jar
[08:54:34] [main/DEBUG] [FML]: Examining file: carrotslib-mc1.12.2-1.0.0b1.jar
[08:54:34] [main/DEBUG] [FML]: Examining file: champions-1.12.2-1.0.11.10.jar
[08:54:34] [main/DEBUG] [FML]: Examining file: GlobalGameRules-1.12.2-2.2.7.jar
[08:54:34] [main/DEBUG] [FML]: Examining file: Neat 1.4-17.jar
[08:54:34] [main/DEBUG] [FML]: Examining file: ToolBelt-1.12.2-1.9.14.jar
[08:54:34] [main/DEBUG] [FML]: Examining file: Toast Control-1.12.2-1.8.1.jar
[08:54:34] [main/DEBUG] [FML]: Examining file: DynamicTreesQuark-1.12.2-1.0.6.jar
[08:54:34] [main/DEBUG] [FML]: Examining file: pigstep-1.12.jar
[08:54:34] [main/DEBUG] [FML]: Examining file: antiquecities-1.2.1.jar
[08:54:34] [main/DEBUG] [FML]: Examining file: SimpleDifficulty-1.12.2-0.3.9.jar
[08:54:34] [main/DEBUG] [FML]: Examining file: AntiqueAtlasAutoMarker-1.4.2.2.jar
[08:54:34] [main/DEBUG] [FML]: Examining file: disenchanter[1.12]1.8.jar
[08:54:34] [main/DEBUG] [FML]: Examining file: SereneSeasons-1.12.2-1.2.18-universal.jar
[08:54:34] [main/DEBUG] [FML]: Examining file: armorunder-mc1.12.2-1.0.0.jar
[08:54:34] [main/DEBUG] [FML]: Examining file: Forgelin-1.8.4.jar
[08:54:34] [main/DEBUG] [FML]: Examining file: CollisionDamage-1.2.2.jar
[08:54:34] [main/DEBUG] [FML]: Examining file: Amphithere Mod-1.0.2.jar
[08:54:34] [main/DEBUG] [FML]: Examining file: ForgeEndertech-1.12.2-4.5.6.1-build.0648.jar
[08:54:34] [main/DEBUG] [FML]: Examining file: RLCombat-1.12.2-2.2.4.jar
[08:54:34] [main/DEBUG] [FML]: Examining file: roughTweaks0.2.4-1.12.2.jar
[08:54:34] [main/DEBUG] [FML]: Examining file: StandardExpansion-3.4.173.jar
[08:54:34] [main/DEBUG] [FML]: Examining file: BiomesOPlenty-1.12.2-7.0.1.2445-universal.jar
[08:54:34] [main/DEBUG] [FML]: Examining file: BlockOverlayFix-1.12.2-1.0.0.jar
[08:54:34] [main/DEBUG] [FML]: Examining file: RealBench-1.12.2-1.3.3.jar
[08:54:34] [main/DEBUG] [FML]: Examining file: particleculling-1.12.2-v1.4.3.jar
[08:54:34] [main/DEBUG] [FML]: Examining file: SpartanShields-1.12.2-1.5.5.jar
[08:54:34] [main/DEBUG] [FML]: Examining file: RLMixins-1.4.6.jar
[08:54:34] [main/DEBUG] [FML]: Examining file: tnt_utilities-mc1.12-1.2.3.jar
[08:54:34] [main/DEBUG] [FML]: Examining file: RoguelikeDungeonsFnarEdition-1.12.2-2.4.6.jar
[08:54:34] [main/DEBUG] [FML]: Examining file: itlt-1.12.x-1.0.4.jar
[08:54:34] [main/DEBUG] [FML]: Examining file: PotionFingers-r1.0-8.jar
[08:54:34] [main/DEBUG] [FML]: Examining file: BHMenu-Forge-1.12.2-2.4.5.jar
[08:54:34] [main/DEBUG] [FML]: Examining file: Bountiful Baubles-1.12.2-0.1.8.jar
[08:54:34] [main/DEBUG] [FML]: Examining file: Advanced-Fishing-1.12.2-1.3.3.jar
[08:54:34] [main/DEBUG] [FML]: Examining file: QualityTools-1.0.7_for_1.12.2.jar
[08:54:34] [main/DEBUG] [FML]: Examining file: Kiwi-1.12.2-0.5.3.32.jar
[08:54:34] [main/DEBUG] [FML]: Making maven link for ${project.group}:${project.archivesBaseName}:${project.version} in memory to /home/Minecraft/rlcraft-server/./mods/Kiwi-1.12.2-0.5.3.32.jar.
[08:54:34] [main/DEBUG] [FML]: Examining file: fxcontrol-1.12-0.1.15.jar
[08:54:34] [main/DEBUG] [FML]: Found existing ContainedDep META-INF/libraries/mcjtytools-1.12-0.0.21.jar(com.github.mcjty:mcjtytools:0.0.21) from /home/Minecraft/rlcraft-server/mods/memory_repo/com/github/mcjty/mcjtytools/0.0.21/mcjtytools-0.0.21.jar extracted to ./mods/fxcontrol-1.12-0.1.15.jar, skipping extraction
[08:54:34] [main/DEBUG] [FML]: File already proccessed /home/Minecraft/rlcraft-server/./mods/memory_repo/com/github/mcjty/mcjtytools/0.0.21/mcjtytools-0.0.21.jar, Skipping
[08:54:34] [main/DEBUG] [FML]: Examining file: RLCraftLuckified-1.1.1.jar
[08:54:34] [main/DEBUG] [FML]: Examining file: DynamicSurroundingsHuds-1.12.2-3.6.0.0.jar
[08:54:34] [main/DEBUG] [FML]: Making maven link for org.orecruncher:DynamicSurroundingsHuds:1.12.2-3.6.0.0 in memory to /home/Minecraft/rlcraft-server/./mods/DynamicSurroundingsHuds-1.12.2-3.6.0.0.jar.
[08:54:34] [main/DEBUG] [FML]: Examining file: betternether-0.1.8.6.jar
[08:54:34] [main/DEBUG] [FML]: Examining file: Placebo-1.12.2-1.6.1.jar
[08:54:34] [main/DEBUG] [FML]: Examining file: BetterQuesting-3.5.329.jar
[08:54:34] [main/DEBUG] [FML]: Examining file: DynamicTreesTraverse-1.12.2-2.1.jar
[08:54:34] [main/DEBUG] [FML]: Examining file: konkrete_forge_1.6.1_MC_1.12-1.12.2.jar
[08:54:34] [main/DEBUG] [FML]: Examining file: DynamicTreesBOP-1.12.2-1.5.2.jar
[08:54:34] [main/DEBUG] [FML]: Examining file: AIReducer-1.12.2-0.3.0.jar
[08:54:34] [main/DEBUG] [FML]: Examining file: Baubley-Elytra-v1.3.3-mc1.12.2.jar
[08:54:34] [main/DEBUG] [FML]: Examining file: ReachFix-1.12.2-1.1.3.jar
[08:54:34] [main/DEBUG] [FML]: Examining file: AdHooks-1.12.2-3.3.1.0-build.0626.jar
[08:54:34] [main/DEBUG] [FML]: Examining file: phosphor-1.12.2-0.2.6+build50-universal.jar
[08:54:34] [main/DEBUG] [FML]: Making maven link for me.jellysquid.mods:phosphor:1.12.2-0.2.6+build50 in memory to /home/Minecraft/rlcraft-server/./mods/phosphor-1.12.2-0.2.6+build50-universal.jar.
[08:54:34] [main/DEBUG] [FML]: Examining file: grapplemod-1.12.2-v12.3.jar
[08:54:34] [main/DEBUG] [FML]: Examining file: Baubles-1.12-1.5.2.jar
[08:54:34] [main/DEBUG] [FML]: Examining file: notreepunching-2.0.21.jar
[08:54:34] [main/DEBUG] [FML]: Examining file: EpicSiegeMod-13.167.jar
[08:54:34] [main/DEBUG] [FML]: Examining file: forgottenitems-1.12.2-1.3.1.4.jar
[08:54:34] [main/DEBUG] [FML]: Examining file: xptome-1.12.2-v1.1.6.jar
[08:54:34] [main/DEBUG] [FML]: Examining file: AARCAddon-1.0.1.jar
[08:54:34] [main/DEBUG] [FML]: Examining file: Level Up! 2-1.1.23-1.12.jar
[08:54:34] [main/DEBUG] [FML]: Examining file: comforts-1.12.2-1.4.1.3.jar
[08:54:34] [main/DEBUG] [FML]: Examining file: PotionCore-1.9_for_1.12.2.jar
[08:54:34] [main/DEBUG] [FML]: Examining file: PortalDupeBegone-1.0.0.jar
[08:54:34] [main/DEBUG] [FML]: Examining file: Bountiful-1.12.2-2.2.3.jar
[08:54:34] [main/DEBUG] [FML]: Examining file: Mantle-1.12-1.3.3.55.jar
[08:54:34] [main/DEBUG] [FML]: Examining file: FamiliarFauna-1.12.2-1.0.11.jar
[08:54:34] [main/DEBUG] [FML]: Examining file: LoadingScreens-1.12.2-0.3.1.jar
[08:54:34] [main/DEBUG] [FML]: Examining file: Traverse-1.12.2-1.6.0-69.jar
[08:54:34] [main/DEBUG] [FML]: Examining file: RenderLib-1.12.2-1.4.5.jar
[08:54:34] [main/DEBUG] [FML]: Examining file: lostcities-1.12-2.0.22.jar
[08:54:34] [main/DEBUG] [FML]: Examining file: DelightfulCuisineForWoodheads_1.12.2-1.1.0.jar
[08:54:34] [main/DEBUG] [FML]: Examining file: RLArtifacts-1.1.2.jar
[08:54:34] [main/DEBUG] [FML]: Examining file: CompatSkills-1.12.2-1.17.0.jar
[08:54:34] [main/DEBUG] [FML]: Examining file: Fish's Undead Rising-1.4.2.jar
[08:54:34] [main/DEBUG] [FML]: Examining file: SoundFilters-0.12.1_for_1.12.jar
[08:54:34] [main/DEBUG] [FML]: Examining file: nuclearcraft-1.12.2-2.19a.jar
[08:54:34] [main/DEBUG] [FML]: Examining file: FoodFix-1.12.2.001.jar
[08:54:34] [main/DEBUG] [FML]: Examining file: SnowRealMagic-1.12.2-0.7.4.jar
[08:54:34] [main/DEBUG] [FML]: Examining file: lagbgonrevived-1.1.0.jar
[08:54:34] [main/DEBUG] [FML]: Examining file: FurnaceXPStorage-1.1.4.jar
[08:54:34] [main/DEBUG] [FML]: Examining file: modtweaker-4.0.20.11.jar
[08:54:34] [main/DEBUG] [FML]: Examining file: EnchantmentDescriptions-1.12.2-1.1.20.jar
[08:54:34] [main/DEBUG] [FML]: Examining file: callablehorses-1.12.2-1.1.1.jar
[08:54:34] [main/DEBUG] [FML]: Examining file: EnhancedVisuals_v1.4.4_mc1.12.2.jar
[08:54:34] [main/DEBUG] [FML]: Examining file: librarianlib-1.12.2-4.22.jar
[08:54:34] [main/DEBUG] [FML]: Examining file: MoBends_1.12.2-1.2.1-19.12.21.jar
[08:54:34] [main/DEBUG] [FML]: Examining file: EntityCulling-1.12.2-6.5.0.jar
[08:54:34] [main/DEBUG] [FML]: Examining file: Bloodmoon-MC1.12.2-1.5.3.jar
[08:54:34] [main/DEBUG] [FML]: Examining file: MmmMmmMmmMmm-1.12-2.0.5.jar
[08:54:34] [main/DEBUG] [FML]: Examining file: YungsLaw-1.12.2-1.0.4.jar
[08:54:34] [main/DEBUG] [FML]: Examining file: fermiumasm-5.28.jar
[08:54:34] [main/DEBUG] [FML]: Examining file: EagleMixins-1.1.7.jar
[08:54:34] [main/DEBUG] [FML]: Examining file: ResourceLoader-MC1.12.1-1.5.3.jar
[08:54:34] [main/DEBUG] [FML]: Examining file: InfernalMobs-1.12.2.jar
[08:54:34] [main/DEBUG] [FML]: Examining file: Waystones_1.12.2-4.1.0.jar
[08:54:34] [main/DEBUG] [FML]: Examining file: Controlling-3.0.12.4.jar
[08:54:34] [main/DEBUG] [FML]: Examining file: playerbosses-1.12.2-1.1.0.jar
[08:54:34] [main/DEBUG] [FML]: Examining file: ContentTweaker-1.12.2-4.10.0.jar
[08:54:34] [main/DEBUG] [FML]: Examining file: Underneath-1.9.jar
[08:54:34] [main/DEBUG] [FML]: Examining file: spartandefiled-1.12.2-1.2.jar
[08:54:34] [main/DEBUG] [FML]: Examining file: ShieldBreak-1.1.3.jar
[08:54:34] [main/DEBUG] [FML]: Examining file: rustic-1.1.7.jar
[08:54:34] [main/DEBUG] [FML]: Examining file: SpartanWeaponry-1.12.2-1.6.1.jar
[08:54:34] [main/DEBUG] [FML]: Cleaning up mods folder: ./mods/1.12.2
[08:54:34] [main/DEBUG] [FML]: Examining file: OTG-Core.jar
[08:54:34] [main/DEBUG] [FML]: File already proccessed /home/Minecraft/rlcraft-server/./mods/OreLib-1.12.2-3.6.0.1.jar, Skipping
[08:54:34] [main/DEBUG] [FML]: File already proccessed /home/Minecraft/rlcraft-server/./mods/memory_repo/net/ilexiconn/llibrary-core/1.0.11-1.12.2/llibrary-core-1.0.11-1.12.2.jar, Skipping
[08:54:34] [main/DEBUG] [FML]: File already proccessed /home/Minecraft/rlcraft-server/./mods/llibrary-1.7.20-1.12.2.jar, Skipping
[08:54:34] [main/DEBUG] [FML]: File already proccessed /home/Minecraft/rlcraft-server/./mods/memory_repo/com/github/mcjty/mcjtytools/0.0.21/mcjtytools-0.0.21.jar, Skipping
[08:54:34] [main/DEBUG] [FML]: File already proccessed /home/Minecraft/rlcraft-server/./mods/Kiwi-1.12.2-0.5.3.32.jar, Skipping
[08:54:34] [main/DEBUG] [FML]: File already proccessed /home/Minecraft/rlcraft-server/./mods/DynamicSurroundingsHuds-1.12.2-3.6.0.0.jar, Skipping
[08:54:34] [main/DEBUG] [FML]: File already proccessed /home/Minecraft/rlcraft-server/./mods/phosphor-1.12.2-0.2.6+build50-universal.jar, Skipping
[08:54:34] [main/DEBUG] [FML]: Enabling runtime deobfuscation
[08:54:34] [main/DEBUG] [FML]: Instantiating coremod class FMLCorePlugin
[08:54:34] [main/DEBUG] [FML]: Found signing certificates for coremod FMLCorePlugin (net.minecraftforge.fml.relauncher.FMLCorePlugin)
[08:54:34] [main/DEBUG] [FML]: Found certificate e3c3d50c7c986df74c645c0ac54639741c90a557
[08:54:34] [main/DEBUG] [FML]: Added access transformer class net.minecraftforge.fml.common.asm.transformers.AccessTransformer to enqueued access transformers
[08:54:34] [main/DEBUG] [FML]: Enqueued coremod FMLCorePlugin
[08:54:34] [main/DEBUG] [FML]: Instantiating coremod class FMLForgePlugin
[08:54:34] [main/DEBUG] [FML]: Found signing certificates for coremod FMLForgePlugin (net.minecraftforge.classloading.FMLForgePlugin)
[08:54:34] [main/DEBUG] [FML]: Found certificate e3c3d50c7c986df74c645c0ac54639741c90a557
[08:54:34] [main/DEBUG] [FML]: Enqueued coremod FMLForgePlugin
[08:54:34] [main/DEBUG] [FML]: All fundamental core mods are successfully located
[08:54:34] [main/DEBUG] [FML]: Discovering coremods
[08:54:34] [main/INFO] [FML]: Searching /home/Minecraft/rlcraft-server/./mods for mods
[08:54:34] [main/DEBUG] [FML]:   Adding carryon-1.12.2-1.12.7.23.jar to the mod list
[08:54:34] [main/DEBUG] [FML]:   Adding BQ_Multiblock_Structure_Integration-1.0.9.jar to the mod list
[08:54:34] [main/DEBUG] [FML]:   Adding defiledlands-1.12.2-1.4.3.jar to the mod list
[08:54:34] [main/DEBUG] [FML]:   Adding Surge-1.12.2-2.0.79.jar to the mod list
[08:54:34] [main/DEBUG] [FML]:   Adding CreativeCore_v1.10.71_mc1.12.2.jar to the mod list
[08:54:34] [main/DEBUG] [FML]:   Adding Aquaculture-1.12.2-1.6.8.jar to the mod list
[08:54:34] [main/DEBUG] [FML]:   Adding XPFromHarvest-1.12.2-1.2.0.jar to the mod list
[08:54:34] [main/DEBUG] [FML]:   Adding trumpetskeleton-1.12-1.0.2.1.jar to the mod list
[08:54:34] [main/DEBUG] [FML]:   Adding BNBGamingLib-1.12.2-2.17.6.jar to the mod list
[08:54:34] [main/DEBUG] [FML]:   Adding ScalingHealth-1.12.2-1.3.42+147.jar to the mod list
[08:54:34] [main/DEBUG] [FML]:   Adding FermiumMixins-1.0.9.jar to the mod list
[08:54:34] [main/DEBUG] [FML]:   Adding FriendlyEndermite_v1.0.1_mc1.12.2.jar to the mod list
[08:54:34] [main/DEBUG] [FML]:   Adding corpsecomplex-1.12.2-1.0.12.0.jar to the mod list
[08:54:34] [main/DEBUG] [FML]:   Adding ItemPhysic_Full_1.4.37_mc1.12.2.jar to the mod list
[08:54:34] [main/DEBUG] [FML]:   Adding firstaid-1.6.22.jar to the mod list
[08:54:34] [main/DEBUG] [FML]:   Adding BattleTowers-1.12.2.jar to the mod list
[08:54:34] [main/DEBUG] [FML]:   Adding PhosphorCrashFix-1.12.2-1.0.0.jar to the mod list
[08:54:34] [main/DEBUG] [FML]:   Adding OpenTerrainGenerator-1.12.2-v9.7.jar to the mod list
[08:54:34] [main/DEBUG] [FML]:   Adding astikorcarts-1.12.2-0.1.2.8.jar to the mod list
[08:54:34] [main/DEBUG] [FML]:   Adding crafttweakerutils-0.7.jar to the mod list
[08:54:34] [main/DEBUG] [FML]:   Adding jei_1.12.2-4.16.1.1012.jar to the mod list
[08:54:34] [main/DEBUG] [FML]:   Adding anvilpatch-1.1.1.jar to the mod list
[08:54:34] [main/DEBUG] [FML]:   Adding DregoraRL-3.5.jar to the mod list
[08:54:34] [main/DEBUG] [FML]:   Adding sit-1.12.2-v1.3.jar to the mod list
[08:54:34] [main/DEBUG] [FML]:   Adding BetterMineshaftsForge-1.12.2-2.2.1.jar to the mod list
[08:54:34] [main/DEBUG] [FML]:   Adding BQTweaker-1.3.5.jar to the mod list
[08:54:34] [main/DEBUG] [FML]:   Adding Ice and Fire-2.0.9.jar to the mod list
[08:54:34] [main/DEBUG] [FML]:   Adding InventoryTweaks-1.64+dev.151.jar to the mod list
[08:54:34] [main/DEBUG] [FML]:   Adding SpartanHUDBaubles-1.12.2-1.0.0.jar to the mod list
[08:54:34] [main/DEBUG] [FML]:   Adding MaterialTweaker-1.1.1.jar to the mod list
[08:54:34] [main/DEBUG] [FML]:   Adding spark-unforged-1.11.140-forge.jar to the mod list
[08:54:34] [main/DEBUG] [FML]:   Adding MTLib-3.0.7.jar to the mod list
[08:54:34] [main/DEBUG] [FML]:   Adding iChunUtil-1.12.2-7.2.2.jar to the mod list
[08:54:34] [main/DEBUG] [FML]:   Adding IvToolkit-1.3.3-1.12.jar to the mod list
[08:54:34] [main/DEBUG] [FML]:   Adding HelpFixer-1.12.1-1.5.18.jar to the mod list
[08:54:34] [main/DEBUG] [FML]:   Adding AutoRegLib-1.3-32.jar to the mod list
[08:54:34] [main/DEBUG] [FML]:   Adding Reskillable-1.12.2-1.13.0.jar to the mod list
[08:54:34] [main/DEBUG] [FML]:   Adding CoralReef-2.5-1.12.2.jar to the mod list
[08:54:34] [main/DEBUG] [FML]:   Adding SRParasites-1.12.2v1.9.21.jar to the mod list
[08:54:34] [main/DEBUG] [FML]:   Adding lycanitesmobs-1.12.2-2.0.8.10.jar to the mod list
[08:54:34] [main/DEBUG] [FML]:   Adding BoatDeleteBegone-1.1.2.jar to the mod list
[08:54:34] [main/DEBUG] [FML]:   Adding Localizator-1.12.2-1.0.14.jar to the mod list
[08:54:34] [main/DEBUG] [FML]:   Adding ElenaiDodge-1.12.2-2.1.jar to the mod list
[08:54:34] [main/DEBUG] [FML]:   Adding MouseTweaks-2.10.1-mc1.12.2.jar to the mod list
[08:54:34] [main/DEBUG] [FML]:   Adding NoiseThreader-1.1.1.jar to the mod list
[08:54:34] [main/DEBUG] [FML]:   Adding RealisticTorches-1.12.2-2.1.2.jar to the mod list
[08:54:34] [main/DEBUG] [FML]:   Adding JSON-Paintings-v1.4.0-mc1.12.2.jar to the mod list
[08:54:34] [main/DEBUG] [FML]:   Adding tumbleweed-1.12-0.4.7.jar to the mod list
[08:54:34] [main/DEBUG] [FML]:   Adding `FermiumBooter-1.3.2.jar to the mod list
[08:54:34] [main/DEBUG] [FML]:   Adding VCFix-1.0.1.jar to the mod list
[08:54:34] [main/DEBUG] [FML]:   Adding RebornCore-1.12.2-3.19.5-universal.jar to the mod list
[08:54:34] [main/DEBUG] [FML]:   Adding Born In A Barn 1.8-1.12-1.2.jar to the mod list
[08:54:34] [main/DEBUG] [FML]:   Adding ChunkAnimator-1.12.2-1.2.1.jar to the mod list
[08:54:34] [main/DEBUG] [FML]:   Adding CD4017BE_lib-1.12.2-6.5.1.jar to the mod list
[08:54:34] [main/DEBUG] [FML]:   Adding potiondescriptions-1.12.2-1.2.4.jar to the mod list
[08:54:34] [main/DEBUG] [FML]:   Adding paintingselgui-PSG Revamed-1.12.2-1.1.0.1.jar to the mod list
[08:54:34] [main/DEBUG] [FML]:   Adding VariedCommodities_1.12.2-(31Mar23).jar to the mod list
[08:54:34] [main/DEBUG] [FML]:   Adding DynamicSurroundings-1.12.2-3.6.2.1.jar to the mod list
[08:54:34] [main/DEBUG] [FML]:   Adding Bounceable-1.0.1.jar to the mod list
[08:54:34] [main/DEBUG] [FML]:   Adding MultiMine-1.12.2.jar to the mod list
[08:54:34] [main/DEBUG] [FML]:   Adding SpawnerControl-1.6.3b.jar to the mod list
[08:54:34] [main/DEBUG] [FML]:   Adding framevoidpatch-1.0.0.jar to the mod list
[08:54:34] [main/DEBUG] [FML]:   Adding tschipplib-1.12.2-1.1.7.jar to the mod list
[08:54:34] [main/DEBUG] [FML]:   Adding LootTweaker-0.3.1+MC1.12.2.jar to the mod list
[08:54:34] [main/DEBUG] [FML]:   Adding Quark-r1.6-179.jar to the mod list
[08:54:34] [main/DEBUG] [FML]:   Adding craftablechainmail-1.0.jar to the mod list
[08:54:34] [main/DEBUG] [FML]:   Adding !mod-director-launchwrapper-1.9.1.jar to the mod list
[08:54:34] [main/DEBUG] [FML]:   Adding RLTweaker-1.12.2-0.7.5.jar to the mod list
[08:54:34] [main/DEBUG] [FML]:   Adding antiqueatlas-1.12.2-4.6.3.jar to the mod list
[08:54:34] [main/DEBUG] [FML]:   Adding FantasticLib-1.12.2.070.jar to the mod list
[08:54:34] [main/DEBUG] [FML]:   Adding betterbiomeblend-1.12.2-1.1.7-forge.jar to the mod list
[08:54:34] [main/DEBUG] [FML]:   Adding foamfix-0.10.15-1.12.2.jar to the mod list
[08:54:34] [main/DEBUG] [FML]:   Adding OptifineCITPatch-1.0.4.jar to the mod list
[08:54:34] [main/DEBUG] [FML]:   Adding VerticallyStackedDimensions-1.12.2-0.1.9.jar to the mod list
[08:54:34] [main/DEBUG] [FML]:   Adding AttributeFix-Forge-1.12.2-1.0.12.jar to the mod list
[08:54:34] [main/DEBUG] [FML]:   Adding CraftTweaker2-1.12-4.1.20.704.jar to the mod list
[08:54:34] [main/DEBUG] [FML]:   Adding Trinkets and Baubles-0.32.5.jar to the mod list
[08:54:34] [main/DEBUG] [FML]:   Adding OreLib-1.12.2-3.6.0.1.jar to the mod list
[08:54:34] [main/DEBUG] [FML]:   Adding classyhats-1.6.0.jar to the mod list
[08:54:34] [main/DEBUG] [FML]:   Adding bettercaves-1.12.2-2.0.4.jar to the mod list
[08:54:34] [main/DEBUG] [FML]:   Adding switchbow-1.6.8.jar to the mod list
[08:54:34] [main/DEBUG] [FML]:   Adding SilentLib-1.12.2-3.0.14+168.jar to the mod list
[08:54:34] [main/DEBUG] [FML]:   Adding WearableBackpacks-RLCraft-1.12.2-3.2.6.jar to the mod list
[08:54:34] [main/DEBUG] [FML]:   Adding DoomlikeDungeons-1.14.12-MC1.12.2.jar to the mod list
[08:54:34] [main/DEBUG] [FML]:   Adding SRPMixins-2.9.1.1.jar to the mod list
[08:54:34] [main/DEBUG] [FML]:   Adding EditableEdibles-1.3.3.jar to the mod list
[08:54:34] [main/DEBUG] [FML]:   Adding alcatrazcore-1.0.4.jar to the mod list
[08:54:34] [main/DEBUG] [FML]:   Adding BedBreakBegone-1.0.2.jar to the mod list
[08:54:34] [main/DEBUG] [FML]:   Adding Charm-1.12.2-1.4.1.jar to the mod list
[08:54:34] [main/DEBUG] [FML]:   Adding LegendaryTooltips-1.12.2-1.1.11.jar to the mod list
[08:54:34] [main/DEBUG] [FML]:   Adding SoManyEnchantments-1.0.7-1.12.2.jar to the mod list
[08:54:34] [main/DEBUG] [FML]:   Adding FoodExpansion1.3.3-1.12.2.jar to the mod list
[08:54:34] [main/DEBUG] [FML]:   Adding RLFoliage-MC1.12-2.4.2.jar to the mod list
[08:54:34] [main/DEBUG] [FML]:   Adding dynamictreesdefiledlands-1.12.2-1.0.0.jar to the mod list
[08:54:34] [main/DEBUG] [FML]:   Adding llibrary-1.7.20-1.12.2.jar to the mod list
[08:54:34] [main/DEBUG] [FML]:   Adding RecurrentComplex-1.4.8.6.jar to the mod list
[08:54:34] [main/DEBUG] [FML]:   Adding ContentCreator-1.3.7-fix2.jar to the mod list
[08:54:34] [main/DEBUG] [FML]:   Adding WolfArmorAndStorage-3.8.1+1.12.2.alpha.1-SNAPSHOT-signed.jar to the mod list
[08:54:34] [main/DEBUG] [FML]:   Adding incontrol-1.12-3.9.18.jar to the mod list
[08:54:34] [main/DEBUG] [FML]:   Adding base-1.12.2-3.14.0.jar to the mod list
[08:54:34] [main/DEBUG] [FML]:   Adding DynamicTrees-1.12.2-0.9.29.jar to the mod list
[08:54:34] [main/DEBUG] [FML]:   Adding ctintegration-1.8.0.jar to the mod list
[08:54:34] [main/DEBUG] [FML]:   Adding BetterTabs-1.0.4.jar to the mod list
[08:54:34] [main/DEBUG] [FML]:   Adding Inspirations-1.12.2-0.2.9.jar to the mod list
[08:54:34] [main/DEBUG] [FML]:   Adding FancyBlockParticles-1.12.x-2.4.1.jar to the mod list
[08:54:34] [main/DEBUG] [FML]:   Adding FishingMadeBetter-1.12.2-2.2.7.jar to the mod list
[08:54:34] [main/DEBUG] [FML]:   Adding fancymenu_forge_2.14.9_MC_1.12-1.12.2.jar to the mod list
[08:54:34] [main/DEBUG] [FML]:   Adding SetBonus-1.12.2.040.jar to the mod list
[08:54:34] [main/DEBUG] [FML]:   Adding Locks-1.12.2-3.0.0.jar to the mod list
[08:54:34] [main/DEBUG] [FML]:   Adding GooglyEyes-1.12.2-7.1.1.jar to the mod list
[08:54:34] [main/DEBUG] [FML]:   Adding better_survival-1.5.4.jar to the mod list
[08:54:34] [main/DEBUG] [FML]:   Adding mcw-bridges-1.0.6b-mc1.12.2.jar to the mod list
[08:54:34] [main/DEBUG] [FML]:   Adding spartanfire_rlcraft-1.3.3.jar to the mod list
[08:54:34] [main/DEBUG] [FML]:   Adding carrotslib-mc1.12.2-1.0.0b1.jar to the mod list
[08:54:34] [main/DEBUG] [FML]:   Adding champions-1.12.2-1.0.11.10.jar to the mod list
[08:54:34] [main/DEBUG] [FML]:   Adding GlobalGameRules-1.12.2-2.2.7.jar to the mod list
[08:54:34] [main/DEBUG] [FML]:   Adding Neat 1.4-17.jar to the mod list
[08:54:34] [main/DEBUG] [FML]:   Adding ToolBelt-1.12.2-1.9.14.jar to the mod list
[08:54:34] [main/DEBUG] [FML]:   Adding Toast Control-1.12.2-1.8.1.jar to the mod list
[08:54:34] [main/DEBUG] [FML]:   Adding DynamicTreesQuark-1.12.2-1.0.6.jar to the mod list
[08:54:34] [main/DEBUG] [FML]:   Adding pigstep-1.12.jar to the mod list
[08:54:34] [main/DEBUG] [FML]:   Adding antiquecities-1.2.1.jar to the mod list
[08:54:34] [main/DEBUG] [FML]:   Adding SimpleDifficulty-1.12.2-0.3.9.jar to the mod list
[08:54:34] [main/DEBUG] [FML]:   Adding AntiqueAtlasAutoMarker-1.4.2.2.jar to the mod list
[08:54:34] [main/DEBUG] [FML]:   Adding disenchanter[1.12]1.8.jar to the mod list
[08:54:34] [main/DEBUG] [FML]:   Adding SereneSeasons-1.12.2-1.2.18-universal.jar to the mod list
[08:54:34] [main/DEBUG] [FML]:   Adding armorunder-mc1.12.2-1.0.0.jar to the mod list
[08:54:34] [main/DEBUG] [FML]:   Adding Forgelin-1.8.4.jar to the mod list
[08:54:34] [main/DEBUG] [FML]:   Adding CollisionDamage-1.2.2.jar to the mod list
[08:54:34] [main/DEBUG] [FML]:   Adding Amphithere Mod-1.0.2.jar to the mod list
[08:54:34] [main/DEBUG] [FML]:   Adding ForgeEndertech-1.12.2-4.5.6.1-build.0648.jar to the mod list
[08:54:34] [main/DEBUG] [FML]:   Adding RLCombat-1.12.2-2.2.4.jar to the mod list
[08:54:34] [main/DEBUG] [FML]:   Adding roughTweaks0.2.4-1.12.2.jar to the mod list
[08:54:34] [main/DEBUG] [FML]:   Adding StandardExpansion-3.4.173.jar to the mod list
[08:54:34] [main/DEBUG] [FML]:   Adding BiomesOPlenty-1.12.2-7.0.1.2445-universal.jar to the mod list
[08:54:34] [main/DEBUG] [FML]:   Adding BlockOverlayFix-1.12.2-1.0.0.jar to the mod list
[08:54:34] [main/DEBUG] [FML]:   Adding RealBench-1.12.2-1.3.3.jar to the mod list
[08:54:34] [main/DEBUG] [FML]:   Adding particleculling-1.12.2-v1.4.3.jar to the mod list
[08:54:34] [main/DEBUG] [FML]:   Adding SpartanShields-1.12.2-1.5.5.jar to the mod list
[08:54:34] [main/DEBUG] [FML]:   Adding RLMixins-1.4.6.jar to the mod list
[08:54:34] [main/DEBUG] [FML]:   Adding tnt_utilities-mc1.12-1.2.3.jar to the mod list
[08:54:34] [main/DEBUG] [FML]:   Adding RoguelikeDungeonsFnarEdition-1.12.2-2.4.6.jar to the mod list
[08:54:34] [main/DEBUG] [FML]:   Adding itlt-1.12.x-1.0.4.jar to the mod list
[08:54:34] [main/DEBUG] [FML]:   Adding PotionFingers-r1.0-8.jar to the mod list
[08:54:34] [main/DEBUG] [FML]:   Adding BHMenu-Forge-1.12.2-2.4.5.jar to the mod list
[08:54:34] [main/DEBUG] [FML]:   Adding Bountiful Baubles-1.12.2-0.1.8.jar to the mod list
[08:54:34] [main/DEBUG] [FML]:   Adding Advanced-Fishing-1.12.2-1.3.3.jar to the mod list
[08:54:34] [main/DEBUG] [FML]:   Adding QualityTools-1.0.7_for_1.12.2.jar to the mod list
[08:54:34] [main/DEBUG] [FML]:   Adding Kiwi-1.12.2-0.5.3.32.jar to the mod list
[08:54:34] [main/DEBUG] [FML]:   Adding fxcontrol-1.12-0.1.15.jar to the mod list
[08:54:34] [main/DEBUG] [FML]:   Adding RLCraftLuckified-1.1.1.jar to the mod list
[08:54:34] [main/DEBUG] [FML]:   Adding DynamicSurroundingsHuds-1.12.2-3.6.0.0.jar to the mod list
[08:54:34] [main/DEBUG] [FML]:   Adding betternether-0.1.8.6.jar to the mod list
[08:54:34] [main/DEBUG] [FML]:   Adding Placebo-1.12.2-1.6.1.jar to the mod list
[08:54:34] [main/DEBUG] [FML]:   Adding BetterQuesting-3.5.329.jar to the mod list
[08:54:34] [main/DEBUG] [FML]:   Adding DynamicTreesTraverse-1.12.2-2.1.jar to the mod list
[08:54:34] [main/DEBUG] [FML]:   Adding konkrete_forge_1.6.1_MC_1.12-1.12.2.jar to the mod list
[08:54:34] [main/DEBUG] [FML]:   Adding DynamicTreesBOP-1.12.2-1.5.2.jar to the mod list
[08:54:34] [main/DEBUG] [FML]:   Adding AIReducer-1.12.2-0.3.0.jar to the mod list
[08:54:34] [main/DEBUG] [FML]:   Adding Baubley-Elytra-v1.3.3-mc1.12.2.jar to the mod list
[08:54:34] [main/DEBUG] [FML]:   Adding ReachFix-1.12.2-1.1.3.jar to the mod list
[08:54:34] [main/DEBUG] [FML]:   Adding AdHooks-1.12.2-3.3.1.0-build.0626.jar to the mod list
[08:54:34] [main/DEBUG] [FML]:   Adding phosphor-1.12.2-0.2.6+build50-universal.jar to the mod list
[08:54:34] [main/DEBUG] [FML]:   Adding grapplemod-1.12.2-v12.3.jar to the mod list
[08:54:34] [main/DEBUG] [FML]:   Adding Baubles-1.12-1.5.2.jar to the mod list
[08:54:34] [main/DEBUG] [FML]:   Adding notreepunching-2.0.21.jar to the mod list
[08:54:34] [main/DEBUG] [FML]:   Adding EpicSiegeMod-13.167.jar to the mod list
[08:54:34] [main/DEBUG] [FML]:   Adding forgottenitems-1.12.2-1.3.1.4.jar to the mod list
[08:54:34] [main/DEBUG] [FML]:   Adding xptome-1.12.2-v1.1.6.jar to the mod list
[08:54:34] [main/DEBUG] [FML]:   Adding AARCAddon-1.0.1.jar to the mod list
[08:54:34] [main/DEBUG] [FML]:   Adding Level Up! 2-1.1.23-1.12.jar to the mod list
[08:54:34] [main/DEBUG] [FML]:   Adding comforts-1.12.2-1.4.1.3.jar to the mod list
[08:54:34] [main/DEBUG] [FML]:   Adding PotionCore-1.9_for_1.12.2.jar to the mod list
[08:54:34] [main/DEBUG] [FML]:   Adding PortalDupeBegone-1.0.0.jar to the mod list
[08:54:34] [main/DEBUG] [FML]:   Adding Bountiful-1.12.2-2.2.3.jar to the mod list
[08:54:34] [main/DEBUG] [FML]:   Adding Mantle-1.12-1.3.3.55.jar to the mod list
[08:54:34] [main/DEBUG] [FML]:   Adding FamiliarFauna-1.12.2-1.0.11.jar to the mod list
[08:54:34] [main/DEBUG] [FML]:   Adding LoadingScreens-1.12.2-0.3.1.jar to the mod list
[08:54:34] [main/DEBUG] [FML]:   Adding Traverse-1.12.2-1.6.0-69.jar to the mod list
[08:54:34] [main/DEBUG] [FML]:   Adding RenderLib-1.12.2-1.4.5.jar to the mod list
[08:54:34] [main/DEBUG] [FML]:   Adding lostcities-1.12-2.0.22.jar to the mod list
[08:54:34] [main/DEBUG] [FML]:   Adding DelightfulCuisineForWoodheads_1.12.2-1.1.0.jar to the mod list
[08:54:34] [main/DEBUG] [FML]:   Adding RLArtifacts-1.1.2.jar to the mod list
[08:54:34] [main/DEBUG] [FML]:   Adding CompatSkills-1.12.2-1.17.0.jar to the mod list
[08:54:34] [main/DEBUG] [FML]:   Adding Fish's Undead Rising-1.4.2.jar to the mod list
[08:54:34] [main/DEBUG] [FML]:   Adding SoundFilters-0.12.1_for_1.12.jar to the mod list
[08:54:34] [main/DEBUG] [FML]:   Adding nuclearcraft-1.12.2-2.19a.jar to the mod list
[08:54:34] [main/DEBUG] [FML]:   Adding FoodFix-1.12.2.001.jar to the mod list
[08:54:34] [main/DEBUG] [FML]:   Adding SnowRealMagic-1.12.2-0.7.4.jar to the mod list
[08:54:34] [main/DEBUG] [FML]:   Adding lagbgonrevived-1.1.0.jar to the mod list
[08:54:34] [main/DEBUG] [FML]:   Adding FurnaceXPStorage-1.1.4.jar to the mod list
[08:54:34] [main/DEBUG] [FML]:   Adding modtweaker-4.0.20.11.jar to the mod list
[08:54:34] [main/DEBUG] [FML]:   Adding EnchantmentDescriptions-1.12.2-1.1.20.jar to the mod list
[08:54:34] [main/DEBUG] [FML]:   Adding callablehorses-1.12.2-1.1.1.jar to the mod list
[08:54:34] [main/DEBUG] [FML]:   Adding EnhancedVisuals_v1.4.4_mc1.12.2.jar to the mod list
[08:54:34] [main/DEBUG] [FML]:   Adding librarianlib-1.12.2-4.22.jar to the mod list
[08:54:34] [main/DEBUG] [FML]:   Adding MoBends_1.12.2-1.2.1-19.12.21.jar to the mod list
[08:54:34] [main/DEBUG] [FML]:   Adding EntityCulling-1.12.2-6.5.0.jar to the mod list
[08:54:34] [main/DEBUG] [FML]:   Adding Bloodmoon-MC1.12.2-1.5.3.jar to the mod list
[08:54:34] [main/DEBUG] [FML]:   Adding MmmMmmMmmMmm-1.12-2.0.5.jar to the mod list
[08:54:34] [main/DEBUG] [FML]:   Adding YungsLaw-1.12.2-1.0.4.jar to the mod list
[08:54:34] [main/DEBUG] [FML]:   Adding fermiumasm-5.28.jar to the mod list
[08:54:34] [main/DEBUG] [FML]:   Adding EagleMixins-1.1.7.jar to the mod list
[08:54:34] [main/DEBUG] [FML]:   Adding ResourceLoader-MC1.12.1-1.5.3.jar to the mod list
[08:54:34] [main/DEBUG] [FML]:   Adding InfernalMobs-1.12.2.jar to the mod list
[08:54:34] [main/DEBUG] [FML]:   Adding Waystones_1.12.2-4.1.0.jar to the mod list
[08:54:34] [main/DEBUG] [FML]:   Adding Controlling-3.0.12.4.jar to the mod list
[08:54:34] [main/DEBUG] [FML]:   Adding playerbosses-1.12.2-1.1.0.jar to the mod list
[08:54:34] [main/DEBUG] [FML]:   Adding ContentTweaker-1.12.2-4.10.0.jar to the mod list
[08:54:34] [main/DEBUG] [FML]:   Adding Underneath-1.9.jar to the mod list
[08:54:34] [main/DEBUG] [FML]:   Adding spartandefiled-1.12.2-1.2.jar to the mod list
[08:54:34] [main/DEBUG] [FML]:   Adding ShieldBreak-1.1.3.jar to the mod list
[08:54:34] [main/DEBUG] [FML]:   Adding rustic-1.1.7.jar to the mod list
[08:54:34] [main/DEBUG] [FML]:   Adding SpartanWeaponry-1.12.2-1.6.1.jar to the mod list
[08:54:34] [main/INFO] [FML]: Searching /home/Minecraft/rlcraft-server/./mods/1.12.2 for mods
[08:54:34] [main/DEBUG] [FML]:   Adding OTG-Core.jar to the mod list
[08:54:34] [main/DEBUG] [FML]: Examining for coremod candidacy !mod-director-launchwrapper-1.9.1.jar
[08:54:34] [main/INFO] [FML]: Loading tweaker net.jan.moddirector.launchwrapper.ModDirectorTweaker from !mod-director-launchwrapper-1.9.1.jar
[08:54:34] [main/DEBUG] [FML]: Examining for coremod candidacy `FermiumBooter-1.3.2.jar
[08:54:34] [main/INFO] [FML]: Loading tweaker org.spongepowered.asm.launch.MixinTweaker from `FermiumBooter-1.3.2.jar
[08:54:34] [main/DEBUG] [FML]: Examining for coremod candidacy AARCAddon-1.0.1.jar
[08:54:34] [main/DEBUG] [FML]: Not found coremod data in AARCAddon-1.0.1.jar
[08:54:34] [main/DEBUG] [FML]: Examining for coremod candidacy AdHooks-1.12.2-3.3.1.0-build.0626.jar
[08:54:34] [main/DEBUG] [FML]: Not found coremod data in AdHooks-1.12.2-3.3.1.0-build.0626.jar
[08:54:34] [main/DEBUG] [FML]: Examining for coremod candidacy Advanced-Fishing-1.12.2-1.3.3.jar
[08:54:34] [main/DEBUG] [FML]: Not found coremod data in Advanced-Fishing-1.12.2-1.3.3.jar
[08:54:34] [main/DEBUG] [FML]: Examining for coremod candidacy AIReducer-1.12.2-0.3.0.jar
[08:54:34] [main/DEBUG] [FML]: Not found coremod data in AIReducer-1.12.2-0.3.0.jar
[08:54:34] [main/DEBUG] [FML]: Examining for coremod candidacy alcatrazcore-1.0.4.jar
[08:54:34] [main/DEBUG] [FML]: Not found coremod data in alcatrazcore-1.0.4.jar
[08:54:34] [main/DEBUG] [FML]: Examining for coremod candidacy Amphithere Mod-1.0.2.jar
[08:54:34] [main/INFO] [FML]: Loading tweaker org.spongepowered.asm.launch.MixinTweaker from Amphithere Mod-1.0.2.jar
[08:54:34] [main/DEBUG] [FML]: Examining for coremod candidacy antiqueatlas-1.12.2-4.6.3.jar
[08:54:34] [main/DEBUG] [FML]: Not found coremod data in antiqueatlas-1.12.2-4.6.3.jar
[08:54:34] [main/DEBUG] [FML]: Examining for coremod candidacy AntiqueAtlasAutoMarker-1.4.2.2.jar
[08:54:34] [main/INFO] [FML]: Loading tweaker org.spongepowered.asm.launch.MixinTweaker from AntiqueAtlasAutoMarker-1.4.2.2.jar
[08:54:34] [main/DEBUG] [FML]: Examining for coremod candidacy antiquecities-1.2.1.jar
[08:54:34] [main/DEBUG] [FML]: Not found coremod data in antiquecities-1.2.1.jar
[08:54:34] [main/DEBUG] [FML]: Examining for coremod candidacy anvilpatch-1.1.1.jar
[08:54:34] [main/DEBUG] [FML]: Not found coremod data in anvilpatch-1.1.1.jar
[08:54:34] [main/DEBUG] [FML]: Examining for coremod candidacy Aquaculture-1.12.2-1.6.8.jar
[08:54:34] [main/DEBUG] [FML]: Not found coremod data in Aquaculture-1.12.2-1.6.8.jar
[08:54:34] [main/DEBUG] [FML]: Examining for coremod candidacy armorunder-mc1.12.2-1.0.0.jar
[08:54:34] [main/DEBUG] [FML]: Not found coremod data in armorunder-mc1.12.2-1.0.0.jar
[08:54:34] [main/DEBUG] [FML]: Examining for coremod candidacy astikorcarts-1.12.2-0.1.2.8.jar
[08:54:34] [main/DEBUG] [FML]: Not found coremod data in astikorcarts-1.12.2-0.1.2.8.jar
[08:54:34] [main/DEBUG] [FML]: Examining for coremod candidacy AttributeFix-Forge-1.12.2-1.0.12.jar
[08:54:34] [main/DEBUG] [FML]: Not found coremod data in AttributeFix-Forge-1.12.2-1.0.12.jar
[08:54:34] [main/DEBUG] [FML]: Examining for coremod candidacy AutoRegLib-1.3-32.jar
[08:54:34] [main/DEBUG] [FML]: Not found coremod data in AutoRegLib-1.3-32.jar
[08:54:34] [main/DEBUG] [FML]: Examining for coremod candidacy base-1.12.2-3.14.0.jar
[08:54:34] [main/DEBUG] [FML]: Not found coremod data in base-1.12.2-3.14.0.jar
[08:54:34] [main/DEBUG] [FML]: Examining for coremod candidacy BattleTowers-1.12.2.jar
[08:54:34] [main/DEBUG] [FML]: Not found coremod data in BattleTowers-1.12.2.jar
[08:54:34] [main/DEBUG] [FML]: Examining for coremod candidacy Baubles-1.12-1.5.2.jar
[08:54:34] [main/DEBUG] [FML]: Not found coremod data in Baubles-1.12-1.5.2.jar
[08:54:34] [main/DEBUG] [FML]: Examining for coremod candidacy Baubley-Elytra-v1.3.3-mc1.12.2.jar
[08:54:34] [main/WARN] [FML]: Found FMLCorePluginContainsFMLMod marker in Baubley-Elytra-v1.3.3-mc1.12.2.jar. This is not recommended, @Mods should be in a separate jar from the coremod.
[08:54:34] [main/DEBUG] [FML]: Instantiating coremod class BaubleyElytra
[08:54:34] [main/TRACE] [FML]: coremod named Baubley Elytra Plugin is loading
[08:54:34] [main/DEBUG] [FML]: The coremod git.jbredwards.baubleye.BaubleyElytra requested minecraft version 1.12.2 and minecraft is 1.12.2. It will be loaded.
[08:54:34] [main/WARN] [FML]: The coremod Baubley Elytra Plugin (git.jbredwards.baubleye.BaubleyElytra) is not signed!
[08:54:34] [main/DEBUG] [FML]: Enqueued coremod Baubley Elytra Plugin
[08:54:34] [main/DEBUG] [FML]: Examining for coremod candidacy BedBreakBegone-1.0.2.jar
[08:54:34] [main/INFO] [FML]: Loading tweaker org.spongepowered.asm.launch.MixinTweaker from BedBreakBegone-1.0.2.jar
[08:54:34] [main/DEBUG] [FML]: Examining for coremod candidacy better_survival-1.5.4.jar
[08:54:34] [main/DEBUG] [FML]: Not found coremod data in better_survival-1.5.4.jar
[08:54:34] [main/DEBUG] [FML]: Examining for coremod candidacy betterbiomeblend-1.12.2-1.1.7-forge.jar
[08:54:34] [main/WARN] [FML]: Found FMLCorePluginContainsFMLMod marker in betterbiomeblend-1.12.2-1.1.7-forge.jar. This is not recommended, @Mods should be in a separate jar from the coremod.
[08:54:34] [main/DEBUG] [FML]: Instantiating coremod class CoreMod
[08:54:34] [main/TRACE] [FML]: coremod named Better Biome Blend is loading
[08:54:34] [main/DEBUG] [FML]: The coremod fionathemortal.betterbiomeblend.core.CoreMod requested minecraft version 1.12.2 and minecraft is 1.12.2. It will be loaded.
[08:54:34] [main/WARN] [FML]: The coremod Better Biome Blend (fionathemortal.betterbiomeblend.core.CoreMod) is not signed!
[08:54:34] [main/DEBUG] [FML]: Enqueued coremod Better Biome Blend
[08:54:34] [main/DEBUG] [FML]: Examining for coremod candidacy bettercaves-1.12.2-2.0.4.jar
[08:54:34] [main/DEBUG] [FML]: Not found coremod data in bettercaves-1.12.2-2.0.4.jar
[08:54:34] [main/DEBUG] [FML]: Examining for coremod candidacy BetterMineshaftsForge-1.12.2-2.2.1.jar
[08:54:34] [main/DEBUG] [FML]: Not found coremod data in BetterMineshaftsForge-1.12.2-2.2.1.jar
[08:54:34] [main/DEBUG] [FML]: Examining for coremod candidacy betternether-0.1.8.6.jar
[08:54:34] [main/DEBUG] [FML]: Not found coremod data in betternether-0.1.8.6.jar
[08:54:34] [main/DEBUG] [FML]: Examining for coremod candidacy BetterQuesting-3.5.329.jar
[08:54:34] [main/DEBUG] [FML]: Not found coremod data in BetterQuesting-3.5.329.jar
[08:54:34] [main/DEBUG] [FML]: Examining for coremod candidacy BetterTabs-1.0.4.jar
[08:54:34] [main/DEBUG] [FML]: Not found coremod data in BetterTabs-1.0.4.jar
[08:54:34] [main/DEBUG] [FML]: Examining for coremod candidacy BHMenu-Forge-1.12.2-2.4.5.jar
[08:54:34] [main/INFO] [FML]: Loading tweaker org.spongepowered.asm.launch.MixinTweaker from BHMenu-Forge-1.12.2-2.4.5.jar
[08:54:34] [main/DEBUG] [FML]: Examining for coremod candidacy BiomesOPlenty-1.12.2-7.0.1.2445-universal.jar
[08:54:34] [main/DEBUG] [FML]: Not found coremod data in BiomesOPlenty-1.12.2-7.0.1.2445-universal.jar
[08:54:34] [main/DEBUG] [FML]: Examining for coremod candidacy BlockOverlayFix-1.12.2-1.0.0.jar
[08:54:34] [main/DEBUG] [FML]: Mod BlockOverlayFix-1.12.2-1.0.0.jar has ModSide meta-inf value CLIENT, and we're SERVER It will be ignored
[08:54:34] [main/DEBUG] [FML]: Examining for coremod candidacy Bloodmoon-MC1.12.2-1.5.3.jar
[08:54:34] [main/WARN] [FML]: Found FMLCorePluginContainsFMLMod marker in Bloodmoon-MC1.12.2-1.5.3.jar. This is not recommended, @Mods should be in a separate jar from the coremod.
[08:54:34] [main/DEBUG] [FML]: Instantiating coremod class LoadingPlugin
[08:54:34] [main/WARN] [FML]: The coremod lumien.bloodmoon.asm.LoadingPlugin does not have a MCVersion annotation, it may cause issues with this version of Minecraft
[08:54:34] [main/DEBUG] [FML]: Found signing certificates for coremod LoadingPlugin (lumien.bloodmoon.asm.LoadingPlugin)
[08:54:34] [main/DEBUG] [FML]: Found certificate d72e0dd57935b3e9476212aea0c0df352dd76291
[08:54:34] [main/DEBUG] [FML]: Enqueued coremod LoadingPlugin
[08:54:34] [main/DEBUG] [FML]: Examining for coremod candidacy BNBGamingLib-1.12.2-2.17.6.jar
[08:54:34] [main/DEBUG] [FML]: Not found coremod data in BNBGamingLib-1.12.2-2.17.6.jar
[08:54:34] [main/DEBUG] [FML]: Examining for coremod candidacy BoatDeleteBegone-1.1.2.jar
[08:54:34] [main/INFO] [FML]: Loading tweaker org.spongepowered.asm.launch.MixinTweaker from BoatDeleteBegone-1.1.2.jar
[08:54:34] [main/DEBUG] [FML]: Examining for coremod candidacy Born In A Barn 1.8-1.12-1.2.jar
[08:54:34] [main/WARN] [FML]: Found FMLCorePluginContainsFMLMod marker in Born In A Barn 1.8-1.12-1.2.jar. This is not recommended, @Mods should be in a separate jar from the coremod.
[08:54:34] [main/DEBUG] [FML]: Instantiating coremod class BornInABarn
[08:54:34] [main/TRACE] [FML]: coremod named Born in a Barn is loading
[08:54:34] [main/WARN] [FML]: The coremod com.chocohead.biab.BornInABarn does not have a MCVersion annotation, it may cause issues with this version of Minecraft
[08:54:34] [main/WARN] [FML]: The coremod Born in a Barn (com.chocohead.biab.BornInABarn) is not signed!
[08:54:34] [main/DEBUG] [FML]: Enqueued coremod Born in a Barn
[08:54:34] [main/DEBUG] [FML]: Examining for coremod candidacy Bounceable-1.0.1.jar
[08:54:34] [main/INFO] [FML]: Loading tweaker org.spongepowered.asm.launch.MixinTweaker from Bounceable-1.0.1.jar
[08:54:34] [main/DEBUG] [FML]: Examining for coremod candidacy Bountiful Baubles-1.12.2-0.1.8.jar
[08:54:34] [main/DEBUG] [FML]: Not found coremod data in Bountiful Baubles-1.12.2-0.1.8.jar
[08:54:34] [main/DEBUG] [FML]: Examining for coremod candidacy Bountiful-1.12.2-2.2.3.jar
[08:54:34] [main/DEBUG] [FML]: Not found coremod data in Bountiful-1.12.2-2.2.3.jar
[08:54:34] [main/DEBUG] [FML]: Examining for coremod candidacy BQ_Multiblock_Structure_Integration-1.0.9.jar
[08:54:34] [main/DEBUG] [FML]: Not found coremod data in BQ_Multiblock_Structure_Integration-1.0.9.jar
[08:54:34] [main/DEBUG] [FML]: Examining for coremod candidacy BQTweaker-1.3.5.jar
[08:54:34] [main/DEBUG] [FML]: Not found coremod data in BQTweaker-1.3.5.jar
[08:54:34] [main/DEBUG] [FML]: Examining for coremod candidacy callablehorses-1.12.2-1.1.1.jar
[08:54:34] [main/DEBUG] [FML]: Not found coremod data in callablehorses-1.12.2-1.1.1.jar
[08:54:34] [main/DEBUG] [FML]: Examining for coremod candidacy carrotslib-mc1.12.2-1.0.0b1.jar
[08:54:34] [main/DEBUG] [FML]: Not found coremod data in carrotslib-mc1.12.2-1.0.0b1.jar
[08:54:34] [main/DEBUG] [FML]: Examining for coremod candidacy carryon-1.12.2-1.12.7.23.jar
[08:54:34] [main/DEBUG] [FML]: Not found coremod data in carryon-1.12.2-1.12.7.23.jar
[08:54:34] [main/DEBUG] [FML]: Examining for coremod candidacy CD4017BE_lib-1.12.2-6.5.1.jar
[08:54:34] [main/DEBUG] [FML]: Not found coremod data in CD4017BE_lib-1.12.2-6.5.1.jar
[08:54:34] [main/DEBUG] [FML]: Examining for coremod candidacy champions-1.12.2-1.0.11.10.jar
[08:54:34] [main/DEBUG] [FML]: Not found coremod data in champions-1.12.2-1.0.11.10.jar
[08:54:34] [main/DEBUG] [FML]: Examining for coremod candidacy Charm-1.12.2-1.4.1.jar
[08:54:34] [main/WARN] [FML]: Found FMLCorePluginContainsFMLMod marker in Charm-1.12.2-1.4.1.jar. This is not recommended, @Mods should be in a separate jar from the coremod.
[08:54:34] [main/DEBUG] [FML]: Instantiating coremod class CharmLoadingPlugin
[08:54:34] [main/WARN] [FML]: The coremod svenhjol.charm.base.CharmLoadingPlugin does not have a MCVersion annotation, it may cause issues with this version of Minecraft
[08:54:34] [main/WARN] [FML]: The coremod CharmLoadingPlugin (svenhjol.charm.base.CharmLoadingPlugin) is not signed!
[08:54:34] [main/DEBUG] [FML]: Enqueued coremod CharmLoadingPlugin
[08:54:34] [main/DEBUG] [FML]: Examining for coremod candidacy ChunkAnimator-1.12.2-1.2.1.jar
[08:54:34] [main/WARN] [FML]: Found FMLCorePluginContainsFMLMod marker in ChunkAnimator-1.12.2-1.2.1.jar. This is not recommended, @Mods should be in a separate jar from the coremod.
[08:54:34] [main/DEBUG] [FML]: Instantiating coremod class LoadingPlugin
[08:54:34] [main/WARN] [FML]: The coremod lumien.chunkanimator.asm.LoadingPlugin does not have a MCVersion annotation, it may cause issues with this version of Minecraft
[08:54:34] [main/WARN] [FML]: The coremod LoadingPlugin (lumien.chunkanimator.asm.LoadingPlugin) is not signed!
[08:54:34] [main/DEBUG] [FML]: Enqueued coremod LoadingPlugin
[08:54:34] [main/DEBUG] [FML]: Examining for coremod candidacy classyhats-1.6.0.jar
[08:54:34] [main/DEBUG] [FML]: Not found coremod data in classyhats-1.6.0.jar
[08:54:34] [main/DEBUG] [FML]: Examining for coremod candidacy CollisionDamage-1.2.2.jar
[08:54:34] [main/DEBUG] [FML]: Not found coremod data in CollisionDamage-1.2.2.jar
[08:54:34] [main/DEBUG] [FML]: Examining for coremod candidacy comforts-1.12.2-1.4.1.3.jar
[08:54:34] [main/DEBUG] [FML]: Not found coremod data in comforts-1.12.2-1.4.1.3.jar
[08:54:34] [main/DEBUG] [FML]: Examining for coremod candidacy CompatSkills-1.12.2-1.17.0.jar
[08:54:34] [main/DEBUG] [FML]: Not found coremod data in CompatSkills-1.12.2-1.17.0.jar
[08:54:34] [main/DEBUG] [FML]: Examining for coremod candidacy ContentCreator-1.3.7-fix2.jar
[08:54:34] [main/WARN] [FML]: Found FMLCorePluginContainsFMLMod marker in ContentCreator-1.3.7-fix2.jar. This is not recommended, @Mods should be in a separate jar from the coremod.
[08:54:34] [main/DEBUG] [FML]: Instantiating coremod class CCLoadingPlugin
[08:54:34] [main/TRACE] [FML]: coremod named Content Creator is loading
[08:54:34] [main/DEBUG] [FML]: The coremod surreal.contentcreator.core.CCLoadingPlugin requested minecraft version 1.12.2 and minecraft is 1.12.2. It will be loaded.
[08:54:34] [main/WARN] [FML]: The coremod Content Creator (surreal.contentcreator.core.CCLoadingPlugin) is not signed!
[08:54:34] [main/DEBUG] [FML]: Enqueued coremod Content Creator
[08:54:34] [main/DEBUG] [FML]: Examining for coremod candidacy ContentTweaker-1.12.2-4.10.0.jar
[08:54:34] [main/DEBUG] [FML]: Not found coremod data in ContentTweaker-1.12.2-4.10.0.jar
[08:54:34] [main/DEBUG] [FML]: Examining for coremod candidacy Controlling-3.0.12.4.jar
[08:54:34] [main/DEBUG] [FML]: Not found coremod data in Controlling-3.0.12.4.jar
[08:54:34] [main/DEBUG] [FML]: Examining for coremod candidacy CoralReef-2.5-1.12.2.jar
[08:54:34] [main/DEBUG] [FML]: Not found coremod data in CoralReef-2.5-1.12.2.jar
[08:54:34] [main/DEBUG] [FML]: Examining for coremod candidacy corpsecomplex-1.12.2-1.0.12.0.jar
[08:54:34] [main/DEBUG] [FML]: Not found coremod data in corpsecomplex-1.12.2-1.0.12.0.jar
[08:54:34] [main/DEBUG] [FML]: Examining for coremod candidacy craftablechainmail-1.0.jar
[08:54:34] [main/DEBUG] [FML]: Not found coremod data in craftablechainmail-1.0.jar
[08:54:34] [main/DEBUG] [FML]: Examining for coremod candidacy CraftTweaker2-1.12-4.1.20.704.jar
[08:54:34] [main/DEBUG] [FML]: Not found coremod data in CraftTweaker2-1.12-4.1.20.704.jar
[08:54:34] [main/DEBUG] [FML]: Examining for coremod candidacy crafttweakerutils-0.7.jar
[08:54:34] [main/DEBUG] [FML]: Not found coremod data in crafttweakerutils-0.7.jar
[08:54:34] [main/DEBUG] [FML]: Examining for coremod candidacy CreativeCore_v1.10.71_mc1.12.2.jar
[08:54:34] [main/WARN] [FML]: Found FMLCorePluginContainsFMLMod marker in CreativeCore_v1.10.71_mc1.12.2.jar. This is not recommended, @Mods should be in a separate jar from the coremod.
[08:54:34] [main/DEBUG] [FML]: Instantiating coremod class CreativePatchingLoader
[08:54:34] [main/WARN] [FML]: The coremod com.creativemd.creativecore.core.CreativePatchingLoader does not have a MCVersion annotation, it may cause issues with this version of Minecraft
[08:54:34] [main/WARN] [FML]: The coremod CreativePatchingLoader (com.creativemd.creativecore.core.CreativePatchingLoader) is not signed!
[08:54:34] [main/DEBUG] [FML]: Enqueued coremod CreativePatchingLoader
[08:54:34] [main/DEBUG] [FML]: Examining for coremod candidacy ctintegration-1.8.0.jar
[08:54:34] [main/DEBUG] [FML]: Not found coremod data in ctintegration-1.8.0.jar
[08:54:34] [main/DEBUG] [FML]: Examining for coremod candidacy defiledlands-1.12.2-1.4.3.jar
[08:54:34] [main/DEBUG] [FML]: Not found coremod data in defiledlands-1.12.2-1.4.3.jar
[08:54:34] [main/DEBUG] [FML]: Examining for coremod candidacy DelightfulCuisineForWoodheads_1.12.2-1.1.0.jar
[08:54:34] [main/DEBUG] [FML]: Not found coremod data in DelightfulCuisineForWoodheads_1.12.2-1.1.0.jar
[08:54:34] [main/DEBUG] [FML]: Examining for coremod candidacy disenchanter[1.12]1.8.jar
[08:54:34] [main/DEBUG] [FML]: Not found coremod data in disenchanter[1.12]1.8.jar
[08:54:34] [main/DEBUG] [FML]: Examining for coremod candidacy DoomlikeDungeons-1.14.12-MC1.12.2.jar
[08:54:34] [main/DEBUG] [FML]: Not found coremod data in DoomlikeDungeons-1.14.12-MC1.12.2.jar
[08:54:34] [main/DEBUG] [FML]: Examining for coremod candidacy DregoraRL-3.5.jar
[08:54:34] [main/ERROR] [FML]: Unable to read the jar file DregoraRL-3.5.jar - ignoring
java.util.zip.ZipException: error in opening zip file
	at java.util.zip.ZipFile.open(Native Method) ~[?:1.8.0_492]
	at java.util.zip.ZipFile.<init>(ZipFile.java:231) ~[?:1.8.0_492]
	at java.util.zip.ZipFile.<init>(ZipFile.java:157) ~[?:1.8.0_492]
	at java.util.jar.JarFile.<init>(JarFile.java:169) ~[?:1.8.0_492]
	at java.util.jar.JarFile.<init>(JarFile.java:133) ~[?:1.8.0_492]
	at net.minecraftforge.fml.relauncher.CoreModManager.discoverCoreMods(CoreModManager.java:366) [forge-1.12.2-14.23.5.2860.jar:?]
	at net.minecraftforge.fml.relauncher.CoreModManager.handleLaunch(CoreModManager.java:265) [forge-1.12.2-14.23.5.2860.jar:?]
	at net.minecraftforge.fml.relauncher.FMLLaunchHandler.setupHome(FMLLaunchHandler.java:107) [forge-1.12.2-14.23.5.2860.jar:?]
	at net.minecraftforge.fml.relauncher.FMLLaunchHandler.setupServer(FMLLaunchHandler.java:87) [forge-1.12.2-14.23.5.2860.jar:?]
	at net.minecraftforge.fml.relauncher.FMLLaunchHandler.configureForServerLaunch(FMLLaunchHandler.java:47) [forge-1.12.2-14.23.5.2860.jar:?]
	at net.minecraftforge.fml.common.launcher.FMLServerTweaker.injectIntoClassLoader(FMLServerTweaker.java:62) [forge-1.12.2-14.23.5.2860.jar:?]
	at net.minecraft.launchwrapper.Launch.launch(Launch.java:115) [launchwrapper-1.12.jar:?]
	at net.minecraft.launchwrapper.Launch.main(Launch.java:28) [launchwrapper-1.12.jar:?]
	at sun.reflect.NativeMethodAccessorImpl.invoke0(Native Method) ~[?:1.8.0_492]
	at sun.reflect.NativeMethodAccessorImpl.invoke(NativeMethodAccessorImpl.java:62) ~[?:1.8.0_492]
	at sun.reflect.DelegatingMethodAccessorImpl.invoke(DelegatingMethodAccessorImpl.java:43) ~[?:1.8.0_492]
	at java.lang.reflect.Method.invoke(Method.java:498) ~[?:1.8.0_492]
	at net.minecraftforge.fml.relauncher.ServerLaunchWrapper.run(ServerLaunchWrapper.java:70) [forge-1.12.2-14.23.5.2860.jar:?]
	at net.minecraftforge.fml.relauncher.ServerLaunchWrapper.main(ServerLaunchWrapper.java:34) [forge-1.12.2-14.23.5.2860.jar:?]
[08:54:34] [main/DEBUG] [FML]: Examining for coremod candidacy DynamicSurroundings-1.12.2-3.6.2.1.jar
[08:54:34] [main/INFO] [FML]: Loading tweaker org.spongepowered.asm.launch.MixinTweaker from DynamicSurroundings-1.12.2-3.6.2.1.jar
[08:54:34] [main/DEBUG] [FML]: Examining for coremod candidacy DynamicTrees-1.12.2-0.9.29.jar
[08:54:34] [main/DEBUG] [FML]: Not found coremod data in DynamicTrees-1.12.2-0.9.29.jar
[08:54:34] [main/DEBUG] [FML]: Examining for coremod candidacy DynamicTreesBOP-1.12.2-1.5.2.jar
[08:54:34] [main/DEBUG] [FML]: Not found coremod data in DynamicTreesBOP-1.12.2-1.5.2.jar
[08:54:34] [main/DEBUG] [FML]: Examining for coremod candidacy dynamictreesdefiledlands-1.12.2-1.0.0.jar
[08:54:34] [main/DEBUG] [FML]: Not found coremod data in dynamictreesdefiledlands-1.12.2-1.0.0.jar
[08:54:34] [main/DEBUG] [FML]: Examining for coremod candidacy DynamicTreesQuark-1.12.2-1.0.6.jar
[08:54:34] [main/DEBUG] [FML]: Not found coremod data in DynamicTreesQuark-1.12.2-1.0.6.jar
[08:54:34] [main/DEBUG] [FML]: Examining for coremod candidacy DynamicTreesTraverse-1.12.2-2.1.jar
[08:54:34] [main/DEBUG] [FML]: Not found coremod data in DynamicTreesTraverse-1.12.2-2.1.jar
[08:54:34] [main/DEBUG] [FML]: Examining for coremod candidacy EagleMixins-1.1.7.jar
[08:54:34] [main/INFO] [FML]: Loading tweaker org.spongepowered.asm.launch.MixinTweaker from EagleMixins-1.1.7.jar
[08:54:34] [main/DEBUG] [FML]: Examining for coremod candidacy EditableEdibles-1.3.3.jar
[08:54:34] [main/INFO] [FML]: Loading tweaker org.spongepowered.asm.launch.MixinTweaker from EditableEdibles-1.3.3.jar
[08:54:34] [main/DEBUG] [FML]: Examining for coremod candidacy ElenaiDodge-1.12.2-2.1.jar
[08:54:34] [main/DEBUG] [FML]: Not found coremod data in ElenaiDodge-1.12.2-2.1.jar
[08:54:34] [main/DEBUG] [FML]: Examining for coremod candidacy EnchantmentDescriptions-1.12.2-1.1.20.jar
[08:54:34] [main/DEBUG] [FML]: Not found coremod data in EnchantmentDescriptions-1.12.2-1.1.20.jar
[08:54:34] [main/DEBUG] [FML]: Examining for coremod candidacy EnhancedVisuals_v1.4.4_mc1.12.2.jar
[08:54:34] [main/DEBUG] [FML]: Examining for coremod candidacy EntityCulling-1.12.2-6.5.0.jar
[08:54:34] [main/DEBUG] [FML]: Mod EntityCulling-1.12.2-6.5.0.jar has ModSide meta-inf value CLIENT, and we're SERVER It will be ignored
[08:54:34] [main/DEBUG] [FML]: Examining for coremod candidacy EpicSiegeMod-13.167.jar
[08:54:34] [main/DEBUG] [FML]: Not found coremod data in EpicSiegeMod-13.167.jar
[08:54:34] [main/DEBUG] [FML]: Examining for coremod candidacy FamiliarFauna-1.12.2-1.0.11.jar
[08:54:34] [main/DEBUG] [FML]: Not found coremod data in FamiliarFauna-1.12.2-1.0.11.jar
[08:54:34] [main/DEBUG] [FML]: Examining for coremod candidacy FancyBlockParticles-1.12.x-2.4.1.jar
[08:54:34] [main/DEBUG] [FML]: Not found coremod data in FancyBlockParticles-1.12.x-2.4.1.jar
[08:54:34] [main/DEBUG] [FML]: Examining for coremod candidacy fancymenu_forge_2.14.9_MC_1.12-1.12.2.jar
[08:54:34] [main/INFO] [FML]: Loading tweaker org.spongepowered.asm.launch.MixinTweaker from fancymenu_forge_2.14.9_MC_1.12-1.12.2.jar
[08:54:34] [main/DEBUG] [FML]: Examining for coremod candidacy FantasticLib-1.12.2.070.jar
[08:54:34] [main/DEBUG] [FML]: Not found coremod data in FantasticLib-1.12.2.070.jar
[08:54:34] [main/DEBUG] [FML]: Examining for coremod candidacy fermiumasm-5.28.jar
[08:54:34] [main/WARN] [FML]: Found FMLCorePluginContainsFMLMod marker in fermiumasm-5.28.jar. This is not recommended, @Mods should be in a separate jar from the coremod.
[08:54:34] [main/DEBUG] [FML]: Instantiating coremod class NormalLoadingPlugin
[08:54:34] [main/TRACE] [FML]: coremod named FermiumASM is loading
[08:54:34] [main/DEBUG] [FML]: The coremod mirror.normalasm.core.NormalLoadingPlugin requested minecraft version 1.12.2 and minecraft is 1.12.2. It will be loaded.
[08:54:34] [main/WARN] [FML]: The coremod FermiumASM (mirror.normalasm.core.NormalLoadingPlugin) is not signed!
[08:54:34] [main/INFO] [FermiumASM]: FermiumASM is on the server-side.
[08:54:34] [main/INFO] [FermiumASM]: FermiumASM is preparing and loading in mixins
[08:54:34] [main/WARN] [FermiumASM]: Replacing CA Certs with an updated one...
[08:54:34] [main/WARN] [FermiumASM]: Detaching FMLSecurityManager.
[08:54:34] [main/INFO] [FermiumASM]: Initializing StacktraceDeobfuscator...
[08:54:34] [main/INFO] [FermiumASM]: Found MCP stable-39 method mappings: methods-stable_39.csv
[08:54:34] [main/INFO] [FermiumASM]: Initialized StacktraceDeobfuscator.
[08:54:34] [main/INFO] [FermiumASM]: Installing DeobfuscatingRewritePolicy...
[08:54:34] [main/INFO] [FermiumASM]: Installed DeobfuscatingRewritePolicy.
[08:54:34] [main/INFO] [FermiumASM]: FermiumASM enqueueing early mixins
[08:54:34] [main/INFO] [FermiumRegistryAPI]: FermiumRegistryAPI supplied "mixins.devenv.json" for early mixin enqueue, adding.
[08:54:34] [main/INFO] [FermiumRegistryAPI]: FermiumRegistryAPI supplied "mixins.internal.json" for early mixin enqueue, adding.
[08:54:34] [main/INFO] [FermiumRegistryAPI]: FermiumRegistryAPI supplied "mixins.vanities.json" for early mixin enqueue, adding.
[08:54:34] [main/INFO] [FermiumRegistryAPI]: FermiumRegistryAPI supplied "mixins.registries.json" for early mixin enqueue, adding.
[08:54:34] [main/INFO] [FermiumRegistryAPI]: FermiumRegistryAPI supplied "mixins.stripitemstack.json" for early mixin enqueue, adding.
[08:54:34] [main/INFO] [FermiumRegistryAPI]: FermiumRegistryAPI supplied "mixins.lockcode.json" for early mixin enqueue, adding.
[08:54:34] [main/INFO] [FermiumRegistryAPI]: FermiumRegistryAPI supplied "mixins.recipes.json" for early mixin enqueue, adding.
[08:54:34] [main/INFO] [FermiumRegistryAPI]: FermiumRegistryAPI supplied "mixins.misc_fluidregistry.json" for early mixin enqueue, adding.
[08:54:34] [main/INFO] [FermiumRegistryAPI]: FermiumRegistryAPI supplied "mixins.forgefixes.json" for early mixin enqueue, adding.
[08:54:34] [main/INFO] [FermiumRegistryAPI]: FermiumRegistryAPI supplied "mixins.capability.json" for early mixin enqueue, adding.
[08:54:34] [main/INFO] [FermiumRegistryAPI]: FermiumRegistryAPI supplied "mixins.singletonevents.json" for early mixin enqueue, adding.
[08:54:34] [main/INFO] [FermiumRegistryAPI]: FermiumRegistryAPI supplied "mixins.efficienthashing.json" for early mixin enqueue, adding.
[08:54:34] [main/INFO] [FermiumRegistryAPI]: FermiumRegistryAPI supplied "mixins.crashes.json" for early mixin enqueue, adding.
[08:54:34] [main/INFO] [FermiumRegistryAPI]: FermiumRegistryAPI supplied "mixins.fix_mc129057.json" for early mixin enqueue, adding.
[08:54:34] [main/INFO] [FermiumRegistryAPI]: FermiumRegistryAPI supplied "mixins.priorities.json" for early mixin enqueue, adding.
[08:54:34] [main/INFO] [FermiumRegistryAPI]: FermiumRegistryAPI supplied "mixins.bucket.json" for early mixin enqueue, adding.
[08:54:34] [main/INFO] [FermiumRegistryAPI]: FermiumRegistryAPI supplied "mixins.rendering.json" for early mixin enqueue, adding.
[08:54:34] [main/INFO] [FermiumRegistryAPI]: FermiumRegistryAPI supplied "mixins.datastructures_modelmanager.json" for early mixin enqueue, adding.
[08:54:34] [main/INFO] [FermiumRegistryAPI]: FermiumRegistryAPI supplied "mixins.screenshot.json" for early mixin enqueue, adding.
[08:54:34] [main/INFO] [FermiumRegistryAPI]: FermiumRegistryAPI supplied "mixins.ondemand_sprites.json" for early mixin enqueue, adding.
[08:54:34] [main/INFO] [FermiumRegistryAPI]: FermiumRegistryAPI supplied "mixins.searchtree_vanilla.json" for early mixin enqueue, adding.
[08:54:34] [main/INFO] [FermiumRegistryAPI]: FermiumRegistryAPI supplied "mixins.resolve_mc2071.json" for early mixin enqueue, adding.
[08:54:34] [main/INFO] [FermiumRegistryAPI]: FermiumRegistryAPI supplied "mixins.fix_mc_skindownloading.json" for early mixin enqueue, adding.
[08:54:34] [main/INFO] [FermiumRegistryAPI]: FermiumRegistryAPI supplied "mixins.fix_mc186052.json" for early mixin enqueue, adding.
[08:54:34] [main/INFO] [FermiumRegistryAPI]: FermiumRegistryAPI supplied "mixins.vfix_bugfixes.json" for early mixin enqueue, adding.
[08:54:34] [main/INFO] [FermiumASM]: FermiumASM enqueueing late mixins
[08:54:34] [main/INFO] [FermiumRegistryAPI]: FermiumRegistryAPI supplied "mixins.bakedquadsquasher.json" for late mixin enqueue, adding.
[08:54:34] [main/INFO] [FermiumRegistryAPI]: FermiumRegistryAPI supplied "mixins.modfixes_immersiveengineering.json" for late mixin enqueue, adding.
[08:54:34] [main/INFO] [FermiumRegistryAPI]: FermiumRegistryAPI supplied "mixins.modfixes_evilcraftcompat.json" for late mixin enqueue, adding.
[08:54:34] [main/INFO] [FermiumRegistryAPI]: FermiumRegistryAPI supplied "mixins.modfixes_ebwizardry.json" for late mixin enqueue, adding.
[08:54:34] [main/INFO] [FermiumRegistryAPI]: FermiumRegistryAPI supplied "mixins.modfixes_xu2.json" for late mixin enqueue, adding.
[08:54:34] [main/INFO] [FermiumRegistryAPI]: FermiumRegistryAPI supplied "mixins.searchtree_mod.json" for late mixin enqueue, adding.
[08:54:34] [main/INFO] [FermiumRegistryAPI]: FermiumRegistryAPI supplied "mixins.modfixes_astralsorcery.json" for late mixin enqueue, adding.
[08:54:34] [main/INFO] [FermiumRegistryAPI]: FermiumRegistryAPI supplied "mixins.capability_astralsorcery.json" for late mixin enqueue, adding.
[08:54:34] [main/INFO] [FermiumRegistryAPI]: FermiumRegistryAPI supplied "mixins.modfixes_b3m.json" for late mixin enqueue, adding.
[08:54:34] [main/INFO] [FermiumRegistryAPI]: FermiumRegistryAPI supplied "mixins.modfixes_railcraft.json" for late mixin enqueue, adding.
[08:54:34] [main/INFO] [FermiumRegistryAPI]: FermiumRegistryAPI supplied "mixins.modfixes_disable_broken_particles.json" for late mixin enqueue, adding.
[08:54:34] [main/INFO] [FermiumASM]: FermiumASM finished mixin enqueue
[08:54:34] [main/DEBUG] [FML]: Added access transformer class mirror.normalasm.core.NormalTransformer to enqueued access transformers
[08:54:34] [main/DEBUG] [FML]: Enqueued coremod FermiumASM
[08:54:34] [main/DEBUG] [FML]: Examining for coremod candidacy FermiumMixins-1.0.9.jar
[08:54:34] [main/INFO] [FML]: Loading tweaker org.spongepowered.asm.launch.MixinTweaker from FermiumMixins-1.0.9.jar
[08:54:34] [main/DEBUG] [FML]: Examining for coremod candidacy firstaid-1.6.22.jar
[08:54:34] [main/DEBUG] [FML]: Not found coremod data in firstaid-1.6.22.jar
[08:54:34] [main/DEBUG] [FML]: Examining for coremod candidacy Fish's Undead Rising-1.4.2.jar
[08:54:34] [main/DEBUG] [FML]: Not found coremod data in Fish's Undead Rising-1.4.2.jar
[08:54:34] [main/DEBUG] [FML]: Examining for coremod candidacy FishingMadeBetter-1.12.2-2.2.7.jar
[08:54:34] [main/DEBUG] [FML]: Not found coremod data in FishingMadeBetter-1.12.2-2.2.7.jar
[08:54:34] [main/DEBUG] [FML]: Examining for coremod candidacy foamfix-0.10.15-1.12.2.jar
[08:54:34] [main/WARN] [FML]: Found FMLCorePluginContainsFMLMod marker in foamfix-0.10.15-1.12.2.jar. This is not recommended, @Mods should be in a separate jar from the coremod.
[08:54:34] [main/DEBUG] [FML]: Instantiating coremod class FoamFixCore
[08:54:34] [main/TRACE] [FML]: coremod named Do not report to Forge! (If you haven't disabled the FoamFix coremod, try disabling it in the config! Note that this bit of text will still appear.) is loading
[08:54:34] [main/WARN] [FML]: The coremod pl.asie.foamfix.coremod.FoamFixCore does not have a MCVersion annotation, it may cause issues with this version of Minecraft
[08:54:34] [main/WARN] [FML]: The coremod Do not report to Forge! (If you haven't disabled the FoamFix coremod, try disabling it in the config! Note that this bit of text will still appear.) (pl.asie.foamfix.coremod.FoamFixCore) is not signed!
[08:54:34] [main/DEBUG] [FML]: Added access transformer class pl.asie.foamfix.coremod.FoamFixAT to enqueued access transformers
[08:54:34] [main/DEBUG] [FML]: Enqueued coremod Do not report to Forge! (If you haven't disabled the FoamFix coremod, try disabling it in the config! Note that this bit of text will still appear.)
[08:54:34] [main/DEBUG] [FML]: Examining for coremod candidacy FoodExpansion1.3.3-1.12.2.jar
[08:54:34] [main/DEBUG] [FML]: Not found coremod data in FoodExpansion1.3.3-1.12.2.jar
[08:54:34] [main/DEBUG] [FML]: Examining for coremod candidacy FoodFix-1.12.2.001.jar
[08:54:34] [main/DEBUG] [FML]: Not found coremod data in FoodFix-1.12.2.001.jar
[08:54:34] [main/DEBUG] [FML]: Examining for coremod candidacy ForgeEndertech-1.12.2-4.5.6.1-build.0648.jar
[08:54:34] [main/WARN] [FML]: Found FMLCorePluginContainsFMLMod marker in ForgeEndertech-1.12.2-4.5.6.1-build.0648.jar. This is not recommended, @Mods should be in a separate jar from the coremod.
[08:54:34] [main/DEBUG] [FML]: Instantiating coremod class CorePlugin
[08:54:34] [main/WARN] [FML]: The coremod com.endertech.minecraft.forge.coremod.CorePlugin does not have a MCVersion annotation, it may cause issues with this version of Minecraft
[08:54:34] [main/WARN] [FML]: The coremod CorePlugin (com.endertech.minecraft.forge.coremod.CorePlugin) is not signed!
[08:54:34] [main/DEBUG] [FML]: Enqueued coremod CorePlugin
[08:54:34] [main/DEBUG] [FML]: Examining for coremod candidacy Forgelin-1.8.4.jar
[08:54:34] [main/WARN] [FML]: Found FMLCorePluginContainsFMLMod marker in Forgelin-1.8.4.jar. This is not recommended, @Mods should be in a separate jar from the coremod.
[08:54:34] [main/DEBUG] [FML]: Instantiating coremod class ForgelinPlugin
[08:54:34] [main/WARN] [FML]: The coremod net.shadowfacts.forgelin.preloader.ForgelinPlugin does not have a MCVersion annotation, it may cause issues with this version of Minecraft
[08:54:34] [main/WARN] [FML]: The coremod ForgelinPlugin (net.shadowfacts.forgelin.preloader.ForgelinPlugin) is not signed!
[08:54:34] [main/DEBUG] [FML]: Enqueued coremod ForgelinPlugin
[08:54:34] [main/DEBUG] [FML]: Examining for coremod candidacy forgottenitems-1.12.2-1.3.1.4.jar
[08:54:34] [main/DEBUG] [FML]: Not found coremod data in forgottenitems-1.12.2-1.3.1.4.jar
[08:54:34] [main/DEBUG] [FML]: Examining for coremod candidacy framevoidpatch-1.0.0.jar
[08:54:34] [main/INFO] [FML]: Loading tweaker org.spongepowered.asm.launch.MixinTweaker from framevoidpatch-1.0.0.jar
[08:54:34] [main/DEBUG] [FML]: Examining for coremod candidacy FriendlyEndermite_v1.0.1_mc1.12.2.jar
[08:54:34] [main/DEBUG] [FML]: Examining for coremod candidacy FurnaceXPStorage-1.1.4.jar
[08:54:34] [main/INFO] [FML]: Loading tweaker org.spongepowered.asm.launch.MixinTweaker from FurnaceXPStorage-1.1.4.jar
[08:54:34] [main/DEBUG] [FML]: Examining for coremod candidacy fxcontrol-1.12-0.1.15.jar
[08:54:34] [main/DEBUG] [FML]: Not found coremod data in fxcontrol-1.12-0.1.15.jar
[08:54:34] [main/DEBUG] [FML]: Examining for coremod candidacy GlobalGameRules-1.12.2-2.2.7.jar
[08:54:34] [main/DEBUG] [FML]: Not found coremod data in GlobalGameRules-1.12.2-2.2.7.jar
[08:54:34] [main/DEBUG] [FML]: Examining for coremod candidacy GooglyEyes-1.12.2-7.1.1.jar
[08:54:34] [main/DEBUG] [FML]: Not found coremod data in GooglyEyes-1.12.2-7.1.1.jar
[08:54:34] [main/DEBUG] [FML]: Examining for coremod candidacy grapplemod-1.12.2-v12.3.jar
[08:54:34] [main/DEBUG] [FML]: Not found coremod data in grapplemod-1.12.2-v12.3.jar
[08:54:34] [main/DEBUG] [FML]: Examining for coremod candidacy HelpFixer-1.12.1-1.5.18.jar
[08:54:34] [main/DEBUG] [FML]: Not found coremod data in HelpFixer-1.12.1-1.5.18.jar
[08:54:34] [main/DEBUG] [FML]: Examining for coremod candidacy Ice and Fire-2.0.9.jar
[08:54:34] [main/WARN] [FML]: Found FMLCorePluginContainsFMLMod marker in Ice and Fire-2.0.9.jar. This is not recommended, @Mods should be in a separate jar from the coremod.
[08:54:34] [main/DEBUG] [FML]: Instantiating coremod class IceAndFirePlugin
[08:54:34] [main/DEBUG] [FML]: The coremod com.github.alexthe666.iceandfire.asm.IceAndFirePlugin requested minecraft version 1.12.2 and minecraft is 1.12.2. It will be loaded.
[08:54:34] [main/WARN] [FML]: The coremod IceAndFirePlugin (com.github.alexthe666.iceandfire.asm.IceAndFirePlugin) is not signed!
[08:54:34] [main/DEBUG] [FML]: Enqueued coremod IceAndFirePlugin
[08:54:34] [main/DEBUG] [FML]: Examining for coremod candidacy iChunUtil-1.12.2-7.2.2.jar
[08:54:34] [main/DEBUG] [FML]: Not found coremod data in iChunUtil-1.12.2-7.2.2.jar
[08:54:34] [main/DEBUG] [FML]: Examining for coremod candidacy incontrol-1.12-3.9.18.jar
[08:54:34] [main/DEBUG] [FML]: Not found coremod data in incontrol-1.12-3.9.18.jar
[08:54:34] [main/DEBUG] [FML]: Examining for coremod candidacy InfernalMobs-1.12.2.jar
[08:54:34] [main/DEBUG] [FML]: Not found coremod data in InfernalMobs-1.12.2.jar
[08:54:34] [main/DEBUG] [FML]: Examining for coremod candidacy Inspirations-1.12.2-0.2.9.jar
[08:54:34] [main/DEBUG] [FML]: Not found coremod data in Inspirations-1.12.2-0.2.9.jar
[08:54:34] [main/DEBUG] [FML]: Examining for coremod candidacy InventoryTweaks-1.64+dev.151.jar
[08:54:34] [main/WARN] [FML]: Found FMLCorePluginContainsFMLMod marker in InventoryTweaks-1.64+dev.151.jar. This is not recommended, @Mods should be in a separate jar from the coremod.
[08:54:34] [main/DEBUG] [FML]: Instantiating coremod class FMLPlugin
[08:54:34] [main/TRACE] [FML]: coremod named Inventory Tweaks Coremod is loading
[08:54:34] [main/WARN] [FML]: The coremod invtweaks.forge.asm.FMLPlugin does not have a MCVersion annotation, it may cause issues with this version of Minecraft
[08:54:34] [main/DEBUG] [FML]: Found signing certificates for coremod Inventory Tweaks Coremod (invtweaks.forge.asm.FMLPlugin)
[08:54:34] [main/DEBUG] [FML]: Found certificate 55d2cd4f5f0961410bf7b91ef6c6bf00a766dcbe
[08:54:34] [main/DEBUG] [FML]: Added access transformer class invtweaks.forge.asm.ITAccessTransformer to enqueued access transformers
[08:54:34] [main/DEBUG] [FML]: Enqueued coremod Inventory Tweaks Coremod
[08:54:34] [main/DEBUG] [FML]: Examining for coremod candidacy ItemPhysic_Full_1.4.37_mc1.12.2.jar
[08:54:34] [main/TRACE] [FML]: Adding ItemPhysic_Full_1.4.37_mc1.12.2.jar to the list of known coremods, it will not be examined again
[08:54:34] [main/DEBUG] [FML]: Instantiating coremod class ItemPatchingLoader
[08:54:34] [main/WARN] [FML]: The coremod com.creativemd.itemphysic.ItemPatchingLoader does not have a MCVersion annotation, it may cause issues with this version of Minecraft
[08:54:34] [main/WARN] [FML]: The coremod ItemPatchingLoader (com.creativemd.itemphysic.ItemPatchingLoader) is not signed!
[08:54:34] [main/DEBUG] [FML]: Enqueued coremod ItemPatchingLoader
[08:54:34] [main/DEBUG] [FML]: Examining for coremod candidacy itlt-1.12.x-1.0.4.jar
[08:54:34] [main/DEBUG] [FML]: Not found coremod data in itlt-1.12.x-1.0.4.jar
[08:54:34] [main/DEBUG] [FML]: Examining for coremod candidacy IvToolkit-1.3.3-1.12.jar
[08:54:34] [main/TRACE] [FML]: Adding IvToolkit-1.3.3-1.12.jar to the list of known coremods, it will not be examined again
[08:54:34] [main/DEBUG] [FML]: Instantiating coremod class IvToolkitLoadingPlugin
[08:54:34] [main/TRACE] [FML]: coremod named IvToolkit is loading
[08:54:34] [main/WARN] [FML]: The coremod ivorius.ivtoolkit.IvToolkitLoadingPlugin does not have a MCVersion annotation, it may cause issues with this version of Minecraft
[08:54:34] [main/WARN] [FML]: The coremod IvToolkit (ivorius.ivtoolkit.IvToolkitLoadingPlugin) is not signed!
[08:54:34] [main/DEBUG] [FML]: Enqueued coremod IvToolkit
[08:54:34] [main/DEBUG] [FML]: Examining for coremod candidacy jei_1.12.2-4.16.1.1012.jar
[08:54:34] [main/DEBUG] [FML]: Not found coremod data in jei_1.12.2-4.16.1.1012.jar
[08:54:34] [main/DEBUG] [FML]: Examining for coremod candidacy JSON-Paintings-v1.4.0-mc1.12.2.jar
[08:54:34] [main/WARN] [FML]: Found FMLCorePluginContainsFMLMod marker in JSON-Paintings-v1.4.0-mc1.12.2.jar. This is not recommended, @Mods should be in a separate jar from the coremod.
[08:54:34] [main/DEBUG] [FML]: Instantiating coremod class ASMHandler
[08:54:34] [main/TRACE] [FML]: coremod named JSON Paintings Plugin is loading
[08:54:34] [main/DEBUG] [FML]: The coremod git.jbredwards.jsonpaintings.mod.asm.ASMHandler requested minecraft version 1.12.2 and minecraft is 1.12.2. It will be loaded.
[08:54:34] [main/WARN] [FML]: The coremod JSON Paintings Plugin (git.jbredwards.jsonpaintings.mod.asm.ASMHandler) is not signed!
[08:54:34] [main/DEBUG] [FML]: Enqueued coremod JSON Paintings Plugin
[08:54:34] [main/DEBUG] [FML]: Examining for coremod candidacy konkrete_forge_1.6.1_MC_1.12-1.12.2.jar
[08:54:34] [main/INFO] [FML]: Loading tweaker org.spongepowered.asm.launch.MixinTweaker from konkrete_forge_1.6.1_MC_1.12-1.12.2.jar
[08:54:34] [main/DEBUG] [FML]: Examining for coremod candidacy lagbgonrevived-1.1.0.jar
[08:54:34] [main/DEBUG] [FML]: Not found coremod data in lagbgonrevived-1.1.0.jar
[08:54:34] [main/DEBUG] [FML]: Examining for coremod candidacy LegendaryTooltips-1.12.2-1.1.11.jar
[08:54:34] [main/DEBUG] [FML]: Not found coremod data in LegendaryTooltips-1.12.2-1.1.11.jar
[08:54:34] [main/DEBUG] [FML]: Examining for coremod candidacy Level Up! 2-1.1.23-1.12.jar
[08:54:34] [main/DEBUG] [FML]: Not found coremod data in Level Up! 2-1.1.23-1.12.jar
[08:54:34] [main/DEBUG] [FML]: Examining for coremod candidacy librarianlib-1.12.2-4.22.jar
[08:54:34] [main/WARN] [FML]: Found FMLCorePluginContainsFMLMod marker in librarianlib-1.12.2-4.22.jar. This is not recommended, @Mods should be in a separate jar from the coremod.
[08:54:34] [main/DEBUG] [FML]: Instantiating coremod class LibLibCorePlugin
[08:54:34] [main/TRACE] [FML]: coremod named LibrarianLib Plugin is loading
[08:54:34] [main/WARN] [FML]: The coremod com.teamwizardry.librarianlib.asm.LibLibCorePlugin does not have a MCVersion annotation, it may cause issues with this version of Minecraft
[08:54:34] [main/WARN] [FML]: The coremod LibrarianLib Plugin (com.teamwizardry.librarianlib.asm.LibLibCorePlugin) is not signed!
[08:54:34] [main/DEBUG] [FML]: Enqueued coremod LibrarianLib Plugin
[08:54:34] [main/DEBUG] [FML]: Examining for coremod candidacy LoadingScreens-1.12.2-0.3.1.jar
[08:54:34] [main/DEBUG] [FML]: Not found coremod data in LoadingScreens-1.12.2-0.3.1.jar
[08:54:34] [main/DEBUG] [FML]: Examining for coremod candidacy Localizator-1.12.2-1.0.14.jar
[08:54:34] [main/INFO] [FML]: Loading tweaker org.spongepowered.asm.launch.MixinTweaker from Localizator-1.12.2-1.0.14.jar
[08:54:34] [main/DEBUG] [FML]: Examining for coremod candidacy Locks-1.12.2-3.0.0.jar
[08:54:34] [main/INFO] [FML]: Loading tweaker org.spongepowered.asm.launch.MixinTweaker from Locks-1.12.2-3.0.0.jar
[08:54:34] [main/DEBUG] [FML]: Examining for coremod candidacy LootTweaker-0.3.1+MC1.12.2.jar
[08:54:34] [main/DEBUG] [FML]: Not found coremod data in LootTweaker-0.3.1+MC1.12.2.jar
[08:54:34] [main/DEBUG] [FML]: Examining for coremod candidacy lostcities-1.12-2.0.22.jar
[08:54:34] [main/DEBUG] [FML]: Not found coremod data in lostcities-1.12-2.0.22.jar
[08:54:34] [main/DEBUG] [FML]: Examining for coremod candidacy lycanitesmobs-1.12.2-2.0.8.10.jar
[08:54:34] [main/DEBUG] [FML]: Not found coremod data in lycanitesmobs-1.12.2-2.0.8.10.jar
[08:54:34] [main/DEBUG] [FML]: Examining for coremod candidacy Mantle-1.12-1.3.3.55.jar
[08:54:34] [main/DEBUG] [FML]: Not found coremod data in Mantle-1.12-1.3.3.55.jar
[08:54:34] [main/DEBUG] [FML]: Examining for coremod candidacy MaterialTweaker-1.1.1.jar
[08:54:34] [main/INFO] [FML]: Loading tweaker org.spongepowered.asm.launch.MixinTweaker from MaterialTweaker-1.1.1.jar
[08:54:34] [main/DEBUG] [FML]: Examining for coremod candidacy mcw-bridges-1.0.6b-mc1.12.2.jar
[08:54:34] [main/DEBUG] [FML]: Not found coremod data in mcw-bridges-1.0.6b-mc1.12.2.jar
[08:54:34] [main/DEBUG] [FML]: Examining for coremod candidacy MmmMmmMmmMmm-1.12-2.0.5.jar
[08:54:34] [main/DEBUG] [FML]: Not found coremod data in MmmMmmMmmMmm-1.12-2.0.5.jar
[08:54:34] [main/DEBUG] [FML]: Examining for coremod candidacy MoBends_1.12.2-1.2.1-19.12.21.jar
[08:54:34] [main/DEBUG] [FML]: Not found coremod data in MoBends_1.12.2-1.2.1-19.12.21.jar
[08:54:34] [main/DEBUG] [FML]: Examining for coremod candidacy modtweaker-4.0.20.11.jar
[08:54:34] [main/DEBUG] [FML]: Not found coremod data in modtweaker-4.0.20.11.jar
[08:54:34] [main/DEBUG] [FML]: Examining for coremod candidacy MouseTweaks-2.10.1-mc1.12.2.jar
[08:54:34] [main/DEBUG] [FML]: Not found coremod data in MouseTweaks-2.10.1-mc1.12.2.jar
[08:54:34] [main/DEBUG] [FML]: Examining for coremod candidacy MTLib-3.0.7.jar
[08:54:34] [main/DEBUG] [FML]: Not found coremod data in MTLib-3.0.7.jar
[08:54:34] [main/DEBUG] [FML]: Examining for coremod candidacy MultiMine-1.12.2.jar
[08:54:34] [main/WARN] [FML]: Found FMLCorePluginContainsFMLMod marker in MultiMine-1.12.2.jar. This is not recommended, @Mods should be in a separate jar from the coremod.
[08:54:34] [main/DEBUG] [FML]: Instantiating coremod class MMFMLCorePlugin
[08:54:34] [main/WARN] [FML]: The coremod atomicstryker.multimine.common.fmlmagic.MMFMLCorePlugin does not have a MCVersion annotation, it may cause issues with this version of Minecraft
[08:54:34] [main/WARN] [FML]: The coremod MMFMLCorePlugin (atomicstryker.multimine.common.fmlmagic.MMFMLCorePlugin) is not signed!
[08:54:34] [main/DEBUG] [FML]: Enqueued coremod MMFMLCorePlugin
[08:54:34] [main/DEBUG] [FML]: Examining for coremod candidacy Neat 1.4-17.jar
[08:54:34] [main/DEBUG] [FML]: Not found coremod data in Neat 1.4-17.jar
[08:54:34] [main/DEBUG] [FML]: Examining for coremod candidacy NoiseThreader-1.1.1.jar
[08:54:34] [main/INFO] [FML]: Loading tweaker org.spongepowered.asm.launch.MixinTweaker from NoiseThreader-1.1.1.jar
[08:54:34] [main/DEBUG] [FML]: Examining for coremod candidacy notreepunching-2.0.21.jar
[08:54:34] [main/DEBUG] [FML]: Not found coremod data in notreepunching-2.0.21.jar
[08:54:34] [main/DEBUG] [FML]: Examining for coremod candidacy nuclearcraft-1.12.2-2.19a.jar
[08:54:34] [main/DEBUG] [FML]: Not found coremod data in nuclearcraft-1.12.2-2.19a.jar
[08:54:34] [main/DEBUG] [FML]: Examining for coremod candidacy OpenTerrainGenerator-1.12.2-v9.7.jar
[08:54:34] [main/DEBUG] [FML]: Not found coremod data in OpenTerrainGenerator-1.12.2-v9.7.jar
[08:54:34] [main/DEBUG] [FML]: Examining for coremod candidacy OptifineCITPatch-1.0.4.jar
[08:54:34] [main/INFO] [FML]: Loading tweaker org.spongepowered.asm.launch.MixinTweaker from OptifineCITPatch-1.0.4.jar
[08:54:34] [main/DEBUG] [FML]: Examining for coremod candidacy OTG-Core.jar
[08:54:34] [main/TRACE] [FML]: Adding OTG-Core.jar to the list of known coremods, it will not be examined again
[08:54:34] [main/DEBUG] [FML]: Instantiating coremod class OTGCorePlugin
[08:54:34] [main/DEBUG] [FML]: The coremod com.pg85.otg.forge.asm.excluded.launch.OTGCorePlugin requested minecraft version 1.12.2 and minecraft is 1.12.2. It will be loaded.
[08:54:34] [main/WARN] [FML]: The coremod OTGCorePlugin (com.pg85.otg.forge.asm.excluded.launch.OTGCorePlugin) is not signed!
[08:54:34] [main/DEBUG] [FML]: Enqueued coremod OTGCorePlugin
[08:54:34] [main/DEBUG] [FML]: Examining for coremod candidacy paintingselgui-PSG Revamed-1.12.2-1.1.0.1.jar
[08:54:34] [main/DEBUG] [FML]: Not found coremod data in paintingselgui-PSG Revamed-1.12.2-1.1.0.1.jar
[08:54:34] [main/DEBUG] [FML]: Examining for coremod candidacy particleculling-1.12.2-v1.4.3.jar
[08:54:34] [main/INFO] [FML]: Loading tweaker org.spongepowered.asm.launch.MixinTweaker from particleculling-1.12.2-v1.4.3.jar
[08:54:34] [main/DEBUG] [FML]: Examining for coremod candidacy PhosphorCrashFix-1.12.2-1.0.0.jar
[08:54:34] [main/WARN] [FML]: Found FMLCorePluginContainsFMLMod marker in PhosphorCrashFix-1.12.2-1.0.0.jar. This is not recommended, @Mods should be in a separate jar from the coremod.
[08:54:34] [main/DEBUG] [FML]: Instantiating coremod class PCFCoreMod
[08:54:34] [main/TRACE] [FML]: coremod named PCF Core Mod is loading
[08:54:34] [main/DEBUG] [FML]: The coremod nathan.phosphorcrashfix.core.PCFCoreMod requested minecraft version 1.12.2 and minecraft is 1.12.2. It will be loaded.
[08:54:34] [main/WARN] [FML]: The coremod PCF Core Mod (nathan.phosphorcrashfix.core.PCFCoreMod) is not signed!
[08:54:34] [main/DEBUG] [FML]: Enqueued coremod PCF Core Mod
[08:54:34] [main/DEBUG] [FML]: Examining for coremod candidacy pigstep-1.12.jar
[08:54:34] [main/DEBUG] [FML]: Not found coremod data in pigstep-1.12.jar
[08:54:34] [main/DEBUG] [FML]: Examining for coremod candidacy Placebo-1.12.2-1.6.1.jar
[08:54:34] [main/DEBUG] [FML]: Not found coremod data in Placebo-1.12.2-1.6.1.jar
[08:54:34] [main/DEBUG] [FML]: Examining for coremod candidacy playerbosses-1.12.2-1.1.0.jar
[08:54:34] [main/DEBUG] [FML]: Not found coremod data in playerbosses-1.12.2-1.1.0.jar
[08:54:34] [main/DEBUG] [FML]: Examining for coremod candidacy PortalDupeBegone-1.0.0.jar
[08:54:34] [main/DEBUG] [FML]: Not found coremod data in PortalDupeBegone-1.0.0.jar
[08:54:34] [main/DEBUG] [FML]: Examining for coremod candidacy PotionCore-1.9_for_1.12.2.jar
[08:54:34] [main/DEBUG] [FML]: Not found coremod data in PotionCore-1.9_for_1.12.2.jar
[08:54:34] [main/DEBUG] [FML]: Examining for coremod candidacy potiondescriptions-1.12.2-1.2.4.jar
[08:54:34] [main/DEBUG] [FML]: Not found coremod data in potiondescriptions-1.12.2-1.2.4.jar
[08:54:34] [main/DEBUG] [FML]: Examining for coremod candidacy PotionFingers-r1.0-8.jar
[08:54:34] [main/DEBUG] [FML]: Not found coremod data in PotionFingers-r1.0-8.jar
[08:54:34] [main/DEBUG] [FML]: Examining for coremod candidacy QualityTools-1.0.7_for_1.12.2.jar
[08:54:34] [main/DEBUG] [FML]: Not found coremod data in QualityTools-1.0.7_for_1.12.2.jar
[08:54:34] [main/DEBUG] [FML]: Examining for coremod candidacy Quark-r1.6-179.jar
[08:54:34] [main/WARN] [FML]: Found FMLCorePluginContainsFMLMod marker in Quark-r1.6-179.jar. This is not recommended, @Mods should be in a separate jar from the coremod.
[08:54:34] [main/DEBUG] [FML]: Instantiating coremod class LoadingPlugin
[08:54:34] [main/TRACE] [FML]: coremod named Quark Plugin is loading
[08:54:34] [main/DEBUG] [FML]: The coremod vazkii.quark.base.asm.LoadingPlugin requested minecraft version 1.12.2 and minecraft is 1.12.2. It will be loaded.
[08:54:34] [main/WARN] [FML]: The coremod Quark Plugin (vazkii.quark.base.asm.LoadingPlugin) is not signed!
[08:54:34] [main/DEBUG] [FML]: Enqueued coremod Quark Plugin
[08:54:34] [main/DEBUG] [FML]: Examining for coremod candidacy ReachFix-1.12.2-1.1.3.jar
[08:54:34] [main/WARN] [FML]: Found FMLCorePluginContainsFMLMod marker in ReachFix-1.12.2-1.1.3.jar. This is not recommended, @Mods should be in a separate jar from the coremod.
[08:54:34] [main/DEBUG] [FML]: Instantiating coremod class ReachFixPlugin
[08:54:34] [main/DEBUG] [FML]: The coremod meldexun.reachfix.asm.ReachFixPlugin requested minecraft version 1.12.2 and minecraft is 1.12.2. It will be loaded.
[08:54:34] [main/WARN] [FML]: The coremod ReachFixPlugin (meldexun.reachfix.asm.ReachFixPlugin) is not signed!
[08:54:34] [main/DEBUG] [FML]: Enqueued coremod ReachFixPlugin
[08:54:34] [main/DEBUG] [FML]: Examining for coremod candidacy RealBench-1.12.2-1.3.3.jar
[08:54:34] [main/TRACE] [FML]: Adding RealBench-1.12.2-1.3.3.jar to the list of known coremods, it will not be examined again
[08:54:34] [main/DEBUG] [FML]: Instantiating coremod class RBLoadingPlugin
[08:54:34] [main/DEBUG] [FML]: The coremod pw.prok.realbench.asm.RBLoadingPlugin requested minecraft version 1.12.2 and minecraft is 1.12.2. It will be loaded.
[08:54:34] [main/WARN] [FML]: The coremod RBLoadingPlugin (pw.prok.realbench.asm.RBLoadingPlugin) is not signed!
[08:54:34] [main/DEBUG] [FML]: Added access transformer class pw.prok.realbench.asm.RBAccessTransformer to enqueued access transformers
[08:54:34] [main/DEBUG] [FML]: Enqueued coremod RBLoadingPlugin
[08:54:34] [main/DEBUG] [FML]: Examining for coremod candidacy RealisticTorches-1.12.2-2.1.2.jar
[08:54:34] [main/DEBUG] [FML]: Not found coremod data in RealisticTorches-1.12.2-2.1.2.jar
[08:54:34] [main/DEBUG] [FML]: Examining for coremod candidacy RebornCore-1.12.2-3.19.5-universal.jar
[08:54:34] [main/DEBUG] [FML]: Not found coremod data in RebornCore-1.12.2-3.19.5-universal.jar
[08:54:34] [main/DEBUG] [FML]: Examining for coremod candidacy RecurrentComplex-1.4.8.6.jar
[08:54:34] [main/DEBUG] [FML]: Not found coremod data in RecurrentComplex-1.4.8.6.jar
[08:54:34] [main/DEBUG] [FML]: Examining for coremod candidacy RenderLib-1.12.2-1.4.5.jar
[08:54:34] [main/DEBUG] [FML]: Mod RenderLib-1.12.2-1.4.5.jar has ModSide meta-inf value CLIENT, and we're SERVER It will be ignored
[08:54:34] [main/DEBUG] [FML]: Examining for coremod candidacy Reskillable-1.12.2-1.13.0.jar
[08:54:34] [main/WARN] [FML]: Found FMLCorePluginContainsFMLMod marker in Reskillable-1.12.2-1.13.0.jar. This is not recommended, @Mods should be in a separate jar from the coremod.
[08:54:34] [main/DEBUG] [FML]: Instantiating coremod class LoadingPlugin
[08:54:34] [main/WARN] [FML]: The coremod codersafterdark.reskillable.base.asm.LoadingPlugin does not have a MCVersion annotation, it may cause issues with this version of Minecraft
[08:54:34] [main/WARN] [FML]: The coremod LoadingPlugin (codersafterdark.reskillable.base.asm.LoadingPlugin) is not signed!
[08:54:34] [main/DEBUG] [FML]: Enqueued coremod LoadingPlugin
[08:54:34] [main/DEBUG] [FML]: Examining for coremod candidacy ResourceLoader-MC1.12.1-1.5.3.jar
[08:54:34] [main/WARN] [FML]: Found FMLCorePluginContainsFMLMod marker in ResourceLoader-MC1.12.1-1.5.3.jar. This is not recommended, @Mods should be in a separate jar from the coremod.
[08:54:34] [main/DEBUG] [FML]: Instantiating coremod class LoadingPlugin
[08:54:34] [main/WARN] [FML]: The coremod lumien.resourceloader.asm.LoadingPlugin does not have a MCVersion annotation, it may cause issues with this version of Minecraft
[08:54:34] [main/DEBUG] [FML]: Found signing certificates for coremod LoadingPlugin (lumien.resourceloader.asm.LoadingPlugin)
[08:54:34] [main/DEBUG] [FML]: Found certificate d72e0dd57935b3e9476212aea0c0df352dd76291
[08:54:34] [main/DEBUG] [FML]: Enqueued coremod LoadingPlugin
[08:54:34] [main/DEBUG] [FML]: Examining for coremod candidacy RLArtifacts-1.1.2.jar
[08:54:34] [main/DEBUG] [FML]: Not found coremod data in RLArtifacts-1.1.2.jar
[08:54:34] [main/DEBUG] [FML]: Examining for coremod candidacy RLCombat-1.12.2-2.2.4.jar
[08:54:34] [main/INFO] [FML]: Loading tweaker org.spongepowered.asm.launch.MixinTweaker from RLCombat-1.12.2-2.2.4.jar
[08:54:34] [main/DEBUG] [FML]: Examining for coremod candidacy RLCraftLuckified-1.1.1.jar
[08:54:34] [main/INFO] [FML]: Loading tweaker org.spongepowered.asm.launch.MixinTweaker from RLCraftLuckified-1.1.1.jar
[08:54:34] [main/DEBUG] [FML]: Examining for coremod candidacy RLFoliage-MC1.12-2.4.2.jar
[08:54:34] [main/WARN] [FML]: Found FMLCorePluginContainsFMLMod marker in RLFoliage-MC1.12-2.4.2.jar. This is not recommended, @Mods should be in a separate jar from the coremod.
[08:54:34] [main/DEBUG] [FML]: Instantiating coremod class BetterFoliageLoader
[08:54:34] [main/DEBUG] [FML]: The coremod mods.betterfoliage.loader.BetterFoliageLoader requested minecraft version 1.12.2 and minecraft is 1.12.2. It will be loaded.
[08:54:34] [main/WARN] [FML]: The coremod BetterFoliageLoader (mods.betterfoliage.loader.BetterFoliageLoader) is not signed!
[08:54:34] [main/DEBUG] [FML]: Enqueued coremod BetterFoliageLoader
[08:54:34] [main/DEBUG] [FML]: Examining for coremod candidacy RLMixins-1.4.6.jar
[08:54:34] [main/INFO] [FML]: Loading tweaker org.spongepowered.asm.launch.MixinTweaker from RLMixins-1.4.6.jar
[08:54:34] [main/DEBUG] [FML]: Examining for coremod candidacy RLTweaker-1.12.2-0.7.5.jar
[08:54:34] [main/WARN] [FML]: Found FMLCorePluginContainsFMLMod marker in RLTweaker-1.12.2-0.7.5.jar. This is not recommended, @Mods should be in a separate jar from the coremod.
[08:54:34] [main/DEBUG] [FML]: Instantiating coremod class RLTweakerPlugin
[08:54:34] [main/TRACE] [FML]: coremod named RLTweaker ASM is loading
[08:54:34] [main/DEBUG] [FML]: The coremod com.charles445.rltweaker.asm.RLTweakerPlugin requested minecraft version 1.12.2 and minecraft is 1.12.2. It will be loaded.
[08:54:34] [main/WARN] [FML]: The coremod RLTweaker ASM (com.charles445.rltweaker.asm.RLTweakerPlugin) is not signed!
[08:54:34] [main/DEBUG] [FML]: Enqueued coremod RLTweaker ASM
[08:54:34] [main/DEBUG] [FML]: Examining for coremod candidacy RoguelikeDungeonsFnarEdition-1.12.2-2.4.6.jar
[08:54:34] [main/DEBUG] [FML]: Not found coremod data in RoguelikeDungeonsFnarEdition-1.12.2-2.4.6.jar
[08:54:34] [main/DEBUG] [FML]: Examining for coremod candidacy roughTweaks0.2.4-1.12.2.jar
[08:54:34] [main/DEBUG] [FML]: Not found coremod data in roughTweaks0.2.4-1.12.2.jar
[08:54:34] [main/DEBUG] [FML]: Examining for coremod candidacy rustic-1.1.7.jar
[08:54:34] [main/DEBUG] [FML]: Not found coremod data in rustic-1.1.7.jar
[08:54:34] [main/DEBUG] [FML]: Examining for coremod candidacy ScalingHealth-1.12.2-1.3.42+147.jar
[08:54:34] [main/DEBUG] [FML]: Not found coremod data in ScalingHealth-1.12.2-1.3.42+147.jar
[08:54:34] [main/DEBUG] [FML]: Examining for coremod candidacy SereneSeasons-1.12.2-1.2.18-universal.jar
[08:54:34] [main/WARN] [FML]: Found FMLCorePluginContainsFMLMod marker in SereneSeasons-1.12.2-1.2.18-universal.jar. This is not recommended, @Mods should be in a separate jar from the coremod.
[08:54:34] [main/DEBUG] [FML]: Instantiating coremod class SSLoadingPlugin
[08:54:34] [main/WARN] [FML]: The coremod sereneseasons.asm.SSLoadingPlugin does not have a MCVersion annotation, it may cause issues with this version of Minecraft
[08:54:34] [main/WARN] [FML]: The coremod SSLoadingPlugin (sereneseasons.asm.SSLoadingPlugin) is not signed!
[08:54:34] [main/DEBUG] [FML]: Enqueued coremod SSLoadingPlugin
[08:54:34] [main/DEBUG] [FML]: Examining for coremod candidacy SetBonus-1.12.2.040.jar
[08:54:34] [main/DEBUG] [FML]: Not found coremod data in SetBonus-1.12.2.040.jar
[08:54:34] [main/DEBUG] [FML]: Examining for coremod candidacy ShieldBreak-1.1.3.jar
[08:54:34] [main/DEBUG] [FML]: Not found coremod data in ShieldBreak-1.1.3.jar
[08:54:34] [main/DEBUG] [FML]: Examining for coremod candidacy SilentLib-1.12.2-3.0.14+168.jar
[08:54:34] [main/DEBUG] [FML]: Not found coremod data in SilentLib-1.12.2-3.0.14+168.jar
[08:54:34] [main/DEBUG] [FML]: Examining for coremod candidacy SimpleDifficulty-1.12.2-0.3.9.jar
[08:54:34] [main/WARN] [FML]: Found FMLCorePluginContainsFMLMod marker in SimpleDifficulty-1.12.2-0.3.9.jar. This is not recommended, @Mods should be in a separate jar from the coremod.
[08:54:34] [main/DEBUG] [FML]: Instantiating coremod class CoreLoader
[08:54:34] [main/TRACE] [FML]: coremod named SimpleDifficulty ASM is loading
[08:54:34] [main/WARN] [FML]: The coremod com.charles445.simpledifficulty.asm.CoreLoader does not have a MCVersion annotation, it may cause issues with this version of Minecraft
[08:54:34] [main/WARN] [FML]: The coremod SimpleDifficulty ASM (com.charles445.simpledifficulty.asm.CoreLoader) is not signed!
[08:54:34] [main/DEBUG] [FML]: Enqueued coremod SimpleDifficulty ASM
[08:54:34] [main/DEBUG] [FML]: Examining for coremod candidacy sit-1.12.2-v1.3.jar
[08:54:34] [main/DEBUG] [FML]: Not found coremod data in sit-1.12.2-v1.3.jar
[08:54:34] [main/DEBUG] [FML]: Examining for coremod candidacy SnowRealMagic-1.12.2-0.7.4.jar
[08:54:34] [main/INFO] [FML]: Loading tweaker org.spongepowered.asm.launch.MixinTweaker from SnowRealMagic-1.12.2-0.7.4.jar
[08:54:34] [main/DEBUG] [FML]: Examining for coremod candidacy SoManyEnchantments-1.0.7-1.12.2.jar
[08:54:34] [main/INFO] [FML]: Loading tweaker org.spongepowered.asm.launch.MixinTweaker from SoManyEnchantments-1.0.7-1.12.2.jar
[08:54:34] [main/DEBUG] [FML]: Examining for coremod candidacy SoundFilters-0.12.1_for_1.12.jar
[08:54:34] [main/DEBUG] [FML]: Not found coremod data in SoundFilters-0.12.1_for_1.12.jar
[08:54:34] [main/DEBUG] [FML]: Examining for coremod candidacy spark-unforged-1.11.140-forge.jar
[08:54:34] [main/INFO] [FML]: Loading tweaker org.spongepowered.asm.launch.MixinTweaker from spark-unforged-1.11.140-forge.jar
[08:54:34] [main/DEBUG] [FML]: Examining for coremod candidacy spartandefiled-1.12.2-1.2.jar
[08:54:34] [main/DEBUG] [FML]: Not found coremod data in spartandefiled-1.12.2-1.2.jar
[08:54:34] [main/DEBUG] [FML]: Examining for coremod candidacy spartanfire_rlcraft-1.3.3.jar
[08:54:34] [main/DEBUG] [FML]: Not found coremod data in spartanfire_rlcraft-1.3.3.jar
[08:54:34] [main/DEBUG] [FML]: Examining for coremod candidacy SpartanHUDBaubles-1.12.2-1.0.0.jar
[08:54:34] [main/DEBUG] [FML]: Not found coremod data in SpartanHUDBaubles-1.12.2-1.0.0.jar
[08:54:34] [main/DEBUG] [FML]: Examining for coremod candidacy SpartanShields-1.12.2-1.5.5.jar
[08:54:34] [main/DEBUG] [FML]: Not found coremod data in SpartanShields-1.12.2-1.5.5.jar
[08:54:34] [main/DEBUG] [FML]: Examining for coremod candidacy SpartanWeaponry-1.12.2-1.6.1.jar
[08:54:34] [main/INFO] [FML]: Loading tweaker org.spongepowered.asm.launch.MixinTweaker from SpartanWeaponry-1.12.2-1.6.1.jar
[08:54:34] [main/DEBUG] [FML]: Examining for coremod candidacy SpawnerControl-1.6.3b.jar
[08:54:34] [main/DEBUG] [FML]: Not found coremod data in SpawnerControl-1.6.3b.jar
[08:54:34] [main/DEBUG] [FML]: Examining for coremod candidacy SRParasites-1.12.2v1.9.21.jar
[08:54:34] [main/DEBUG] [FML]: Not found coremod data in SRParasites-1.12.2v1.9.21.jar
[08:54:34] [main/DEBUG] [FML]: Examining for coremod candidacy SRPMixins-2.9.1.1.jar
[08:54:34] [main/INFO] [FML]: Loading tweaker org.spongepowered.asm.launch.MixinTweaker from SRPMixins-2.9.1.1.jar
[08:54:34] [main/DEBUG] [FML]: Examining for coremod candidacy StandardExpansion-3.4.173.jar
[08:54:34] [main/DEBUG] [FML]: Not found coremod data in StandardExpansion-3.4.173.jar
[08:54:34] [main/DEBUG] [FML]: Examining for coremod candidacy Surge-1.12.2-2.0.79.jar
[08:54:34] [main/INFO] [FML]: Loading tweaker org.spongepowered.asm.launch.MixinTweaker from Surge-1.12.2-2.0.79.jar
[08:54:34] [main/DEBUG] [FML]: Examining for coremod candidacy switchbow-1.6.8.jar
[08:54:34] [main/DEBUG] [FML]: Not found coremod data in switchbow-1.6.8.jar
[08:54:34] [main/DEBUG] [FML]: Examining for coremod candidacy tnt_utilities-mc1.12-1.2.3.jar
[08:54:34] [main/WARN] [FML]: Found FMLCorePluginContainsFMLMod marker in tnt_utilities-mc1.12-1.2.3.jar. This is not recommended, @Mods should be in a separate jar from the coremod.
[08:54:34] [main/DEBUG] [FML]: Instantiating coremod class TntuPlugin
[08:54:34] [main/TRACE] [FML]: coremod named TNTUtilities Core is loading
[08:54:34] [main/WARN] [FML]: The coremod ljfa.tntutils.asm.TntuPlugin does not have a MCVersion annotation, it may cause issues with this version of Minecraft
[08:54:34] [main/DEBUG] [FML]: Found signing certificates for coremod TNTUtilities Core (ljfa.tntutils.asm.TntuPlugin)
[08:54:34] [main/DEBUG] [FML]: Found certificate 21d11d7bf4d97b465382a1f95428029aac6daaea
[08:54:34] [main/DEBUG] [FML]: Enqueued coremod TNTUtilities Core
[08:54:34] [main/DEBUG] [FML]: Examining for coremod candidacy Toast Control-1.12.2-1.8.1.jar
[08:54:34] [main/DEBUG] [FML]: Not found coremod data in Toast Control-1.12.2-1.8.1.jar
[08:54:34] [main/DEBUG] [FML]: Examining for coremod candidacy ToolBelt-1.12.2-1.9.14.jar
[08:54:34] [main/DEBUG] [FML]: Not found coremod data in ToolBelt-1.12.2-1.9.14.jar
[08:54:34] [main/DEBUG] [FML]: Examining for coremod candidacy Traverse-1.12.2-1.6.0-69.jar
[08:54:34] [main/DEBUG] [FML]: Not found coremod data in Traverse-1.12.2-1.6.0-69.jar
[08:54:34] [main/DEBUG] [FML]: Examining for coremod candidacy Trinkets and Baubles-0.32.5.jar
[08:54:34] [main/DEBUG] [FML]: Not found coremod data in Trinkets and Baubles-0.32.5.jar
[08:54:34] [main/DEBUG] [FML]: Examining for coremod candidacy trumpetskeleton-1.12-1.0.2.1.jar
[08:54:34] [main/DEBUG] [FML]: Not found coremod data in trumpetskeleton-1.12-1.0.2.1.jar
[08:54:34] [main/DEBUG] [FML]: Examining for coremod candidacy tschipplib-1.12.2-1.1.7.jar
[08:54:34] [main/DEBUG] [FML]: Not found coremod data in tschipplib-1.12.2-1.1.7.jar
[08:54:34] [main/DEBUG] [FML]: Examining for coremod candidacy tumbleweed-1.12-0.4.7.jar
[08:54:34] [main/DEBUG] [FML]: Not found coremod data in tumbleweed-1.12-0.4.7.jar
[08:54:34] [main/DEBUG] [FML]: Examining for coremod candidacy Underneath-1.9.jar
[08:54:34] [main/DEBUG] [FML]: Not found coremod data in Underneath-1.9.jar
[08:54:34] [main/DEBUG] [FML]: Examining for coremod candidacy VariedCommodities_1.12.2-(31Mar23).jar
[08:54:34] [main/DEBUG] [FML]: Not found coremod data in VariedCommodities_1.12.2-(31Mar23).jar
[08:54:34] [main/DEBUG] [FML]: Examining for coremod candidacy VCFix-1.0.1.jar
[08:54:34] [main/INFO] [FML]: Loading tweaker org.spongepowered.asm.launch.MixinTweaker from VCFix-1.0.1.jar
[08:54:34] [main/DEBUG] [FML]: Examining for coremod candidacy VerticallyStackedDimensions-1.12.2-0.1.9.jar
[08:54:34] [main/WARN] [FML]: Found FMLCorePluginContainsFMLMod marker in VerticallyStackedDimensions-1.12.2-0.1.9.jar. This is not recommended, @Mods should be in a separate jar from the coremod.
[08:54:34] [main/DEBUG] [FML]: Instantiating coremod class CorePlugin
[08:54:34] [main/TRACE] [FML]: coremod named Vertically Stacked Dimensions ASM is loading
[08:54:34] [main/DEBUG] [FML]: The coremod cd4017be.dimstack.asm.CorePlugin requested minecraft version 1.12.2 and minecraft is 1.12.2. It will be loaded.
[08:54:34] [main/WARN] [FML]: The coremod Vertically Stacked Dimensions ASM (cd4017be.dimstack.asm.CorePlugin) is not signed!
[08:54:34] [main/DEBUG] [FML]: Enqueued coremod Vertically Stacked Dimensions ASM
[08:54:34] [main/DEBUG] [FML]: Examining for coremod candidacy Waystones_1.12.2-4.1.0.jar
[08:54:34] [main/DEBUG] [FML]: Not found coremod data in Waystones_1.12.2-4.1.0.jar
[08:54:34] [main/DEBUG] [FML]: Examining for coremod candidacy WearableBackpacks-RLCraft-1.12.2-3.2.6.jar
[08:54:34] [main/DEBUG] [FML]: Not found coremod data in WearableBackpacks-RLCraft-1.12.2-3.2.6.jar
[08:54:34] [main/DEBUG] [FML]: Examining for coremod candidacy WolfArmorAndStorage-3.8.1+1.12.2.alpha.1-SNAPSHOT-signed.jar
[08:54:34] [main/INFO] [FML]: Loading tweaker org.spongepowered.asm.launch.MixinTweaker from WolfArmorAndStorage-3.8.1+1.12.2.alpha.1-SNAPSHOT-signed.jar
[08:54:34] [main/DEBUG] [FML]: Examining for coremod candidacy XPFromHarvest-1.12.2-1.2.0.jar
[08:54:34] [main/DEBUG] [FML]: Not found coremod data in XPFromHarvest-1.12.2-1.2.0.jar
[08:54:34] [main/DEBUG] [FML]: Examining for coremod candidacy xptome-1.12.2-v1.1.6.jar
[08:54:34] [main/DEBUG] [FML]: Not found coremod data in xptome-1.12.2-v1.1.6.jar
[08:54:34] [main/DEBUG] [FML]: Examining for coremod candidacy YungsLaw-1.12.2-1.0.4.jar
[08:54:34] [main/DEBUG] [FML]: Not found coremod data in YungsLaw-1.12.2-1.0.4.jar
[08:54:34] [main/DEBUG] [FML]: Examining for coremod candidacy OreLib-1.12.2-3.6.0.1.jar
[08:54:34] [main/DEBUG] [FML]: Not found coremod data in OreLib-1.12.2-3.6.0.1.jar
[08:54:34] [main/DEBUG] [FML]: Examining for coremod candidacy llibrary-core-1.0.11-1.12.2.jar
[08:54:34] [main/TRACE] [FML]: Adding llibrary-core-1.0.11-1.12.2.jar to the list of known coremods, it will not be examined again
[08:54:34] [main/DEBUG] [FML]: Instantiating coremod class LLibraryPlugin
[08:54:34] [main/TRACE] [FML]: coremod named llibrary is loading
[08:54:34] [main/DEBUG] [FML]: The coremod net.ilexiconn.llibrary.server.core.plugin.LLibraryPlugin requested minecraft version 1.12.2 and minecraft is 1.12.2. It will be loaded.
[08:54:34] [main/DEBUG] [FML]: Found signing certificates for coremod llibrary (net.ilexiconn.llibrary.server.core.plugin.LLibraryPlugin)
[08:54:34] [main/DEBUG] [FML]: Found certificate b9f30a813bee3b9dd5652c460310cfcd54f6b7ec
[08:54:34] [main/DEBUG] [FML]: Enqueued coremod llibrary
[08:54:34] [main/DEBUG] [FML]: Examining for coremod candidacy llibrary-1.7.20-1.12.2.jar
[08:54:34] [main/DEBUG] [FML]: Not found coremod data in llibrary-1.7.20-1.12.2.jar
[08:54:34] [main/DEBUG] [FML]: Examining for coremod candidacy mcjtytools-0.0.21.jar
[08:54:34] [main/DEBUG] [FML]: Not found coremod data in mcjtytools-0.0.21.jar
[08:54:34] [main/DEBUG] [FML]: Examining for coremod candidacy Kiwi-1.12.2-0.5.3.32.jar
[08:54:34] [main/DEBUG] [FML]: Not found coremod data in Kiwi-1.12.2-0.5.3.32.jar
[08:54:34] [main/DEBUG] [FML]: Examining for coremod candidacy DynamicSurroundingsHuds-1.12.2-3.6.0.0.jar
[08:54:34] [main/DEBUG] [FML]: Not found coremod data in DynamicSurroundingsHuds-1.12.2-3.6.0.0.jar
[08:54:34] [main/DEBUG] [FML]: Examining for coremod candidacy phosphor-1.12.2-0.2.6+build50-universal.jar
[08:54:34] [main/INFO] [FML]: Loading tweaker org.spongepowered.asm.launch.MixinTweaker from phosphor-1.12.2-0.2.6+build50-universal.jar
[08:54:34] [main/INFO] [LaunchWrapper]: Loading tweak class name net.minecraftforge.fml.common.launcher.FMLInjectionAndSortingTweaker
[08:54:34] [main/INFO] [LaunchWrapper]: Loading tweak class name net.jan.moddirector.launchwrapper.ModDirectorTweaker
[08:54:34] [main/WARN] [ModDirector[CORE]]: Successfully replaced CA certificates with updated ones!
[08:54:34] [main/INFO] [ModDirector[CORE]]: Mod director loaded!
[08:54:34] [main/DEBUG] [ModDirector/SideDetermination[Launchwrapper]]: Trying to determine side...
[08:54:34] [main/DEBUG] [ModDirector/SideDetermination[Launchwrapper]]: Unable to find minecraft client main class, assuming we are running on a server!
[08:54:34] [main/INFO] [ModDirector/Tweaker[Launchwrapper]]: ModDirector bootstrapped from Launchwrapper!
[08:54:34] [main/INFO] [LaunchWrapper]: Loading tweak class name org.spongepowered.asm.launch.MixinTweaker
[08:54:34] [main/DEBUG] [mixin]: Mixin bootstrap service org.spongepowered.asm.service.modlauncher.MixinServiceModLauncherBootstrap is not available: ModLauncher is not available
[08:54:34] [main/DEBUG] [mixin]: MixinService [LaunchWrapper] was successfully booted in sun.misc.Launcher$AppClassLoader@232204a1
[08:54:34] [main/INFO] [mixin]: SpongePowered MIXIN Subsystem Version=0.8.7 Source=file:/home/Minecraft/rlcraft-server/./mods/%60FermiumBooter-1.3.2.jar Service=LaunchWrapper Env=SERVER
[08:54:34] [main/DEBUG] [mixin]: Adding new mixin transformer proxy #1
[08:54:34] [main/DEBUG] [mixin]: Initialising Mixin Platform Manager
[08:54:34] [main/DEBUG] [mixin]: Adding mixin platform agents for container ContainerHandleURI(file:/home/Minecraft/rlcraft-server/./mods/%60FermiumBooter-1.3.2.jar)
[08:54:34] [main/DEBUG] [mixin]: Instancing new MixinPlatformAgentFMLLegacy for ContainerHandleURI(file:/home/Minecraft/rlcraft-server/./mods/%60FermiumBooter-1.3.2.jar)
[08:54:34] [main/DEBUG] [mixin]: ForceLoadAsMod was specified for `FermiumBooter-1.3.2.jar, attempting force-load
[08:54:34] [main/DEBUG] [mixin]: Adding `FermiumBooter-1.3.2.jar to reparseable coremod collection
[08:54:34] [main/DEBUG] [mixin]: `FermiumBooter-1.3.2.jar has core plugin fermiumbooter.FermiumPlugin. Injecting it into FML for co-initialisation:
[08:54:34] [main/DEBUG] [FML]: Instantiating coremod class FermiumPlugin
[08:54:34] [main/DEBUG] [mixin]: Preparing mixins for MixinEnvironment[PREINIT]
[08:54:34] [main/INFO] [FermiumBooter]: FermiumBooter beginning forced mixin config handling.
[08:54:34] [main/INFO] [FermiumBooter]: FermiumBooter finished forced mixin config handling, removed 0 mixin configs.
[08:54:34] [main/TRACE] [FML]: coremod named FermiumBooter is loading
[08:54:34] [main/DEBUG] [FML]: The coremod fermiumbooter.FermiumPlugin requested minecraft version 1.12.2 and minecraft is 1.12.2. It will be loaded.
[08:54:34] [main/WARN] [FML]: The coremod FermiumBooter (fermiumbooter.FermiumPlugin) is not signed!
[08:54:34] [main/DEBUG] [MixinExtras|Service]: com.llamalad7.mixinextras.service.MixinExtrasServiceImpl(version=0.5.0) is taking over from null
[08:54:34] [main/DEBUG] [mixin]: Registering new injector for @Inject with org.spongepowered.asm.mixin.injection.struct.CallbackInjectionInfo
[08:54:34] [main/DEBUG] [mixin]: Registering new injector for @ModifyArg with org.spongepowered.asm.mixin.injection.struct.ModifyArgInjectionInfo
[08:54:34] [main/DEBUG] [mixin]: Registering new injector for @ModifyArgs with org.spongepowered.asm.mixin.injection.struct.ModifyArgsInjectionInfo
[08:54:34] [main/DEBUG] [mixin]: Registering new injector for @Redirect with org.spongepowered.asm.mixin.injection.struct.RedirectInjectionInfo
[08:54:34] [main/DEBUG] [mixin]: Registering new injector for @ModifyVariable with org.spongepowered.asm.mixin.injection.struct.ModifyVariableInjectionInfo
[08:54:34] [main/DEBUG] [mixin]: Registering new injector for @ModifyConstant with org.spongepowered.asm.mixin.injection.struct.ModifyConstantInjectionInfo
[08:54:34] [main/INFO] [mixin]: Compatibility level set to JAVA_8
[08:54:34] [main/DEBUG] [FML]: Enqueued coremod FermiumBooter
[08:54:34] [main/DEBUG] [mixin]: MixinPlatformAgentFMLLegacy accepted container ContainerHandleURI(file:/home/Minecraft/rlcraft-server/./mods/%60FermiumBooter-1.3.2.jar)
[08:54:34] [main/DEBUG] [mixin]: Instancing new MixinPlatformAgentLiteLoaderLegacy for ContainerHandleURI(file:/home/Minecraft/rlcraft-server/./mods/%60FermiumBooter-1.3.2.jar)
[08:54:34] [main/DEBUG] [mixin]: MixinPlatformAgentLiteLoaderLegacy rejected container ContainerHandleURI(file:/home/Minecraft/rlcraft-server/./mods/%60FermiumBooter-1.3.2.jar)
[08:54:34] [main/DEBUG] [mixin]: Instancing new MixinPlatformAgentDefault for ContainerHandleURI(file:/home/Minecraft/rlcraft-server/./mods/%60FermiumBooter-1.3.2.jar)
[08:54:34] [main/DEBUG] [mixin]: MixinPlatformAgentDefault accepted container ContainerHandleURI(file:/home/Minecraft/rlcraft-server/./mods/%60FermiumBooter-1.3.2.jar)
[08:54:34] [main/DEBUG] [org.spongepowered.asm.service.mojang.MixinServiceLaunchWrapper]: Scanning file:/home/Minecraft/rlcraft-server/forge-1.12.2-14.23.5.2860.jar for mixin tweaker
[08:54:34] [main/DEBUG] [org.spongepowered.asm.service.mojang.MixinServiceLaunchWrapper]: Scanning file:/home/Minecraft/rlcraft-server/./mods/!mod-director-launchwrapper-1.9.1.jar for mixin tweaker
[08:54:34] [main/DEBUG] [org.spongepowered.asm.service.mojang.MixinServiceLaunchWrapper]: Scanning file:/home/Minecraft/rlcraft-server/./mods/%60FermiumBooter-1.3.2.jar for mixin tweaker
[08:54:34] [main/DEBUG] [org.spongepowered.asm.service.mojang.MixinServiceLaunchWrapper]: Scanning file:/home/Minecraft/rlcraft-server/./mods/Amphithere%20Mod-1.0.2.jar for mixin tweaker
[08:54:34] [main/DEBUG] [org.spongepowered.asm.service.mojang.MixinServiceLaunchWrapper]: Scanning file:/home/Minecraft/rlcraft-server/./mods/AntiqueAtlasAutoMarker-1.4.2.2.jar for mixin tweaker
[08:54:34] [main/DEBUG] [org.spongepowered.asm.service.mojang.MixinServiceLaunchWrapper]: Scanning file:/home/Minecraft/rlcraft-server/./mods/Baubley-Elytra-v1.3.3-mc1.12.2.jar for mixin tweaker
[08:54:34] [main/DEBUG] [org.spongepowered.asm.service.mojang.MixinServiceLaunchWrapper]: Scanning file:/home/Minecraft/rlcraft-server/./mods/BedBreakBegone-1.0.2.jar for mixin tweaker
[08:54:34] [main/DEBUG] [org.spongepowered.asm.service.mojang.MixinServiceLaunchWrapper]: Scanning file:/home/Minecraft/rlcraft-server/./mods/betterbiomeblend-1.12.2-1.1.7-forge.jar for mixin tweaker
[08:54:34] [main/DEBUG] [org.spongepowered.asm.service.mojang.MixinServiceLaunchWrapper]: Scanning file:/home/Minecraft/rlcraft-server/./mods/BHMenu-Forge-1.12.2-2.4.5.jar for mixin tweaker
[08:54:34] [main/DEBUG] [org.spongepowered.asm.service.mojang.MixinServiceLaunchWrapper]: Scanning file:/home/Minecraft/rlcraft-server/./mods/Bloodmoon-MC1.12.2-1.5.3.jar for mixin tweaker
[08:54:34] [main/DEBUG] [org.spongepowered.asm.service.mojang.MixinServiceLaunchWrapper]: Scanning file:/home/Minecraft/rlcraft-server/./mods/BoatDeleteBegone-1.1.2.jar for mixin tweaker
[08:54:34] [main/DEBUG] [org.spongepowered.asm.service.mojang.MixinServiceLaunchWrapper]: Scanning file:/home/Minecraft/rlcraft-server/./mods/Born%20In%20A%20Barn%201.8-1.12-1.2.jar for mixin tweaker
[08:54:34] [main/DEBUG] [org.spongepowered.asm.service.mojang.MixinServiceLaunchWrapper]: Scanning file:/home/Minecraft/rlcraft-server/./mods/Bounceable-1.0.1.jar for mixin tweaker
[08:54:34] [main/DEBUG] [org.spongepowered.asm.service.mojang.MixinServiceLaunchWrapper]: Scanning file:/home/Minecraft/rlcraft-server/./mods/Charm-1.12.2-1.4.1.jar for mixin tweaker
[08:54:34] [main/DEBUG] [org.spongepowered.asm.service.mojang.MixinServiceLaunchWrapper]: Scanning file:/home/Minecraft/rlcraft-server/./mods/ChunkAnimator-1.12.2-1.2.1.jar for mixin tweaker
[08:54:34] [main/DEBUG] [org.spongepowered.asm.service.mojang.MixinServiceLaunchWrapper]: Scanning file:/home/Minecraft/rlcraft-server/./mods/ContentCreator-1.3.7-fix2.jar for mixin tweaker
[08:54:34] [main/DEBUG] [org.spongepowered.asm.service.mojang.MixinServiceLaunchWrapper]: Scanning file:/home/Minecraft/rlcraft-server/./mods/CreativeCore_v1.10.71_mc1.12.2.jar for mixin tweaker
[08:54:34] [main/DEBUG] [org.spongepowered.asm.service.mojang.MixinServiceLaunchWrapper]: Scanning file:/home/Minecraft/rlcraft-server/./mods/DynamicSurroundings-1.12.2-3.6.2.1.jar for mixin tweaker
[08:54:34] [main/DEBUG] [org.spongepowered.asm.service.mojang.MixinServiceLaunchWrapper]: Scanning file:/home/Minecraft/rlcraft-server/./mods/EagleMixins-1.1.7.jar for mixin tweaker
[08:54:34] [main/DEBUG] [org.spongepowered.asm.service.mojang.MixinServiceLaunchWrapper]: Scanning file:/home/Minecraft/rlcraft-server/./mods/EditableEdibles-1.3.3.jar for mixin tweaker
[08:54:34] [main/DEBUG] [org.spongepowered.asm.service.mojang.MixinServiceLaunchWrapper]: Scanning file:/home/Minecraft/rlcraft-server/./mods/fancymenu_forge_2.14.9_MC_1.12-1.12.2.jar for mixin tweaker
[08:54:34] [main/DEBUG] [org.spongepowered.asm.service.mojang.MixinServiceLaunchWrapper]: Scanning file:/home/Minecraft/rlcraft-server/./mods/fermiumasm-5.28.jar for mixin tweaker
[08:54:34] [main/DEBUG] [org.spongepowered.asm.service.mojang.MixinServiceLaunchWrapper]: Scanning file:/home/Minecraft/rlcraft-server/./mods/FermiumMixins-1.0.9.jar for mixin tweaker
[08:54:34] [main/DEBUG] [org.spongepowered.asm.service.mojang.MixinServiceLaunchWrapper]: Scanning file:/home/Minecraft/rlcraft-server/./mods/foamfix-0.10.15-1.12.2.jar for mixin tweaker
[08:54:34] [main/DEBUG] [org.spongepowered.asm.service.mojang.MixinServiceLaunchWrapper]: Scanning file:/home/Minecraft/rlcraft-server/./mods/ForgeEndertech-1.12.2-4.5.6.1-build.0648.jar for mixin tweaker
[08:54:34] [main/DEBUG] [org.spongepowered.asm.service.mojang.MixinServiceLaunchWrapper]: Scanning file:/home/Minecraft/rlcraft-server/./mods/Forgelin-1.8.4.jar for mixin tweaker
[08:54:34] [main/DEBUG] [org.spongepowered.asm.service.mojang.MixinServiceLaunchWrapper]: Scanning file:/home/Minecraft/rlcraft-server/./mods/framevoidpatch-1.0.0.jar for mixin tweaker
[08:54:34] [main/DEBUG] [org.spongepowered.asm.service.mojang.MixinServiceLaunchWrapper]: Scanning file:/home/Minecraft/rlcraft-server/./mods/FurnaceXPStorage-1.1.4.jar for mixin tweaker
[08:54:34] [main/DEBUG] [org.spongepowered.asm.service.mojang.MixinServiceLaunchWrapper]: Scanning file:/home/Minecraft/rlcraft-server/./mods/Ice%20and%20Fire-2.0.9.jar for mixin tweaker
[08:54:34] [main/DEBUG] [org.spongepowered.asm.service.mojang.MixinServiceLaunchWrapper]: Scanning file:/home/Minecraft/rlcraft-server/./mods/InventoryTweaks-1.64+dev.151.jar for mixin tweaker
[08:54:34] [main/DEBUG] [org.spongepowered.asm.service.mojang.MixinServiceLaunchWrapper]: Scanning file:/home/Minecraft/rlcraft-server/./mods/ItemPhysic_Full_1.4.37_mc1.12.2.jar for mixin tweaker
[08:54:34] [main/DEBUG] [org.spongepowered.asm.service.mojang.MixinServiceLaunchWrapper]: Scanning file:/home/Minecraft/rlcraft-server/./mods/IvToolkit-1.3.3-1.12.jar for mixin tweaker
[08:54:34] [main/DEBUG] [org.spongepowered.asm.service.mojang.MixinServiceLaunchWrapper]: Scanning file:/home/Minecraft/rlcraft-server/./mods/JSON-Paintings-v1.4.0-mc1.12.2.jar for mixin tweaker
[08:54:34] [main/DEBUG] [org.spongepowered.asm.service.mojang.MixinServiceLaunchWrapper]: Scanning file:/home/Minecraft/rlcraft-server/./mods/konkrete_forge_1.6.1_MC_1.12-1.12.2.jar for mixin tweaker
[08:54:34] [main/DEBUG] [org.spongepowered.asm.service.mojang.MixinServiceLaunchWrapper]: Scanning file:/home/Minecraft/rlcraft-server/./mods/librarianlib-1.12.2-4.22.jar for mixin tweaker
[08:54:34] [main/DEBUG] [org.spongepowered.asm.service.mojang.MixinServiceLaunchWrapper]: Scanning file:/home/Minecraft/rlcraft-server/./mods/Localizator-1.12.2-1.0.14.jar for mixin tweaker
[08:54:34] [main/DEBUG] [org.spongepowered.asm.service.mojang.MixinServiceLaunchWrapper]: Scanning file:/home/Minecraft/rlcraft-server/./mods/Locks-1.12.2-3.0.0.jar for mixin tweaker
[08:54:34] [main/DEBUG] [org.spongepowered.asm.service.mojang.MixinServiceLaunchWrapper]: Scanning file:/home/Minecraft/rlcraft-server/./mods/MaterialTweaker-1.1.1.jar for mixin tweaker
[08:54:34] [main/DEBUG] [org.spongepowered.asm.service.mojang.MixinServiceLaunchWrapper]: Scanning file:/home/Minecraft/rlcraft-server/./mods/MultiMine-1.12.2.jar for mixin tweaker
[08:54:34] [main/DEBUG] [org.spongepowered.asm.service.mojang.MixinServiceLaunchWrapper]: Scanning file:/home/Minecraft/rlcraft-server/./mods/NoiseThreader-1.1.1.jar for mixin tweaker
[08:54:34] [main/DEBUG] [org.spongepowered.asm.service.mojang.MixinServiceLaunchWrapper]: Scanning file:/home/Minecraft/rlcraft-server/./mods/OptifineCITPatch-1.0.4.jar for mixin tweaker
[08:54:34] [main/DEBUG] [org.spongepowered.asm.service.mojang.MixinServiceLaunchWrapper]: Scanning file:/home/Minecraft/rlcraft-server/./mods/1.12.2/OTG-Core.jar for mixin tweaker
[08:54:34] [main/DEBUG] [org.spongepowered.asm.service.mojang.MixinServiceLaunchWrapper]: Scanning file:/home/Minecraft/rlcraft-server/./mods/particleculling-1.12.2-v1.4.3.jar for mixin tweaker
[08:54:34] [main/DEBUG] [org.spongepowered.asm.service.mojang.MixinServiceLaunchWrapper]: Scanning file:/home/Minecraft/rlcraft-server/./mods/PhosphorCrashFix-1.12.2-1.0.0.jar for mixin tweaker
[08:54:34] [main/DEBUG] [org.spongepowered.asm.service.mojang.MixinServiceLaunchWrapper]: Scanning file:/home/Minecraft/rlcraft-server/./mods/Quark-r1.6-179.jar for mixin tweaker
[08:54:34] [main/DEBUG] [org.spongepowered.asm.service.mojang.MixinServiceLaunchWrapper]: Scanning file:/home/Minecraft/rlcraft-server/./mods/ReachFix-1.12.2-1.1.3.jar for mixin tweaker
[08:54:34] [main/DEBUG] [org.spongepowered.asm.service.mojang.MixinServiceLaunchWrapper]: Scanning file:/home/Minecraft/rlcraft-server/./mods/RealBench-1.12.2-1.3.3.jar for mixin tweaker
[08:54:34] [main/DEBUG] [org.spongepowered.asm.service.mojang.MixinServiceLaunchWrapper]: Scanning file:/home/Minecraft/rlcraft-server/./mods/Reskillable-1.12.2-1.13.0.jar for mixin tweaker
[08:54:34] [main/DEBUG] [org.spongepowered.asm.service.mojang.MixinServiceLaunchWrapper]: Scanning file:/home/Minecraft/rlcraft-server/./mods/ResourceLoader-MC1.12.1-1.5.3.jar for mixin tweaker
[08:54:34] [main/DEBUG] [org.spongepowered.asm.service.mojang.MixinServiceLaunchWrapper]: Scanning file:/home/Minecraft/rlcraft-server/./mods/RLCombat-1.12.2-2.2.4.jar for mixin tweaker
[08:54:34] [main/DEBUG] [org.spongepowered.asm.service.mojang.MixinServiceLaunchWrapper]: Scanning file:/home/Minecraft/rlcraft-server/./mods/RLCraftLuckified-1.1.1.jar for mixin tweaker
[08:54:34] [main/DEBUG] [org.spongepowered.asm.service.mojang.MixinServiceLaunchWrapper]: Scanning file:/home/Minecraft/rlcraft-server/./mods/RLFoliage-MC1.12-2.4.2.jar for mixin tweaker
[08:54:34] [main/DEBUG] [org.spongepowered.asm.service.mojang.MixinServiceLaunchWrapper]: Scanning file:/home/Minecraft/rlcraft-server/./mods/RLMixins-1.4.6.jar for mixin tweaker
[08:54:34] [main/DEBUG] [org.spongepowered.asm.service.mojang.MixinServiceLaunchWrapper]: Scanning file:/home/Minecraft/rlcraft-server/./mods/RLTweaker-1.12.2-0.7.5.jar for mixin tweaker
[08:54:34] [main/DEBUG] [org.spongepowered.asm.service.mojang.MixinServiceLaunchWrapper]: Scanning file:/home/Minecraft/rlcraft-server/./mods/SereneSeasons-1.12.2-1.2.18-universal.jar for mixin tweaker
[08:54:34] [main/DEBUG] [org.spongepowered.asm.service.mojang.MixinServiceLaunchWrapper]: Scanning file:/home/Minecraft/rlcraft-server/./mods/SimpleDifficulty-1.12.2-0.3.9.jar for mixin tweaker
[08:54:34] [main/DEBUG] [org.spongepowered.asm.service.mojang.MixinServiceLaunchWrapper]: Scanning file:/home/Minecraft/rlcraft-server/./mods/SnowRealMagic-1.12.2-0.7.4.jar for mixin tweaker
[08:54:34] [main/DEBUG] [org.spongepowered.asm.service.mojang.MixinServiceLaunchWrapper]: Scanning file:/home/Minecraft/rlcraft-server/./mods/SoManyEnchantments-1.0.7-1.12.2.jar for mixin tweaker
[08:54:34] [main/DEBUG] [org.spongepowered.asm.service.mojang.MixinServiceLaunchWrapper]: Scanning file:/home/Minecraft/rlcraft-server/./mods/spark-unforged-1.11.140-forge.jar for mixin tweaker
[08:54:34] [main/DEBUG] [org.spongepowered.asm.service.mojang.MixinServiceLaunchWrapper]: Scanning file:/home/Minecraft/rlcraft-server/./mods/SpartanWeaponry-1.12.2-1.6.1.jar for mixin tweaker
[08:54:34] [main/DEBUG] [org.spongepowered.asm.service.mojang.MixinServiceLaunchWrapper]: Scanning file:/home/Minecraft/rlcraft-server/./mods/SRPMixins-2.9.1.1.jar for mixin tweaker
[08:54:34] [main/DEBUG] [org.spongepowered.asm.service.mojang.MixinServiceLaunchWrapper]: Scanning file:/home/Minecraft/rlcraft-server/./mods/Surge-1.12.2-2.0.79.jar for mixin tweaker
[08:54:34] [main/DEBUG] [org.spongepowered.asm.service.mojang.MixinServiceLaunchWrapper]: Scanning file:/home/Minecraft/rlcraft-server/./mods/tnt_utilities-mc1.12-1.2.3.jar for mixin tweaker
[08:54:34] [main/DEBUG] [org.spongepowered.asm.service.mojang.MixinServiceLaunchWrapper]: Scanning file:/home/Minecraft/rlcraft-server/./mods/VCFix-1.0.1.jar for mixin tweaker
[08:54:34] [main/DEBUG] [org.spongepowered.asm.service.mojang.MixinServiceLaunchWrapper]: Scanning file:/home/Minecraft/rlcraft-server/./mods/VerticallyStackedDimensions-1.12.2-0.1.9.jar for mixin tweaker
[08:54:34] [main/DEBUG] [org.spongepowered.asm.service.mojang.MixinServiceLaunchWrapper]: Scanning file:/home/Minecraft/rlcraft-server/./mods/WolfArmorAndStorage-3.8.1+1.12.2.alpha.1-SNAPSHOT-signed.jar for mixin tweaker
[08:54:34] [main/DEBUG] [org.spongepowered.asm.service.mojang.MixinServiceLaunchWrapper]: Scanning file:/home/Minecraft/rlcraft-server/./mods/memory_repo/net/ilexiconn/llibrary-core/1.0.11-1.12.2/llibrary-core-1.0.11-1.12.2.jar for mixin tweaker
[08:54:34] [main/DEBUG] [org.spongepowered.asm.service.mojang.MixinServiceLaunchWrapper]: Scanning file:/home/Minecraft/rlcraft-server/./mods/phosphor-1.12.2-0.2.6+build50-universal.jar for mixin tweaker
[08:54:34] [main/DEBUG] [mixin]: Adding agents for Mixin Container ContainerHandleURI(file:/home/Minecraft/rlcraft-server/./mods/%60FermiumBooter-1.3.2.jar)
[08:54:34] [main/DEBUG] [mixin]: Adding agents for Mixin Container ContainerHandleURI(file:/home/Minecraft/rlcraft-server/./mods/Amphithere%20Mod-1.0.2.jar)
[08:54:34] [main/DEBUG] [mixin]: Adding mixin platform agents for container ContainerHandleURI(file:/home/Minecraft/rlcraft-server/./mods/Amphithere%20Mod-1.0.2.jar)
[08:54:34] [main/DEBUG] [mixin]: Instancing new MixinPlatformAgentFMLLegacy for ContainerHandleURI(file:/home/Minecraft/rlcraft-server/./mods/Amphithere%20Mod-1.0.2.jar)
[08:54:34] [main/DEBUG] [mixin]: ForceLoadAsMod was specified for Amphithere Mod-1.0.2.jar, attempting force-load
[08:54:34] [main/DEBUG] [mixin]: Adding Amphithere Mod-1.0.2.jar to reparseable coremod collection
[08:54:34] [main/DEBUG] [mixin]: Amphithere Mod-1.0.2.jar has core plugin amphitheremod.AmphithereModPlugin. Injecting it into FML for co-initialisation:
[08:54:34] [main/DEBUG] [FML]: Instantiating coremod class AmphithereModPlugin
[08:54:34] [main/DEBUG] [FML]: The coremod amphitheremod.AmphithereModPlugin requested minecraft version 1.12.2 and minecraft is 1.12.2. It will be loaded.
[08:54:34] [main/WARN] [FML]: The coremod AmphithereModPlugin (amphitheremod.AmphithereModPlugin) is not signed!
[08:54:34] [main/INFO] [FermiumRegistryAPI]: FermiumRegistryAPI supplied "mixins.amphitheremod.renderlayers.json" for late mixin enqueue, adding.
[08:54:34] [main/DEBUG] [FML]: Enqueued coremod AmphithereModPlugin
[08:54:34] [main/DEBUG] [mixin]: MixinPlatformAgentFMLLegacy accepted container ContainerHandleURI(file:/home/Minecraft/rlcraft-server/./mods/Amphithere%20Mod-1.0.2.jar)
[08:54:34] [main/DEBUG] [mixin]: Instancing new MixinPlatformAgentLiteLoaderLegacy for ContainerHandleURI(file:/home/Minecraft/rlcraft-server/./mods/Amphithere%20Mod-1.0.2.jar)
[08:54:34] [main/DEBUG] [mixin]: MixinPlatformAgentLiteLoaderLegacy rejected container ContainerHandleURI(file:/home/Minecraft/rlcraft-server/./mods/Amphithere%20Mod-1.0.2.jar)
[08:54:34] [main/DEBUG] [mixin]: Instancing new MixinPlatformAgentDefault for ContainerHandleURI(file:/home/Minecraft/rlcraft-server/./mods/Amphithere%20Mod-1.0.2.jar)
[08:54:34] [main/DEBUG] [mixin]: MixinPlatformAgentDefault accepted container ContainerHandleURI(file:/home/Minecraft/rlcraft-server/./mods/Amphithere%20Mod-1.0.2.jar)
[08:54:34] [main/DEBUG] [mixin]: Adding agents for Mixin Container ContainerHandleURI(file:/home/Minecraft/rlcraft-server/./mods/AntiqueAtlasAutoMarker-1.4.2.2.jar)
[08:54:34] [main/DEBUG] [mixin]: Adding mixin platform agents for container ContainerHandleURI(file:/home/Minecraft/rlcraft-server/./mods/AntiqueAtlasAutoMarker-1.4.2.2.jar)
[08:54:34] [main/DEBUG] [mixin]: Instancing new MixinPlatformAgentFMLLegacy for ContainerHandleURI(file:/home/Minecraft/rlcraft-server/./mods/AntiqueAtlasAutoMarker-1.4.2.2.jar)
[08:54:34] [main/DEBUG] [mixin]: ForceLoadAsMod was specified for AntiqueAtlasAutoMarker-1.4.2.2.jar, attempting force-load
[08:54:34] [main/DEBUG] [mixin]: Adding AntiqueAtlasAutoMarker-1.4.2.2.jar to reparseable coremod collection
[08:54:34] [main/DEBUG] [mixin]: AntiqueAtlasAutoMarker-1.4.2.2.jar has core plugin antiqueatlasautomarker.AntiqueAtlasAutoMarkerPlugin. Injecting it into FML for co-initialisation:
[08:54:34] [main/DEBUG] [FML]: Instantiating coremod class AntiqueAtlasAutoMarkerPlugin
[08:54:34] [main/DEBUG] [FML]: The coremod antiqueatlasautomarker.AntiqueAtlasAutoMarkerPlugin requested minecraft version 1.12.2 and minecraft is 1.12.2. It will be loaded.
[08:54:34] [main/WARN] [FML]: The coremod AntiqueAtlasAutoMarkerPlugin (antiqueatlasautomarker.AntiqueAtlasAutoMarkerPlugin) is not signed!
[08:54:34] [main/INFO] [FermiumRegistryAPI]: FermiumRegistryAPI supplied "mixins.aaam.vanilla.json" for early mixin enqueue, adding.
[08:54:34] [main/DEBUG] [mixin]: Checking for additional mixins for MixinEnvironment[PREINIT]
[08:54:34] [main/INFO] [FermiumRegistryAPI]: FermiumRegistryAPI supplied "mixins.aaam.antiqueatlas.structuremarkers.json" for late mixin enqueue, adding.
[08:54:34] [main/INFO] [FermiumRegistryAPI]: FermiumRegistryAPI supplied "mixins.aaam.antiqueatlas.overhaul.structurewatchers.json" for late mixin enqueue, adding.
[08:54:34] [main/INFO] [FermiumRegistryAPI]: FermiumRegistryAPI supplied "mixins.aaam.antiqueatlas.tiles.customvillagetiles.json" for late mixin enqueue, adding.
[08:54:34] [main/INFO] [FermiumRegistryAPI]: FermiumRegistryAPI supplied "mixins.aaam.antiqueatlas.tiles.autobiomerules.json" for late mixin enqueue, adding.
[08:54:34] [main/INFO] [FermiumRegistryAPI]: FermiumRegistryAPI supplied "mixins.aaam.antiqueatlas.tiles.stitchtonull.json" for late mixin enqueue, adding.
[08:54:34] [main/INFO] [FermiumRegistryAPI]: FermiumRegistryAPI supplied "mixins.aaam.antiqueatlas.tiles.custom_nether_end_biomes.json" for late mixin enqueue, adding.
[08:54:34] [main/INFO] [FermiumRegistryAPI]: FermiumRegistryAPI supplied "mixins.aaam.infrotn.json" for late mixin enqueue, adding.
[08:54:34] [main/INFO] [FermiumRegistryAPI]: FermiumRegistryAPI supplied "mixins.aaam.infrl.json" for late mixin enqueue, adding.
[08:54:34] [main/INFO] [FermiumRegistryAPI]: FermiumRegistryAPI supplied "mixins.aaam.infbase.json" for late mixin enqueue, adding.
[08:54:34] [main/INFO] [FermiumRegistryAPI]: FermiumRegistryAPI supplied "mixins.aaam.infbase191.json" for late mixin enqueue, adding.
[08:54:34] [main/INFO] [FermiumRegistryAPI]: FermiumRegistryAPI supplied "mixins.aaam.inf.easter.json" for late mixin enqueue, adding.
[08:54:34] [main/DEBUG] [FML]: Enqueued coremod AntiqueAtlasAutoMarkerPlugin
[08:54:34] [main/DEBUG] [mixin]: MixinPlatformAgentFMLLegacy accepted container ContainerHandleURI(file:/home/Minecraft/rlcraft-server/./mods/AntiqueAtlasAutoMarker-1.4.2.2.jar)
[08:54:34] [main/DEBUG] [mixin]: Instancing new MixinPlatformAgentLiteLoaderLegacy for ContainerHandleURI(file:/home/Minecraft/rlcraft-server/./mods/AntiqueAtlasAutoMarker-1.4.2.2.jar)
[08:54:34] [main/DEBUG] [mixin]: MixinPlatformAgentLiteLoaderLegacy rejected container ContainerHandleURI(file:/home/Minecraft/rlcraft-server/./mods/AntiqueAtlasAutoMarker-1.4.2.2.jar)
[08:54:34] [main/DEBUG] [mixin]: Instancing new MixinPlatformAgentDefault for ContainerHandleURI(file:/home/Minecraft/rlcraft-server/./mods/AntiqueAtlasAutoMarker-1.4.2.2.jar)
[08:54:34] [main/DEBUG] [mixin]: MixinPlatformAgentDefault accepted container ContainerHandleURI(file:/home/Minecraft/rlcraft-server/./mods/AntiqueAtlasAutoMarker-1.4.2.2.jar)
[08:54:34] [main/DEBUG] [mixin]: Adding agents for Mixin Container ContainerHandleURI(file:/home/Minecraft/rlcraft-server/./mods/BedBreakBegone-1.0.2.jar)
[08:54:34] [main/DEBUG] [mixin]: Adding mixin platform agents for container ContainerHandleURI(file:/home/Minecraft/rlcraft-server/./mods/BedBreakBegone-1.0.2.jar)
[08:54:34] [main/DEBUG] [mixin]: Instancing new MixinPlatformAgentFMLLegacy for ContainerHandleURI(file:/home/Minecraft/rlcraft-server/./mods/BedBreakBegone-1.0.2.jar)
[08:54:34] [main/DEBUG] [mixin]: ForceLoadAsMod was specified for BedBreakBegone-1.0.2.jar, attempting force-load
[08:54:34] [main/DEBUG] [mixin]: Adding BedBreakBegone-1.0.2.jar to reparseable coremod collection
[08:54:34] [main/DEBUG] [mixin]: BedBreakBegone-1.0.2.jar has core plugin bedbreakbegone.mixin.MixinLoader. Injecting it into FML for co-initialisation:
[08:54:34] [main/DEBUG] [FML]: Instantiating coremod class MixinLoader
[08:54:34] [main/DEBUG] [FML]: The coremod bedbreakbegone.mixin.MixinLoader requested minecraft version 1.12.2 and minecraft is 1.12.2. It will be loaded.
[08:54:34] [main/WARN] [FML]: The coremod MixinLoader (bedbreakbegone.mixin.MixinLoader) is not signed!
[08:54:34] [main/DEBUG] [FML]: Enqueued coremod MixinLoader
[08:54:34] [main/DEBUG] [mixin]: MixinPlatformAgentFMLLegacy accepted container ContainerHandleURI(file:/home/Minecraft/rlcraft-server/./mods/BedBreakBegone-1.0.2.jar)
[08:54:34] [main/DEBUG] [mixin]: Instancing new MixinPlatformAgentLiteLoaderLegacy for ContainerHandleURI(file:/home/Minecraft/rlcraft-server/./mods/BedBreakBegone-1.0.2.jar)
[08:54:34] [main/DEBUG] [mixin]: MixinPlatformAgentLiteLoaderLegacy rejected container ContainerHandleURI(file:/home/Minecraft/rlcraft-server/./mods/BedBreakBegone-1.0.2.jar)
[08:54:34] [main/DEBUG] [mixin]: Instancing new MixinPlatformAgentDefault for ContainerHandleURI(file:/home/Minecraft/rlcraft-server/./mods/BedBreakBegone-1.0.2.jar)
[08:54:34] [main/DEBUG] [mixin]: MixinPlatformAgentDefault accepted container ContainerHandleURI(file:/home/Minecraft/rlcraft-server/./mods/BedBreakBegone-1.0.2.jar)
[08:54:34] [main/DEBUG] [mixin]: Adding agents for Mixin Container ContainerHandleURI(file:/home/Minecraft/rlcraft-server/./mods/BHMenu-Forge-1.12.2-2.4.5.jar)
[08:54:34] [main/DEBUG] [mixin]: Adding mixin platform agents for container ContainerHandleURI(file:/home/Minecraft/rlcraft-server/./mods/BHMenu-Forge-1.12.2-2.4.5.jar)
[08:54:34] [main/DEBUG] [mixin]: Instancing new MixinPlatformAgentFMLLegacy for ContainerHandleURI(file:/home/Minecraft/rlcraft-server/./mods/BHMenu-Forge-1.12.2-2.4.5.jar)
[08:54:34] [main/DEBUG] [mixin]: ForceLoadAsMod was specified for BHMenu-Forge-1.12.2-2.4.5.jar, attempting force-load
[08:54:34] [main/DEBUG] [mixin]: MixinPlatformAgentFMLLegacy rejected container ContainerHandleURI(file:/home/Minecraft/rlcraft-server/./mods/BHMenu-Forge-1.12.2-2.4.5.jar)
[08:54:34] [main/DEBUG] [mixin]: Instancing new MixinPlatformAgentLiteLoaderLegacy for ContainerHandleURI(file:/home/Minecraft/rlcraft-server/./mods/BHMenu-Forge-1.12.2-2.4.5.jar)
[08:54:34] [main/DEBUG] [mixin]: MixinPlatformAgentLiteLoaderLegacy rejected container ContainerHandleURI(file:/home/Minecraft/rlcraft-server/./mods/BHMenu-Forge-1.12.2-2.4.5.jar)
[08:54:34] [main/DEBUG] [mixin]: Instancing new MixinPlatformAgentDefault for ContainerHandleURI(file:/home/Minecraft/rlcraft-server/./mods/BHMenu-Forge-1.12.2-2.4.5.jar)
[08:54:34] [main/DEBUG] [mixin]: MixinPlatformAgentDefault accepted container ContainerHandleURI(file:/home/Minecraft/rlcraft-server/./mods/BHMenu-Forge-1.12.2-2.4.5.jar)
[08:54:34] [main/DEBUG] [mixin]: Adding agents for Mixin Container ContainerHandleURI(file:/home/Minecraft/rlcraft-server/./mods/BoatDeleteBegone-1.1.2.jar)
[08:54:34] [main/DEBUG] [mixin]: Adding mixin platform agents for container ContainerHandleURI(file:/home/Minecraft/rlcraft-server/./mods/BoatDeleteBegone-1.1.2.jar)
[08:54:34] [main/DEBUG] [mixin]: Instancing new MixinPlatformAgentFMLLegacy for ContainerHandleURI(file:/home/Minecraft/rlcraft-server/./mods/BoatDeleteBegone-1.1.2.jar)
[08:54:34] [main/DEBUG] [mixin]: ForceLoadAsMod was specified for BoatDeleteBegone-1.1.2.jar, attempting force-load
[08:54:34] [main/DEBUG] [mixin]: Adding BoatDeleteBegone-1.1.2.jar to reparseable coremod collection
[08:54:34] [main/DEBUG] [mixin]: BoatDeleteBegone-1.1.2.jar has core plugin boatdeletebegone.BoatDeleteBegonePlugin. Injecting it into FML for co-initialisation:
[08:54:34] [main/DEBUG] [FML]: Instantiating coremod class BoatDeleteBegonePlugin
[08:54:34] [main/DEBUG] [FML]: The coremod boatdeletebegone.BoatDeleteBegonePlugin requested minecraft version 1.12.2 and minecraft is 1.12.2. It will be loaded.
[08:54:34] [main/WARN] [FML]: The coremod BoatDeleteBegonePlugin (boatdeletebegone.BoatDeleteBegonePlugin) is not signed!
[08:54:34] [main/INFO] [FermiumRegistryAPI]: FermiumRegistryAPI supplied "mixins.boatdeletebegone.json" for early mixin enqueue, adding.
[08:54:34] [main/DEBUG] [FML]: Enqueued coremod BoatDeleteBegonePlugin
[08:54:34] [main/DEBUG] [mixin]: MixinPlatformAgentFMLLegacy accepted container ContainerHandleURI(file:/home/Minecraft/rlcraft-server/./mods/BoatDeleteBegone-1.1.2.jar)
[08:54:34] [main/DEBUG] [mixin]: Instancing new MixinPlatformAgentLiteLoaderLegacy for ContainerHandleURI(file:/home/Minecraft/rlcraft-server/./mods/BoatDeleteBegone-1.1.2.jar)
[08:54:34] [main/DEBUG] [mixin]: MixinPlatformAgentLiteLoaderLegacy rejected container ContainerHandleURI(file:/home/Minecraft/rlcraft-server/./mods/BoatDeleteBegone-1.1.2.jar)
[08:54:34] [main/DEBUG] [mixin]: Instancing new MixinPlatformAgentDefault for ContainerHandleURI(file:/home/Minecraft/rlcraft-server/./mods/BoatDeleteBegone-1.1.2.jar)
[08:54:34] [main/DEBUG] [mixin]: MixinPlatformAgentDefault accepted container ContainerHandleURI(file:/home/Minecraft/rlcraft-server/./mods/BoatDeleteBegone-1.1.2.jar)
[08:54:34] [main/DEBUG] [mixin]: Adding agents for Mixin Container ContainerHandleURI(file:/home/Minecraft/rlcraft-server/./mods/Bounceable-1.0.1.jar)
[08:54:34] [main/DEBUG] [mixin]: Adding mixin platform agents for container ContainerHandleURI(file:/home/Minecraft/rlcraft-server/./mods/Bounceable-1.0.1.jar)
[08:54:34] [main/DEBUG] [mixin]: Instancing new MixinPlatformAgentFMLLegacy for ContainerHandleURI(file:/home/Minecraft/rlcraft-server/./mods/Bounceable-1.0.1.jar)
[08:54:34] [main/DEBUG] [mixin]: ForceLoadAsMod was specified for Bounceable-1.0.1.jar, attempting force-load
[08:54:34] [main/DEBUG] [mixin]: Adding Bounceable-1.0.1.jar to reparseable coremod collection
[08:54:34] [main/DEBUG] [mixin]: Bounceable-1.0.1.jar has core plugin bounceable.BounceablePlugin. Injecting it into FML for co-initialisation:
[08:54:34] [main/DEBUG] [FML]: Instantiating coremod class BounceablePlugin
[08:54:34] [main/DEBUG] [FML]: The coremod bounceable.BounceablePlugin requested minecraft version 1.12.2 and minecraft is 1.12.2. It will be loaded.
[08:54:34] [main/WARN] [FML]: The coremod BounceablePlugin (bounceable.BounceablePlugin) is not signed!
[08:54:34] [main/INFO] [FermiumRegistryAPI]: FermiumRegistryAPI supplied "mixins.bounceable.vanilla.json" for early mixin enqueue, adding.
[08:54:34] [main/INFO] [FermiumRegistryAPI]: FermiumRegistryAPI supplied "mixins.bounceable.potioncore.json" for late mixin enqueue, adding.
[08:54:34] [main/DEBUG] [FML]: Enqueued coremod BounceablePlugin
[08:54:34] [main/DEBUG] [mixin]: MixinPlatformAgentFMLLegacy accepted container ContainerHandleURI(file:/home/Minecraft/rlcraft-server/./mods/Bounceable-1.0.1.jar)
[08:54:34] [main/DEBUG] [mixin]: Instancing new MixinPlatformAgentLiteLoaderLegacy for ContainerHandleURI(file:/home/Minecraft/rlcraft-server/./mods/Bounceable-1.0.1.jar)
[08:54:34] [main/DEBUG] [mixin]: MixinPlatformAgentLiteLoaderLegacy rejected container ContainerHandleURI(file:/home/Minecraft/rlcraft-server/./mods/Bounceable-1.0.1.jar)
[08:54:34] [main/DEBUG] [mixin]: Instancing new MixinPlatformAgentDefault for ContainerHandleURI(file:/home/Minecraft/rlcraft-server/./mods/Bounceable-1.0.1.jar)
[08:54:34] [main/DEBUG] [mixin]: MixinPlatformAgentDefault accepted container ContainerHandleURI(file:/home/Minecraft/rlcraft-server/./mods/Bounceable-1.0.1.jar)
[08:54:34] [main/DEBUG] [mixin]: Adding agents for Mixin Container ContainerHandleURI(file:/home/Minecraft/rlcraft-server/./mods/DynamicSurroundings-1.12.2-3.6.2.1.jar)
[08:54:34] [main/DEBUG] [mixin]: Adding mixin platform agents for container ContainerHandleURI(file:/home/Minecraft/rlcraft-server/./mods/DynamicSurroundings-1.12.2-3.6.2.1.jar)
[08:54:34] [main/DEBUG] [mixin]: Instancing new MixinPlatformAgentFMLLegacy for ContainerHandleURI(file:/home/Minecraft/rlcraft-server/./mods/DynamicSurroundings-1.12.2-3.6.2.1.jar)
[08:54:34] [main/DEBUG] [mixin]: ForceLoadAsMod was specified for DynamicSurroundings-1.12.2-3.6.2.1.jar, attempting force-load
[08:54:34] [main/DEBUG] [mixin]: Adding DynamicSurroundings-1.12.2-3.6.2.1.jar to reparseable coremod collection
[08:54:34] [main/DEBUG] [mixin]: DynamicSurroundings-1.12.2-3.6.2.1.jar has core plugin org.orecruncher.dsurround.mixins.TransformLoader. Injecting it into FML for co-initialisation:
[08:54:34] [main/DEBUG] [FML]: Instantiating coremod class TransformLoader
[08:54:34] [main/DEBUG] [FML]: The coremod org.orecruncher.dsurround.mixins.TransformLoader requested minecraft version 1.12.2 and minecraft is 1.12.2. It will be loaded.
[08:54:34] [main/DEBUG] [FML]: Found signing certificates for coremod TransformLoader (org.orecruncher.dsurround.mixins.TransformLoader)
[08:54:34] [main/DEBUG] [FML]: Found certificate 7a2128d395ad96ceb9d9030fbd41d035b435753a
[08:54:34] [main/DEBUG] [FML]: Enqueued coremod TransformLoader
[08:54:34] [main/DEBUG] [mixin]: MixinPlatformAgentFMLLegacy accepted container ContainerHandleURI(file:/home/Minecraft/rlcraft-server/./mods/DynamicSurroundings-1.12.2-3.6.2.1.jar)
[08:54:34] [main/DEBUG] [mixin]: Instancing new MixinPlatformAgentLiteLoaderLegacy for ContainerHandleURI(file:/home/Minecraft/rlcraft-server/./mods/DynamicSurroundings-1.12.2-3.6.2.1.jar)
[08:54:34] [main/DEBUG] [mixin]: MixinPlatformAgentLiteLoaderLegacy rejected container ContainerHandleURI(file:/home/Minecraft/rlcraft-server/./mods/DynamicSurroundings-1.12.2-3.6.2.1.jar)
[08:54:34] [main/DEBUG] [mixin]: Instancing new MixinPlatformAgentDefault for ContainerHandleURI(file:/home/Minecraft/rlcraft-server/./mods/DynamicSurroundings-1.12.2-3.6.2.1.jar)
[08:54:34] [main/DEBUG] [mixin]: MixinPlatformAgentDefault accepted container ContainerHandleURI(file:/home/Minecraft/rlcraft-server/./mods/DynamicSurroundings-1.12.2-3.6.2.1.jar)
[08:54:34] [main/DEBUG] [mixin]: Adding agents for Mixin Container ContainerHandleURI(file:/home/Minecraft/rlcraft-server/./mods/EagleMixins-1.1.7.jar)
[08:54:34] [main/DEBUG] [mixin]: Adding mixin platform agents for container ContainerHandleURI(file:/home/Minecraft/rlcraft-server/./mods/EagleMixins-1.1.7.jar)
[08:54:34] [main/DEBUG] [mixin]: Instancing new MixinPlatformAgentFMLLegacy for ContainerHandleURI(file:/home/Minecraft/rlcraft-server/./mods/EagleMixins-1.1.7.jar)
[08:54:34] [main/DEBUG] [mixin]: ForceLoadAsMod was specified for EagleMixins-1.1.7.jar, attempting force-load
[08:54:34] [main/DEBUG] [mixin]: Adding EagleMixins-1.1.7.jar to reparseable coremod collection
[08:54:34] [main/DEBUG] [mixin]: EagleMixins-1.1.7.jar has core plugin eaglemixins.EagleMixinsPlugin. Injecting it into FML for co-initialisation:
[08:54:34] [main/DEBUG] [FML]: Instantiating coremod class EagleMixinsPlugin
[08:54:34] [main/DEBUG] [FML]: The coremod eaglemixins.EagleMixinsPlugin requested minecraft version 1.12.2 and minecraft is 1.12.2. It will be loaded.
[08:54:34] [main/WARN] [FML]: The coremod EagleMixinsPlugin (eaglemixins.EagleMixinsPlugin) is not signed!
[08:54:34] [main/INFO] [FermiumRegistryAPI]: FermiumRegistryAPI supplied "mixins.eaglemixins.vanilla.json" for early mixin enqueue, adding.
[08:54:34] [main/INFO] [FermiumRegistryAPI]: FermiumRegistryAPI supplied "mixins.eaglemixins.reskillable.json" for late mixin enqueue, adding.
[08:54:34] [main/INFO] [FermiumRegistryAPI]: FermiumRegistryAPI supplied "mixins.eaglemixins.simpledifficulty.json" for late mixin enqueue, adding.
[08:54:34] [main/INFO] [FermiumRegistryAPI]: FermiumRegistryAPI supplied "mixins.eaglemixins.legendarytooltips.json" for late mixin enqueue, adding.
[08:54:34] [main/INFO] [FermiumRegistryAPI]: FermiumRegistryAPI supplied "mixins.eaglemixins.nuclearcraft.json" for late mixin enqueue, adding.
[08:54:34] [main/INFO] [FermiumRegistryAPI]: FermiumRegistryAPI supplied "mixins.eaglemixins.rlartifacts.json" for late mixin enqueue, adding.
[08:54:34] [main/INFO] [FermiumRegistryAPI]: FermiumRegistryAPI supplied "mixins.eaglemixins.srparasites.json" for late mixin enqueue, adding.
[08:54:34] [main/INFO] [FermiumRegistryAPI]: FermiumRegistryAPI supplied "mixins.eaglemixins.fishsundeadrising.json" for late mixin enqueue, adding.
[08:54:34] [main/INFO] [FermiumRegistryAPI]: FermiumRegistryAPI supplied "mixins.eaglemixins.loadingscreens.json" for late mixin enqueue, adding.
[08:54:34] [main/INFO] [FermiumRegistryAPI]: FermiumRegistryAPI supplied "mixins.eaglemixins.bettersurvival.json" for late mixin enqueue, adding.
[08:54:34] [main/INFO] [FermiumRegistryAPI]: FermiumRegistryAPI supplied "mixins.eaglemixins.somanyenchantments.json" for late mixin enqueue, adding.
[08:54:34] [main/INFO] [FermiumRegistryAPI]: FermiumRegistryAPI supplied "mixins.eaglemixins.cookingforblockheads.json" for late mixin enqueue, adding.
[08:54:34] [main/INFO] [FermiumRegistryAPI]: FermiumRegistryAPI supplied "mixins.eaglemixins.playerbosses.json" for late mixin enqueue, adding.
[08:54:34] [main/INFO] [FermiumRegistryAPI]: FermiumRegistryAPI supplied "mixins.eaglemixins.dregorarl.json" for late mixin enqueue, adding.
[08:54:34] [main/INFO] [FermiumRegistryAPI]: FermiumRegistryAPI supplied "mixins.eaglemixins.otg.json" for late mixin enqueue, adding.
[08:54:34] [main/INFO] [FermiumRegistryAPI]: FermiumRegistryAPI supplied "mixins.eaglemixins.vc.json" for late mixin enqueue, adding.
[08:54:34] [main/INFO] [FermiumRegistryAPI]: FermiumRegistryAPI supplied "mixins.eaglemixins.xat.json" for late mixin enqueue, adding.
[08:54:34] [main/INFO] [FermiumRegistryAPI]: FermiumRegistryAPI supplied "mixins.eaglemixins.furold.json" for late mixin enqueue, adding.
[08:54:34] [main/DEBUG] [FML]: Enqueued coremod EagleMixinsPlugin
[08:54:34] [main/DEBUG] [mixin]: MixinPlatformAgentFMLLegacy accepted container ContainerHandleURI(file:/home/Minecraft/rlcraft-server/./mods/EagleMixins-1.1.7.jar)
[08:54:34] [main/DEBUG] [mixin]: Instancing new MixinPlatformAgentLiteLoaderLegacy for ContainerHandleURI(file:/home/Minecraft/rlcraft-server/./mods/EagleMixins-1.1.7.jar)
[08:54:34] [main/DEBUG] [mixin]: MixinPlatformAgentLiteLoaderLegacy rejected container ContainerHandleURI(file:/home/Minecraft/rlcraft-server/./mods/EagleMixins-1.1.7.jar)
[08:54:34] [main/DEBUG] [mixin]: Instancing new MixinPlatformAgentDefault for ContainerHandleURI(file:/home/Minecraft/rlcraft-server/./mods/EagleMixins-1.1.7.jar)
[08:54:34] [main/DEBUG] [mixin]: MixinPlatformAgentDefault accepted container ContainerHandleURI(file:/home/Minecraft/rlcraft-server/./mods/EagleMixins-1.1.7.jar)
[08:54:34] [main/DEBUG] [mixin]: Adding agents for Mixin Container ContainerHandleURI(file:/home/Minecraft/rlcraft-server/./mods/EditableEdibles-1.3.3.jar)
[08:54:34] [main/DEBUG] [mixin]: Adding mixin platform agents for container ContainerHandleURI(file:/home/Minecraft/rlcraft-server/./mods/EditableEdibles-1.3.3.jar)
[08:54:34] [main/DEBUG] [mixin]: Instancing new MixinPlatformAgentFMLLegacy for ContainerHandleURI(file:/home/Minecraft/rlcraft-server/./mods/EditableEdibles-1.3.3.jar)
[08:54:34] [main/DEBUG] [mixin]: ForceLoadAsMod was specified for EditableEdibles-1.3.3.jar, attempting force-load
[08:54:34] [main/DEBUG] [mixin]: Adding EditableEdibles-1.3.3.jar to reparseable coremod collection
[08:54:34] [main/DEBUG] [mixin]: EditableEdibles-1.3.3.jar has core plugin editableedibles.EditableEdiblesPlugin. Injecting it into FML for co-initialisation:
[08:54:34] [main/DEBUG] [FML]: Instantiating coremod class EditableEdiblesPlugin
[08:54:34] [main/DEBUG] [FML]: The coremod editableedibles.EditableEdiblesPlugin requested minecraft version 1.12.2 and minecraft is 1.12.2. It will be loaded.
[08:54:34] [main/WARN] [FML]: The coremod EditableEdiblesPlugin (editableedibles.EditableEdiblesPlugin) is not signed!
[08:54:34] [main/INFO] [FermiumRegistryAPI]: FermiumRegistryAPI supplied "mixins.editableedibles.vanilla.json" for early mixin enqueue, adding.
[08:54:34] [main/DEBUG] [mixin]: Checking for additional mixins for MixinEnvironment[PREINIT]
[08:54:34] [main/INFO] [FermiumRegistryAPI]: FermiumRegistryAPI supplied "mixins.editableedibles.foodexpansion.json" for late mixin enqueue, adding.
[08:54:34] [main/DEBUG] [FML]: Enqueued coremod EditableEdiblesPlugin
[08:54:34] [main/DEBUG] [mixin]: MixinPlatformAgentFMLLegacy accepted container ContainerHandleURI(file:/home/Minecraft/rlcraft-server/./mods/EditableEdibles-1.3.3.jar)
[08:54:34] [main/DEBUG] [mixin]: Instancing new MixinPlatformAgentLiteLoaderLegacy for ContainerHandleURI(file:/home/Minecraft/rlcraft-server/./mods/EditableEdibles-1.3.3.jar)
[08:54:34] [main/DEBUG] [mixin]: MixinPlatformAgentLiteLoaderLegacy rejected container ContainerHandleURI(file:/home/Minecraft/rlcraft-server/./mods/EditableEdibles-1.3.3.jar)
[08:54:34] [main/DEBUG] [mixin]: Instancing new MixinPlatformAgentDefault for ContainerHandleURI(file:/home/Minecraft/rlcraft-server/./mods/EditableEdibles-1.3.3.jar)
[08:54:34] [main/DEBUG] [mixin]: MixinPlatformAgentDefault accepted container ContainerHandleURI(file:/home/Minecraft/rlcraft-server/./mods/EditableEdibles-1.3.3.jar)
[08:54:34] [main/DEBUG] [mixin]: Adding agents for Mixin Container ContainerHandleURI(file:/home/Minecraft/rlcraft-server/./mods/fancymenu_forge_2.14.9_MC_1.12-1.12.2.jar)
[08:54:34] [main/DEBUG] [mixin]: Adding mixin platform agents for container ContainerHandleURI(file:/home/Minecraft/rlcraft-server/./mods/fancymenu_forge_2.14.9_MC_1.12-1.12.2.jar)
[08:54:34] [main/DEBUG] [mixin]: Instancing new MixinPlatformAgentFMLLegacy for ContainerHandleURI(file:/home/Minecraft/rlcraft-server/./mods/fancymenu_forge_2.14.9_MC_1.12-1.12.2.jar)
[08:54:34] [main/DEBUG] [mixin]: ForceLoadAsMod was specified for fancymenu_forge_2.14.9_MC_1.12-1.12.2.jar, attempting force-load
[08:54:34] [main/DEBUG] [mixin]: Adding fancymenu_forge_2.14.9_MC_1.12-1.12.2.jar to reparseable coremod collection
[08:54:34] [main/DEBUG] [mixin]: fancymenu_forge_2.14.9_MC_1.12-1.12.2.jar has core plugin de.keksuccino.fancymenu.core.FMCore. Injecting it into FML for co-initialisation:
[08:54:34] [main/DEBUG] [FML]: Instantiating coremod class FMCore
[08:54:34] [main/WARN] [FML]: The coremod de.keksuccino.fancymenu.core.FMCore does not have a MCVersion annotation, it may cause issues with this version of Minecraft
[08:54:34] [main/WARN] [FML]: The coremod FMCore (de.keksuccino.fancymenu.core.FMCore) is not signed!
[08:54:34] [main/DEBUG] [FML]: Enqueued coremod FMCore
[08:54:34] [main/DEBUG] [mixin]: MixinPlatformAgentFMLLegacy accepted container ContainerHandleURI(file:/home/Minecraft/rlcraft-server/./mods/fancymenu_forge_2.14.9_MC_1.12-1.12.2.jar)
[08:54:34] [main/DEBUG] [mixin]: Instancing new MixinPlatformAgentLiteLoaderLegacy for ContainerHandleURI(file:/home/Minecraft/rlcraft-server/./mods/fancymenu_forge_2.14.9_MC_1.12-1.12.2.jar)
[08:54:34] [main/DEBUG] [mixin]: MixinPlatformAgentLiteLoaderLegacy rejected container ContainerHandleURI(file:/home/Minecraft/rlcraft-server/./mods/fancymenu_forge_2.14.9_MC_1.12-1.12.2.jar)
[08:54:34] [main/DEBUG] [mixin]: Instancing new MixinPlatformAgentDefault for ContainerHandleURI(file:/home/Minecraft/rlcraft-server/./mods/fancymenu_forge_2.14.9_MC_1.12-1.12.2.jar)
[08:54:34] [main/DEBUG] [mixin]: MixinPlatformAgentDefault accepted container ContainerHandleURI(file:/home/Minecraft/rlcraft-server/./mods/fancymenu_forge_2.14.9_MC_1.12-1.12.2.jar)
[08:54:34] [main/DEBUG] [mixin]: Adding agents for Mixin Container ContainerHandleURI(file:/home/Minecraft/rlcraft-server/./mods/FermiumMixins-1.0.9.jar)
[08:54:34] [main/DEBUG] [mixin]: Adding mixin platform agents for container ContainerHandleURI(file:/home/Minecraft/rlcraft-server/./mods/FermiumMixins-1.0.9.jar)
[08:54:34] [main/DEBUG] [mixin]: Instancing new MixinPlatformAgentFMLLegacy for ContainerHandleURI(file:/home/Minecraft/rlcraft-server/./mods/FermiumMixins-1.0.9.jar)
[08:54:34] [main/DEBUG] [mixin]: ForceLoadAsMod was specified for FermiumMixins-1.0.9.jar, attempting force-load
[08:54:34] [main/DEBUG] [mixin]: Adding FermiumMixins-1.0.9.jar to reparseable coremod collection
[08:54:34] [main/DEBUG] [mixin]: FermiumMixins-1.0.9.jar has core plugin fermiummixins.FermiumMixinsPlugin. Injecting it into FML for co-initialisation:
[08:54:34] [main/DEBUG] [FML]: Instantiating coremod class FermiumMixinsPlugin
[08:54:34] [main/TRACE] [FML]: coremod named FermiumMixins is loading
[08:54:34] [main/DEBUG] [FML]: The coremod fermiummixins.FermiumMixinsPlugin requested minecraft version 1.12.2 and minecraft is 1.12.2. It will be loaded.
[08:54:34] [main/WARN] [FML]: The coremod FermiumMixins (fermiummixins.FermiumMixinsPlugin) is not signed!
[08:54:34] [main/DEBUG] [FML]: Enqueued coremod FermiumMixins
[08:54:34] [main/DEBUG] [mixin]: MixinPlatformAgentFMLLegacy accepted container ContainerHandleURI(file:/home/Minecraft/rlcraft-server/./mods/FermiumMixins-1.0.9.jar)
[08:54:34] [main/DEBUG] [mixin]: Instancing new MixinPlatformAgentLiteLoaderLegacy for ContainerHandleURI(file:/home/Minecraft/rlcraft-server/./mods/FermiumMixins-1.0.9.jar)
[08:54:34] [main/DEBUG] [mixin]: MixinPlatformAgentLiteLoaderLegacy rejected container ContainerHandleURI(file:/home/Minecraft/rlcraft-server/./mods/FermiumMixins-1.0.9.jar)
[08:54:34] [main/DEBUG] [mixin]: Instancing new MixinPlatformAgentDefault for ContainerHandleURI(file:/home/Minecraft/rlcraft-server/./mods/FermiumMixins-1.0.9.jar)
[08:54:34] [main/DEBUG] [mixin]: MixinPlatformAgentDefault accepted container ContainerHandleURI(file:/home/Minecraft/rlcraft-server/./mods/FermiumMixins-1.0.9.jar)
[08:54:34] [main/DEBUG] [mixin]: Adding agents for Mixin Container ContainerHandleURI(file:/home/Minecraft/rlcraft-server/./mods/framevoidpatch-1.0.0.jar)
[08:54:34] [main/DEBUG] [mixin]: Adding mixin platform agents for container ContainerHandleURI(file:/home/Minecraft/rlcraft-server/./mods/framevoidpatch-1.0.0.jar)
[08:54:34] [main/DEBUG] [mixin]: Instancing new MixinPlatformAgentFMLLegacy for ContainerHandleURI(file:/home/Minecraft/rlcraft-server/./mods/framevoidpatch-1.0.0.jar)
[08:54:34] [main/DEBUG] [mixin]: ForceLoadAsMod was specified for framevoidpatch-1.0.0.jar, attempting force-load
[08:54:34] [main/DEBUG] [mixin]: Adding framevoidpatch-1.0.0.jar to reparseable coremod collection
[08:54:34] [main/DEBUG] [mixin]: framevoidpatch-1.0.0.jar has core plugin framevoidpatch.mixin.MixinLoader. Injecting it into FML for co-initialisation:
[08:54:34] [main/DEBUG] [FML]: Instantiating coremod class MixinLoader
[08:54:34] [main/DEBUG] [FML]: The coremod framevoidpatch.mixin.MixinLoader requested minecraft version 1.12.2 and minecraft is 1.12.2. It will be loaded.
[08:54:34] [main/WARN] [FML]: The coremod MixinLoader (framevoidpatch.mixin.MixinLoader) is not signed!
[08:54:34] [main/DEBUG] [FML]: Enqueued coremod MixinLoader
[08:54:34] [main/DEBUG] [mixin]: MixinPlatformAgentFMLLegacy accepted container ContainerHandleURI(file:/home/Minecraft/rlcraft-server/./mods/framevoidpatch-1.0.0.jar)
[08:54:34] [main/DEBUG] [mixin]: Instancing new MixinPlatformAgentLiteLoaderLegacy for ContainerHandleURI(file:/home/Minecraft/rlcraft-server/./mods/framevoidpatch-1.0.0.jar)
[08:54:34] [main/DEBUG] [mixin]: MixinPlatformAgentLiteLoaderLegacy rejected container ContainerHandleURI(file:/home/Minecraft/rlcraft-server/./mods/framevoidpatch-1.0.0.jar)
[08:54:34] [main/DEBUG] [mixin]: Instancing new MixinPlatformAgentDefault for ContainerHandleURI(file:/home/Minecraft/rlcraft-server/./mods/framevoidpatch-1.0.0.jar)
[08:54:34] [main/DEBUG] [mixin]: MixinPlatformAgentDefault accepted container ContainerHandleURI(file:/home/Minecraft/rlcraft-server/./mods/framevoidpatch-1.0.0.jar)
[08:54:34] [main/DEBUG] [mixin]: Adding agents for Mixin Container ContainerHandleURI(file:/home/Minecraft/rlcraft-server/./mods/FurnaceXPStorage-1.1.4.jar)
[08:54:34] [main/DEBUG] [mixin]: Adding mixin platform agents for container ContainerHandleURI(file:/home/Minecraft/rlcraft-server/./mods/FurnaceXPStorage-1.1.4.jar)
[08:54:34] [main/DEBUG] [mixin]: Instancing new MixinPlatformAgentFMLLegacy for ContainerHandleURI(file:/home/Minecraft/rlcraft-server/./mods/FurnaceXPStorage-1.1.4.jar)
[08:54:34] [main/DEBUG] [mixin]: ForceLoadAsMod was specified for FurnaceXPStorage-1.1.4.jar, attempting force-load
[08:54:34] [main/DEBUG] [mixin]: Adding FurnaceXPStorage-1.1.4.jar to reparseable coremod collection
[08:54:34] [main/DEBUG] [mixin]: FurnaceXPStorage-1.1.4.jar has core plugin furnacexpstorage.FurnaceXPStoragePlugin. Injecting it into FML for co-initialisation:
[08:54:34] [main/DEBUG] [FML]: Instantiating coremod class FurnaceXPStoragePlugin
[08:54:34] [main/DEBUG] [FML]: The coremod furnacexpstorage.FurnaceXPStoragePlugin requested minecraft version 1.12.2 and minecraft is 1.12.2. It will be loaded.
[08:54:34] [main/WARN] [FML]: The coremod FurnaceXPStoragePlugin (furnacexpstorage.FurnaceXPStoragePlugin) is not signed!
[08:54:34] [main/INFO] [FermiumRegistryAPI]: FermiumRegistryAPI supplied "mixins.furnacexpstorage.json" for early mixin enqueue, adding.
[08:54:34] [main/INFO] [FermiumRegistryAPI]: FermiumRegistryAPI supplied "mixins.furnacexpstorage.nethercraft.json" for late mixin enqueue, adding.
[08:54:34] [main/INFO] [FermiumRegistryAPI]: FermiumRegistryAPI supplied "mixins.furnacexpstorage.betternether.json" for late mixin enqueue, adding.
[08:54:34] [main/INFO] [FermiumRegistryAPI]: FermiumRegistryAPI supplied "mixins.furnacexpstorage.crafttweaker.json" for late mixin enqueue, adding.
[08:54:34] [main/INFO] [FermiumRegistryAPI]: FermiumRegistryAPI supplied "mixins.furnacexpstorage.jei.json" for late mixin enqueue, adding.
[08:54:34] [main/INFO] [FermiumRegistryAPI]: FermiumRegistryAPI supplied "mixins.furnacexpstorage.hei.json" for late mixin enqueue, adding.
[08:54:34] [main/DEBUG] [FML]: Enqueued coremod FurnaceXPStoragePlugin
[08:54:34] [main/DEBUG] [mixin]: MixinPlatformAgentFMLLegacy accepted container ContainerHandleURI(file:/home/Minecraft/rlcraft-server/./mods/FurnaceXPStorage-1.1.4.jar)
[08:54:34] [main/DEBUG] [mixin]: Instancing new MixinPlatformAgentLiteLoaderLegacy for ContainerHandleURI(file:/home/Minecraft/rlcraft-server/./mods/FurnaceXPStorage-1.1.4.jar)
[08:54:34] [main/DEBUG] [mixin]: MixinPlatformAgentLiteLoaderLegacy rejected container ContainerHandleURI(file:/home/Minecraft/rlcraft-server/./mods/FurnaceXPStorage-1.1.4.jar)
[08:54:34] [main/DEBUG] [mixin]: Instancing new MixinPlatformAgentDefault for ContainerHandleURI(file:/home/Minecraft/rlcraft-server/./mods/FurnaceXPStorage-1.1.4.jar)
[08:54:34] [main/DEBUG] [mixin]: MixinPlatformAgentDefault accepted container ContainerHandleURI(file:/home/Minecraft/rlcraft-server/./mods/FurnaceXPStorage-1.1.4.jar)
[08:54:34] [main/DEBUG] [mixin]: Adding agents for Mixin Container ContainerHandleURI(file:/home/Minecraft/rlcraft-server/./mods/konkrete_forge_1.6.1_MC_1.12-1.12.2.jar)
[08:54:34] [main/DEBUG] [mixin]: Adding mixin platform agents for container ContainerHandleURI(file:/home/Minecraft/rlcraft-server/./mods/konkrete_forge_1.6.1_MC_1.12-1.12.2.jar)
[08:54:34] [main/DEBUG] [mixin]: Instancing new MixinPlatformAgentFMLLegacy for ContainerHandleURI(file:/home/Minecraft/rlcraft-server/./mods/konkrete_forge_1.6.1_MC_1.12-1.12.2.jar)
[08:54:34] [main/DEBUG] [mixin]: ForceLoadAsMod was specified for konkrete_forge_1.6.1_MC_1.12-1.12.2.jar, attempting force-load
[08:54:34] [main/DEBUG] [mixin]: Adding konkrete_forge_1.6.1_MC_1.12-1.12.2.jar to reparseable coremod collection
[08:54:34] [main/DEBUG] [mixin]: konkrete_forge_1.6.1_MC_1.12-1.12.2.jar has core plugin de.keksuccino.konkrete.core.KonkreteCore. Injecting it into FML for co-initialisation:
[08:54:34] [main/DEBUG] [FML]: Instantiating coremod class KonkreteCore
[08:54:34] [main/WARN] [FML]: The coremod de.keksuccino.konkrete.core.KonkreteCore does not have a MCVersion annotation, it may cause issues with this version of Minecraft
[08:54:34] [main/WARN] [FML]: The coremod KonkreteCore (de.keksuccino.konkrete.core.KonkreteCore) is not signed!
[08:54:34] [main/INFO] [de.keksuccino.konkrete.core.KonkreteCore]: [KONKRETE] LOADING CORE PLUGIN!
[08:54:34] [main/DEBUG] [mixin]: Checking for additional mixins for MixinEnvironment[PREINIT]
[08:54:34] [main/INFO] [STDOUT]: [de.keksuccino.konkrete.core.MixinConfigLoader:loadConfigs:29]: [KONKRETE] Loading Mixin Config: fancymenu.general.mixin.json
[08:54:34] [main/DEBUG] [FML]: Enqueued coremod KonkreteCore
[08:54:34] [main/DEBUG] [mixin]: MixinPlatformAgentFMLLegacy accepted container ContainerHandleURI(file:/home/Minecraft/rlcraft-server/./mods/konkrete_forge_1.6.1_MC_1.12-1.12.2.jar)
[08:54:34] [main/DEBUG] [mixin]: Instancing new MixinPlatformAgentLiteLoaderLegacy for ContainerHandleURI(file:/home/Minecraft/rlcraft-server/./mods/konkrete_forge_1.6.1_MC_1.12-1.12.2.jar)
[08:54:34] [main/DEBUG] [mixin]: MixinPlatformAgentLiteLoaderLegacy rejected container ContainerHandleURI(file:/home/Minecraft/rlcraft-server/./mods/konkrete_forge_1.6.1_MC_1.12-1.12.2.jar)
[08:54:34] [main/DEBUG] [mixin]: Instancing new MixinPlatformAgentDefault for ContainerHandleURI(file:/home/Minecraft/rlcraft-server/./mods/konkrete_forge_1.6.1_MC_1.12-1.12.2.jar)
[08:54:34] [main/DEBUG] [mixin]: MixinPlatformAgentDefault accepted container ContainerHandleURI(file:/home/Minecraft/rlcraft-server/./mods/konkrete_forge_1.6.1_MC_1.12-1.12.2.jar)
[08:54:34] [main/DEBUG] [mixin]: Adding agents for Mixin Container ContainerHandleURI(file:/home/Minecraft/rlcraft-server/./mods/Localizator-1.12.2-1.0.14.jar)
[08:54:34] [main/DEBUG] [mixin]: Adding mixin platform agents for container ContainerHandleURI(file:/home/Minecraft/rlcraft-server/./mods/Localizator-1.12.2-1.0.14.jar)
[08:54:34] [main/DEBUG] [mixin]: Instancing new MixinPlatformAgentFMLLegacy for ContainerHandleURI(file:/home/Minecraft/rlcraft-server/./mods/Localizator-1.12.2-1.0.14.jar)
[08:54:34] [main/DEBUG] [mixin]: ForceLoadAsMod was specified for Localizator-1.12.2-1.0.14.jar, attempting force-load
[08:54:34] [main/DEBUG] [mixin]: Adding Localizator-1.12.2-1.0.14.jar to reparseable coremod collection
[08:54:34] [main/DEBUG] [mixin]: Localizator-1.12.2-1.0.14.jar has core plugin kameib.localizator.LocalizatorPlugin. Injecting it into FML for co-initialisation:
[08:54:34] [main/DEBUG] [FML]: Instantiating coremod class LocalizatorPlugin
[08:54:34] [main/DEBUG] [mixin]: Checking for additional mixins for MixinEnvironment[PREINIT]
[08:54:35] [main/DEBUG] [FML]: The coremod kameib.localizator.LocalizatorPlugin requested minecraft version 1.12.2 and minecraft is 1.12.2. It will be loaded.
[08:54:35] [main/WARN] [FML]: The coremod LocalizatorPlugin (kameib.localizator.LocalizatorPlugin) is not signed!
[08:54:35] [main/INFO] [kameib.localizator.Localizator]: [Localizator] Early Enqueue Start!
[08:54:35] [main/INFO] [kameib.localizator.Localizator]: [Localizator] Early Enqueue: (Minecraft) Mob Custom Names Mixin
[08:54:35] [main/INFO] [FermiumRegistryAPI]: FermiumRegistryAPI supplied "mixins.localizator.core.entityname.json" for early mixin enqueue, adding.
[08:54:35] [main/INFO] [kameib.localizator.Localizator]: [Localizator] Early Enqueue: (Minecraft) Boss Custom Names Mixin
[08:54:35] [main/INFO] [FermiumRegistryAPI]: FermiumRegistryAPI supplied "mixins.localizator.core.bossoverlay.json" for early mixin enqueue, adding.
[08:54:35] [main/INFO] [kameib.localizator.Localizator]: [Localizator] Early Enqueue: (Minecraft) Localized Lore Mixin
[08:54:35] [main/INFO] [FermiumRegistryAPI]: FermiumRegistryAPI supplied "mixins.localizator.core.loclore.json" for early mixin enqueue, adding.
[08:54:35] [main/INFO] [kameib.localizator.Localizator]: [Localizator] Early Enqueue: (Minecraft) Localized Written Book Mixin
[08:54:35] [main/INFO] [FermiumRegistryAPI]: FermiumRegistryAPI supplied "mixins.localizator.core.writtenbooks.json" for early mixin enqueue, adding.
[08:54:35] [main/INFO] [kameib.localizator.Localizator]: [Localizator] Early Enqueue: (Minecraft) Better Localized Name Mixin
[08:54:35] [main/INFO] [FermiumRegistryAPI]: FermiumRegistryAPI supplied "mixins.localizator.core.locname.json" for early mixin enqueue, adding.
[08:54:35] [main/INFO] [kameib.localizator.Localizator]: [Localizator] Early Enqueue: (Minecraft) Localized Writable Book Mixin
[08:54:35] [main/INFO] [FermiumRegistryAPI]: FermiumRegistryAPI supplied "mixins.localizator.core.writablebooks.json" for early mixin enqueue, adding.
[08:54:35] [main/INFO] [kameib.localizator.Localizator]: [Localizator] Early Enqueue: (Minecraft) Localized Container Name Mixin
[08:54:35] [main/INFO] [FermiumRegistryAPI]: FermiumRegistryAPI supplied "mixins.localizator.core.containername.json" for early mixin enqueue, adding.
[08:54:35] [main/INFO] [kameib.localizator.Localizator]: [Localizator] Early Enqueue: (Minecraft) Item Names on Kill Command Mixin
[08:54:35] [main/INFO] [FermiumRegistryAPI]: FermiumRegistryAPI supplied "mixins.localizator.core.itementitykill.json" for early mixin enqueue, adding.
[08:54:35] [main/INFO] [kameib.localizator.Localizator]: [Localizator] Early Enqueue: (Minecraft) Prevent Novelties Placement Mixin
[08:54:35] [main/INFO] [FermiumRegistryAPI]: FermiumRegistryAPI supplied "mixins.localizator.core.noveltyplacement.json" for early mixin enqueue, adding.
[08:54:35] [main/INFO] [kameib.localizator.Localizator]: [Localizator] Early Enqueue: (Minecraft) Entity.isInWeb Accessor for BountifulBaubles Mixins
[08:54:35] [main/INFO] [FermiumRegistryAPI]: FermiumRegistryAPI supplied "mixins.localizator.core.entityaccessor.json" for early mixin enqueue, adding.
[08:54:35] [main/INFO] [kameib.localizator.Localizator]: [Localizator] Late Enqueue Start!
[08:54:35] [main/INFO] [kameib.localizator.Localizator]: [Localizator] Late Enqueue: (LevelUp2) Localized Keybinds Mixin
[08:54:35] [main/INFO] [FermiumRegistryAPI]: FermiumRegistryAPI supplied "mixins.localizator.levelup2.keybinds.json" for late mixin enqueue, adding.
[08:54:35] [main/INFO] [kameib.localizator.Localizator]: [Localizator] Late Enqueue: (DSHUDs) Localized Biome Name Mixin
[08:54:35] [main/INFO] [FermiumRegistryAPI]: FermiumRegistryAPI supplied "mixins.localizator.dshuds.biomename.json" for late mixin enqueue, adding.
[08:54:35] [main/INFO] [kameib.localizator.Localizator]: [Localizator] Late Enqueue: (RoughTweaks) Localized Names and Better Tooltip Mixin
[08:54:35] [main/INFO] [FermiumRegistryAPI]: FermiumRegistryAPI supplied "mixins.localizator.roughtweaks.langkeys.json" for late mixin enqueue, adding.
[08:54:35] [main/INFO] [kameib.localizator.Localizator]: [Localizator] Late Enqueue: (BountifulBaubles) Tooltip fixes Mixin
[08:54:35] [main/INFO] [FermiumRegistryAPI]: FermiumRegistryAPI supplied "mixins.localizator.bountifulbaubles.tooltips.json" for late mixin enqueue, adding.
[08:54:35] [main/INFO] [kameib.localizator.Localizator]: [Localizator] Late Enqueue: (BountifulBaubles) Ankh Charm Web Immune Mixin
[08:54:35] [main/INFO] [FermiumRegistryAPI]: FermiumRegistryAPI supplied "mixins.localizator.bountifulbaubles.ankhcharmcobweb.json" for late mixin enqueue, adding.
[08:54:35] [main/INFO] [kameib.localizator.Localizator]: [Localizator] Late Enqueue: (BountifulBaubles) Ankh Shield Web Immune Mixin
[08:54:35] [main/INFO] [FermiumRegistryAPI]: FermiumRegistryAPI supplied "mixins.localizator.bountifulbaubles.ankhshieldcobweb.json" for late mixin enqueue, adding.
[08:54:35] [main/INFO] [kameib.localizator.Localizator]: [Localizator] Late Enqueue: (BountifulBaubles) Localized Wormhole Messages Mixin
[08:54:35] [main/INFO] [FermiumRegistryAPI]: FermiumRegistryAPI supplied "mixins.localizator.bountifulbaubles.wormholemessages.json" for late mixin enqueue, adding.
[08:54:35] [main/INFO] [kameib.localizator.Localizator]: [Localizator] Late Enqueue: (FishingMadeBetter) Localized Fishes Mixin
[08:54:35] [main/INFO] [FermiumRegistryAPI]: FermiumRegistryAPI supplied "mixins.localizator.fmb.fishes.etc.json" for late mixin enqueue, adding.
[08:54:35] [main/INFO] [kameib.localizator.Localizator]: [Localizator] Late Enqueue: (FishingMadeBetter) Instructions on Minigame Mixin
[08:54:35] [main/INFO] [FermiumRegistryAPI]: FermiumRegistryAPI supplied "mixins.localizator.fmb.minigame.json" for late mixin enqueue, adding.
[08:54:35] [main/INFO] [kameib.localizator.Localizator]: [Localizator] Late Enqueue: (BattleTowers) Golem Defeated Message Mixin
[08:54:35] [main/INFO] [FermiumRegistryAPI]: FermiumRegistryAPI supplied "mixins.localizator.battletowers.messages.json" for late mixin enqueue, adding.
[08:54:35] [main/INFO] [kameib.localizator.Localizator]: [Localizator] Late Enqueue: (RecComplex) Artifact Names Mixin
[08:54:35] [main/INFO] [FermiumRegistryAPI]: FermiumRegistryAPI supplied "mixins.localizator.reccomplex.artifacts.json" for late mixin enqueue, adding.
[08:54:35] [main/INFO] [kameib.localizator.Localizator]: [Localizator] Late Enqueue: (Callable Horses) Horse Messages Mixin
[08:54:35] [main/INFO] [FermiumRegistryAPI]: FermiumRegistryAPI supplied "mixins.localizator.callablehorses.messages.json" for late mixin enqueue, adding.
[08:54:35] [main/INFO] [kameib.localizator.Localizator]: [Localizator] Late Enqueue: (CorpseComplex) Grave Scroll Description Mixin
[08:54:35] [main/INFO] [FermiumRegistryAPI]: FermiumRegistryAPI supplied "mixins.localizator.corpsecomplex.scroll.json" for late mixin enqueue, adding.
[08:54:35] [main/INFO] [kameib.localizator.Localizator]: [Localizator] Late Enqueue: (ArmorUnder) Ozzy Liner text Mixin
[08:54:35] [main/INFO] [FermiumRegistryAPI]: FermiumRegistryAPI supplied "mixins.localizator.armorunder.ozzyliner.json" for late mixin enqueue, adding.
[08:54:35] [main/INFO] [kameib.localizator.Localizator]: [Localizator] Late Enqueue: (Lycanites) Client-side Translated Messages Mixin
[08:54:35] [main/INFO] [FermiumRegistryAPI]: FermiumRegistryAPI supplied "mixins.localizator.lycanites.messages.json" for late mixin enqueue, adding.
[08:54:35] [main/INFO] [kameib.localizator.Localizator]: [Localizator] Late Enqueue: (BetterSurvival) Potion-Imbued Weapons Tooltip Mixin
[08:54:35] [main/INFO] [FermiumRegistryAPI]: FermiumRegistryAPI supplied "mixins.localizator.bettersurvival.tooltip.json" for late mixin enqueue, adding.
[08:54:35] [main/INFO] [kameib.localizator.Localizator]: [Localizator] Late Enqueue: (Neat) Health Bar Mixin
[08:54:35] [main/INFO] [FermiumRegistryAPI]: FermiumRegistryAPI supplied "mixins.localizator.neat.healthbar.json" for late mixin enqueue, adding.
[08:54:35] [main/INFO] [kameib.localizator.Localizator]: [Localizator] Late Enqueue: (EnhancedVisuals) Localized Death Message Mixin
[08:54:35] [main/INFO] [FermiumRegistryAPI]: FermiumRegistryAPI supplied "mixins.localizator.enhancedvisuals.deathmessage.json" for late mixin enqueue, adding.
[08:54:35] [main/INFO] [kameib.localizator.Localizator]: [Localizator] Late Enqueue: (ForgottenItems) Tooltips Mixin
[08:54:35] [main/INFO] [FermiumRegistryAPI]: FermiumRegistryAPI supplied "mixins.localizator.forgottenitems.descriptions.json" for late mixin enqueue, adding.
[08:54:35] [main/INFO] [kameib.localizator.Localizator]: [Localizator] Late Enqueue: (DynaOres) Correctly Localized Ore Names
[08:54:35] [main/INFO] [FermiumRegistryAPI]: FermiumRegistryAPI supplied "mixins.localizator.dynaores.orenames.json" for late mixin enqueue, adding.
[08:54:35] [main/INFO] [kameib.localizator.Localizator]: [Localizator] Late Enqueue: (SereneSeasons) Localized Crop Fertility Tooltip Mixin
[08:54:35] [main/INFO] [FermiumRegistryAPI]: FermiumRegistryAPI supplied "mixins.localizator.sereneseasons.tooltip.json" for late mixin enqueue, adding.
[08:54:35] [main/INFO] [kameib.localizator.Localizator]: [Localizator] Late Enqueue: (FML) Localized Mod List GUI Mixin
[08:54:35] [main/INFO] [FermiumRegistryAPI]: FermiumRegistryAPI supplied "mixins.localizator.forge.modlist.json" for late mixin enqueue, adding.
[08:54:35] [main/INFO] [kameib.localizator.Localizator]: [Localizator] Late Enqueue: (SRParasites) Armor Tooltips Mixin
[08:54:35] [main/INFO] [FermiumRegistryAPI]: FermiumRegistryAPI supplied "mixins.localizator.srparasites.armortooltip.json" for late mixin enqueue, adding.
[08:54:35] [main/INFO] [kameib.localizator.Localizator]: [Localizator] Late Enqueue: (SRParasites) Localized Messages Mixin
[08:54:35] [main/INFO] [FermiumRegistryAPI]: FermiumRegistryAPI supplied "mixins.localizator.srparasites.messages.json" for late mixin enqueue, adding.
[08:54:35] [main/INFO] [kameib.localizator.Localizator]: [Localizator] Late Enqueue: (SpartanWeaponry) Localized Material Bonus Tooltip Mixin
[08:54:35] [main/INFO] [FermiumRegistryAPI]: FermiumRegistryAPI supplied "mixins.localizator.spartanweaponry.tooltip.json" for late mixin enqueue, adding.
[08:54:35] [main/INFO] [kameib.localizator.Localizator]: [Localizator] Late Enqueue: (T&B) Localized Ender Queen messages Mixin
[08:54:35] [main/INFO] [FermiumRegistryAPI]: FermiumRegistryAPI supplied "mixins.localizator.xat.messages.json" for late mixin enqueue, adding.
[08:54:35] [main/INFO] [kameib.localizator.Localizator]: [Localizator] Late Enqueue: (T&B) Localized Armor Weight Tooltip Mixin
[08:54:35] [main/INFO] [FermiumRegistryAPI]: FermiumRegistryAPI supplied "mixins.localizator.xat.weighttooltip.json" for late mixin enqueue, adding.
[08:54:35] [main/INFO] [kameib.localizator.Localizator]: [Localizator] Late Enqueue: (Morpheus) Localized Messages Mixin
[08:54:35] [main/INFO] [FermiumRegistryAPI]: FermiumRegistryAPI supplied "mixins.localizator.morpheus.messages.json" for late mixin enqueue, adding.
[08:54:35] [main/INFO] [kameib.localizator.Localizator]: [Localizator] Late Enqueue: (WAILA) Entity Name Mixin
[08:54:35] [main/INFO] [FermiumRegistryAPI]: FermiumRegistryAPI supplied "mixins.localizator.waila.entityname.json" for late mixin enqueue, adding.
[08:54:35] [main/INFO] [kameib.localizator.Localizator]: [Localizator] Late Enqueue: (ItemPhysic) Power: Status Message Mixin
[08:54:35] [main/INFO] [FermiumRegistryAPI]: FermiumRegistryAPI supplied "mixins.localizator.itemphysic.message.json" for late mixin enqueue, adding.
[08:54:35] [main/INFO] [kameib.localizator.Localizator]: [Localizator] Late Enqueue: (ItemPhysic) ERRORED patch Mixin
[08:54:35] [main/INFO] [FermiumRegistryAPI]: FermiumRegistryAPI supplied "mixins.localizator.itemphysic.erroredpatch.json" for late mixin enqueue, adding.
[08:54:35] [main/INFO] [kameib.localizator.Localizator]: [Localizator] Late Enqueue: (ItemPhysic) Reverse Description Mixin
[08:54:35] [main/INFO] [FermiumRegistryAPI]: FermiumRegistryAPI supplied "mixins.localizator.itemphysic.reversedescription.json" for late mixin enqueue, adding.
[08:54:35] [main/INFO] [kameib.localizator.Localizator]: [Localizator] Late Enqueue: (iChunUtil) Fix Patrons and Version URL Mixin
[08:54:35] [main/INFO] [FermiumRegistryAPI]: FermiumRegistryAPI supplied "mixins.localizator.ichunutil.urls.json" for late mixin enqueue, adding.
[08:54:35] [main/INFO] [kameib.localizator.Localizator]: [Localizator] Late Enqueue: (Charm) Localized Cake Name Mixin
[08:54:35] [main/INFO] [FermiumRegistryAPI]: FermiumRegistryAPI supplied "mixins.localizator.charm.cakename.json" for late mixin enqueue, adding.
[08:54:35] [main/INFO] [kameib.localizator.Localizator]: [Localizator] Late Enqueue: (Charm) Localized Composter JEI Mixin
[08:54:35] [main/INFO] [FermiumRegistryAPI]: FermiumRegistryAPI supplied "mixins.localizator.charm.compostergui.json" for late mixin enqueue, adding.
[08:54:35] [main/INFO] [kameib.localizator.Localizator]: [Localizator] Late Enqueue: (Charm) Localized Container Name Mixin
[08:54:35] [main/INFO] [FermiumRegistryAPI]: FermiumRegistryAPI supplied "mixins.localizator.charm.containername.json" for late mixin enqueue, adding.
[08:54:35] [main/INFO] [kameib.localizator.Localizator]: [Localizator] Late Enqueue: (Charm) Localized World Crates Name Mixin
[08:54:35] [main/INFO] [FermiumRegistryAPI]: FermiumRegistryAPI supplied "mixins.localizator.charm.worldcratesname.json" for late mixin enqueue, adding.
[08:54:35] [main/INFO] [kameib.localizator.Localizator]: [Localizator] Late Enqueue: (FBP) Localized Keybinds Mixin
[08:54:35] [main/INFO] [FermiumRegistryAPI]: FermiumRegistryAPI supplied "mixins.localizator.fbp.keybinds.json" for late mixin enqueue, adding.
[08:54:35] [main/INFO] [kameib.localizator.Localizator]: [Localizator] Late Enqueue: (ScalingHealth) Localized Keybinds Mixin
[08:54:35] [main/INFO] [FermiumRegistryAPI]: FermiumRegistryAPI supplied "mixins.localizator.scalinghealth.keybinds.json" for late mixin enqueue, adding.
[08:54:35] [main/INFO] [kameib.localizator.Localizator]: [Localizator] Late Enqueue: (ScalingHealth) Localized Messages Mixin
[08:54:35] [main/INFO] [FermiumRegistryAPI]: FermiumRegistryAPI supplied "mixins.localizator.scalinghealth.messages.json" for late mixin enqueue, adding.
[08:54:35] [main/INFO] [kameib.localizator.Localizator]: [Localizator] Late Enqueue: (DyamicTrees) Staff Mixin
[08:54:35] [main/INFO] [FermiumRegistryAPI]: FermiumRegistryAPI supplied "mixins.localizator.dynamictrees.staff.json" for late mixin enqueue, adding.
[08:54:35] [main/INFO] [kameib.localizator.Localizator]: [Localizator] Late Enqueue: (SetBonus) Tooltip Mixin
[08:54:35] [main/INFO] [FermiumRegistryAPI]: FermiumRegistryAPI supplied "mixins.localizator.setbonus.tooltip.json" for late mixin enqueue, adding.
[08:54:35] [main/INFO] [kameib.localizator.Localizator]: [Localizator] Late Enqueue: (VariedCommodities) Localized Book Mixin
[08:54:35] [main/INFO] [FermiumRegistryAPI]: FermiumRegistryAPI supplied "mixins.localizator.variedcommodities.book.json" for late mixin enqueue, adding.
[08:54:35] [main/INFO] [kameib.localizator.Localizator]: [Localizator] Late Enqueue: (Mo'Bends) Localized Keybinds Mixin
[08:54:35] [main/INFO] [FermiumRegistryAPI]: FermiumRegistryAPI supplied "mixins.localizator.mobends.keybinds.json" for late mixin enqueue, adding.
[08:54:35] [main/DEBUG] [FML]: Enqueued coremod LocalizatorPlugin
[08:54:35] [main/DEBUG] [mixin]: MixinPlatformAgentFMLLegacy accepted container ContainerHandleURI(file:/home/Minecraft/rlcraft-server/./mods/Localizator-1.12.2-1.0.14.jar)
[08:54:35] [main/DEBUG] [mixin]: Instancing new MixinPlatformAgentLiteLoaderLegacy for ContainerHandleURI(file:/home/Minecraft/rlcraft-server/./mods/Localizator-1.12.2-1.0.14.jar)
[08:54:35] [main/DEBUG] [mixin]: MixinPlatformAgentLiteLoaderLegacy rejected container ContainerHandleURI(file:/home/Minecraft/rlcraft-server/./mods/Localizator-1.12.2-1.0.14.jar)
[08:54:35] [main/DEBUG] [mixin]: Instancing new MixinPlatformAgentDefault for ContainerHandleURI(file:/home/Minecraft/rlcraft-server/./mods/Localizator-1.12.2-1.0.14.jar)
[08:54:35] [main/DEBUG] [mixin]: MixinPlatformAgentDefault accepted container ContainerHandleURI(file:/home/Minecraft/rlcraft-server/./mods/Localizator-1.12.2-1.0.14.jar)
[08:54:35] [main/DEBUG] [mixin]: Adding agents for Mixin Container ContainerHandleURI(file:/home/Minecraft/rlcraft-server/./mods/Locks-1.12.2-3.0.0.jar)
[08:54:35] [main/DEBUG] [mixin]: Adding mixin platform agents for container ContainerHandleURI(file:/home/Minecraft/rlcraft-server/./mods/Locks-1.12.2-3.0.0.jar)
[08:54:35] [main/DEBUG] [mixin]: Instancing new MixinPlatformAgentFMLLegacy for ContainerHandleURI(file:/home/Minecraft/rlcraft-server/./mods/Locks-1.12.2-3.0.0.jar)
[08:54:35] [main/DEBUG] [mixin]: ForceLoadAsMod was specified for Locks-1.12.2-3.0.0.jar, attempting force-load
[08:54:35] [main/DEBUG] [mixin]: Adding Locks-1.12.2-3.0.0.jar to reparseable coremod collection
[08:54:35] [main/DEBUG] [mixin]: Locks-1.12.2-3.0.0.jar has core plugin melonslise.locks.mixin.MixinLoader. Injecting it into FML for co-initialisation:
[08:54:35] [main/DEBUG] [FML]: Instantiating coremod class MixinLoader
[08:54:35] [main/DEBUG] [FML]: The coremod melonslise.locks.mixin.MixinLoader requested minecraft version 1.12.2 and minecraft is 1.12.2. It will be loaded.
[08:54:35] [main/WARN] [FML]: The coremod MixinLoader (melonslise.locks.mixin.MixinLoader) is not signed!
[08:54:35] [main/DEBUG] [FML]: Enqueued coremod MixinLoader
[08:54:35] [main/DEBUG] [mixin]: MixinPlatformAgentFMLLegacy accepted container ContainerHandleURI(file:/home/Minecraft/rlcraft-server/./mods/Locks-1.12.2-3.0.0.jar)
[08:54:35] [main/DEBUG] [mixin]: Instancing new MixinPlatformAgentLiteLoaderLegacy for ContainerHandleURI(file:/home/Minecraft/rlcraft-server/./mods/Locks-1.12.2-3.0.0.jar)
[08:54:35] [main/DEBUG] [mixin]: MixinPlatformAgentLiteLoaderLegacy rejected container ContainerHandleURI(file:/home/Minecraft/rlcraft-server/./mods/Locks-1.12.2-3.0.0.jar)
[08:54:35] [main/DEBUG] [mixin]: Instancing new MixinPlatformAgentDefault for ContainerHandleURI(file:/home/Minecraft/rlcraft-server/./mods/Locks-1.12.2-3.0.0.jar)
[08:54:35] [main/DEBUG] [mixin]: MixinPlatformAgentDefault accepted container ContainerHandleURI(file:/home/Minecraft/rlcraft-server/./mods/Locks-1.12.2-3.0.0.jar)
[08:54:35] [main/DEBUG] [mixin]: Adding agents for Mixin Container ContainerHandleURI(file:/home/Minecraft/rlcraft-server/./mods/MaterialTweaker-1.1.1.jar)
[08:54:35] [main/DEBUG] [mixin]: Adding mixin platform agents for container ContainerHandleURI(file:/home/Minecraft/rlcraft-server/./mods/MaterialTweaker-1.1.1.jar)
[08:54:35] [main/DEBUG] [mixin]: Instancing new MixinPlatformAgentFMLLegacy for ContainerHandleURI(file:/home/Minecraft/rlcraft-server/./mods/MaterialTweaker-1.1.1.jar)
[08:54:35] [main/DEBUG] [mixin]: ForceLoadAsMod was specified for MaterialTweaker-1.1.1.jar, attempting force-load
[08:54:35] [main/DEBUG] [mixin]: Adding MaterialTweaker-1.1.1.jar to reparseable coremod collection
[08:54:35] [main/DEBUG] [mixin]: MaterialTweaker-1.1.1.jar has core plugin materialtweaker.MaterialTweakerPlugin. Injecting it into FML for co-initialisation:
[08:54:35] [main/DEBUG] [FML]: Instantiating coremod class MaterialTweakerPlugin
[08:54:35] [main/DEBUG] [FML]: The coremod materialtweaker.MaterialTweakerPlugin requested minecraft version 1.12.2 and minecraft is 1.12.2. It will be loaded.
[08:54:35] [main/WARN] [FML]: The coremod MaterialTweakerPlugin (materialtweaker.MaterialTweakerPlugin) is not signed!
[08:54:35] [main/DEBUG] [FML]: Enqueued coremod MaterialTweakerPlugin
[08:54:35] [main/DEBUG] [mixin]: MixinPlatformAgentFMLLegacy accepted container ContainerHandleURI(file:/home/Minecraft/rlcraft-server/./mods/MaterialTweaker-1.1.1.jar)
[08:54:35] [main/DEBUG] [mixin]: Instancing new MixinPlatformAgentLiteLoaderLegacy for ContainerHandleURI(file:/home/Minecraft/rlcraft-server/./mods/MaterialTweaker-1.1.1.jar)
[08:54:35] [main/DEBUG] [mixin]: MixinPlatformAgentLiteLoaderLegacy rejected container ContainerHandleURI(file:/home/Minecraft/rlcraft-server/./mods/MaterialTweaker-1.1.1.jar)
[08:54:35] [main/DEBUG] [mixin]: Instancing new MixinPlatformAgentDefault for ContainerHandleURI(file:/home/Minecraft/rlcraft-server/./mods/MaterialTweaker-1.1.1.jar)
[08:54:35] [main/DEBUG] [mixin]: MixinPlatformAgentDefault accepted container ContainerHandleURI(file:/home/Minecraft/rlcraft-server/./mods/MaterialTweaker-1.1.1.jar)
[08:54:35] [main/DEBUG] [mixin]: Adding agents for Mixin Container ContainerHandleURI(file:/home/Minecraft/rlcraft-server/./mods/NoiseThreader-1.1.1.jar)
[08:54:35] [main/DEBUG] [mixin]: Adding mixin platform agents for container ContainerHandleURI(file:/home/Minecraft/rlcraft-server/./mods/NoiseThreader-1.1.1.jar)
[08:54:35] [main/DEBUG] [mixin]: Instancing new MixinPlatformAgentFMLLegacy for ContainerHandleURI(file:/home/Minecraft/rlcraft-server/./mods/NoiseThreader-1.1.1.jar)
[08:54:35] [main/DEBUG] [mixin]: ForceLoadAsMod was specified for NoiseThreader-1.1.1.jar, attempting force-load
[08:54:35] [main/DEBUG] [mixin]: Adding NoiseThreader-1.1.1.jar to reparseable coremod collection
[08:54:35] [main/DEBUG] [mixin]: NoiseThreader-1.1.1.jar has core plugin noisethreader.NoiseThreaderPlugin. Injecting it into FML for co-initialisation:
[08:54:35] [main/DEBUG] [FML]: Instantiating coremod class NoiseThreaderPlugin
[08:54:35] [main/DEBUG] [FML]: The coremod noisethreader.NoiseThreaderPlugin requested minecraft version 1.12.2 and minecraft is 1.12.2. It will be loaded.
[08:54:35] [main/WARN] [FML]: The coremod NoiseThreaderPlugin (noisethreader.NoiseThreaderPlugin) is not signed!
[08:54:35] [main/INFO] [FermiumRegistryAPI]: FermiumRegistryAPI supplied "mixins.noisethreader.vanilla.json" for early mixin enqueue, adding.
[08:54:35] [main/INFO] [FermiumRegistryAPI]: FermiumRegistryAPI supplied "mixins.noisethreader.otg.json" for late mixin enqueue, adding.
[08:54:35] [main/INFO] [FermiumRegistryAPI]: FermiumRegistryAPI supplied "mixins.noisethreader.bettercaves.json" for late mixin enqueue, adding.
[08:54:35] [main/DEBUG] [FML]: Enqueued coremod NoiseThreaderPlugin
[08:54:35] [main/DEBUG] [mixin]: MixinPlatformAgentFMLLegacy accepted container ContainerHandleURI(file:/home/Minecraft/rlcraft-server/./mods/NoiseThreader-1.1.1.jar)
[08:54:35] [main/DEBUG] [mixin]: Instancing new MixinPlatformAgentLiteLoaderLegacy for ContainerHandleURI(file:/home/Minecraft/rlcraft-server/./mods/NoiseThreader-1.1.1.jar)
[08:54:35] [main/DEBUG] [mixin]: MixinPlatformAgentLiteLoaderLegacy rejected container ContainerHandleURI(file:/home/Minecraft/rlcraft-server/./mods/NoiseThreader-1.1.1.jar)
[08:54:35] [main/DEBUG] [mixin]: Instancing new MixinPlatformAgentDefault for ContainerHandleURI(file:/home/Minecraft/rlcraft-server/./mods/NoiseThreader-1.1.1.jar)
[08:54:35] [main/DEBUG] [mixin]: MixinPlatformAgentDefault accepted container ContainerHandleURI(file:/home/Minecraft/rlcraft-server/./mods/NoiseThreader-1.1.1.jar)
[08:54:35] [main/DEBUG] [mixin]: Adding agents for Mixin Container ContainerHandleURI(file:/home/Minecraft/rlcraft-server/./mods/OptifineCITPatch-1.0.4.jar)
[08:54:35] [main/DEBUG] [mixin]: Adding mixin platform agents for container ContainerHandleURI(file:/home/Minecraft/rlcraft-server/./mods/OptifineCITPatch-1.0.4.jar)
[08:54:35] [main/DEBUG] [mixin]: Instancing new MixinPlatformAgentFMLLegacy for ContainerHandleURI(file:/home/Minecraft/rlcraft-server/./mods/OptifineCITPatch-1.0.4.jar)
[08:54:35] [main/DEBUG] [mixin]: ForceLoadAsMod was specified for OptifineCITPatch-1.0.4.jar, attempting force-load
[08:54:35] [main/DEBUG] [mixin]: Adding OptifineCITPatch-1.0.4.jar to reparseable coremod collection
[08:54:35] [main/DEBUG] [mixin]: OptifineCITPatch-1.0.4.jar has core plugin optifinecitpatch.OptiFineCITPatchPlugin. Injecting it into FML for co-initialisation:
[08:54:35] [main/DEBUG] [FML]: Instantiating coremod class OptiFineCITPatchPlugin
[08:54:35] [main/DEBUG] [FML]: The coremod optifinecitpatch.OptiFineCITPatchPlugin requested minecraft version 1.12.2 and minecraft is 1.12.2. It will be loaded.
[08:54:35] [main/WARN] [FML]: The coremod OptiFineCITPatchPlugin (optifinecitpatch.OptiFineCITPatchPlugin) is not signed!
[08:54:35] [main/DEBUG] [FML]: Enqueued coremod OptiFineCITPatchPlugin
[08:54:35] [main/DEBUG] [mixin]: MixinPlatformAgentFMLLegacy accepted container ContainerHandleURI(file:/home/Minecraft/rlcraft-server/./mods/OptifineCITPatch-1.0.4.jar)
[08:54:35] [main/DEBUG] [mixin]: Instancing new MixinPlatformAgentLiteLoaderLegacy for ContainerHandleURI(file:/home/Minecraft/rlcraft-server/./mods/OptifineCITPatch-1.0.4.jar)
[08:54:35] [main/DEBUG] [mixin]: MixinPlatformAgentLiteLoaderLegacy rejected container ContainerHandleURI(file:/home/Minecraft/rlcraft-server/./mods/OptifineCITPatch-1.0.4.jar)
[08:54:35] [main/DEBUG] [mixin]: Instancing new MixinPlatformAgentDefault for ContainerHandleURI(file:/home/Minecraft/rlcraft-server/./mods/OptifineCITPatch-1.0.4.jar)
[08:54:35] [main/DEBUG] [mixin]: MixinPlatformAgentDefault accepted container ContainerHandleURI(file:/home/Minecraft/rlcraft-server/./mods/OptifineCITPatch-1.0.4.jar)
[08:54:35] [main/DEBUG] [mixin]: Adding agents for Mixin Container ContainerHandleURI(file:/home/Minecraft/rlcraft-server/./mods/particleculling-1.12.2-v1.4.3.jar)
[08:54:35] [main/DEBUG] [mixin]: Adding mixin platform agents for container ContainerHandleURI(file:/home/Minecraft/rlcraft-server/./mods/particleculling-1.12.2-v1.4.3.jar)
[08:54:35] [main/DEBUG] [mixin]: Instancing new MixinPlatformAgentFMLLegacy for ContainerHandleURI(file:/home/Minecraft/rlcraft-server/./mods/particleculling-1.12.2-v1.4.3.jar)
[08:54:35] [main/DEBUG] [mixin]: ForceLoadAsMod was specified for particleculling-1.12.2-v1.4.3.jar, attempting force-load
[08:54:35] [main/DEBUG] [mixin]: Adding particleculling-1.12.2-v1.4.3.jar to reparseable coremod collection
[08:54:35] [main/DEBUG] [mixin]: particleculling-1.12.2-v1.4.3.jar has core plugin bl4ckscor3.mod.particleculling.ParticleCullingLoadingPlugin. Injecting it into FML for co-initialisation:
[08:54:35] [main/DEBUG] [FML]: Instantiating coremod class ParticleCullingLoadingPlugin
[08:54:35] [main/DEBUG] [FML]: The coremod bl4ckscor3.mod.particleculling.ParticleCullingLoadingPlugin requested minecraft version 1.12.2 and minecraft is 1.12.2. It will be loaded.
[08:54:35] [main/WARN] [FML]: The coremod ParticleCullingLoadingPlugin (bl4ckscor3.mod.particleculling.ParticleCullingLoadingPlugin) is not signed!
[08:54:35] [main/DEBUG] [FML]: Enqueued coremod ParticleCullingLoadingPlugin
[08:54:35] [main/DEBUG] [mixin]: MixinPlatformAgentFMLLegacy accepted container ContainerHandleURI(file:/home/Minecraft/rlcraft-server/./mods/particleculling-1.12.2-v1.4.3.jar)
[08:54:35] [main/DEBUG] [mixin]: Instancing new MixinPlatformAgentLiteLoaderLegacy for ContainerHandleURI(file:/home/Minecraft/rlcraft-server/./mods/particleculling-1.12.2-v1.4.3.jar)
[08:54:35] [main/DEBUG] [mixin]: MixinPlatformAgentLiteLoaderLegacy rejected container ContainerHandleURI(file:/home/Minecraft/rlcraft-server/./mods/particleculling-1.12.2-v1.4.3.jar)
[08:54:35] [main/DEBUG] [mixin]: Instancing new MixinPlatformAgentDefault for ContainerHandleURI(file:/home/Minecraft/rlcraft-server/./mods/particleculling-1.12.2-v1.4.3.jar)
[08:54:35] [main/DEBUG] [mixin]: MixinPlatformAgentDefault accepted container ContainerHandleURI(file:/home/Minecraft/rlcraft-server/./mods/particleculling-1.12.2-v1.4.3.jar)
[08:54:35] [main/DEBUG] [mixin]: Adding agents for Mixin Container ContainerHandleURI(file:/home/Minecraft/rlcraft-server/./mods/RLCombat-1.12.2-2.2.4.jar)
[08:54:35] [main/DEBUG] [mixin]: Adding mixin platform agents for container ContainerHandleURI(file:/home/Minecraft/rlcraft-server/./mods/RLCombat-1.12.2-2.2.4.jar)
[08:54:35] [main/DEBUG] [mixin]: Instancing new MixinPlatformAgentFMLLegacy for ContainerHandleURI(file:/home/Minecraft/rlcraft-server/./mods/RLCombat-1.12.2-2.2.4.jar)
[08:54:35] [main/DEBUG] [mixin]: ForceLoadAsMod was specified for RLCombat-1.12.2-2.2.4.jar, attempting force-load
[08:54:35] [main/DEBUG] [mixin]: Adding RLCombat-1.12.2-2.2.4.jar to reparseable coremod collection
[08:54:35] [main/DEBUG] [mixin]: RLCombat-1.12.2-2.2.4.jar has core plugin bettercombat.mod.util.BetterCombatPlugin. Injecting it into FML for co-initialisation:
[08:54:35] [main/DEBUG] [FML]: Instantiating coremod class BetterCombatPlugin
[08:54:35] [main/TRACE] [FML]: coremod named BetterCombat is loading
[08:54:35] [main/DEBUG] [FML]: The coremod bettercombat.mod.util.BetterCombatPlugin requested minecraft version 1.12.2 and minecraft is 1.12.2. It will be loaded.
[08:54:35] [main/WARN] [FML]: The coremod BetterCombat (bettercombat.mod.util.BetterCombatPlugin) is not signed!
[08:54:35] [main/INFO] [FermiumRegistryAPI]: FermiumRegistryAPI supplied "mixins.bettercombatmod.json" for early mixin enqueue, adding.
[08:54:35] [main/DEBUG] [FML]: Enqueued coremod BetterCombat
[08:54:35] [main/DEBUG] [mixin]: MixinPlatformAgentFMLLegacy accepted container ContainerHandleURI(file:/home/Minecraft/rlcraft-server/./mods/RLCombat-1.12.2-2.2.4.jar)
[08:54:35] [main/DEBUG] [mixin]: Instancing new MixinPlatformAgentLiteLoaderLegacy for ContainerHandleURI(file:/home/Minecraft/rlcraft-server/./mods/RLCombat-1.12.2-2.2.4.jar)
[08:54:35] [main/DEBUG] [mixin]: MixinPlatformAgentLiteLoaderLegacy rejected container ContainerHandleURI(file:/home/Minecraft/rlcraft-server/./mods/RLCombat-1.12.2-2.2.4.jar)
[08:54:35] [main/DEBUG] [mixin]: Instancing new MixinPlatformAgentDefault for ContainerHandleURI(file:/home/Minecraft/rlcraft-server/./mods/RLCombat-1.12.2-2.2.4.jar)
[08:54:35] [main/DEBUG] [mixin]: MixinPlatformAgentDefault accepted container ContainerHandleURI(file:/home/Minecraft/rlcraft-server/./mods/RLCombat-1.12.2-2.2.4.jar)
[08:54:35] [main/DEBUG] [mixin]: Adding agents for Mixin Container ContainerHandleURI(file:/home/Minecraft/rlcraft-server/./mods/RLCraftLuckified-1.1.1.jar)
[08:54:35] [main/DEBUG] [mixin]: Adding mixin platform agents for container ContainerHandleURI(file:/home/Minecraft/rlcraft-server/./mods/RLCraftLuckified-1.1.1.jar)
[08:54:35] [main/DEBUG] [mixin]: Instancing new MixinPlatformAgentFMLLegacy for ContainerHandleURI(file:/home/Minecraft/rlcraft-server/./mods/RLCraftLuckified-1.1.1.jar)
[08:54:35] [main/DEBUG] [mixin]: ForceLoadAsMod was specified for RLCraftLuckified-1.1.1.jar, attempting force-load
[08:54:35] [main/DEBUG] [mixin]: Adding RLCraftLuckified-1.1.1.jar to reparseable coremod collection
[08:54:35] [main/DEBUG] [mixin]: RLCraftLuckified-1.1.1.jar has core plugin luckified.LuckifiedPlugin. Injecting it into FML for co-initialisation:
[08:54:35] [main/DEBUG] [FML]: Instantiating coremod class LuckifiedPlugin
[08:54:35] [main/DEBUG] [FML]: The coremod luckified.LuckifiedPlugin requested minecraft version 1.12.2 and minecraft is 1.12.2. It will be loaded.
[08:54:35] [main/WARN] [FML]: The coremod LuckifiedPlugin (luckified.LuckifiedPlugin) is not signed!
[08:54:35] [main/INFO] [FermiumRegistryAPI]: FermiumRegistryAPI supplied "mixins.luckified.vanilla.json" for early mixin enqueue, adding.
[08:54:35] [main/INFO] [FermiumRegistryAPI]: FermiumRegistryAPI supplied "mixins.luckified.infernalmobs.json" for late mixin enqueue, adding.
[08:54:35] [main/INFO] [FermiumRegistryAPI]: FermiumRegistryAPI supplied "mixins.luckified.bountifulbaubles.json" for late mixin enqueue, adding.
[08:54:35] [main/INFO] [FermiumRegistryAPI]: FermiumRegistryAPI supplied "mixins.luckified.qualitytools.json" for late mixin enqueue, adding.
[08:54:35] [main/INFO] [FermiumRegistryAPI]: FermiumRegistryAPI supplied "mixins.luckified.rlartifacts.json" for late mixin enqueue, adding.
[08:54:35] [main/INFO] [FermiumRegistryAPI]: FermiumRegistryAPI supplied "mixins.luckified.defiledlands.json" for late mixin enqueue, adding.
[08:54:35] [main/DEBUG] [FML]: Enqueued coremod LuckifiedPlugin
[08:54:35] [main/DEBUG] [mixin]: MixinPlatformAgentFMLLegacy accepted container ContainerHandleURI(file:/home/Minecraft/rlcraft-server/./mods/RLCraftLuckified-1.1.1.jar)
[08:54:35] [main/DEBUG] [mixin]: Instancing new MixinPlatformAgentLiteLoaderLegacy for ContainerHandleURI(file:/home/Minecraft/rlcraft-server/./mods/RLCraftLuckified-1.1.1.jar)
[08:54:35] [main/DEBUG] [mixin]: MixinPlatformAgentLiteLoaderLegacy rejected container ContainerHandleURI(file:/home/Minecraft/rlcraft-server/./mods/RLCraftLuckified-1.1.1.jar)
[08:54:35] [main/DEBUG] [mixin]: Instancing new MixinPlatformAgentDefault for ContainerHandleURI(file:/home/Minecraft/rlcraft-server/./mods/RLCraftLuckified-1.1.1.jar)
[08:54:35] [main/DEBUG] [mixin]: MixinPlatformAgentDefault accepted container ContainerHandleURI(file:/home/Minecraft/rlcraft-server/./mods/RLCraftLuckified-1.1.1.jar)
[08:54:35] [main/DEBUG] [mixin]: Adding agents for Mixin Container ContainerHandleURI(file:/home/Minecraft/rlcraft-server/./mods/RLMixins-1.4.6.jar)
[08:54:35] [main/DEBUG] [mixin]: Adding mixin platform agents for container ContainerHandleURI(file:/home/Minecraft/rlcraft-server/./mods/RLMixins-1.4.6.jar)
[08:54:35] [main/DEBUG] [mixin]: Instancing new MixinPlatformAgentFMLLegacy for ContainerHandleURI(file:/home/Minecraft/rlcraft-server/./mods/RLMixins-1.4.6.jar)
[08:54:35] [main/DEBUG] [mixin]: ForceLoadAsMod was specified for RLMixins-1.4.6.jar, attempting force-load
[08:54:35] [main/DEBUG] [mixin]: Adding RLMixins-1.4.6.jar to reparseable coremod collection
[08:54:35] [main/DEBUG] [mixin]: RLMixins-1.4.6.jar has core plugin rlmixins.RLMixinsPlugin. Injecting it into FML for co-initialisation:
[08:54:35] [main/DEBUG] [FML]: Instantiating coremod class RLMixinsPlugin
[08:54:35] [main/TRACE] [FML]: coremod named RLMixins is loading
[08:54:35] [main/DEBUG] [FML]: The coremod rlmixins.RLMixinsPlugin requested minecraft version 1.12.2 and minecraft is 1.12.2. It will be loaded.
[08:54:35] [main/WARN] [FML]: The coremod RLMixins (rlmixins.RLMixinsPlugin) is not signed!
[08:54:35] [main/DEBUG] [FML]: Enqueued coremod RLMixins
[08:54:35] [main/DEBUG] [mixin]: MixinPlatformAgentFMLLegacy accepted container ContainerHandleURI(file:/home/Minecraft/rlcraft-server/./mods/RLMixins-1.4.6.jar)
[08:54:35] [main/DEBUG] [mixin]: Instancing new MixinPlatformAgentLiteLoaderLegacy for ContainerHandleURI(file:/home/Minecraft/rlcraft-server/./mods/RLMixins-1.4.6.jar)
[08:54:35] [main/DEBUG] [mixin]: MixinPlatformAgentLiteLoaderLegacy rejected container ContainerHandleURI(file:/home/Minecraft/rlcraft-server/./mods/RLMixins-1.4.6.jar)
[08:54:35] [main/DEBUG] [mixin]: Instancing new MixinPlatformAgentDefault for ContainerHandleURI(file:/home/Minecraft/rlcraft-server/./mods/RLMixins-1.4.6.jar)
[08:54:35] [main/DEBUG] [mixin]: MixinPlatformAgentDefault accepted container ContainerHandleURI(file:/home/Minecraft/rlcraft-server/./mods/RLMixins-1.4.6.jar)
[08:54:35] [main/DEBUG] [mixin]: Adding agents for Mixin Container ContainerHandleURI(file:/home/Minecraft/rlcraft-server/./mods/SnowRealMagic-1.12.2-0.7.4.jar)
[08:54:35] [main/DEBUG] [mixin]: Adding mixin platform agents for container ContainerHandleURI(file:/home/Minecraft/rlcraft-server/./mods/SnowRealMagic-1.12.2-0.7.4.jar)
[08:54:35] [main/DEBUG] [mixin]: Instancing new MixinPlatformAgentFMLLegacy for ContainerHandleURI(file:/home/Minecraft/rlcraft-server/./mods/SnowRealMagic-1.12.2-0.7.4.jar)
[08:54:35] [main/DEBUG] [mixin]: ForceLoadAsMod was specified for SnowRealMagic-1.12.2-0.7.4.jar, attempting force-load
[08:54:35] [main/DEBUG] [mixin]: Adding SnowRealMagic-1.12.2-0.7.4.jar to reparseable coremod collection
[08:54:35] [main/DEBUG] [mixin]: SnowRealMagic-1.12.2-0.7.4.jar has core plugin snownee.snow.core.CoreMod. Injecting it into FML for co-initialisation:
[08:54:35] [main/DEBUG] [FML]: Instantiating coremod class CoreMod
[08:54:35] [main/TRACE] [FML]: coremod named Snow! Real Magic! is loading
[08:54:35] [main/WARN] [FML]: The coremod snownee.snow.core.CoreMod does not have a MCVersion annotation, it may cause issues with this version of Minecraft
[08:54:35] [main/WARN] [FML]: The coremod Snow! Real Magic! (snownee.snow.core.CoreMod) is not signed!
[08:54:35] [main/DEBUG] [FML]: Enqueued coremod Snow! Real Magic!
[08:54:35] [main/DEBUG] [mixin]: MixinPlatformAgentFMLLegacy accepted container ContainerHandleURI(file:/home/Minecraft/rlcraft-server/./mods/SnowRealMagic-1.12.2-0.7.4.jar)
[08:54:35] [main/DEBUG] [mixin]: Instancing new MixinPlatformAgentLiteLoaderLegacy for ContainerHandleURI(file:/home/Minecraft/rlcraft-server/./mods/SnowRealMagic-1.12.2-0.7.4.jar)
[08:54:35] [main/DEBUG] [mixin]: MixinPlatformAgentLiteLoaderLegacy rejected container ContainerHandleURI(file:/home/Minecraft/rlcraft-server/./mods/SnowRealMagic-1.12.2-0.7.4.jar)
[08:54:35] [main/DEBUG] [mixin]: Instancing new MixinPlatformAgentDefault for ContainerHandleURI(file:/home/Minecraft/rlcraft-server/./mods/SnowRealMagic-1.12.2-0.7.4.jar)
[08:54:35] [main/DEBUG] [mixin]: MixinPlatformAgentDefault accepted container ContainerHandleURI(file:/home/Minecraft/rlcraft-server/./mods/SnowRealMagic-1.12.2-0.7.4.jar)
[08:54:35] [main/DEBUG] [mixin]: Adding agents for Mixin Container ContainerHandleURI(file:/home/Minecraft/rlcraft-server/./mods/SoManyEnchantments-1.0.7-1.12.2.jar)
[08:54:35] [main/DEBUG] [mixin]: Adding mixin platform agents for container ContainerHandleURI(file:/home/Minecraft/rlcraft-server/./mods/SoManyEnchantments-1.0.7-1.12.2.jar)
[08:54:35] [main/DEBUG] [mixin]: Instancing new MixinPlatformAgentFMLLegacy for ContainerHandleURI(file:/home/Minecraft/rlcraft-server/./mods/SoManyEnchantments-1.0.7-1.12.2.jar)
[08:54:35] [main/DEBUG] [mixin]: ForceLoadAsMod was specified for SoManyEnchantments-1.0.7-1.12.2.jar, attempting force-load
[08:54:35] [main/DEBUG] [mixin]: Adding SoManyEnchantments-1.0.7-1.12.2.jar to reparseable coremod collection
[08:54:35] [main/DEBUG] [mixin]: SoManyEnchantments-1.0.7-1.12.2.jar has core plugin com.shultrea.rin.SoManyEnchantmentsPlugin. Injecting it into FML for co-initialisation:
[08:54:35] [main/DEBUG] [FML]: Instantiating coremod class SoManyEnchantmentsPlugin
[08:54:35] [main/DEBUG] [FML]: The coremod com.shultrea.rin.SoManyEnchantmentsPlugin requested minecraft version 1.12.2 and minecraft is 1.12.2. It will be loaded.
[08:54:35] [main/WARN] [FML]: The coremod SoManyEnchantmentsPlugin (com.shultrea.rin.SoManyEnchantmentsPlugin) is not signed!
[08:54:35] [main/INFO] [FermiumRegistryAPI]: FermiumRegistryAPI supplied "mixins.somanyenchantments.vanilla.json" for early mixin enqueue, adding.
[08:54:35] [main/DEBUG] [FML]: Enqueued coremod SoManyEnchantmentsPlugin
[08:54:35] [main/DEBUG] [mixin]: MixinPlatformAgentFMLLegacy accepted container ContainerHandleURI(file:/home/Minecraft/rlcraft-server/./mods/SoManyEnchantments-1.0.7-1.12.2.jar)
[08:54:35] [main/DEBUG] [mixin]: Instancing new MixinPlatformAgentLiteLoaderLegacy for ContainerHandleURI(file:/home/Minecraft/rlcraft-server/./mods/SoManyEnchantments-1.0.7-1.12.2.jar)
[08:54:35] [main/DEBUG] [mixin]: MixinPlatformAgentLiteLoaderLegacy rejected container ContainerHandleURI(file:/home/Minecraft/rlcraft-server/./mods/SoManyEnchantments-1.0.7-1.12.2.jar)
[08:54:35] [main/DEBUG] [mixin]: Instancing new MixinPlatformAgentDefault for ContainerHandleURI(file:/home/Minecraft/rlcraft-server/./mods/SoManyEnchantments-1.0.7-1.12.2.jar)
[08:54:35] [main/DEBUG] [mixin]: MixinPlatformAgentDefault accepted container ContainerHandleURI(file:/home/Minecraft/rlcraft-server/./mods/SoManyEnchantments-1.0.7-1.12.2.jar)
[08:54:35] [main/DEBUG] [mixin]: Adding agents for Mixin Container ContainerHandleURI(file:/home/Minecraft/rlcraft-server/./mods/spark-unforged-1.11.140-forge.jar)
[08:54:35] [main/DEBUG] [mixin]: Adding mixin platform agents for container ContainerHandleURI(file:/home/Minecraft/rlcraft-server/./mods/spark-unforged-1.11.140-forge.jar)
[08:54:35] [main/DEBUG] [mixin]: Instancing new MixinPlatformAgentFMLLegacy for ContainerHandleURI(file:/home/Minecraft/rlcraft-server/./mods/spark-unforged-1.11.140-forge.jar)
[08:54:35] [main/DEBUG] [mixin]: ForceLoadAsMod was specified for spark-unforged-1.11.140-forge.jar, attempting force-load
[08:54:35] [main/DEBUG] [mixin]: Adding spark-unforged-1.11.140-forge.jar to reparseable coremod collection
[08:54:35] [main/DEBUG] [mixin]: spark-unforged-1.11.140-forge.jar has core plugin me.lucko.spark.forge.mixin.SparkMixinPlugin. Injecting it into FML for co-initialisation:
[08:54:35] [main/DEBUG] [FML]: Instantiating coremod class SparkMixinPlugin
[08:54:35] [main/DEBUG] [mixin]: Checking for additional mixins for MixinEnvironment[PREINIT]
[08:54:35] [main/TRACE] [FML]: coremod named Spark is loading
[08:54:35] [main/DEBUG] [FML]: The coremod me.lucko.spark.forge.mixin.SparkMixinPlugin requested minecraft version 1.12.2 and minecraft is 1.12.2. It will be loaded.
[08:54:35] [main/WARN] [FML]: The coremod Spark (me.lucko.spark.forge.mixin.SparkMixinPlugin) is not signed!
[08:54:35] [main/DEBUG] [FML]: Enqueued coremod Spark
[08:54:35] [main/DEBUG] [mixin]: MixinPlatformAgentFMLLegacy accepted container ContainerHandleURI(file:/home/Minecraft/rlcraft-server/./mods/spark-unforged-1.11.140-forge.jar)
[08:54:35] [main/DEBUG] [mixin]: Instancing new MixinPlatformAgentLiteLoaderLegacy for ContainerHandleURI(file:/home/Minecraft/rlcraft-server/./mods/spark-unforged-1.11.140-forge.jar)
[08:54:35] [main/DEBUG] [mixin]: MixinPlatformAgentLiteLoaderLegacy rejected container ContainerHandleURI(file:/home/Minecraft/rlcraft-server/./mods/spark-unforged-1.11.140-forge.jar)
[08:54:35] [main/DEBUG] [mixin]: Instancing new MixinPlatformAgentDefault for ContainerHandleURI(file:/home/Minecraft/rlcraft-server/./mods/spark-unforged-1.11.140-forge.jar)
[08:54:35] [main/DEBUG] [mixin]: MixinPlatformAgentDefault accepted container ContainerHandleURI(file:/home/Minecraft/rlcraft-server/./mods/spark-unforged-1.11.140-forge.jar)
[08:54:35] [main/DEBUG] [mixin]: Adding agents for Mixin Container ContainerHandleURI(file:/home/Minecraft/rlcraft-server/./mods/SpartanWeaponry-1.12.2-1.6.1.jar)
[08:54:35] [main/DEBUG] [mixin]: Adding mixin platform agents for container ContainerHandleURI(file:/home/Minecraft/rlcraft-server/./mods/SpartanWeaponry-1.12.2-1.6.1.jar)
[08:54:35] [main/DEBUG] [mixin]: Instancing new MixinPlatformAgentFMLLegacy for ContainerHandleURI(file:/home/Minecraft/rlcraft-server/./mods/SpartanWeaponry-1.12.2-1.6.1.jar)
[08:54:35] [main/DEBUG] [mixin]: ForceLoadAsMod was specified for SpartanWeaponry-1.12.2-1.6.1.jar, attempting force-load
[08:54:35] [main/DEBUG] [mixin]: Adding SpartanWeaponry-1.12.2-1.6.1.jar to reparseable coremod collection
[08:54:35] [main/DEBUG] [mixin]: SpartanWeaponry-1.12.2-1.6.1.jar has core plugin com.oblivioussp.spartanweaponry.mixin.MixinLoader. Injecting it into FML for co-initialisation:
[08:54:35] [main/DEBUG] [FML]: Instantiating coremod class MixinLoader
[08:54:35] [main/TRACE] [FML]: coremod named SpartanWeaponry-MixinLoader is loading
[08:54:35] [main/DEBUG] [FML]: The coremod com.oblivioussp.spartanweaponry.mixin.MixinLoader requested minecraft version 1.12.2 and minecraft is 1.12.2. It will be loaded.
[08:54:35] [main/WARN] [FML]: The coremod SpartanWeaponry-MixinLoader (com.oblivioussp.spartanweaponry.mixin.MixinLoader) is not signed!
[08:54:35] [main/DEBUG] [FML]: Enqueued coremod SpartanWeaponry-MixinLoader
[08:54:35] [main/DEBUG] [mixin]: MixinPlatformAgentFMLLegacy accepted container ContainerHandleURI(file:/home/Minecraft/rlcraft-server/./mods/SpartanWeaponry-1.12.2-1.6.1.jar)
[08:54:35] [main/DEBUG] [mixin]: Instancing new MixinPlatformAgentLiteLoaderLegacy for ContainerHandleURI(file:/home/Minecraft/rlcraft-server/./mods/SpartanWeaponry-1.12.2-1.6.1.jar)
[08:54:35] [main/DEBUG] [mixin]: MixinPlatformAgentLiteLoaderLegacy rejected container ContainerHandleURI(file:/home/Minecraft/rlcraft-server/./mods/SpartanWeaponry-1.12.2-1.6.1.jar)
[08:54:35] [main/DEBUG] [mixin]: Instancing new MixinPlatformAgentDefault for ContainerHandleURI(file:/home/Minecraft/rlcraft-server/./mods/SpartanWeaponry-1.12.2-1.6.1.jar)
[08:54:35] [main/DEBUG] [mixin]: MixinPlatformAgentDefault accepted container ContainerHandleURI(file:/home/Minecraft/rlcraft-server/./mods/SpartanWeaponry-1.12.2-1.6.1.jar)
[08:54:35] [main/DEBUG] [mixin]: Adding agents for Mixin Container ContainerHandleURI(file:/home/Minecraft/rlcraft-server/./mods/SRPMixins-2.9.1.1.jar)
[08:54:35] [main/DEBUG] [mixin]: Adding mixin platform agents for container ContainerHandleURI(file:/home/Minecraft/rlcraft-server/./mods/SRPMixins-2.9.1.1.jar)
[08:54:35] [main/DEBUG] [mixin]: Instancing new MixinPlatformAgentFMLLegacy for ContainerHandleURI(file:/home/Minecraft/rlcraft-server/./mods/SRPMixins-2.9.1.1.jar)
[08:54:35] [main/DEBUG] [mixin]: ForceLoadAsMod was specified for SRPMixins-2.9.1.1.jar, attempting force-load
[08:54:35] [main/DEBUG] [mixin]: Adding SRPMixins-2.9.1.1.jar to reparseable coremod collection
[08:54:35] [main/DEBUG] [mixin]: SRPMixins-2.9.1.1.jar has core plugin srpmixins.SRPMixinsPlugin. Injecting it into FML for co-initialisation:
[08:54:35] [main/DEBUG] [FML]: Instantiating coremod class SRPMixinsPlugin
[08:54:35] [main/DEBUG] [FML]: The coremod srpmixins.SRPMixinsPlugin requested minecraft version 1.12.2 and minecraft is 1.12.2. It will be loaded.
[08:54:35] [main/WARN] [FML]: The coremod SRPMixinsPlugin (srpmixins.SRPMixinsPlugin) is not signed!
[08:54:35] [main/INFO] [FermiumRegistryAPI]: FermiumRegistryAPI supplied "mixins.srpmixins.srp.scentperformance.json" for late mixin enqueue, adding.
[08:54:35] [main/INFO] [FermiumRegistryAPI]: FermiumRegistryAPI supplied "mixins.srpmixins.oe.json" for late mixin enqueue, adding.
[08:54:35] [main/INFO] [FermiumRegistryAPI]: FermiumRegistryAPI supplied "mixins.srpmixins.srp.biomespawnblacklist.json" for late mixin enqueue, adding.
[08:54:35] [main/INFO] [FermiumRegistryAPI]: FermiumRegistryAPI supplied "mixins.srpmixins.srp.deterrentlowphasedmg.json" for late mixin enqueue, adding.
[08:54:35] [main/INFO] [FermiumRegistryAPI]: FermiumRegistryAPI supplied "mixins.srpmixins.srp.infestedgrassrarity.json" for late mixin enqueue, adding.
[08:54:35] [main/INFO] [FermiumRegistryAPI]: FermiumRegistryAPI supplied "mixins.srpmixins.srp.simmermantp.json" for late mixin enqueue, adding.
[08:54:35] [main/INFO] [FermiumRegistryAPI]: FermiumRegistryAPI supplied "mixins.srpmixins.minmaxphasedays.json" for late mixin enqueue, adding.
[08:54:35] [main/INFO] [FermiumRegistryAPI]: FermiumRegistryAPI supplied "mixins.srpmixins.conversionpathways.json" for late mixin enqueue, adding.
[08:54:35] [main/INFO] [FermiumRegistryAPI]: FermiumRegistryAPI supplied "mixins.srpmixins.variantrules.json" for late mixin enqueue, adding.
[08:54:35] [main/INFO] [FermiumRegistryAPI]: FermiumRegistryAPI supplied "mixins.srpmixins.despawntimer.json" for late mixin enqueue, adding.
[08:54:35] [main/INFO] [FermiumRegistryAPI]: FermiumRegistryAPI supplied "mixins.srpmixins.srp.blockbreakblacklist.json" for late mixin enqueue, adding.
[08:54:35] [main/INFO] [FermiumRegistryAPI]: FermiumRegistryAPI supplied "mixins.srpmixins.srp.foodstealblacklist.json" for late mixin enqueue, adding.
[08:54:35] [main/INFO] [FermiumRegistryAPI]: FermiumRegistryAPI supplied "mixins.srpmixins.srp.minferalisations.json" for late mixin enqueue, adding.
[08:54:35] [main/INFO] [FermiumRegistryAPI]: FermiumRegistryAPI supplied "mixins.srpmixins.srp.nodecompassfix.json" for late mixin enqueue, adding.
[08:54:35] [main/INFO] [FermiumRegistryAPI]: FermiumRegistryAPI supplied "mixins.srpmixins.srp.summoningoverhaul.json" for late mixin enqueue, adding.
[08:54:35] [main/INFO] [FermiumRegistryAPI]: FermiumRegistryAPI supplied "mixins.srpmixins.srp.adapteddespawnlock.json" for late mixin enqueue, adding.
[08:54:35] [main/INFO] [FermiumRegistryAPI]: FermiumRegistryAPI supplied "mixins.srpmixins.srp.stackcollidingviralslower.json" for late mixin enqueue, adding.
[08:54:35] [main/INFO] [FermiumRegistryAPI]: FermiumRegistryAPI supplied "mixins.srpmixins.srp.infsquidcap.json" for late mixin enqueue, adding.
[08:54:35] [main/INFO] [FermiumRegistryAPI]: FermiumRegistryAPI supplied "mixins.srpmixins.srp.nexuscap.json" for late mixin enqueue, adding.
[08:54:35] [main/INFO] [FermiumRegistryAPI]: FermiumRegistryAPI supplied "mixins.srpmixins.srp.nodecolonyreset.json" for late mixin enqueue, adding.
[08:54:35] [main/INFO] [FermiumRegistryAPI]: FermiumRegistryAPI supplied "mixins.srpmixins.srp.simbigspiderassimfix.json" for late mixin enqueue, adding.
[08:54:35] [main/INFO] [FermiumRegistryAPI]: FermiumRegistryAPI supplied "mixins.srpmixins.srp.simmermancap.json" for late mixin enqueue, adding.
[08:54:35] [main/INFO] [FermiumRegistryAPI]: FermiumRegistryAPI supplied "mixins.srpmixins.srp.spawninglight.json" for late mixin enqueue, adding.
[08:54:35] [main/INFO] [FermiumRegistryAPI]: FermiumRegistryAPI supplied "mixins.srpmixins.overlast.json" for late mixin enqueue, adding.
[08:54:35] [main/INFO] [FermiumRegistryAPI]: FermiumRegistryAPI supplied "mixins.srpmixins.overlast_customphases.json" for late mixin enqueue, adding.
[08:54:35] [main/INFO] [FermiumRegistryAPI]: FermiumRegistryAPI supplied "mixins.srpmixins.overlastlite_customphases.json" for late mixin enqueue, adding.
[08:54:35] [main/INFO] [FermiumRegistryAPI]: FermiumRegistryAPI supplied "mixins.srpmixins.deepseadanger_customphases.json" for late mixin enqueue, adding.
[08:54:35] [main/INFO] [FermiumRegistryAPI]: FermiumRegistryAPI supplied "mixins.srpmixins.srpextra_customphases.json" for late mixin enqueue, adding.
[08:54:35] [main/INFO] [FermiumRegistryAPI]: FermiumRegistryAPI supplied "mixins.srpmixins.bloodmoon.entirespawnfix.json" for late mixin enqueue, adding.
[08:54:35] [main/INFO] [FermiumRegistryAPI]: FermiumRegistryAPI supplied "mixins.srpmixins.srp.mobcapmulti.json" for late mixin enqueue, adding.
[08:54:35] [main/INFO] [FermiumRegistryAPI]: FermiumRegistryAPI supplied "mixins.srpmixins.srp.infestationpenalty.json" for late mixin enqueue, adding.
[08:54:35] [main/INFO] [FermiumRegistryAPI]: FermiumRegistryAPI supplied "mixins.srpmixins.srp.beckoninfestationlimit.json" for late mixin enqueue, adding.
[08:54:35] [main/INFO] [FermiumRegistryAPI]: FermiumRegistryAPI supplied "mixins.srpmixins.srp.circularinfestationarea.json" for late mixin enqueue, adding.
[08:54:35] [main/INFO] [FermiumRegistryAPI]: FermiumRegistryAPI supplied "mixins.srpmixins.customphasesnoinfestationoverhaul.json" for late mixin enqueue, adding.
[08:54:35] [main/INFO] [FermiumRegistryAPI]: FermiumRegistryAPI supplied "mixins.srpmixins.srp.biomespreadpenalty.json" for late mixin enqueue, adding.
[08:54:35] [main/INFO] [FermiumRegistryAPI]: FermiumRegistryAPI supplied "mixins.srpmixins.srp.biomespreadlimit.json" for late mixin enqueue, adding.
[08:54:35] [main/INFO] [FermiumRegistryAPI]: FermiumRegistryAPI supplied "mixins.srpmixins.customphasesnobiomespreadoverhaul.json" for late mixin enqueue, adding.
[08:54:35] [main/DEBUG] [FML]: Enqueued coremod SRPMixinsPlugin
[08:54:35] [main/DEBUG] [mixin]: MixinPlatformAgentFMLLegacy accepted container ContainerHandleURI(file:/home/Minecraft/rlcraft-server/./mods/SRPMixins-2.9.1.1.jar)
[08:54:35] [main/DEBUG] [mixin]: Instancing new MixinPlatformAgentLiteLoaderLegacy for ContainerHandleURI(file:/home/Minecraft/rlcraft-server/./mods/SRPMixins-2.9.1.1.jar)
[08:54:35] [main/DEBUG] [mixin]: MixinPlatformAgentLiteLoaderLegacy rejected container ContainerHandleURI(file:/home/Minecraft/rlcraft-server/./mods/SRPMixins-2.9.1.1.jar)
[08:54:35] [main/DEBUG] [mixin]: Instancing new MixinPlatformAgentDefault for ContainerHandleURI(file:/home/Minecraft/rlcraft-server/./mods/SRPMixins-2.9.1.1.jar)
[08:54:35] [main/DEBUG] [mixin]: MixinPlatformAgentDefault accepted container ContainerHandleURI(file:/home/Minecraft/rlcraft-server/./mods/SRPMixins-2.9.1.1.jar)
[08:54:35] [main/DEBUG] [mixin]: Adding agents for Mixin Container ContainerHandleURI(file:/home/Minecraft/rlcraft-server/./mods/Surge-1.12.2-2.0.79.jar)
[08:54:35] [main/DEBUG] [mixin]: Adding mixin platform agents for container ContainerHandleURI(file:/home/Minecraft/rlcraft-server/./mods/Surge-1.12.2-2.0.79.jar)
[08:54:35] [main/DEBUG] [mixin]: Instancing new MixinPlatformAgentFMLLegacy for ContainerHandleURI(file:/home/Minecraft/rlcraft-server/./mods/Surge-1.12.2-2.0.79.jar)
[08:54:35] [main/DEBUG] [mixin]: ForceLoadAsMod was specified for Surge-1.12.2-2.0.79.jar, attempting force-load
[08:54:35] [main/DEBUG] [mixin]: Adding Surge-1.12.2-2.0.79.jar to reparseable coremod collection
[08:54:35] [main/DEBUG] [mixin]: Surge-1.12.2-2.0.79.jar has core plugin net.darkhax.surge.core.SurgeLoadingPlugin. Injecting it into FML for co-initialisation:
[08:54:35] [main/DEBUG] [FML]: Instantiating coremod class SurgeLoadingPlugin
[08:54:35] [main/DEBUG] [FML]: The coremod net.darkhax.surge.core.SurgeLoadingPlugin requested minecraft version 1.12.2 and minecraft is 1.12.2. It will be loaded.
[08:54:35] [main/DEBUG] [FML]: Found signing certificates for coremod SurgeLoadingPlugin (net.darkhax.surge.core.SurgeLoadingPlugin)
[08:54:35] [main/DEBUG] [FML]: Found certificate d476d1b22b218a10d845928d1665d45fce301b27
[08:54:35] [main/DEBUG] [FML]: Enqueued coremod SurgeLoadingPlugin
[08:54:35] [main/DEBUG] [mixin]: MixinPlatformAgentFMLLegacy accepted container ContainerHandleURI(file:/home/Minecraft/rlcraft-server/./mods/Surge-1.12.2-2.0.79.jar)
[08:54:35] [main/DEBUG] [mixin]: Instancing new MixinPlatformAgentLiteLoaderLegacy for ContainerHandleURI(file:/home/Minecraft/rlcraft-server/./mods/Surge-1.12.2-2.0.79.jar)
[08:54:35] [main/DEBUG] [mixin]: MixinPlatformAgentLiteLoaderLegacy rejected container ContainerHandleURI(file:/home/Minecraft/rlcraft-server/./mods/Surge-1.12.2-2.0.79.jar)
[08:54:35] [main/DEBUG] [mixin]: Instancing new MixinPlatformAgentDefault for ContainerHandleURI(file:/home/Minecraft/rlcraft-server/./mods/Surge-1.12.2-2.0.79.jar)
[08:54:35] [main/DEBUG] [mixin]: MixinPlatformAgentDefault accepted container ContainerHandleURI(file:/home/Minecraft/rlcraft-server/./mods/Surge-1.12.2-2.0.79.jar)
[08:54:35] [main/DEBUG] [mixin]: Adding agents for Mixin Container ContainerHandleURI(file:/home/Minecraft/rlcraft-server/./mods/VCFix-1.0.1.jar)
[08:54:35] [main/DEBUG] [mixin]: Adding mixin platform agents for container ContainerHandleURI(file:/home/Minecraft/rlcraft-server/./mods/VCFix-1.0.1.jar)
[08:54:35] [main/DEBUG] [mixin]: Instancing new MixinPlatformAgentFMLLegacy for ContainerHandleURI(file:/home/Minecraft/rlcraft-server/./mods/VCFix-1.0.1.jar)
[08:54:35] [main/DEBUG] [mixin]: ForceLoadAsMod was specified for VCFix-1.0.1.jar, attempting force-load
[08:54:35] [main/DEBUG] [mixin]: Adding VCFix-1.0.1.jar to reparseable coremod collection
[08:54:35] [main/DEBUG] [mixin]: VCFix-1.0.1.jar has core plugin vcfix.VCFixPlugin. Injecting it into FML for co-initialisation:
[08:54:35] [main/DEBUG] [FML]: Instantiating coremod class VCFixPlugin
[08:54:35] [main/DEBUG] [FML]: The coremod vcfix.VCFixPlugin requested minecraft version 1.12.2 and minecraft is 1.12.2. It will be loaded.
[08:54:35] [main/WARN] [FML]: The coremod VCFixPlugin (vcfix.VCFixPlugin) is not signed!
[08:54:35] [main/DEBUG] [FML]: Enqueued coremod VCFixPlugin
[08:54:35] [main/DEBUG] [mixin]: MixinPlatformAgentFMLLegacy accepted container ContainerHandleURI(file:/home/Minecraft/rlcraft-server/./mods/VCFix-1.0.1.jar)
[08:54:35] [main/DEBUG] [mixin]: Instancing new MixinPlatformAgentLiteLoaderLegacy for ContainerHandleURI(file:/home/Minecraft/rlcraft-server/./mods/VCFix-1.0.1.jar)
[08:54:35] [main/DEBUG] [mixin]: MixinPlatformAgentLiteLoaderLegacy rejected container ContainerHandleURI(file:/home/Minecraft/rlcraft-server/./mods/VCFix-1.0.1.jar)
[08:54:35] [main/DEBUG] [mixin]: Instancing new MixinPlatformAgentDefault for ContainerHandleURI(file:/home/Minecraft/rlcraft-server/./mods/VCFix-1.0.1.jar)
[08:54:35] [main/DEBUG] [mixin]: MixinPlatformAgentDefault accepted container ContainerHandleURI(file:/home/Minecraft/rlcraft-server/./mods/VCFix-1.0.1.jar)
[08:54:35] [main/DEBUG] [mixin]: Adding agents for Mixin Container ContainerHandleURI(file:/home/Minecraft/rlcraft-server/./mods/WolfArmorAndStorage-3.8.1+1.12.2.alpha.1-SNAPSHOT-signed.jar)
[08:54:35] [main/DEBUG] [mixin]: Adding mixin platform agents for container ContainerHandleURI(file:/home/Minecraft/rlcraft-server/./mods/WolfArmorAndStorage-3.8.1+1.12.2.alpha.1-SNAPSHOT-signed.jar)
[08:54:35] [main/DEBUG] [mixin]: Instancing new MixinPlatformAgentFMLLegacy for ContainerHandleURI(file:/home/Minecraft/rlcraft-server/./mods/WolfArmorAndStorage-3.8.1+1.12.2.alpha.1-SNAPSHOT-signed.jar)
[08:54:35] [main/DEBUG] [mixin]: ForceLoadAsMod was specified for WolfArmorAndStorage-3.8.1+1.12.2.alpha.1-SNAPSHOT-signed.jar, attempting force-load
[08:54:35] [main/DEBUG] [mixin]: Adding WolfArmorAndStorage-3.8.1+1.12.2.alpha.1-SNAPSHOT-signed.jar to reparseable coremod collection
[08:54:35] [main/DEBUG] [mixin]: WolfArmorAndStorage-3.8.1+1.12.2.alpha.1-SNAPSHOT-signed.jar has core plugin dev.satyrn.wolfarmor.core.WolfArmorCore. Injecting it into FML for co-initialisation:
[08:54:35] [main/DEBUG] [FML]: Instantiating coremod class WolfArmorCore
[08:54:35] [main/DEBUG] [FML]: The coremod dev.satyrn.wolfarmor.core.WolfArmorCore requested minecraft version 1.12.2 and minecraft is 1.12.2. It will be loaded.
[08:54:35] [main/DEBUG] [FML]: Found signing certificates for coremod WolfArmorCore (dev.satyrn.wolfarmor.core.WolfArmorCore)
[08:54:35] [main/DEBUG] [FML]: Found certificate e94e38a605842477f3ec218e6fcf781f6b3f7f89
[08:54:35] [main/DEBUG] [FML]: Enqueued coremod WolfArmorCore
[08:54:35] [main/DEBUG] [mixin]: MixinPlatformAgentFMLLegacy accepted container ContainerHandleURI(file:/home/Minecraft/rlcraft-server/./mods/WolfArmorAndStorage-3.8.1+1.12.2.alpha.1-SNAPSHOT-signed.jar)
[08:54:35] [main/DEBUG] [mixin]: Instancing new MixinPlatformAgentLiteLoaderLegacy for ContainerHandleURI(file:/home/Minecraft/rlcraft-server/./mods/WolfArmorAndStorage-3.8.1+1.12.2.alpha.1-SNAPSHOT-signed.jar)
[08:54:35] [main/DEBUG] [mixin]: MixinPlatformAgentLiteLoaderLegacy rejected container ContainerHandleURI(file:/home/Minecraft/rlcraft-server/./mods/WolfArmorAndStorage-3.8.1+1.12.2.alpha.1-SNAPSHOT-signed.jar)
[08:54:35] [main/DEBUG] [mixin]: Instancing new MixinPlatformAgentDefault for ContainerHandleURI(file:/home/Minecraft/rlcraft-server/./mods/WolfArmorAndStorage-3.8.1+1.12.2.alpha.1-SNAPSHOT-signed.jar)
[08:54:35] [main/DEBUG] [mixin]: MixinPlatformAgentDefault accepted container ContainerHandleURI(file:/home/Minecraft/rlcraft-server/./mods/WolfArmorAndStorage-3.8.1+1.12.2.alpha.1-SNAPSHOT-signed.jar)
[08:54:35] [main/DEBUG] [mixin]: Adding agents for Mixin Container ContainerHandleURI(file:/home/Minecraft/rlcraft-server/./mods/phosphor-1.12.2-0.2.6+build50-universal.jar)
[08:54:35] [main/DEBUG] [mixin]: Adding mixin platform agents for container ContainerHandleURI(file:/home/Minecraft/rlcraft-server/./mods/phosphor-1.12.2-0.2.6+build50-universal.jar)
[08:54:35] [main/DEBUG] [mixin]: Instancing new MixinPlatformAgentFMLLegacy for ContainerHandleURI(file:/home/Minecraft/rlcraft-server/./mods/phosphor-1.12.2-0.2.6+build50-universal.jar)
[08:54:35] [main/DEBUG] [mixin]: ForceLoadAsMod was specified for phosphor-1.12.2-0.2.6+build50-universal.jar, attempting force-load
[08:54:35] [main/DEBUG] [mixin]: Adding phosphor-1.12.2-0.2.6+build50-universal.jar to reparseable coremod collection
[08:54:35] [main/DEBUG] [mixin]: phosphor-1.12.2-0.2.6+build50-universal.jar has core plugin me.jellysquid.mods.phosphor.core.PhosphorFMLLoadingPlugin. Injecting it into FML for co-initialisation:
[08:54:35] [main/DEBUG] [FML]: Instantiating coremod class PhosphorFMLLoadingPlugin
[08:54:35] [main/DEBUG] [FML]: The coremod me.jellysquid.mods.phosphor.core.PhosphorFMLLoadingPlugin requested minecraft version 1.12.2 and minecraft is 1.12.2. It will be loaded.
[08:54:35] [main/DEBUG] [FML]: Found signing certificates for coremod PhosphorFMLLoadingPlugin (me.jellysquid.mods.phosphor.core.PhosphorFMLLoadingPlugin)
[08:54:35] [main/DEBUG] [FML]: Found certificate f0387d288626cc2d937daa504e74af570c52a2f1
[08:54:35] [main/DEBUG] [FML]: Enqueued coremod PhosphorFMLLoadingPlugin
[08:54:35] [main/DEBUG] [mixin]: MixinPlatformAgentFMLLegacy accepted container ContainerHandleURI(file:/home/Minecraft/rlcraft-server/./mods/phosphor-1.12.2-0.2.6+build50-universal.jar)
[08:54:35] [main/DEBUG] [mixin]: Instancing new MixinPlatformAgentLiteLoaderLegacy for ContainerHandleURI(file:/home/Minecraft/rlcraft-server/./mods/phosphor-1.12.2-0.2.6+build50-universal.jar)
[08:54:35] [main/DEBUG] [mixin]: MixinPlatformAgentLiteLoaderLegacy rejected container ContainerHandleURI(file:/home/Minecraft/rlcraft-server/./mods/phosphor-1.12.2-0.2.6+build50-universal.jar)
[08:54:35] [main/DEBUG] [mixin]: Instancing new MixinPlatformAgentDefault for ContainerHandleURI(file:/home/Minecraft/rlcraft-server/./mods/phosphor-1.12.2-0.2.6+build50-universal.jar)
[08:54:35] [main/DEBUG] [mixin]: MixinPlatformAgentDefault accepted container ContainerHandleURI(file:/home/Minecraft/rlcraft-server/./mods/phosphor-1.12.2-0.2.6+build50-universal.jar)
[08:54:35] [main/WARN] [LaunchWrapper]: Tweak class name org.spongepowered.asm.launch.MixinTweaker has already been visited -- skipping
[08:54:35] [main/WARN] [LaunchWrapper]: Tweak class name org.spongepowered.asm.launch.MixinTweaker has already been visited -- skipping
[08:54:35] [main/WARN] [LaunchWrapper]: Tweak class name org.spongepowered.asm.launch.MixinTweaker has already been visited -- skipping
[08:54:35] [main/WARN] [LaunchWrapper]: Tweak class name org.spongepowered.asm.launch.MixinTweaker has already been visited -- skipping
[08:54:35] [main/WARN] [LaunchWrapper]: Tweak class name org.spongepowered.asm.launch.MixinTweaker has already been visited -- skipping
[08:54:35] [main/WARN] [LaunchWrapper]: Tweak class name org.spongepowered.asm.launch.MixinTweaker has already been visited -- skipping
[08:54:35] [main/WARN] [LaunchWrapper]: Tweak class name org.spongepowered.asm.launch.MixinTweaker has already been visited -- skipping
[08:54:35] [main/WARN] [LaunchWrapper]: Tweak class name org.spongepowered.asm.launch.MixinTweaker has already been visited -- skipping
[08:54:35] [main/WARN] [LaunchWrapper]: Tweak class name org.spongepowered.asm.launch.MixinTweaker has already been visited -- skipping
[08:54:35] [main/WARN] [LaunchWrapper]: Tweak class name org.spongepowered.asm.launch.MixinTweaker has already been visited -- skipping
[08:54:35] [main/WARN] [LaunchWrapper]: Tweak class name org.spongepowered.asm.launch.MixinTweaker has already been visited -- skipping
[08:54:35] [main/WARN] [LaunchWrapper]: Tweak class name org.spongepowered.asm.launch.MixinTweaker has already been visited -- skipping
[08:54:35] [main/WARN] [LaunchWrapper]: Tweak class name org.spongepowered.asm.launch.MixinTweaker has already been visited -- skipping
[08:54:35] [main/WARN] [LaunchWrapper]: Tweak class name org.spongepowered.asm.launch.MixinTweaker has already been visited -- skipping
[08:54:35] [main/WARN] [LaunchWrapper]: Tweak class name org.spongepowered.asm.launch.MixinTweaker has already been visited -- skipping
[08:54:35] [main/WARN] [LaunchWrapper]: Tweak class name org.spongepowered.asm.launch.MixinTweaker has already been visited -- skipping
[08:54:35] [main/WARN] [LaunchWrapper]: Tweak class name org.spongepowered.asm.launch.MixinTweaker has already been visited -- skipping
[08:54:35] [main/WARN] [LaunchWrapper]: Tweak class name org.spongepowered.asm.launch.MixinTweaker has already been visited -- skipping
[08:54:35] [main/WARN] [LaunchWrapper]: Tweak class name org.spongepowered.asm.launch.MixinTweaker has already been visited -- skipping
[08:54:35] [main/WARN] [LaunchWrapper]: Tweak class name org.spongepowered.asm.launch.MixinTweaker has already been visited -- skipping
[08:54:35] [main/WARN] [LaunchWrapper]: Tweak class name org.spongepowered.asm.launch.MixinTweaker has already been visited -- skipping
[08:54:35] [main/WARN] [LaunchWrapper]: Tweak class name org.spongepowered.asm.launch.MixinTweaker has already been visited -- skipping
[08:54:35] [main/WARN] [LaunchWrapper]: Tweak class name org.spongepowered.asm.launch.MixinTweaker has already been visited -- skipping
[08:54:35] [main/WARN] [LaunchWrapper]: Tweak class name org.spongepowered.asm.launch.MixinTweaker has already been visited -- skipping
[08:54:35] [main/WARN] [LaunchWrapper]: Tweak class name org.spongepowered.asm.launch.MixinTweaker has already been visited -- skipping
[08:54:35] [main/WARN] [LaunchWrapper]: Tweak class name org.spongepowered.asm.launch.MixinTweaker has already been visited -- skipping
[08:54:35] [main/WARN] [LaunchWrapper]: Tweak class name org.spongepowered.asm.launch.MixinTweaker has already been visited -- skipping
[08:54:35] [main/WARN] [LaunchWrapper]: Tweak class name org.spongepowered.asm.launch.MixinTweaker has already been visited -- skipping
[08:54:35] [main/WARN] [LaunchWrapper]: Tweak class name org.spongepowered.asm.launch.MixinTweaker has already been visited -- skipping
[08:54:35] [main/WARN] [LaunchWrapper]: Tweak class name org.spongepowered.asm.launch.MixinTweaker has already been visited -- skipping
[08:54:35] [main/WARN] [LaunchWrapper]: Tweak class name org.spongepowered.asm.launch.MixinTweaker has already been visited -- skipping
[08:54:35] [main/WARN] [LaunchWrapper]: Tweak class name org.spongepowered.asm.launch.MixinTweaker has already been visited -- skipping
[08:54:35] [main/INFO] [LaunchWrapper]: Loading tweak class name net.minecraftforge.fml.common.launcher.FMLDeobfTweaker
[08:54:35] [main/INFO] [LaunchWrapper]: Calling tweak class net.minecraftforge.fml.common.launcher.FMLInjectionAndSortingTweaker
[08:54:35] [main/INFO] [LaunchWrapper]: Calling tweak class net.minecraftforge.fml.common.launcher.FMLInjectionAndSortingTweaker
[08:54:35] [main/INFO] [LaunchWrapper]: Calling tweak class net.jan.moddirector.launchwrapper.ModDirectorTweaker
[08:54:35] [main/DEBUG] [ModDirector/Tweaker[Launchwrapper]]: Fixing null game directory to /home/Minecraft/rlcraft-server/.
[08:54:35] [main/INFO] [ModDirector/ConfigurationController[CORE]]: Loading config config/mod-director/jsonpaintings.url.json
[08:54:35] [main/INFO] [ModDirector/ConfigurationController[CORE]]: Loading config config/mod-director/optifine.url.json
[08:54:35] [pool-2-thread-1/INFO] [ModDirector/InstallController[CORE]]: Skipping download of /home/Minecraft/rlcraft-server/mods/JSON-Paintings-v1.4.0-mc1.12.2.jar as the hashes match
[08:54:35] [pool-2-thread-2/DEBUG] [ModDirector/InstallSelector[CORE]]: Skipping mod /adloadx?f=OptiFine_1.12.2_HD_U_G5.jar because shouldTryInstall() returned false
[08:54:35] [main/INFO] [ModDirector/ForgeLateLoader[Launchwrapper]]: Found new CoreModManager at net.minecraftforge.fml.relauncher.CoreModManager!
[08:54:35] [main/INFO] [ModDirector/ForgeLateLoader[Launchwrapper]]: Found new ModAccessTransformer at net.minecraftforge.fml.common.asm.transformers.ModAccessTransformer!
[08:54:35] [main/INFO] [ModDirector/ForgeLateLoader[Launchwrapper]]: Trying to late load 0 mods
[08:54:35] [main/WARN] [ModDirector/ForgeLateLoader[Launchwrapper]]: Failed to find deobf tweaker, injecting after deobf tweaker at first place
[08:54:35] [main/INFO] [LaunchWrapper]: Calling tweak class net.minecraftforge.fml.relauncher.CoreModManager$FMLPluginWrapper
[08:54:35] [main/DEBUG] [FML]: Injecting coremod FMLCorePlugin \{net.minecraftforge.fml.relauncher.FMLCorePlugin\} class transformers
[08:54:35] [main/TRACE] [FML]: Registering transformer net.minecraftforge.fml.common.asm.transformers.SideTransformer
[08:54:35] [main/DEBUG] [mixin]: Checking for additional mixins for MixinEnvironment[PREINIT]
[08:54:35] [main/TRACE] [FML]: Registering transformer net.minecraftforge.fml.common.asm.transformers.EventSubscriptionTransformer
[08:54:35] [main/TRACE] [FML]: Registering transformer net.minecraftforge.fml.common.asm.transformers.EventSubscriberTransformer
[08:54:35] [main/TRACE] [FML]: Registering transformer net.minecraftforge.fml.common.asm.transformers.SoundEngineFixTransformer
[08:54:35] [main/DEBUG] [FML]: Injection complete
[08:54:35] [main/DEBUG] [FML]: Running coremod plugin for FMLCorePlugin \{net.minecraftforge.fml.relauncher.FMLCorePlugin\}
[08:54:35] [main/DEBUG] [FML]: Running coremod plugin FMLCorePlugin
[08:54:36] [main/DEBUG] [FML]: Read 1154 binary patches
[08:54:36] [main/DEBUG] [FML]: Loading deobfuscation resource /deobfuscation_data-1.12.2.lzma with 36076 records
[08:54:36] [main/INFO] [FML]: Found valid fingerprint for Minecraft Forge. Certificate fingerprint e3c3d50c7c986df74c645c0ac54639741c90a557
[08:54:36] [main/DEBUG] [FML]: Coremod plugin class FMLCorePlugin run successfully
[08:54:36] [main/INFO] [LaunchWrapper]: Calling tweak class net.minecraftforge.fml.relauncher.CoreModManager$FMLPluginWrapper
[08:54:36] [main/DEBUG] [FML]: Injecting coremod FMLForgePlugin \{net.minecraftforge.classloading.FMLForgePlugin\} class transformers
[08:54:36] [main/DEBUG] [FML]: Injection complete
[08:54:36] [main/DEBUG] [FML]: Running coremod plugin for FMLForgePlugin \{net.minecraftforge.classloading.FMLForgePlugin\}
[08:54:36] [main/DEBUG] [FML]: Running coremod plugin FMLForgePlugin
[08:54:36] [main/DEBUG] [FML]: Coremod plugin class FMLForgePlugin run successfully
[08:54:36] [main/INFO] [LaunchWrapper]: Calling tweak class net.minecraftforge.fml.relauncher.CoreModManager$FMLPluginWrapper
[08:54:36] [main/DEBUG] [FML]: Injecting coremod Better Biome Blend \{fionathemortal.betterbiomeblend.core.CoreMod\} class transformers
[08:54:36] [main/DEBUG] [FML]: Injection complete
[08:54:36] [main/DEBUG] [FML]: Running coremod plugin for Better Biome Blend \{fionathemortal.betterbiomeblend.core.CoreMod\}
[08:54:36] [main/DEBUG] [FML]: Running coremod plugin Better Biome Blend
[08:54:36] [main/INFO] [betterbiomeblend]: Found valid Mixin framework! Proceeding to load.
[08:54:36] [main/DEBUG] [FML]: Coremod plugin class CoreMod run successfully
[08:54:36] [main/INFO] [LaunchWrapper]: Calling tweak class net.minecraftforge.fml.relauncher.CoreModManager$FMLPluginWrapper
[08:54:36] [main/DEBUG] [FML]: Injecting coremod CharmLoadingPlugin \{svenhjol.charm.base.CharmLoadingPlugin\} class transformers
[08:54:36] [main/TRACE] [FML]: Registering transformer svenhjol.charm.base.CharmClassTransformer
[08:54:36] [main/DEBUG] [mixin]: Checking for additional mixins for MixinEnvironment[PREINIT]
[08:54:36] [main/DEBUG] [FML]: Injection complete
[08:54:36] [main/DEBUG] [FML]: Running coremod plugin for CharmLoadingPlugin \{svenhjol.charm.base.CharmLoadingPlugin\}
[08:54:36] [main/DEBUG] [FML]: Running coremod plugin CharmLoadingPlugin
[08:54:36] [main/DEBUG] [FML]: Coremod plugin class CharmLoadingPlugin run successfully
[08:54:36] [main/INFO] [LaunchWrapper]: Calling tweak class net.minecraftforge.fml.relauncher.CoreModManager$FMLPluginWrapper
[08:54:36] [main/DEBUG] [FML]: Injecting coremod CreativePatchingLoader \{com.creativemd.creativecore.core.CreativePatchingLoader\} class transformers
[08:54:36] [main/DEBUG] [FML]: Injection complete
[08:54:36] [main/DEBUG] [FML]: Running coremod plugin for CreativePatchingLoader \{com.creativemd.creativecore.core.CreativePatchingLoader\}
[08:54:36] [main/DEBUG] [FML]: Running coremod plugin CreativePatchingLoader
[08:54:36] [main/DEBUG] [FML]: Coremod plugin class CreativePatchingLoader run successfully
[08:54:36] [main/INFO] [LaunchWrapper]: Calling tweak class net.minecraftforge.fml.relauncher.CoreModManager$FMLPluginWrapper
[08:54:36] [main/DEBUG] [FML]: Injecting coremod FermiumASM \{mirror.normalasm.core.NormalLoadingPlugin\} class transformers
[08:54:36] [main/DEBUG] [FML]: Injection complete
[08:54:36] [main/DEBUG] [FML]: Running coremod plugin for FermiumASM \{mirror.normalasm.core.NormalLoadingPlugin\}
[08:54:36] [main/DEBUG] [FML]: Running coremod plugin FermiumASM
[08:54:36] [main/DEBUG] [FML]: Coremod plugin class NormalLoadingPlugin run successfully
[08:54:36] [main/INFO] [LaunchWrapper]: Calling tweak class net.minecraftforge.fml.relauncher.CoreModManager$FMLPluginWrapper
[08:54:36] [main/DEBUG] [FML]: Injecting coremod CorePlugin \{com.endertech.minecraft.forge.coremod.CorePlugin\} class transformers
[08:54:36] [main/DEBUG] [FML]: Injection complete
[08:54:36] [main/DEBUG] [FML]: Running coremod plugin for CorePlugin \{com.endertech.minecraft.forge.coremod.CorePlugin\}
[08:54:36] [main/DEBUG] [FML]: Running coremod plugin CorePlugin
[08:54:36] [main/DEBUG] [FML]: Coremod plugin class CorePlugin run successfully
[08:54:36] [main/INFO] [LaunchWrapper]: Calling tweak class net.minecraftforge.fml.relauncher.CoreModManager$FMLPluginWrapper
[08:54:36] [main/DEBUG] [FML]: Injecting coremod ForgelinPlugin \{net.shadowfacts.forgelin.preloader.ForgelinPlugin\} class transformers
[08:54:36] [main/DEBUG] [FML]: Injection complete
[08:54:36] [main/DEBUG] [FML]: Running coremod plugin for ForgelinPlugin \{net.shadowfacts.forgelin.preloader.ForgelinPlugin\}
[08:54:36] [main/DEBUG] [FML]: Running coremod plugin ForgelinPlugin
[08:54:36] [main/DEBUG] [FML]: Coremod plugin class ForgelinPlugin run successfully
[08:54:36] [main/INFO] [LaunchWrapper]: Calling tweak class net.minecraftforge.fml.relauncher.CoreModManager$FMLPluginWrapper
[08:54:36] [main/DEBUG] [FML]: Injecting coremod IceAndFirePlugin \{com.github.alexthe666.iceandfire.asm.IceAndFirePlugin\} class transformers
[08:54:36] [main/TRACE] [FML]: Registering transformer com.github.alexthe666.iceandfire.asm.IceAndFireClassTransformer
[08:54:36] [main/DEBUG] [FML]: Injection complete
[08:54:36] [main/DEBUG] [FML]: Running coremod plugin for IceAndFirePlugin \{com.github.alexthe666.iceandfire.asm.IceAndFirePlugin\}
[08:54:36] [main/DEBUG] [FML]: Running coremod plugin IceAndFirePlugin
[08:54:36] [main/DEBUG] [FML]: Coremod plugin class IceAndFirePlugin run successfully
[08:54:36] [main/INFO] [LaunchWrapper]: Calling tweak class net.minecraftforge.fml.relauncher.CoreModManager$FMLPluginWrapper
[08:54:36] [main/DEBUG] [FML]: Injecting coremod ItemPatchingLoader \{com.creativemd.itemphysic.ItemPatchingLoader\} class transformers
[08:54:36] [main/TRACE] [FML]: Registering transformer com.creativemd.itemphysic.ItemTransformer
[08:54:36] [main/DEBUG] [FML]: Injection complete
[08:54:36] [main/DEBUG] [FML]: Running coremod plugin for ItemPatchingLoader \{com.creativemd.itemphysic.ItemPatchingLoader\}
[08:54:36] [main/DEBUG] [FML]: Running coremod plugin ItemPatchingLoader
[08:54:36] [main/DEBUG] [FML]: Coremod plugin class ItemPatchingLoader run successfully
[08:54:36] [main/INFO] [LaunchWrapper]: Calling tweak class net.minecraftforge.fml.relauncher.CoreModManager$FMLPluginWrapper
[08:54:36] [main/DEBUG] [FML]: Injecting coremod IvToolkit \{ivorius.ivtoolkit.IvToolkitLoadingPlugin\} class transformers
[08:54:36] [main/DEBUG] [FML]: Injection complete
[08:54:36] [main/DEBUG] [FML]: Running coremod plugin for IvToolkit \{ivorius.ivtoolkit.IvToolkitLoadingPlugin\}
[08:54:36] [main/DEBUG] [FML]: Running coremod plugin IvToolkit
[08:54:36] [main/DEBUG] [FML]: Coremod plugin class IvToolkitLoadingPlugin run successfully
[08:54:36] [main/INFO] [LaunchWrapper]: Calling tweak class net.minecraftforge.fml.relauncher.CoreModManager$FMLPluginWrapper
[08:54:36] [main/DEBUG] [FML]: Injecting coremod MMFMLCorePlugin \{atomicstryker.multimine.common.fmlmagic.MMFMLCorePlugin\} class transformers
[08:54:36] [main/TRACE] [FML]: Registering transformer atomicstryker.multimine.common.fmlmagic.MMTransformer
[08:54:36] [main/DEBUG] [FML]: Injection complete
[08:54:36] [main/DEBUG] [FML]: Running coremod plugin for MMFMLCorePlugin \{atomicstryker.multimine.common.fmlmagic.MMFMLCorePlugin\}
[08:54:36] [main/DEBUG] [FML]: Running coremod plugin MMFMLCorePlugin
[08:54:36] [main/DEBUG] [FML]: Coremod plugin class MMFMLCorePlugin run successfully
[08:54:36] [main/INFO] [LaunchWrapper]: Calling tweak class net.minecraftforge.fml.relauncher.CoreModManager$FMLPluginWrapper
[08:54:36] [main/DEBUG] [FML]: Injecting coremod OTGCorePlugin \{com.pg85.otg.forge.asm.excluded.launch.OTGCorePlugin\} class transformers
[08:54:36] [main/TRACE] [FML]: Registering transformer com.pg85.otg.forge.asm.excluded.OTGClassTransformer
[08:54:36] [main/DEBUG] [FML]: Injection complete
[08:54:36] [main/DEBUG] [FML]: Running coremod plugin for OTGCorePlugin \{com.pg85.otg.forge.asm.excluded.launch.OTGCorePlugin\}
[08:54:36] [main/DEBUG] [FML]: Running coremod plugin OTGCorePlugin
[08:54:36] [main/DEBUG] [FML]: Coremod plugin class OTGCorePlugin run successfully
[08:54:36] [main/INFO] [LaunchWrapper]: Calling tweak class net.minecraftforge.fml.relauncher.CoreModManager$FMLPluginWrapper
[08:54:36] [main/DEBUG] [FML]: Injecting coremod PCF Core Mod \{nathan.phosphorcrashfix.core.PCFCoreMod\} class transformers
[08:54:36] [main/TRACE] [FML]: Registering transformer nathan.phosphorcrashfix.patches.PhosphorSlicePatch
[08:54:36] [main/DEBUG] [FML]: Injection complete
[08:54:36] [main/DEBUG] [FML]: Running coremod plugin for PCF Core Mod \{nathan.phosphorcrashfix.core.PCFCoreMod\}
[08:54:36] [main/DEBUG] [FML]: Running coremod plugin PCF Core Mod
[08:54:36] [main/DEBUG] [FML]: Coremod plugin class PCFCoreMod run successfully
[08:54:36] [main/INFO] [LaunchWrapper]: Calling tweak class net.minecraftforge.fml.relauncher.CoreModManager$FMLPluginWrapper
[08:54:36] [main/DEBUG] [FML]: Injecting coremod RBLoadingPlugin \{pw.prok.realbench.asm.RBLoadingPlugin\} class transformers
[08:54:36] [main/TRACE] [FML]: Registering transformer pw.prok.realbench.asm.RBTransformer
[08:54:36] [main/DEBUG] [FML]: Injection complete
[08:54:36] [main/DEBUG] [FML]: Running coremod plugin for RBLoadingPlugin \{pw.prok.realbench.asm.RBLoadingPlugin\}
[08:54:36] [main/DEBUG] [FML]: Running coremod plugin RBLoadingPlugin
[08:54:36] [main/DEBUG] [FML]: Coremod plugin class RBLoadingPlugin run successfully
[08:54:36] [main/INFO] [LaunchWrapper]: Calling tweak class net.minecraftforge.fml.relauncher.CoreModManager$FMLPluginWrapper
[08:54:36] [main/DEBUG] [FML]: Injecting coremod LoadingPlugin \{codersafterdark.reskillable.base.asm.LoadingPlugin\} class transformers
[08:54:36] [main/TRACE] [FML]: Registering transformer codersafterdark.reskillable.base.asm.ClassTransformer
[08:54:36] [main/DEBUG] [FML]: Injection complete
[08:54:36] [main/DEBUG] [FML]: Running coremod plugin for LoadingPlugin \{codersafterdark.reskillable.base.asm.LoadingPlugin\}
[08:54:36] [main/DEBUG] [FML]: Running coremod plugin LoadingPlugin
[08:54:36] [main/DEBUG] [FML]: Coremod plugin class LoadingPlugin run successfully
[08:54:36] [main/INFO] [LaunchWrapper]: Calling tweak class net.minecraftforge.fml.relauncher.CoreModManager$FMLPluginWrapper
[08:54:36] [main/DEBUG] [FML]: Injecting coremod SSLoadingPlugin \{sereneseasons.asm.SSLoadingPlugin\} class transformers
[08:54:36] [main/TRACE] [FML]: Registering transformer sereneseasons.asm.transformer.EntityRendererTransformer
[08:54:36] [main/TRACE] [FML]: Registering transformer sereneseasons.asm.transformer.WorldTransformer
[08:54:36] [main/DEBUG] [FML]: Injection complete
[08:54:36] [main/DEBUG] [FML]: Running coremod plugin for SSLoadingPlugin \{sereneseasons.asm.SSLoadingPlugin\}
[08:54:36] [main/DEBUG] [FML]: Running coremod plugin SSLoadingPlugin
[08:54:36] [main/DEBUG] [FML]: Coremod plugin class SSLoadingPlugin run successfully
[08:54:36] [main/INFO] [LaunchWrapper]: Calling tweak class org.spongepowered.asm.launch.MixinTweaker
[08:54:36] [main/DEBUG] [mixin]: Processing prepare() for PlatformAgent[MixinPlatformAgentFMLLegacy:ContainerHandleURI(file:/home/Minecraft/rlcraft-server/./mods/%60FermiumBooter-1.3.2.jar)]
[08:54:36] [main/DEBUG] [mixin]: Processing prepare() for PlatformAgent[MixinPlatformAgentDefault:ContainerHandleURI(file:/home/Minecraft/rlcraft-server/./mods/%60FermiumBooter-1.3.2.jar)]
[08:54:36] [main/DEBUG] [mixin]: Processing prepare() for PlatformAgent[MixinPlatformAgentFMLLegacy:ContainerHandleURI(file:/home/Minecraft/rlcraft-server/./mods/Amphithere%20Mod-1.0.2.jar)]
[08:54:36] [main/DEBUG] [mixin]: Processing prepare() for PlatformAgent[MixinPlatformAgentDefault:ContainerHandleURI(file:/home/Minecraft/rlcraft-server/./mods/Amphithere%20Mod-1.0.2.jar)]
[08:54:36] [main/DEBUG] [mixin]: Processing prepare() for PlatformAgent[MixinPlatformAgentFMLLegacy:ContainerHandleURI(file:/home/Minecraft/rlcraft-server/./mods/AntiqueAtlasAutoMarker-1.4.2.2.jar)]
[08:54:36] [main/DEBUG] [mixin]: Processing prepare() for PlatformAgent[MixinPlatformAgentDefault:ContainerHandleURI(file:/home/Minecraft/rlcraft-server/./mods/AntiqueAtlasAutoMarker-1.4.2.2.jar)]
[08:54:36] [main/DEBUG] [mixin]: Processing prepare() for PlatformAgent[MixinPlatformAgentFMLLegacy:ContainerHandleURI(file:/home/Minecraft/rlcraft-server/./mods/BedBreakBegone-1.0.2.jar)]
[08:54:36] [main/DEBUG] [mixin]: Processing prepare() for PlatformAgent[MixinPlatformAgentDefault:ContainerHandleURI(file:/home/Minecraft/rlcraft-server/./mods/BedBreakBegone-1.0.2.jar)]
[08:54:36] [main/DEBUG] [mixin]: Processing prepare() for PlatformAgent[MixinPlatformAgentDefault:ContainerHandleURI(file:/home/Minecraft/rlcraft-server/./mods/BHMenu-Forge-1.12.2-2.4.5.jar)]
[08:54:36] [main/DEBUG] [mixin]: Registering mixin config: bhmenu.mixins.json source=ContainerHandleURI(file:/home/Minecraft/rlcraft-server/./mods/BHMenu-Forge-1.12.2-2.4.5.jar)
[08:54:36] [main/DEBUG] [mixin]: Processing prepare() for PlatformAgent[MixinPlatformAgentFMLLegacy:ContainerHandleURI(file:/home/Minecraft/rlcraft-server/./mods/BoatDeleteBegone-1.1.2.jar)]
[08:54:36] [main/DEBUG] [mixin]: Processing prepare() for PlatformAgent[MixinPlatformAgentDefault:ContainerHandleURI(file:/home/Minecraft/rlcraft-server/./mods/BoatDeleteBegone-1.1.2.jar)]
[08:54:36] [main/DEBUG] [mixin]: Processing prepare() for PlatformAgent[MixinPlatformAgentFMLLegacy:ContainerHandleURI(file:/home/Minecraft/rlcraft-server/./mods/Bounceable-1.0.1.jar)]
[08:54:36] [main/DEBUG] [mixin]: Processing prepare() for PlatformAgent[MixinPlatformAgentDefault:ContainerHandleURI(file:/home/Minecraft/rlcraft-server/./mods/Bounceable-1.0.1.jar)]
[08:54:36] [main/DEBUG] [mixin]: Processing prepare() for PlatformAgent[MixinPlatformAgentFMLLegacy:ContainerHandleURI(file:/home/Minecraft/rlcraft-server/./mods/DynamicSurroundings-1.12.2-3.6.2.1.jar)]
[08:54:36] [main/DEBUG] [mixin]: Processing prepare() for PlatformAgent[MixinPlatformAgentDefault:ContainerHandleURI(file:/home/Minecraft/rlcraft-server/./mods/DynamicSurroundings-1.12.2-3.6.2.1.jar)]
[08:54:36] [main/DEBUG] [mixin]: Registering mixin config: mixins.dsurround.json source=ContainerHandleURI(file:/home/Minecraft/rlcraft-server/./mods/DynamicSurroundings-1.12.2-3.6.2.1.jar)
[08:54:36] [main/DEBUG] [mixin]: Processing prepare() for PlatformAgent[MixinPlatformAgentFMLLegacy:ContainerHandleURI(file:/home/Minecraft/rlcraft-server/./mods/EagleMixins-1.1.7.jar)]
[08:54:36] [main/DEBUG] [mixin]: Processing prepare() for PlatformAgent[MixinPlatformAgentDefault:ContainerHandleURI(file:/home/Minecraft/rlcraft-server/./mods/EagleMixins-1.1.7.jar)]
[08:54:36] [main/DEBUG] [mixin]: Processing prepare() for PlatformAgent[MixinPlatformAgentFMLLegacy:ContainerHandleURI(file:/home/Minecraft/rlcraft-server/./mods/EditableEdibles-1.3.3.jar)]
[08:54:36] [main/DEBUG] [mixin]: Processing prepare() for PlatformAgent[MixinPlatformAgentDefault:ContainerHandleURI(file:/home/Minecraft/rlcraft-server/./mods/EditableEdibles-1.3.3.jar)]
[08:54:36] [main/DEBUG] [mixin]: Processing prepare() for PlatformAgent[MixinPlatformAgentFMLLegacy:ContainerHandleURI(file:/home/Minecraft/rlcraft-server/./mods/fancymenu_forge_2.14.9_MC_1.12-1.12.2.jar)]
[08:54:36] [main/DEBUG] [mixin]: Processing prepare() for PlatformAgent[MixinPlatformAgentDefault:ContainerHandleURI(file:/home/Minecraft/rlcraft-server/./mods/fancymenu_forge_2.14.9_MC_1.12-1.12.2.jar)]
[08:54:36] [main/DEBUG] [mixin]: Processing prepare() for PlatformAgent[MixinPlatformAgentFMLLegacy:ContainerHandleURI(file:/home/Minecraft/rlcraft-server/./mods/FermiumMixins-1.0.9.jar)]
[08:54:36] [main/DEBUG] [mixin]: Processing prepare() for PlatformAgent[MixinPlatformAgentDefault:ContainerHandleURI(file:/home/Minecraft/rlcraft-server/./mods/FermiumMixins-1.0.9.jar)]
[08:54:36] [main/DEBUG] [mixin]: Processing prepare() for PlatformAgent[MixinPlatformAgentFMLLegacy:ContainerHandleURI(file:/home/Minecraft/rlcraft-server/./mods/framevoidpatch-1.0.0.jar)]
[08:54:36] [main/DEBUG] [mixin]: Processing prepare() for PlatformAgent[MixinPlatformAgentDefault:ContainerHandleURI(file:/home/Minecraft/rlcraft-server/./mods/framevoidpatch-1.0.0.jar)]
[08:54:36] [main/DEBUG] [mixin]: Registering mixin config: mixins.framevoidpatch.json source=ContainerHandleURI(file:/home/Minecraft/rlcraft-server/./mods/framevoidpatch-1.0.0.jar)
[08:54:36] [main/DEBUG] [mixin]: Processing prepare() for PlatformAgent[MixinPlatformAgentFMLLegacy:ContainerHandleURI(file:/home/Minecraft/rlcraft-server/./mods/FurnaceXPStorage-1.1.4.jar)]
[08:54:36] [main/DEBUG] [mixin]: Processing prepare() for PlatformAgent[MixinPlatformAgentDefault:ContainerHandleURI(file:/home/Minecraft/rlcraft-server/./mods/FurnaceXPStorage-1.1.4.jar)]
[08:54:36] [main/DEBUG] [mixin]: Processing prepare() for PlatformAgent[MixinPlatformAgentFMLLegacy:ContainerHandleURI(file:/home/Minecraft/rlcraft-server/./mods/konkrete_forge_1.6.1_MC_1.12-1.12.2.jar)]
[08:54:36] [main/DEBUG] [mixin]: Processing prepare() for PlatformAgent[MixinPlatformAgentDefault:ContainerHandleURI(file:/home/Minecraft/rlcraft-server/./mods/konkrete_forge_1.6.1_MC_1.12-1.12.2.jar)]
[08:54:36] [main/DEBUG] [mixin]: Processing prepare() for PlatformAgent[MixinPlatformAgentFMLLegacy:ContainerHandleURI(file:/home/Minecraft/rlcraft-server/./mods/Localizator-1.12.2-1.0.14.jar)]
[08:54:36] [main/DEBUG] [mixin]: Processing prepare() for PlatformAgent[MixinPlatformAgentDefault:ContainerHandleURI(file:/home/Minecraft/rlcraft-server/./mods/Localizator-1.12.2-1.0.14.jar)]
[08:54:36] [main/DEBUG] [mixin]: Processing prepare() for PlatformAgent[MixinPlatformAgentFMLLegacy:ContainerHandleURI(file:/home/Minecraft/rlcraft-server/./mods/Locks-1.12.2-3.0.0.jar)]
[08:54:36] [main/DEBUG] [mixin]: Processing prepare() for PlatformAgent[MixinPlatformAgentDefault:ContainerHandleURI(file:/home/Minecraft/rlcraft-server/./mods/Locks-1.12.2-3.0.0.jar)]
[08:54:36] [main/DEBUG] [mixin]: Registering mixin config: mixins.locks.json source=ContainerHandleURI(file:/home/Minecraft/rlcraft-server/./mods/Locks-1.12.2-3.0.0.jar)
[08:54:36] [main/DEBUG] [mixin]: Processing prepare() for PlatformAgent[MixinPlatformAgentFMLLegacy:ContainerHandleURI(file:/home/Minecraft/rlcraft-server/./mods/MaterialTweaker-1.1.1.jar)]
[08:54:36] [main/DEBUG] [mixin]: Processing prepare() for PlatformAgent[MixinPlatformAgentDefault:ContainerHandleURI(file:/home/Minecraft/rlcraft-server/./mods/MaterialTweaker-1.1.1.jar)]
[08:54:36] [main/DEBUG] [mixin]: Processing prepare() for PlatformAgent[MixinPlatformAgentFMLLegacy:ContainerHandleURI(file:/home/Minecraft/rlcraft-server/./mods/NoiseThreader-1.1.1.jar)]
[08:54:36] [main/DEBUG] [mixin]: Processing prepare() for PlatformAgent[MixinPlatformAgentDefault:ContainerHandleURI(file:/home/Minecraft/rlcraft-server/./mods/NoiseThreader-1.1.1.jar)]
[08:54:36] [main/DEBUG] [mixin]: Processing prepare() for PlatformAgent[MixinPlatformAgentFMLLegacy:ContainerHandleURI(file:/home/Minecraft/rlcraft-server/./mods/OptifineCITPatch-1.0.4.jar)]
[08:54:36] [main/DEBUG] [mixin]: Processing prepare() for PlatformAgent[MixinPlatformAgentDefault:ContainerHandleURI(file:/home/Minecraft/rlcraft-server/./mods/OptifineCITPatch-1.0.4.jar)]
[08:54:36] [main/DEBUG] [mixin]: Processing prepare() for PlatformAgent[MixinPlatformAgentFMLLegacy:ContainerHandleURI(file:/home/Minecraft/rlcraft-server/./mods/particleculling-1.12.2-v1.4.3.jar)]
[08:54:36] [main/DEBUG] [mixin]: Processing prepare() for PlatformAgent[MixinPlatformAgentDefault:ContainerHandleURI(file:/home/Minecraft/rlcraft-server/./mods/particleculling-1.12.2-v1.4.3.jar)]
[08:54:36] [main/DEBUG] [mixin]: Processing prepare() for PlatformAgent[MixinPlatformAgentFMLLegacy:ContainerHandleURI(file:/home/Minecraft/rlcraft-server/./mods/RLCombat-1.12.2-2.2.4.jar)]
[08:54:36] [main/DEBUG] [mixin]: Processing prepare() for PlatformAgent[MixinPlatformAgentDefault:ContainerHandleURI(file:/home/Minecraft/rlcraft-server/./mods/RLCombat-1.12.2-2.2.4.jar)]
[08:54:36] [main/DEBUG] [mixin]: Processing prepare() for PlatformAgent[MixinPlatformAgentFMLLegacy:ContainerHandleURI(file:/home/Minecraft/rlcraft-server/./mods/RLCraftLuckified-1.1.1.jar)]
[08:54:36] [main/DEBUG] [mixin]: Processing prepare() for PlatformAgent[MixinPlatformAgentDefault:ContainerHandleURI(file:/home/Minecraft/rlcraft-server/./mods/RLCraftLuckified-1.1.1.jar)]
[08:54:36] [main/DEBUG] [mixin]: Processing prepare() for PlatformAgent[MixinPlatformAgentFMLLegacy:ContainerHandleURI(file:/home/Minecraft/rlcraft-server/./mods/RLMixins-1.4.6.jar)]
[08:54:36] [main/DEBUG] [mixin]: Processing prepare() for PlatformAgent[MixinPlatformAgentDefault:ContainerHandleURI(file:/home/Minecraft/rlcraft-server/./mods/RLMixins-1.4.6.jar)]
[08:54:36] [main/DEBUG] [mixin]: Processing prepare() for PlatformAgent[MixinPlatformAgentFMLLegacy:ContainerHandleURI(file:/home/Minecraft/rlcraft-server/./mods/SnowRealMagic-1.12.2-0.7.4.jar)]
[08:54:36] [main/DEBUG] [mixin]: Processing prepare() for PlatformAgent[MixinPlatformAgentDefault:ContainerHandleURI(file:/home/Minecraft/rlcraft-server/./mods/SnowRealMagic-1.12.2-0.7.4.jar)]
[08:54:36] [main/DEBUG] [mixin]: Registering mixin config: mixins.snowrealmagic.json source=ContainerHandleURI(file:/home/Minecraft/rlcraft-server/./mods/SnowRealMagic-1.12.2-0.7.4.jar)
[08:54:36] [main/DEBUG] [mixin]: Processing prepare() for PlatformAgent[MixinPlatformAgentFMLLegacy:ContainerHandleURI(file:/home/Minecraft/rlcraft-server/./mods/SoManyEnchantments-1.0.7-1.12.2.jar)]
[08:54:36] [main/DEBUG] [mixin]: Processing prepare() for PlatformAgent[MixinPlatformAgentDefault:ContainerHandleURI(file:/home/Minecraft/rlcraft-server/./mods/SoManyEnchantments-1.0.7-1.12.2.jar)]
[08:54:36] [main/DEBUG] [mixin]: Processing prepare() for PlatformAgent[MixinPlatformAgentFMLLegacy:ContainerHandleURI(file:/home/Minecraft/rlcraft-server/./mods/spark-unforged-1.11.140-forge.jar)]
[08:54:36] [main/DEBUG] [mixin]: Processing prepare() for PlatformAgent[MixinPlatformAgentDefault:ContainerHandleURI(file:/home/Minecraft/rlcraft-server/./mods/spark-unforged-1.11.140-forge.jar)]
[08:54:36] [main/DEBUG] [mixin]: Processing prepare() for PlatformAgent[MixinPlatformAgentFMLLegacy:ContainerHandleURI(file:/home/Minecraft/rlcraft-server/./mods/SpartanWeaponry-1.12.2-1.6.1.jar)]
[08:54:36] [main/DEBUG] [mixin]: Processing prepare() for PlatformAgent[MixinPlatformAgentDefault:ContainerHandleURI(file:/home/Minecraft/rlcraft-server/./mods/SpartanWeaponry-1.12.2-1.6.1.jar)]
[08:54:36] [main/DEBUG] [mixin]: Processing prepare() for PlatformAgent[MixinPlatformAgentFMLLegacy:ContainerHandleURI(file:/home/Minecraft/rlcraft-server/./mods/SRPMixins-2.9.1.1.jar)]
[08:54:36] [main/DEBUG] [mixin]: Processing prepare() for PlatformAgent[MixinPlatformAgentDefault:ContainerHandleURI(file:/home/Minecraft/rlcraft-server/./mods/SRPMixins-2.9.1.1.jar)]
[08:54:36] [main/DEBUG] [mixin]: Processing prepare() for PlatformAgent[MixinPlatformAgentFMLLegacy:ContainerHandleURI(file:/home/Minecraft/rlcraft-server/./mods/Surge-1.12.2-2.0.79.jar)]
[08:54:36] [main/DEBUG] [mixin]: Processing prepare() for PlatformAgent[MixinPlatformAgentDefault:ContainerHandleURI(file:/home/Minecraft/rlcraft-server/./mods/Surge-1.12.2-2.0.79.jar)]
[08:54:36] [main/DEBUG] [mixin]: Registering mixin config: mixins.surge.json source=ContainerHandleURI(file:/home/Minecraft/rlcraft-server/./mods/Surge-1.12.2-2.0.79.jar)
[08:54:36] [main/DEBUG] [mixin]: Processing prepare() for PlatformAgent[MixinPlatformAgentFMLLegacy:ContainerHandleURI(file:/home/Minecraft/rlcraft-server/./mods/VCFix-1.0.1.jar)]
[08:54:36] [main/DEBUG] [mixin]: Processing prepare() for PlatformAgent[MixinPlatformAgentDefault:ContainerHandleURI(file:/home/Minecraft/rlcraft-server/./mods/VCFix-1.0.1.jar)]
[08:54:36] [main/DEBUG] [mixin]: Processing prepare() for PlatformAgent[MixinPlatformAgentFMLLegacy:ContainerHandleURI(file:/home/Minecraft/rlcraft-server/./mods/WolfArmorAndStorage-3.8.1+1.12.2.alpha.1-SNAPSHOT-signed.jar)]
[08:54:36] [main/DEBUG] [mixin]: Processing prepare() for PlatformAgent[MixinPlatformAgentDefault:ContainerHandleURI(file:/home/Minecraft/rlcraft-server/./mods/WolfArmorAndStorage-3.8.1+1.12.2.alpha.1-SNAPSHOT-signed.jar)]
[08:54:36] [main/DEBUG] [mixin]: Registering mixin config: mixins.wolfarmor.core.json source=ContainerHandleURI(file:/home/Minecraft/rlcraft-server/./mods/WolfArmorAndStorage-3.8.1+1.12.2.alpha.1-SNAPSHOT-signed.jar)
[08:54:36] [main/DEBUG] [mixin]: Processing prepare() for PlatformAgent[MixinPlatformAgentFMLLegacy:ContainerHandleURI(file:/home/Minecraft/rlcraft-server/./mods/phosphor-1.12.2-0.2.6+build50-universal.jar)]
[08:54:36] [main/DEBUG] [mixin]: Processing prepare() for PlatformAgent[MixinPlatformAgentDefault:ContainerHandleURI(file:/home/Minecraft/rlcraft-server/./mods/phosphor-1.12.2-0.2.6+build50-universal.jar)]
[08:54:36] [main/DEBUG] [mixin]: Creating FML remapper adapter: org.spongepowered.asm.bridge.RemapperAdapterFML
[08:54:36] [main/DEBUG] [mixin]: Checking for additional mixins for MixinEnvironment[PREINIT]
[08:54:36] [main/INFO] [mixin]: Initialised Mixin FML Remapper Adapter with net.minecraftforge.fml.common.asm.transformers.deobf.FMLDeobfuscatingRemapper@3e36b7a0
[08:54:36] [main/DEBUG] [mixin]: Processing launch tasks for PlatformAgent[MixinPlatformAgentFMLLegacy:ContainerHandleURI(file:/home/Minecraft/rlcraft-server/./mods/%60FermiumBooter-1.3.2.jar)]
[08:54:36] [main/DEBUG] [mixin]: Processing launch tasks for PlatformAgent[MixinPlatformAgentDefault:ContainerHandleURI(file:/home/Minecraft/rlcraft-server/./mods/%60FermiumBooter-1.3.2.jar)]
[08:54:36] [main/DEBUG] [org.spongepowered.asm.service.mojang.MixinServiceLaunchWrapper]: Scanning file:/home/Minecraft/rlcraft-server/forge-1.12.2-14.23.5.2860.jar for mixin tweaker
[08:54:36] [main/DEBUG] [org.spongepowered.asm.service.mojang.MixinServiceLaunchWrapper]: Scanning file:/home/Minecraft/rlcraft-server/./mods/!mod-director-launchwrapper-1.9.1.jar for mixin tweaker
[08:54:36] [main/DEBUG] [org.spongepowered.asm.service.mojang.MixinServiceLaunchWrapper]: Scanning file:/home/Minecraft/rlcraft-server/./mods/%60FermiumBooter-1.3.2.jar for mixin tweaker
[08:54:36] [main/DEBUG] [org.spongepowered.asm.service.mojang.MixinServiceLaunchWrapper]: Scanning file:/home/Minecraft/rlcraft-server/./mods/Amphithere%20Mod-1.0.2.jar for mixin tweaker
[08:54:36] [main/DEBUG] [org.spongepowered.asm.service.mojang.MixinServiceLaunchWrapper]: Scanning file:/home/Minecraft/rlcraft-server/./mods/AntiqueAtlasAutoMarker-1.4.2.2.jar for mixin tweaker
[08:54:36] [main/DEBUG] [org.spongepowered.asm.service.mojang.MixinServiceLaunchWrapper]: Scanning file:/home/Minecraft/rlcraft-server/./mods/Baubley-Elytra-v1.3.3-mc1.12.2.jar for mixin tweaker
[08:54:36] [main/DEBUG] [org.spongepowered.asm.service.mojang.MixinServiceLaunchWrapper]: Scanning file:/home/Minecraft/rlcraft-server/./mods/BedBreakBegone-1.0.2.jar for mixin tweaker
[08:54:36] [main/DEBUG] [org.spongepowered.asm.service.mojang.MixinServiceLaunchWrapper]: Scanning file:/home/Minecraft/rlcraft-server/./mods/betterbiomeblend-1.12.2-1.1.7-forge.jar for mixin tweaker
[08:54:36] [main/DEBUG] [org.spongepowered.asm.service.mojang.MixinServiceLaunchWrapper]: Scanning file:/home/Minecraft/rlcraft-server/./mods/BHMenu-Forge-1.12.2-2.4.5.jar for mixin tweaker
[08:54:36] [main/DEBUG] [org.spongepowered.asm.service.mojang.MixinServiceLaunchWrapper]: Scanning file:/home/Minecraft/rlcraft-server/./mods/Bloodmoon-MC1.12.2-1.5.3.jar for mixin tweaker
[08:54:36] [main/DEBUG] [org.spongepowered.asm.service.mojang.MixinServiceLaunchWrapper]: Scanning file:/home/Minecraft/rlcraft-server/./mods/BoatDeleteBegone-1.1.2.jar for mixin tweaker
[08:54:36] [main/DEBUG] [org.spongepowered.asm.service.mojang.MixinServiceLaunchWrapper]: Scanning file:/home/Minecraft/rlcraft-server/./mods/Born%20In%20A%20Barn%201.8-1.12-1.2.jar for mixin tweaker
[08:54:36] [main/DEBUG] [org.spongepowered.asm.service.mojang.MixinServiceLaunchWrapper]: Scanning file:/home/Minecraft/rlcraft-server/./mods/Bounceable-1.0.1.jar for mixin tweaker
[08:54:36] [main/DEBUG] [org.spongepowered.asm.service.mojang.MixinServiceLaunchWrapper]: Scanning file:/home/Minecraft/rlcraft-server/./mods/Charm-1.12.2-1.4.1.jar for mixin tweaker
[08:54:36] [main/DEBUG] [org.spongepowered.asm.service.mojang.MixinServiceLaunchWrapper]: Scanning file:/home/Minecraft/rlcraft-server/./mods/ChunkAnimator-1.12.2-1.2.1.jar for mixin tweaker
[08:54:36] [main/DEBUG] [org.spongepowered.asm.service.mojang.MixinServiceLaunchWrapper]: Scanning file:/home/Minecraft/rlcraft-server/./mods/ContentCreator-1.3.7-fix2.jar for mixin tweaker
[08:54:36] [main/DEBUG] [org.spongepowered.asm.service.mojang.MixinServiceLaunchWrapper]: Scanning file:/home/Minecraft/rlcraft-server/./mods/CreativeCore_v1.10.71_mc1.12.2.jar for mixin tweaker
[08:54:36] [main/DEBUG] [org.spongepowered.asm.service.mojang.MixinServiceLaunchWrapper]: Scanning file:/home/Minecraft/rlcraft-server/./mods/DynamicSurroundings-1.12.2-3.6.2.1.jar for mixin tweaker
[08:54:36] [main/DEBUG] [org.spongepowered.asm.service.mojang.MixinServiceLaunchWrapper]: Scanning file:/home/Minecraft/rlcraft-server/./mods/EagleMixins-1.1.7.jar for mixin tweaker
[08:54:36] [main/DEBUG] [org.spongepowered.asm.service.mojang.MixinServiceLaunchWrapper]: Scanning file:/home/Minecraft/rlcraft-server/./mods/EditableEdibles-1.3.3.jar for mixin tweaker
[08:54:36] [main/DEBUG] [org.spongepowered.asm.service.mojang.MixinServiceLaunchWrapper]: Scanning file:/home/Minecraft/rlcraft-server/./mods/fancymenu_forge_2.14.9_MC_1.12-1.12.2.jar for mixin tweaker
[08:54:36] [main/DEBUG] [org.spongepowered.asm.service.mojang.MixinServiceLaunchWrapper]: Scanning file:/home/Minecraft/rlcraft-server/./mods/fermiumasm-5.28.jar for mixin tweaker
[08:54:37] [main/DEBUG] [org.spongepowered.asm.service.mojang.MixinServiceLaunchWrapper]: Scanning file:/home/Minecraft/rlcraft-server/./mods/FermiumMixins-1.0.9.jar for mixin tweaker
[08:54:37] [main/DEBUG] [org.spongepowered.asm.service.mojang.MixinServiceLaunchWrapper]: Scanning file:/home/Minecraft/rlcraft-server/./mods/foamfix-0.10.15-1.12.2.jar for mixin tweaker
[08:54:37] [main/DEBUG] [org.spongepowered.asm.service.mojang.MixinServiceLaunchWrapper]: Scanning file:/home/Minecraft/rlcraft-server/./mods/ForgeEndertech-1.12.2-4.5.6.1-build.0648.jar for mixin tweaker
[08:54:37] [main/DEBUG] [org.spongepowered.asm.service.mojang.MixinServiceLaunchWrapper]: Scanning file:/home/Minecraft/rlcraft-server/./mods/Forgelin-1.8.4.jar for mixin tweaker
[08:54:37] [main/DEBUG] [org.spongepowered.asm.service.mojang.MixinServiceLaunchWrapper]: Scanning file:/home/Minecraft/rlcraft-server/./mods/framevoidpatch-1.0.0.jar for mixin tweaker
[08:54:37] [main/DEBUG] [org.spongepowered.asm.service.mojang.MixinServiceLaunchWrapper]: Scanning file:/home/Minecraft/rlcraft-server/./mods/FurnaceXPStorage-1.1.4.jar for mixin tweaker
[08:54:37] [main/DEBUG] [org.spongepowered.asm.service.mojang.MixinServiceLaunchWrapper]: Scanning file:/home/Minecraft/rlcraft-server/./mods/Ice%20and%20Fire-2.0.9.jar for mixin tweaker
[08:54:37] [main/DEBUG] [org.spongepowered.asm.service.mojang.MixinServiceLaunchWrapper]: Scanning file:/home/Minecraft/rlcraft-server/./mods/InventoryTweaks-1.64+dev.151.jar for mixin tweaker
[08:54:37] [main/DEBUG] [org.spongepowered.asm.service.mojang.MixinServiceLaunchWrapper]: Scanning file:/home/Minecraft/rlcraft-server/./mods/ItemPhysic_Full_1.4.37_mc1.12.2.jar for mixin tweaker
[08:54:37] [main/DEBUG] [org.spongepowered.asm.service.mojang.MixinServiceLaunchWrapper]: Scanning file:/home/Minecraft/rlcraft-server/./mods/IvToolkit-1.3.3-1.12.jar for mixin tweaker
[08:54:37] [main/DEBUG] [org.spongepowered.asm.service.mojang.MixinServiceLaunchWrapper]: Scanning file:/home/Minecraft/rlcraft-server/./mods/JSON-Paintings-v1.4.0-mc1.12.2.jar for mixin tweaker
[08:54:37] [main/DEBUG] [org.spongepowered.asm.service.mojang.MixinServiceLaunchWrapper]: Scanning file:/home/Minecraft/rlcraft-server/./mods/konkrete_forge_1.6.1_MC_1.12-1.12.2.jar for mixin tweaker
[08:54:37] [main/DEBUG] [org.spongepowered.asm.service.mojang.MixinServiceLaunchWrapper]: Scanning file:/home/Minecraft/rlcraft-server/./mods/librarianlib-1.12.2-4.22.jar for mixin tweaker
[08:54:37] [main/DEBUG] [org.spongepowered.asm.service.mojang.MixinServiceLaunchWrapper]: Scanning file:/home/Minecraft/rlcraft-server/./mods/Localizator-1.12.2-1.0.14.jar for mixin tweaker
[08:54:37] [main/DEBUG] [org.spongepowered.asm.service.mojang.MixinServiceLaunchWrapper]: Scanning file:/home/Minecraft/rlcraft-server/./mods/Locks-1.12.2-3.0.0.jar for mixin tweaker
[08:54:37] [main/DEBUG] [org.spongepowered.asm.service.mojang.MixinServiceLaunchWrapper]: Scanning file:/home/Minecraft/rlcraft-server/./mods/MaterialTweaker-1.1.1.jar for mixin tweaker
[08:54:37] [main/DEBUG] [org.spongepowered.asm.service.mojang.MixinServiceLaunchWrapper]: Scanning file:/home/Minecraft/rlcraft-server/./mods/MultiMine-1.12.2.jar for mixin tweaker
[08:54:37] [main/DEBUG] [org.spongepowered.asm.service.mojang.MixinServiceLaunchWrapper]: Scanning file:/home/Minecraft/rlcraft-server/./mods/NoiseThreader-1.1.1.jar for mixin tweaker
[08:54:37] [main/DEBUG] [org.spongepowered.asm.service.mojang.MixinServiceLaunchWrapper]: Scanning file:/home/Minecraft/rlcraft-server/./mods/OptifineCITPatch-1.0.4.jar for mixin tweaker
[08:54:37] [main/DEBUG] [org.spongepowered.asm.service.mojang.MixinServiceLaunchWrapper]: Scanning file:/home/Minecraft/rlcraft-server/./mods/1.12.2/OTG-Core.jar for mixin tweaker
[08:54:37] [main/DEBUG] [org.spongepowered.asm.service.mojang.MixinServiceLaunchWrapper]: Scanning file:/home/Minecraft/rlcraft-server/./mods/particleculling-1.12.2-v1.4.3.jar for mixin tweaker
[08:54:37] [main/DEBUG] [org.spongepowered.asm.service.mojang.MixinServiceLaunchWrapper]: Scanning file:/home/Minecraft/rlcraft-server/./mods/PhosphorCrashFix-1.12.2-1.0.0.jar for mixin tweaker
[08:54:37] [main/DEBUG] [org.spongepowered.asm.service.mojang.MixinServiceLaunchWrapper]: Scanning file:/home/Minecraft/rlcraft-server/./mods/Quark-r1.6-179.jar for mixin tweaker
[08:54:37] [main/DEBUG] [org.spongepowered.asm.service.mojang.MixinServiceLaunchWrapper]: Scanning file:/home/Minecraft/rlcraft-server/./mods/ReachFix-1.12.2-1.1.3.jar for mixin tweaker
[08:54:37] [main/DEBUG] [org.spongepowered.asm.service.mojang.MixinServiceLaunchWrapper]: Scanning file:/home/Minecraft/rlcraft-server/./mods/RealBench-1.12.2-1.3.3.jar for mixin tweaker
[08:54:37] [main/DEBUG] [org.spongepowered.asm.service.mojang.MixinServiceLaunchWrapper]: Scanning file:/home/Minecraft/rlcraft-server/./mods/Reskillable-1.12.2-1.13.0.jar for mixin tweaker
[08:54:37] [main/DEBUG] [org.spongepowered.asm.service.mojang.MixinServiceLaunchWrapper]: Scanning file:/home/Minecraft/rlcraft-server/./mods/ResourceLoader-MC1.12.1-1.5.3.jar for mixin tweaker
[08:54:37] [main/DEBUG] [org.spongepowered.asm.service.mojang.MixinServiceLaunchWrapper]: Scanning file:/home/Minecraft/rlcraft-server/./mods/RLCombat-1.12.2-2.2.4.jar for mixin tweaker
[08:54:37] [main/DEBUG] [org.spongepowered.asm.service.mojang.MixinServiceLaunchWrapper]: Scanning file:/home/Minecraft/rlcraft-server/./mods/RLCraftLuckified-1.1.1.jar for mixin tweaker
[08:54:37] [main/DEBUG] [org.spongepowered.asm.service.mojang.MixinServiceLaunchWrapper]: Scanning file:/home/Minecraft/rlcraft-server/./mods/RLFoliage-MC1.12-2.4.2.jar for mixin tweaker
[08:54:37] [main/DEBUG] [org.spongepowered.asm.service.mojang.MixinServiceLaunchWrapper]: Scanning file:/home/Minecraft/rlcraft-server/./mods/RLMixins-1.4.6.jar for mixin tweaker
[08:54:37] [main/DEBUG] [org.spongepowered.asm.service.mojang.MixinServiceLaunchWrapper]: Scanning file:/home/Minecraft/rlcraft-server/./mods/RLTweaker-1.12.2-0.7.5.jar for mixin tweaker
[08:54:37] [main/DEBUG] [org.spongepowered.asm.service.mojang.MixinServiceLaunchWrapper]: Scanning file:/home/Minecraft/rlcraft-server/./mods/SereneSeasons-1.12.2-1.2.18-universal.jar for mixin tweaker
[08:54:37] [main/DEBUG] [org.spongepowered.asm.service.mojang.MixinServiceLaunchWrapper]: Scanning file:/home/Minecraft/rlcraft-server/./mods/SimpleDifficulty-1.12.2-0.3.9.jar for mixin tweaker
[08:54:37] [main/DEBUG] [org.spongepowered.asm.service.mojang.MixinServiceLaunchWrapper]: Scanning file:/home/Minecraft/rlcraft-server/./mods/SnowRealMagic-1.12.2-0.7.4.jar for mixin tweaker
[08:54:37] [main/DEBUG] [org.spongepowered.asm.service.mojang.MixinServiceLaunchWrapper]: Scanning file:/home/Minecraft/rlcraft-server/./mods/SoManyEnchantments-1.0.7-1.12.2.jar for mixin tweaker
[08:54:37] [main/DEBUG] [org.spongepowered.asm.service.mojang.MixinServiceLaunchWrapper]: Scanning file:/home/Minecraft/rlcraft-server/./mods/spark-unforged-1.11.140-forge.jar for mixin tweaker
[08:54:37] [main/DEBUG] [org.spongepowered.asm.service.mojang.MixinServiceLaunchWrapper]: Scanning file:/home/Minecraft/rlcraft-server/./mods/SpartanWeaponry-1.12.2-1.6.1.jar for mixin tweaker
[08:54:37] [main/DEBUG] [org.spongepowered.asm.service.mojang.MixinServiceLaunchWrapper]: Scanning file:/home/Minecraft/rlcraft-server/./mods/SRPMixins-2.9.1.1.jar for mixin tweaker
[08:54:37] [main/DEBUG] [org.spongepowered.asm.service.mojang.MixinServiceLaunchWrapper]: Scanning file:/home/Minecraft/rlcraft-server/./mods/Surge-1.12.2-2.0.79.jar for mixin tweaker
[08:54:37] [main/DEBUG] [org.spongepowered.asm.service.mojang.MixinServiceLaunchWrapper]: Scanning file:/home/Minecraft/rlcraft-server/./mods/tnt_utilities-mc1.12-1.2.3.jar for mixin tweaker
[08:54:37] [main/DEBUG] [org.spongepowered.asm.service.mojang.MixinServiceLaunchWrapper]: Scanning file:/home/Minecraft/rlcraft-server/./mods/VCFix-1.0.1.jar for mixin tweaker
[08:54:37] [main/DEBUG] [org.spongepowered.asm.service.mojang.MixinServiceLaunchWrapper]: Scanning file:/home/Minecraft/rlcraft-server/./mods/VerticallyStackedDimensions-1.12.2-0.1.9.jar for mixin tweaker
[08:54:37] [main/DEBUG] [org.spongepowered.asm.service.mojang.MixinServiceLaunchWrapper]: Scanning file:/home/Minecraft/rlcraft-server/./mods/WolfArmorAndStorage-3.8.1+1.12.2.alpha.1-SNAPSHOT-signed.jar for mixin tweaker
[08:54:37] [main/DEBUG] [org.spongepowered.asm.service.mojang.MixinServiceLaunchWrapper]: Scanning file:/home/Minecraft/rlcraft-server/./mods/memory_repo/net/ilexiconn/llibrary-core/1.0.11-1.12.2/llibrary-core-1.0.11-1.12.2.jar for mixin tweaker
[08:54:37] [main/DEBUG] [org.spongepowered.asm.service.mojang.MixinServiceLaunchWrapper]: Scanning file:/home/Minecraft/rlcraft-server/./mods/phosphor-1.12.2-0.2.6+build50-universal.jar for mixin tweaker
[08:54:37] [main/DEBUG] [org.spongepowered.asm.service.mojang.MixinServiceLaunchWrapper]: Scanning asmgen:/ for mixin tweaker
[08:54:37] [main/DEBUG] [mixin]: Adding agents for Mixin Container ContainerHandleURI(file:/home/Minecraft/rlcraft-server/./mods/%60FermiumBooter-1.3.2.jar)
[08:54:37] [main/DEBUG] [mixin]: Adding agents for Mixin Container ContainerHandleURI(file:/home/Minecraft/rlcraft-server/./mods/Amphithere%20Mod-1.0.2.jar)
[08:54:37] [main/DEBUG] [mixin]: Adding agents for Mixin Container ContainerHandleURI(file:/home/Minecraft/rlcraft-server/./mods/AntiqueAtlasAutoMarker-1.4.2.2.jar)
[08:54:37] [main/DEBUG] [mixin]: Adding agents for Mixin Container ContainerHandleURI(file:/home/Minecraft/rlcraft-server/./mods/BedBreakBegone-1.0.2.jar)
[08:54:37] [main/DEBUG] [mixin]: Adding agents for Mixin Container ContainerHandleURI(file:/home/Minecraft/rlcraft-server/./mods/BHMenu-Forge-1.12.2-2.4.5.jar)
[08:54:37] [main/DEBUG] [mixin]: Adding agents for Mixin Container ContainerHandleURI(file:/home/Minecraft/rlcraft-server/./mods/BoatDeleteBegone-1.1.2.jar)
[08:54:37] [main/DEBUG] [mixin]: Adding agents for Mixin Container ContainerHandleURI(file:/home/Minecraft/rlcraft-server/./mods/Bounceable-1.0.1.jar)
[08:54:37] [main/DEBUG] [mixin]: Adding agents for Mixin Container ContainerHandleURI(file:/home/Minecraft/rlcraft-server/./mods/DynamicSurroundings-1.12.2-3.6.2.1.jar)
[08:54:37] [main/DEBUG] [mixin]: Adding agents for Mixin Container ContainerHandleURI(file:/home/Minecraft/rlcraft-server/./mods/EagleMixins-1.1.7.jar)
[08:54:37] [main/DEBUG] [mixin]: Adding agents for Mixin Container ContainerHandleURI(file:/home/Minecraft/rlcraft-server/./mods/EditableEdibles-1.3.3.jar)
[08:54:37] [main/DEBUG] [mixin]: Adding agents for Mixin Container ContainerHandleURI(file:/home/Minecraft/rlcraft-server/./mods/fancymenu_forge_2.14.9_MC_1.12-1.12.2.jar)
[08:54:37] [main/DEBUG] [mixin]: Adding agents for Mixin Container ContainerHandleURI(file:/home/Minecraft/rlcraft-server/./mods/FermiumMixins-1.0.9.jar)
[08:54:37] [main/DEBUG] [mixin]: Adding agents for Mixin Container ContainerHandleURI(file:/home/Minecraft/rlcraft-server/./mods/framevoidpatch-1.0.0.jar)
[08:54:37] [main/DEBUG] [mixin]: Adding agents for Mixin Container ContainerHandleURI(file:/home/Minecraft/rlcraft-server/./mods/FurnaceXPStorage-1.1.4.jar)
[08:54:37] [main/DEBUG] [mixin]: Adding agents for Mixin Container ContainerHandleURI(file:/home/Minecraft/rlcraft-server/./mods/konkrete_forge_1.6.1_MC_1.12-1.12.2.jar)
[08:54:37] [main/DEBUG] [mixin]: Adding agents for Mixin Container ContainerHandleURI(file:/home/Minecraft/rlcraft-server/./mods/Localizator-1.12.2-1.0.14.jar)
[08:54:37] [main/DEBUG] [mixin]: Adding agents for Mixin Container ContainerHandleURI(file:/home/Minecraft/rlcraft-server/./mods/Locks-1.12.2-3.0.0.jar)
[08:54:37] [main/DEBUG] [mixin]: Adding agents for Mixin Container ContainerHandleURI(file:/home/Minecraft/rlcraft-server/./mods/MaterialTweaker-1.1.1.jar)
[08:54:37] [main/DEBUG] [mixin]: Adding agents for Mixin Container ContainerHandleURI(file:/home/Minecraft/rlcraft-server/./mods/NoiseThreader-1.1.1.jar)
[08:54:37] [main/DEBUG] [mixin]: Adding agents for Mixin Container ContainerHandleURI(file:/home/Minecraft/rlcraft-server/./mods/OptifineCITPatch-1.0.4.jar)
[08:54:37] [main/DEBUG] [mixin]: Adding agents for Mixin Container ContainerHandleURI(file:/home/Minecraft/rlcraft-server/./mods/particleculling-1.12.2-v1.4.3.jar)
[08:54:37] [main/DEBUG] [mixin]: Adding agents for Mixin Container ContainerHandleURI(file:/home/Minecraft/rlcraft-server/./mods/RLCombat-1.12.2-2.2.4.jar)
[08:54:37] [main/DEBUG] [mixin]: Adding agents for Mixin Container ContainerHandleURI(file:/home/Minecraft/rlcraft-server/./mods/RLCraftLuckified-1.1.1.jar)
[08:54:37] [main/DEBUG] [mixin]: Adding agents for Mixin Container ContainerHandleURI(file:/home/Minecraft/rlcraft-server/./mods/RLMixins-1.4.6.jar)
[08:54:37] [main/DEBUG] [mixin]: Adding agents for Mixin Container ContainerHandleURI(file:/home/Minecraft/rlcraft-server/./mods/SnowRealMagic-1.12.2-0.7.4.jar)
[08:54:37] [main/DEBUG] [mixin]: Adding agents for Mixin Container ContainerHandleURI(file:/home/Minecraft/rlcraft-server/./mods/SoManyEnchantments-1.0.7-1.12.2.jar)
[08:54:37] [main/DEBUG] [mixin]: Adding agents for Mixin Container ContainerHandleURI(file:/home/Minecraft/rlcraft-server/./mods/spark-unforged-1.11.140-forge.jar)
[08:54:37] [main/DEBUG] [mixin]: Adding agents for Mixin Container ContainerHandleURI(file:/home/Minecraft/rlcraft-server/./mods/SpartanWeaponry-1.12.2-1.6.1.jar)
[08:54:37] [main/DEBUG] [mixin]: Adding agents for Mixin Container ContainerHandleURI(file:/home/Minecraft/rlcraft-server/./mods/SRPMixins-2.9.1.1.jar)
[08:54:37] [main/DEBUG] [mixin]: Adding agents for Mixin Container ContainerHandleURI(file:/home/Minecraft/rlcraft-server/./mods/Surge-1.12.2-2.0.79.jar)
[08:54:37] [main/DEBUG] [mixin]: Adding agents for Mixin Container ContainerHandleURI(file:/home/Minecraft/rlcraft-server/./mods/VCFix-1.0.1.jar)
[08:54:37] [main/DEBUG] [mixin]: Adding agents for Mixin Container ContainerHandleURI(file:/home/Minecraft/rlcraft-server/./mods/WolfArmorAndStorage-3.8.1+1.12.2.alpha.1-SNAPSHOT-signed.jar)
[08:54:37] [main/DEBUG] [mixin]: Adding agents for Mixin Container ContainerHandleURI(file:/home/Minecraft/rlcraft-server/./mods/phosphor-1.12.2-0.2.6+build50-universal.jar)
[08:54:37] [main/DEBUG] [mixin]: inject() running with 33 agents
[08:54:37] [main/DEBUG] [mixin]: Processing inject() for PlatformAgent[MixinPlatformAgentFMLLegacy:ContainerHandleURI(file:/home/Minecraft/rlcraft-server/./mods/%60FermiumBooter-1.3.2.jar)]
[08:54:37] [main/DEBUG] [mixin]: FML agent is co-initiralising coremod instance FermiumBooter {[]} for ContainerHandleURI(file:/home/Minecraft/rlcraft-server/./mods/%60FermiumBooter-1.3.2.jar)
[08:54:37] [main/DEBUG] [FML]: Injecting coremod FermiumBooter \{fermiumbooter.FermiumPlugin\} class transformers
[08:54:37] [main/DEBUG] [FML]: Injection complete
[08:54:37] [main/DEBUG] [FML]: Running coremod plugin for FermiumBooter \{fermiumbooter.FermiumPlugin\}
[08:54:37] [main/DEBUG] [FML]: Running coremod plugin FermiumBooter
[08:54:37] [main/INFO] [FermiumJarScanner]: FermiumJarScanner beginning jar searching.
[08:54:37] [main/INFO] [FML]: Searching /home/Minecraft/rlcraft-server/./mods for mods
[08:54:37] [main/DEBUG] [FML]:   Adding carryon-1.12.2-1.12.7.23.jar to the mod list
[08:54:37] [main/DEBUG] [FML]:   Adding BQ_Multiblock_Structure_Integration-1.0.9.jar to the mod list
[08:54:37] [main/DEBUG] [FML]:   Adding defiledlands-1.12.2-1.4.3.jar to the mod list
[08:54:37] [main/DEBUG] [FML]:   Adding Surge-1.12.2-2.0.79.jar to the mod list
[08:54:37] [main/DEBUG] [FML]:   Adding CreativeCore_v1.10.71_mc1.12.2.jar to the mod list
[08:54:37] [main/DEBUG] [FML]:   Adding Aquaculture-1.12.2-1.6.8.jar to the mod list
[08:54:37] [main/DEBUG] [FML]:   Adding XPFromHarvest-1.12.2-1.2.0.jar to the mod list
[08:54:37] [main/DEBUG] [FML]:   Adding trumpetskeleton-1.12-1.0.2.1.jar to the mod list
[08:54:37] [main/DEBUG] [FML]:   Adding BNBGamingLib-1.12.2-2.17.6.jar to the mod list
[08:54:37] [main/DEBUG] [FML]:   Adding ScalingHealth-1.12.2-1.3.42+147.jar to the mod list
[08:54:37] [main/DEBUG] [FML]:   Adding FermiumMixins-1.0.9.jar to the mod list
[08:54:37] [main/DEBUG] [FML]:   Adding FriendlyEndermite_v1.0.1_mc1.12.2.jar to the mod list
[08:54:37] [main/DEBUG] [FML]:   Adding corpsecomplex-1.12.2-1.0.12.0.jar to the mod list
[08:54:37] [main/DEBUG] [FML]:   Adding ItemPhysic_Full_1.4.37_mc1.12.2.jar to the mod list
[08:54:37] [main/DEBUG] [FML]:   Adding firstaid-1.6.22.jar to the mod list
[08:54:37] [main/DEBUG] [FML]:   Adding BattleTowers-1.12.2.jar to the mod list
[08:54:37] [main/DEBUG] [FML]:   Adding PhosphorCrashFix-1.12.2-1.0.0.jar to the mod list
[08:54:37] [main/DEBUG] [FML]:   Adding OpenTerrainGenerator-1.12.2-v9.7.jar to the mod list
[08:54:37] [main/DEBUG] [FML]:   Adding astikorcarts-1.12.2-0.1.2.8.jar to the mod list
[08:54:37] [main/DEBUG] [FML]:   Adding crafttweakerutils-0.7.jar to the mod list
[08:54:37] [main/DEBUG] [FML]:   Adding jei_1.12.2-4.16.1.1012.jar to the mod list
[08:54:37] [main/DEBUG] [FML]:   Adding anvilpatch-1.1.1.jar to the mod list
[08:54:37] [main/DEBUG] [FML]:   Adding DregoraRL-3.5.jar to the mod list
[08:54:37] [main/DEBUG] [FML]:   Adding sit-1.12.2-v1.3.jar to the mod list
[08:54:37] [main/DEBUG] [FML]:   Adding BetterMineshaftsForge-1.12.2-2.2.1.jar to the mod list
[08:54:37] [main/DEBUG] [FML]:   Adding BQTweaker-1.3.5.jar to the mod list
[08:54:37] [main/DEBUG] [FML]:   Adding Ice and Fire-2.0.9.jar to the mod list
[08:54:37] [main/DEBUG] [FML]:   Adding InventoryTweaks-1.64+dev.151.jar to the mod list
[08:54:37] [main/DEBUG] [FML]:   Adding SpartanHUDBaubles-1.12.2-1.0.0.jar to the mod list
[08:54:37] [main/DEBUG] [FML]:   Adding MaterialTweaker-1.1.1.jar to the mod list
[08:54:37] [main/DEBUG] [FML]:   Adding spark-unforged-1.11.140-forge.jar to the mod list
[08:54:37] [main/DEBUG] [FML]:   Adding MTLib-3.0.7.jar to the mod list
[08:54:37] [main/DEBUG] [FML]:   Adding iChunUtil-1.12.2-7.2.2.jar to the mod list
[08:54:37] [main/DEBUG] [FML]:   Adding IvToolkit-1.3.3-1.12.jar to the mod list
[08:54:37] [main/DEBUG] [FML]:   Adding HelpFixer-1.12.1-1.5.18.jar to the mod list
[08:54:37] [main/DEBUG] [FML]:   Adding AutoRegLib-1.3-32.jar to the mod list
[08:54:37] [main/DEBUG] [FML]:   Adding Reskillable-1.12.2-1.13.0.jar to the mod list
[08:54:37] [main/DEBUG] [FML]:   Adding CoralReef-2.5-1.12.2.jar to the mod list
[08:54:37] [main/DEBUG] [FML]:   Adding SRParasites-1.12.2v1.9.21.jar to the mod list
[08:54:37] [main/DEBUG] [FML]:   Adding lycanitesmobs-1.12.2-2.0.8.10.jar to the mod list
[08:54:37] [main/DEBUG] [FML]:   Adding BoatDeleteBegone-1.1.2.jar to the mod list
[08:54:37] [main/DEBUG] [FML]:   Adding Localizator-1.12.2-1.0.14.jar to the mod list
[08:54:37] [main/DEBUG] [FML]:   Adding ElenaiDodge-1.12.2-2.1.jar to the mod list
[08:54:37] [main/DEBUG] [FML]:   Adding MouseTweaks-2.10.1-mc1.12.2.jar to the mod list
[08:54:37] [main/DEBUG] [FML]:   Adding NoiseThreader-1.1.1.jar to the mod list
[08:54:37] [main/DEBUG] [FML]:   Adding RealisticTorches-1.12.2-2.1.2.jar to the mod list
[08:54:37] [main/DEBUG] [FML]:   Adding JSON-Paintings-v1.4.0-mc1.12.2.jar to the mod list
[08:54:37] [main/DEBUG] [FML]:   Adding tumbleweed-1.12-0.4.7.jar to the mod list
[08:54:37] [main/DEBUG] [FML]:   Adding `FermiumBooter-1.3.2.jar to the mod list
[08:54:37] [main/DEBUG] [FML]:   Adding VCFix-1.0.1.jar to the mod list
[08:54:37] [main/DEBUG] [FML]:   Adding RebornCore-1.12.2-3.19.5-universal.jar to the mod list
[08:54:37] [main/DEBUG] [FML]:   Adding Born In A Barn 1.8-1.12-1.2.jar to the mod list
[08:54:37] [main/DEBUG] [FML]:   Adding ChunkAnimator-1.12.2-1.2.1.jar to the mod list
[08:54:37] [main/DEBUG] [FML]:   Adding CD4017BE_lib-1.12.2-6.5.1.jar to the mod list
[08:54:37] [main/DEBUG] [FML]:   Adding potiondescriptions-1.12.2-1.2.4.jar to the mod list
[08:54:37] [main/DEBUG] [FML]:   Adding paintingselgui-PSG Revamed-1.12.2-1.1.0.1.jar to the mod list
[08:54:37] [main/DEBUG] [FML]:   Adding VariedCommodities_1.12.2-(31Mar23).jar to the mod list
[08:54:37] [main/DEBUG] [FML]:   Adding DynamicSurroundings-1.12.2-3.6.2.1.jar to the mod list
[08:54:37] [main/DEBUG] [FML]:   Adding Bounceable-1.0.1.jar to the mod list
[08:54:37] [main/DEBUG] [FML]:   Adding MultiMine-1.12.2.jar to the mod list
[08:54:37] [main/DEBUG] [FML]:   Adding SpawnerControl-1.6.3b.jar to the mod list
[08:54:37] [main/DEBUG] [FML]:   Adding framevoidpatch-1.0.0.jar to the mod list
[08:54:37] [main/DEBUG] [FML]:   Adding tschipplib-1.12.2-1.1.7.jar to the mod list
[08:54:37] [main/DEBUG] [FML]:   Adding LootTweaker-0.3.1+MC1.12.2.jar to the mod list
[08:54:37] [main/DEBUG] [FML]:   Adding Quark-r1.6-179.jar to the mod list
[08:54:37] [main/DEBUG] [FML]:   Adding craftablechainmail-1.0.jar to the mod list
[08:54:37] [main/DEBUG] [FML]:   Adding !mod-director-launchwrapper-1.9.1.jar to the mod list
[08:54:37] [main/DEBUG] [FML]:   Adding RLTweaker-1.12.2-0.7.5.jar to the mod list
[08:54:37] [main/DEBUG] [FML]:   Adding antiqueatlas-1.12.2-4.6.3.jar to the mod list
[08:54:37] [main/DEBUG] [FML]:   Adding FantasticLib-1.12.2.070.jar to the mod list
[08:54:37] [main/DEBUG] [FML]:   Adding betterbiomeblend-1.12.2-1.1.7-forge.jar to the mod list
[08:54:37] [main/DEBUG] [FML]:   Adding foamfix-0.10.15-1.12.2.jar to the mod list
[08:54:37] [main/DEBUG] [FML]:   Adding OptifineCITPatch-1.0.4.jar to the mod list
[08:54:37] [main/DEBUG] [FML]:   Adding VerticallyStackedDimensions-1.12.2-0.1.9.jar to the mod list
[08:54:37] [main/DEBUG] [FML]:   Adding AttributeFix-Forge-1.12.2-1.0.12.jar to the mod list
[08:54:37] [main/DEBUG] [FML]:   Adding CraftTweaker2-1.12-4.1.20.704.jar to the mod list
[08:54:37] [main/DEBUG] [FML]:   Adding Trinkets and Baubles-0.32.5.jar to the mod list
[08:54:37] [main/DEBUG] [FML]:   Adding OreLib-1.12.2-3.6.0.1.jar to the mod list
[08:54:37] [main/DEBUG] [FML]:   Adding classyhats-1.6.0.jar to the mod list
[08:54:37] [main/DEBUG] [FML]:   Adding bettercaves-1.12.2-2.0.4.jar to the mod list
[08:54:37] [main/DEBUG] [FML]:   Adding switchbow-1.6.8.jar to the mod list
[08:54:37] [main/DEBUG] [FML]:   Adding SilentLib-1.12.2-3.0.14+168.jar to the mod list
[08:54:37] [main/DEBUG] [FML]:   Adding WearableBackpacks-RLCraft-1.12.2-3.2.6.jar to the mod list
[08:54:37] [main/DEBUG] [FML]:   Adding DoomlikeDungeons-1.14.12-MC1.12.2.jar to the mod list
[08:54:37] [main/DEBUG] [FML]:   Adding SRPMixins-2.9.1.1.jar to the mod list
[08:54:37] [main/DEBUG] [FML]:   Adding EditableEdibles-1.3.3.jar to the mod list
[08:54:37] [main/DEBUG] [FML]:   Adding alcatrazcore-1.0.4.jar to the mod list
[08:54:37] [main/DEBUG] [FML]:   Adding BedBreakBegone-1.0.2.jar to the mod list
[08:54:37] [main/DEBUG] [FML]:   Adding Charm-1.12.2-1.4.1.jar to the mod list
[08:54:37] [main/DEBUG] [FML]:   Adding LegendaryTooltips-1.12.2-1.1.11.jar to the mod list
[08:54:37] [main/DEBUG] [FML]:   Adding SoManyEnchantments-1.0.7-1.12.2.jar to the mod list
[08:54:37] [main/DEBUG] [FML]:   Adding FoodExpansion1.3.3-1.12.2.jar to the mod list
[08:54:37] [main/DEBUG] [FML]:   Adding RLFoliage-MC1.12-2.4.2.jar to the mod list
[08:54:37] [main/DEBUG] [FML]:   Adding dynamictreesdefiledlands-1.12.2-1.0.0.jar to the mod list
[08:54:37] [main/DEBUG] [FML]:   Adding llibrary-1.7.20-1.12.2.jar to the mod list
[08:54:37] [main/DEBUG] [FML]:   Adding RecurrentComplex-1.4.8.6.jar to the mod list
[08:54:37] [main/DEBUG] [FML]:   Adding ContentCreator-1.3.7-fix2.jar to the mod list
[08:54:37] [main/DEBUG] [FML]:   Adding WolfArmorAndStorage-3.8.1+1.12.2.alpha.1-SNAPSHOT-signed.jar to the mod list
[08:54:37] [main/DEBUG] [FML]:   Adding incontrol-1.12-3.9.18.jar to the mod list
[08:54:37] [main/DEBUG] [FML]:   Adding base-1.12.2-3.14.0.jar to the mod list
[08:54:37] [main/DEBUG] [FML]:   Adding DynamicTrees-1.12.2-0.9.29.jar to the mod list
[08:54:37] [main/DEBUG] [FML]:   Adding ctintegration-1.8.0.jar to the mod list
[08:54:37] [main/DEBUG] [FML]:   Adding BetterTabs-1.0.4.jar to the mod list
[08:54:37] [main/DEBUG] [FML]:   Adding Inspirations-1.12.2-0.2.9.jar to the mod list
[08:54:37] [main/DEBUG] [FML]:   Adding FancyBlockParticles-1.12.x-2.4.1.jar to the mod list
[08:54:37] [main/DEBUG] [FML]:   Adding FishingMadeBetter-1.12.2-2.2.7.jar to the mod list
[08:54:37] [main/DEBUG] [FML]:   Adding fancymenu_forge_2.14.9_MC_1.12-1.12.2.jar to the mod list
[08:54:37] [main/DEBUG] [FML]:   Adding SetBonus-1.12.2.040.jar to the mod list
[08:54:37] [main/DEBUG] [FML]:   Adding Locks-1.12.2-3.0.0.jar to the mod list
[08:54:37] [main/DEBUG] [FML]:   Adding GooglyEyes-1.12.2-7.1.1.jar to the mod list
[08:54:37] [main/DEBUG] [FML]:   Adding better_survival-1.5.4.jar to the mod list
[08:54:37] [main/DEBUG] [FML]:   Adding mcw-bridges-1.0.6b-mc1.12.2.jar to the mod list
[08:54:37] [main/DEBUG] [FML]:   Adding spartanfire_rlcraft-1.3.3.jar to the mod list
[08:54:37] [main/DEBUG] [FML]:   Adding carrotslib-mc1.12.2-1.0.0b1.jar to the mod list
[08:54:37] [main/DEBUG] [FML]:   Adding champions-1.12.2-1.0.11.10.jar to the mod list
[08:54:37] [main/DEBUG] [FML]:   Adding GlobalGameRules-1.12.2-2.2.7.jar to the mod list
[08:54:37] [main/DEBUG] [FML]:   Adding Neat 1.4-17.jar to the mod list
[08:54:37] [main/DEBUG] [FML]:   Adding ToolBelt-1.12.2-1.9.14.jar to the mod list
[08:54:37] [main/DEBUG] [FML]:   Adding Toast Control-1.12.2-1.8.1.jar to the mod list
[08:54:37] [main/DEBUG] [FML]:   Adding DynamicTreesQuark-1.12.2-1.0.6.jar to the mod list
[08:54:37] [main/DEBUG] [FML]:   Adding pigstep-1.12.jar to the mod list
[08:54:37] [main/DEBUG] [FML]:   Adding antiquecities-1.2.1.jar to the mod list
[08:54:37] [main/DEBUG] [FML]:   Adding SimpleDifficulty-1.12.2-0.3.9.jar to the mod list
[08:54:37] [main/DEBUG] [FML]:   Adding AntiqueAtlasAutoMarker-1.4.2.2.jar to the mod list
[08:54:37] [main/DEBUG] [FML]:   Adding disenchanter[1.12]1.8.jar to the mod list
[08:54:37] [main/DEBUG] [FML]:   Adding SereneSeasons-1.12.2-1.2.18-universal.jar to the mod list
[08:54:37] [main/DEBUG] [FML]:   Adding armorunder-mc1.12.2-1.0.0.jar to the mod list
[08:54:37] [main/DEBUG] [FML]:   Adding Forgelin-1.8.4.jar to the mod list
[08:54:37] [main/DEBUG] [FML]:   Adding CollisionDamage-1.2.2.jar to the mod list
[08:54:37] [main/DEBUG] [FML]:   Adding Amphithere Mod-1.0.2.jar to the mod list
[08:54:37] [main/DEBUG] [FML]:   Adding ForgeEndertech-1.12.2-4.5.6.1-build.0648.jar to the mod list
[08:54:37] [main/DEBUG] [FML]:   Adding RLCombat-1.12.2-2.2.4.jar to the mod list
[08:54:37] [main/DEBUG] [FML]:   Adding roughTweaks0.2.4-1.12.2.jar to the mod list
[08:54:37] [main/DEBUG] [FML]:   Adding StandardExpansion-3.4.173.jar to the mod list
[08:54:37] [main/DEBUG] [FML]:   Adding BiomesOPlenty-1.12.2-7.0.1.2445-universal.jar to the mod list
[08:54:37] [main/DEBUG] [FML]:   Adding BlockOverlayFix-1.12.2-1.0.0.jar to the mod list
[08:54:37] [main/DEBUG] [FML]:   Adding RealBench-1.12.2-1.3.3.jar to the mod list
[08:54:37] [main/DEBUG] [FML]:   Adding particleculling-1.12.2-v1.4.3.jar to the mod list
[08:54:37] [main/DEBUG] [FML]:   Adding SpartanShields-1.12.2-1.5.5.jar to the mod list
[08:54:37] [main/DEBUG] [FML]:   Adding RLMixins-1.4.6.jar to the mod list
[08:54:37] [main/DEBUG] [FML]:   Adding tnt_utilities-mc1.12-1.2.3.jar to the mod list
[08:54:37] [main/DEBUG] [FML]:   Adding RoguelikeDungeonsFnarEdition-1.12.2-2.4.6.jar to the mod list
[08:54:37] [main/DEBUG] [FML]:   Adding itlt-1.12.x-1.0.4.jar to the mod list
[08:54:37] [main/DEBUG] [FML]:   Adding PotionFingers-r1.0-8.jar to the mod list
[08:54:37] [main/DEBUG] [FML]:   Adding BHMenu-Forge-1.12.2-2.4.5.jar to the mod list
[08:54:37] [main/DEBUG] [FML]:   Adding Bountiful Baubles-1.12.2-0.1.8.jar to the mod list
[08:54:37] [main/DEBUG] [FML]:   Adding Advanced-Fishing-1.12.2-1.3.3.jar to the mod list
[08:54:37] [main/DEBUG] [FML]:   Adding QualityTools-1.0.7_for_1.12.2.jar to the mod list
[08:54:37] [main/DEBUG] [FML]:   Adding Kiwi-1.12.2-0.5.3.32.jar to the mod list
[08:54:37] [main/DEBUG] [FML]:   Adding fxcontrol-1.12-0.1.15.jar to the mod list
[08:54:37] [main/DEBUG] [FML]:   Adding RLCraftLuckified-1.1.1.jar to the mod list
[08:54:37] [main/DEBUG] [FML]:   Adding DynamicSurroundingsHuds-1.12.2-3.6.0.0.jar to the mod list
[08:54:37] [main/DEBUG] [FML]:   Adding betternether-0.1.8.6.jar to the mod list
[08:54:37] [main/DEBUG] [FML]:   Adding Placebo-1.12.2-1.6.1.jar to the mod list
[08:54:37] [main/DEBUG] [FML]:   Adding BetterQuesting-3.5.329.jar to the mod list
[08:54:37] [main/DEBUG] [FML]:   Adding DynamicTreesTraverse-1.12.2-2.1.jar to the mod list
[08:54:37] [main/DEBUG] [FML]:   Adding konkrete_forge_1.6.1_MC_1.12-1.12.2.jar to the mod list
[08:54:37] [main/DEBUG] [FML]:   Adding DynamicTreesBOP-1.12.2-1.5.2.jar to the mod list
[08:54:37] [main/DEBUG] [FML]:   Adding AIReducer-1.12.2-0.3.0.jar to the mod list
[08:54:37] [main/DEBUG] [FML]:   Adding Baubley-Elytra-v1.3.3-mc1.12.2.jar to the mod list
[08:54:37] [main/DEBUG] [FML]:   Adding ReachFix-1.12.2-1.1.3.jar to the mod list
[08:54:37] [main/DEBUG] [FML]:   Adding AdHooks-1.12.2-3.3.1.0-build.0626.jar to the mod list
[08:54:37] [main/DEBUG] [FML]:   Adding phosphor-1.12.2-0.2.6+build50-universal.jar to the mod list
[08:54:37] [main/DEBUG] [FML]:   Adding grapplemod-1.12.2-v12.3.jar to the mod list
[08:54:37] [main/DEBUG] [FML]:   Adding Baubles-1.12-1.5.2.jar to the mod list
[08:54:37] [main/DEBUG] [FML]:   Adding notreepunching-2.0.21.jar to the mod list
[08:54:37] [main/DEBUG] [FML]:   Adding EpicSiegeMod-13.167.jar to the mod list
[08:54:37] [main/DEBUG] [FML]:   Adding forgottenitems-1.12.2-1.3.1.4.jar to the mod list
[08:54:37] [main/DEBUG] [FML]:   Adding xptome-1.12.2-v1.1.6.jar to the mod list
[08:54:37] [main/DEBUG] [FML]:   Adding AARCAddon-1.0.1.jar to the mod list
[08:54:37] [main/DEBUG] [FML]:   Adding Level Up! 2-1.1.23-1.12.jar to the mod list
[08:54:37] [main/DEBUG] [FML]:   Adding comforts-1.12.2-1.4.1.3.jar to the mod list
[08:54:37] [main/DEBUG] [FML]:   Adding PotionCore-1.9_for_1.12.2.jar to the mod list
[08:54:37] [main/DEBUG] [FML]:   Adding PortalDupeBegone-1.0.0.jar to the mod list
[08:54:37] [main/DEBUG] [FML]:   Adding Bountiful-1.12.2-2.2.3.jar to the mod list
[08:54:37] [main/DEBUG] [FML]:   Adding Mantle-1.12-1.3.3.55.jar to the mod list
[08:54:37] [main/DEBUG] [FML]:   Adding FamiliarFauna-1.12.2-1.0.11.jar to the mod list
[08:54:37] [main/DEBUG] [FML]:   Adding LoadingScreens-1.12.2-0.3.1.jar to the mod list
[08:54:37] [main/DEBUG] [FML]:   Adding Traverse-1.12.2-1.6.0-69.jar to the mod list
[08:54:37] [main/DEBUG] [FML]:   Adding RenderLib-1.12.2-1.4.5.jar to the mod list
[08:54:37] [main/DEBUG] [FML]:   Adding lostcities-1.12-2.0.22.jar to the mod list
[08:54:37] [main/DEBUG] [FML]:   Adding DelightfulCuisineForWoodheads_1.12.2-1.1.0.jar to the mod list
[08:54:37] [main/DEBUG] [FML]:   Adding RLArtifacts-1.1.2.jar to the mod list
[08:54:37] [main/DEBUG] [FML]:   Adding CompatSkills-1.12.2-1.17.0.jar to the mod list
[08:54:37] [main/DEBUG] [FML]:   Adding Fish's Undead Rising-1.4.2.jar to the mod list
[08:54:37] [main/DEBUG] [FML]:   Adding SoundFilters-0.12.1_for_1.12.jar to the mod list
[08:54:37] [main/DEBUG] [FML]:   Adding nuclearcraft-1.12.2-2.19a.jar to the mod list
[08:54:37] [main/DEBUG] [FML]:   Adding FoodFix-1.12.2.001.jar to the mod list
[08:54:37] [main/DEBUG] [FML]:   Adding SnowRealMagic-1.12.2-0.7.4.jar to the mod list
[08:54:37] [main/DEBUG] [FML]:   Adding lagbgonrevived-1.1.0.jar to the mod list
[08:54:37] [main/DEBUG] [FML]:   Adding FurnaceXPStorage-1.1.4.jar to the mod list
[08:54:37] [main/DEBUG] [FML]:   Adding modtweaker-4.0.20.11.jar to the mod list
[08:54:37] [main/DEBUG] [FML]:   Adding EnchantmentDescriptions-1.12.2-1.1.20.jar to the mod list
[08:54:37] [main/DEBUG] [FML]:   Adding callablehorses-1.12.2-1.1.1.jar to the mod list
[08:54:37] [main/DEBUG] [FML]:   Adding EnhancedVisuals_v1.4.4_mc1.12.2.jar to the mod list
[08:54:37] [main/DEBUG] [FML]:   Adding librarianlib-1.12.2-4.22.jar to the mod list
[08:54:37] [main/DEBUG] [FML]:   Adding MoBends_1.12.2-1.2.1-19.12.21.jar to the mod list
[08:54:37] [main/DEBUG] [FML]:   Adding EntityCulling-1.12.2-6.5.0.jar to the mod list
[08:54:37] [main/DEBUG] [FML]:   Adding Bloodmoon-MC1.12.2-1.5.3.jar to the mod list
[08:54:37] [main/DEBUG] [FML]:   Adding MmmMmmMmmMmm-1.12-2.0.5.jar to the mod list
[08:54:37] [main/DEBUG] [FML]:   Adding YungsLaw-1.12.2-1.0.4.jar to the mod list
[08:54:37] [main/DEBUG] [FML]:   Adding fermiumasm-5.28.jar to the mod list
[08:54:37] [main/DEBUG] [FML]:   Adding EagleMixins-1.1.7.jar to the mod list
[08:54:37] [main/DEBUG] [FML]:   Adding ResourceLoader-MC1.12.1-1.5.3.jar to the mod list
[08:54:37] [main/DEBUG] [FML]:   Adding InfernalMobs-1.12.2.jar to the mod list
[08:54:37] [main/DEBUG] [FML]:   Adding Waystones_1.12.2-4.1.0.jar to the mod list
[08:54:37] [main/DEBUG] [FML]:   Adding Controlling-3.0.12.4.jar to the mod list
[08:54:37] [main/DEBUG] [FML]:   Adding playerbosses-1.12.2-1.1.0.jar to the mod list
[08:54:37] [main/DEBUG] [FML]:   Adding ContentTweaker-1.12.2-4.10.0.jar to the mod list
[08:54:37] [main/DEBUG] [FML]:   Adding Underneath-1.9.jar to the mod list
[08:54:37] [main/DEBUG] [FML]:   Adding spartandefiled-1.12.2-1.2.jar to the mod list
[08:54:37] [main/DEBUG] [FML]:   Adding ShieldBreak-1.1.3.jar to the mod list
[08:54:37] [main/DEBUG] [FML]:   Adding rustic-1.1.7.jar to the mod list
[08:54:37] [main/DEBUG] [FML]:   Adding SpartanWeaponry-1.12.2-1.6.1.jar to the mod list
[08:54:37] [main/INFO] [FML]: Searching /home/Minecraft/rlcraft-server/./mods/1.12.2 for mods
[08:54:37] [main/DEBUG] [FML]:   Adding OTG-Core.jar to the mod list
[08:54:37] [main/ERROR] [FermiumJarScanner]: FermiumJarScanner failed to search jar file DregoraRL-3.5.jar.
[08:54:38] [main/INFO] [FermiumJarScanner]: FermiumJarScanner finished jar searching, found 224 ModIDs.
[08:54:38] [main/INFO] [FermiumJarScanner]: FermiumMixinConfig beginning MixinConfig parsing.
[08:54:38] [main/INFO] [FermiumJarScanner]: FermiumMixinConfig enqueueing mixin(s) parsed from annotated config Enable New Variants from amphitheremod.
[08:54:38] [main/INFO] [FermiumRegistryAPI]: FermiumRegistryAPI supplied "mixins.amphitheremod.newvariants.json" for late mixin enqueue, adding.
[08:54:38] [main/INFO] [FermiumJarScanner]: FermiumMixinConfig enqueueing mixin(s) parsed from annotated config Only send to all holding the atlas from antiqueatlasautomarker.
[08:54:38] [main/INFO] [FermiumRegistryAPI]: FermiumRegistryAPI supplied "mixins.aaam.antiqueatlas.overhaul.sendtoallholding.json" for late mixin enqueue, adding.
[08:54:38] [main/INFO] [FermiumJarScanner]: FermiumMixinConfig enqueueing mixin(s) parsed from annotated config Fix Crash with Short/IntDimensionUpdatePacket from antiqueatlasautomarker.
[08:54:38] [main/INFO] [FermiumRegistryAPI]: FermiumRegistryAPI supplied "mixins.aaam.antiqueatlas.overhaul.bytebufcrashfix.json" for late mixin enqueue, adding.
[08:54:38] [main/INFO] [FermiumJarScanner]: FermiumMixinConfig enqueueing mixin(s) parsed from annotated config Also check player offhand for atlases from antiqueatlasautomarker.
[08:54:38] [main/INFO] [FermiumRegistryAPI]: FermiumRegistryAPI supplied "mixins.aaam.antiqueatlas.overhaul.offhand.json" for late mixin enqueue, adding.
[08:54:38] [main/INFO] [FermiumJarScanner]: FermiumMixinConfig enqueueing mixin(s) parsed from annotated config Fix Atlas Marker Lang Keys from antiqueatlasautomarker.
[08:54:38] [main/INFO] [FermiumRegistryAPI]: FermiumRegistryAPI supplied "mixins.aaam.antiqueatlas.overhaul.langkey.json" for late mixin enqueue, adding.
[08:54:38] [main/INFO] [FermiumJarScanner]: FermiumMixinConfig enqueueing mixin(s) parsed from annotated config Fix Atlas Combining Recipe Dupe from antiqueatlasautomarker.
[08:54:38] [main/INFO] [FermiumRegistryAPI]: FermiumRegistryAPI supplied "mixins.aaam.antiqueatlas.overhaul.recipedupe.json" for late mixin enqueue, adding.
[08:54:38] [main/INFO] [FermiumJarScanner]: FermiumMixinConfig enqueueing mixin(s) parsed from annotated config Marker data in smaller packets from antiqueatlasautomarker.
[08:54:38] [main/INFO] [FermiumRegistryAPI]: FermiumRegistryAPI supplied "mixins.aaam.antiqueatlas.overhaul.markerpacketchunking.json" for late mixin enqueue, adding.
[08:54:38] [main/INFO] [FermiumJarScanner]: FermiumMixinConfig enqueueing mixin(s) parsed from annotated config Allow hiding specific markers from antiqueatlasautomarker.
[08:54:38] [main/INFO] [FermiumRegistryAPI]: FermiumRegistryAPI supplied "mixins.aaam.antiqueatlas.displaydisablemarkertypes.json" for late mixin enqueue, adding.
[08:54:38] [main/INFO] [FermiumJarScanner]: FermiumMixinConfig enqueueing mixin(s) parsed from annotated config Scroll Marker Types Vertically from antiqueatlasautomarker.
[08:54:38] [main/INFO] [FermiumRegistryAPI]: FermiumRegistryAPI supplied "mixins.aaam.antiqueatlas.selectmarkersvertically.json" for late mixin enqueue, adding.
[08:54:38] [main/INFO] [FermiumJarScanner]: FermiumMixinConfig enqueueing mixin(s) parsed from annotated config AARC Enabled from antiqueatlasautomarker.
[08:54:38] [main/INFO] [FermiumRegistryAPI]: FermiumRegistryAPI supplied "mixins.aaam.aarc.json" for late mixin enqueue, adding.
[08:54:38] [main/INFO] [FermiumJarScanner]: FermiumMixinConfig enqueueing mixin(s) parsed from annotated config Activated - Enabled from antiqueatlasautomarker.
[08:54:38] [main/INFO] [FermiumRegistryAPI]: FermiumRegistryAPI supplied "mixins.aaam.waystones.activated.json" for late mixin enqueue, adding.
[08:54:38] [main/INFO] [FermiumJarScanner]: FermiumMixinConfig enqueueing mixin(s) parsed from annotated config Allow selecting waystone on map from antiqueatlasautomarker.
[08:54:38] [main/INFO] [FermiumRegistryAPI]: FermiumRegistryAPI supplied "mixins.aaam.mapselect.json" for late mixin enqueue, adding.
[08:54:38] [main/INFO] [FermiumJarScanner]: FermiumMixinConfig enqueueing mixin(s) parsed from annotated config Anvil Too Expensive Fix (AnvilPatch) from fermiummixins.
[08:54:38] [main/INFO] [FermiumRegistryAPI]: FermiumRegistryAPI supplied "mixins.fermiummixins.early.anvilpatch.tooexpensivefix.json" for early mixin enqueue, adding.
[08:54:38] [main/INFO] [FermiumJarScanner]: FermiumMixinConfig enqueueing mixin(s) parsed from annotated config Cart Distance Fix (AstikorCarts) from fermiummixins.
[08:54:38] [main/INFO] [FermiumRegistryAPI]: FermiumRegistryAPI supplied "mixins.fermiummixins.late.astikorcarts.cartdistance.json" for late mixin enqueue, adding.
[08:54:38] [main/INFO] [FermiumJarScanner]: FermiumMixinConfig enqueueing mixin(s) parsed from annotated config Boss Cart Prevention (AstikorCarts) from fermiummixins.
[08:54:38] [main/INFO] [FermiumRegistryAPI]: FermiumRegistryAPI supplied "mixins.fermiummixins.late.astikorcarts.bosscart.json" for late mixin enqueue, adding.
[08:54:38] [main/INFO] [FermiumJarScanner]: FermiumMixinConfig enqueueing mixin(s) parsed from annotated config Config Load Spam Fix (Battletowers) from fermiummixins.
[08:54:38] [main/INFO] [FermiumRegistryAPI]: FermiumRegistryAPI supplied "mixins.fermiummixins.late.battletowers.configperformance.json" for late mixin enqueue, adding.
[08:54:38] [main/INFO] [FermiumJarScanner]: FermiumMixinConfig enqueueing mixin(s) parsed from annotated config BetterFoliage Whitelist/Blacklist Cache (BetterFoliage) from fermiummixins.
[08:54:38] [main/INFO] [FermiumRegistryAPI]: FermiumRegistryAPI supplied "mixins.fermiummixins.late.betterfoliage.cache.json" for late mixin enqueue, adding.
[08:54:38] [main/INFO] [FermiumJarScanner]: FermiumMixinConfig enqueueing mixin(s) parsed from annotated config BetterFoliage Geometry Offset (BetterFoliage) from fermiummixins.
[08:54:38] [main/INFO] [FermiumRegistryAPI]: FermiumRegistryAPI supplied "mixins.fermiummixins.late.betterfoliage.offset.json" for late mixin enqueue, adding.
[08:54:38] [main/INFO] [FermiumJarScanner]: FermiumMixinConfig enqueueing mixin(s) parsed from annotated config Excess Mineshaft Chunk Generation Fix (BetterMineshafts) from fermiummixins.
[08:54:38] [main/INFO] [FermiumRegistryAPI]: FermiumRegistryAPI supplied "mixins.fermiummixins.late.bettermineshafts.performance.json" for late mixin enqueue, adding.
[08:54:38] [main/INFO] [FermiumJarScanner]: FermiumMixinConfig enqueueing mixin(s) parsed from annotated config Mineshaft Biome Blacklist Patch (BetterMineshafts) from fermiummixins.
[08:54:38] [main/INFO] [FermiumRegistryAPI]: FermiumRegistryAPI supplied "mixins.fermiummixins.late.bettermineshafts.blacklist.json" for late mixin enqueue, adding.
[08:54:38] [main/INFO] [FermiumJarScanner]: FermiumMixinConfig enqueueing mixin(s) parsed from annotated config BetterNether Memory Leak Fix (BetterNether) from fermiummixins.
[08:54:38] [main/INFO] [FermiumRegistryAPI]: FermiumRegistryAPI supplied "mixins.fermiummixins.late.betternether.memoryleak.json" for late mixin enqueue, adding.
[08:54:38] [main/INFO] [FermiumJarScanner]: FermiumMixinConfig enqueueing mixin(s) parsed from annotated config BetterNether Double Slab Drop Fix (BetterNether) from fermiummixins.
[08:54:38] [main/INFO] [FermiumRegistryAPI]: FermiumRegistryAPI supplied "mixins.fermiummixins.late.betternether.slabdrop.json" for late mixin enqueue, adding.
[08:54:38] [main/INFO] [FermiumJarScanner]: FermiumMixinConfig enqueueing mixin(s) parsed from annotated config BetterNether Door Dupe Fix (BetterNether) from fermiummixins.
[08:54:38] [main/INFO] [FermiumRegistryAPI]: FermiumRegistryAPI supplied "mixins.fermiummixins.late.betternether.doordupe.json" for late mixin enqueue, adding.
[08:54:38] [main/INFO] [FermiumJarScanner]: FermiumMixinConfig enqueueing mixin(s) parsed from annotated config Stalagnate Bowl Fix (BetterNether) from fermiummixins.
[08:54:38] [main/INFO] [FermiumRegistryAPI]: FermiumRegistryAPI supplied "mixins.fermiummixins.late.betternether.soupbowl.json" for late mixin enqueue, adding.
[08:54:38] [main/INFO] [FermiumJarScanner]: FermiumMixinConfig enqueueing mixin(s) parsed from annotated config BetterQuesting Memory Leak Fix (BetterQuestingStandardExpansion) from fermiummixins.
[08:54:38] [main/INFO] [FermiumRegistryAPI]: FermiumRegistryAPI supplied "mixins.fermiummixins.late.betterquesting.memoryleak.json" for late mixin enqueue, adding.
[08:54:38] [main/INFO] [FermiumJarScanner]: FermiumMixinConfig enqueueing mixin(s) parsed from annotated config Prevent Nether Wasp Farming (BiomesOPlenty) from fermiummixins.
[08:54:38] [main/INFO] [FermiumRegistryAPI]: FermiumRegistryAPI supplied "mixins.fermiummixins.early.biomesoplenty.waspfarm.json" for early mixin enqueue, adding.
[08:54:38] [main/INFO] [FermiumJarScanner]: FermiumMixinConfig enqueueing mixin(s) parsed from annotated config Bloodmoon Loot Pickup Fix (Bloodmoon) from fermiummixins.
[08:54:38] [main/INFO] [FermiumRegistryAPI]: FermiumRegistryAPI supplied "mixins.fermiummixins.early.bloodmoon.lootpickup.json" for early mixin enqueue, adding.
[08:54:38] [main/INFO] [FermiumJarScanner]: FermiumMixinConfig enqueueing mixin(s) parsed from annotated config Bloodmoon Spawner Performance (Bloodmoon) from fermiummixins.
[08:54:38] [main/INFO] [FermiumRegistryAPI]: FermiumRegistryAPI supplied "mixins.fermiummixins.late.bloodmoon.spawnerperformance.json" for late mixin enqueue, adding.
[08:54:38] [main/INFO] [FermiumJarScanner]: FermiumMixinConfig enqueueing mixin(s) parsed from annotated config Bloodmoon Optifine Compat Patch (Bloodmoon) from fermiummixins.
[08:54:38] [main/INFO] [FermiumRegistryAPI]: FermiumRegistryAPI supplied "mixins.fermiummixins.early.bloodmoon.optifinerender.json" for early mixin enqueue, adding.
[08:54:38] [main/INFO] [FermiumJarScanner]: FermiumMixinConfig enqueueing mixin(s) parsed from annotated config Flare Gun Rework (BountifulBaubles) from fermiummixins.
[08:54:38] [main/INFO] [FermiumRegistryAPI]: FermiumRegistryAPI supplied "mixins.fermiummixins.early.bountifulbaubles.flaregun.json" for early mixin enqueue, adding.
[08:54:38] [main/INFO] [FermiumRegistryAPI]: FermiumRegistryAPI supplied "mixins.fermiummixins.late.bountifulbaubles.flaregun.json" for late mixin enqueue, adding.
[08:54:38] [main/INFO] [FermiumJarScanner]: FermiumMixinConfig enqueueing mixin(s) parsed from annotated config Enchantment isShield Fix (BountifulBaubles) from fermiummixins.
[08:54:38] [main/INFO] [FermiumRegistryAPI]: FermiumRegistryAPI supplied "mixins.fermiummixins.late.bountifulbaubles.isshield.json" for late mixin enqueue, adding.
[08:54:38] [main/INFO] [FermiumJarScanner]: FermiumMixinConfig enqueueing mixin(s) parsed from annotated config Cobalt Shield Increased Resistance (BountifulBaubles) from fermiummixins.
[08:54:38] [main/INFO] [FermiumRegistryAPI]: FermiumRegistryAPI supplied "mixins.fermiummixins.late.bountifulbaubles.knockback.json" for late mixin enqueue, adding.
[08:54:38] [main/INFO] [FermiumJarScanner]: FermiumMixinConfig enqueueing mixin(s) parsed from annotated config Reforging Binding Fix (BountifulBaubles) from fermiummixins.
[08:54:38] [main/INFO] [FermiumRegistryAPI]: FermiumRegistryAPI supplied "mixins.fermiummixins.late.bountifulbaubles.binding.json" for late mixin enqueue, adding.
[08:54:38] [main/INFO] [FermiumJarScanner]: FermiumMixinConfig enqueueing mixin(s) parsed from annotated config Fire Resistance Baubles Rework (BountifulBaubles) from fermiummixins.
[08:54:38] [main/INFO] [FermiumRegistryAPI]: FermiumRegistryAPI supplied "mixins.fermiummixins.late.bountifulbaubles.fireresistance.json" for late mixin enqueue, adding.
[08:54:38] [main/INFO] [FermiumJarScanner]: FermiumMixinConfig enqueueing mixin(s) parsed from annotated config Gluttony Eating Speed Only (BountifulBaubles) from fermiummixins.
[08:54:38] [main/INFO] [FermiumRegistryAPI]: FermiumRegistryAPI supplied "mixins.fermiummixins.late.bountifulbaubles.drink.json" for late mixin enqueue, adding.
[08:54:38] [main/INFO] [FermiumJarScanner]: FermiumMixinConfig enqueueing mixin(s) parsed from annotated config Gluttony Ignore Trumpet Fix (BountifulBaubles/TrumpetSkeleton) from fermiummixins.
[08:54:38] [main/INFO] [FermiumRegistryAPI]: FermiumRegistryAPI supplied "mixins.fermiummixins.late.bountifulbaubles.trumpet.json" for late mixin enqueue, adding.
[08:54:38] [main/INFO] [FermiumJarScanner]: FermiumMixinConfig enqueueing mixin(s) parsed from annotated config Broken Heart First Aid Fix (BountifulBaubles/FirstAid) from fermiummixins.
[08:54:38] [main/INFO] [FermiumRegistryAPI]: FermiumRegistryAPI supplied "mixins.fermiummixins.late.bountifulbaubles.brokenheart.json" for late mixin enqueue, adding.
[08:54:38] [main/INFO] [FermiumJarScanner]: FermiumMixinConfig enqueueing mixin(s) parsed from annotated config Ungenerated Chest Patch (CarryOn) from fermiummixins.
[08:54:38] [main/INFO] [FermiumRegistryAPI]: FermiumRegistryAPI supplied "mixins.fermiummixins.late.carryon.chest.json" for late mixin enqueue, adding.
[08:54:38] [main/INFO] [FermiumJarScanner]: FermiumMixinConfig enqueueing mixin(s) parsed from annotated config Passenger Rider Death Fix (CarryOn) from fermiummixins.
[08:54:38] [main/INFO] [FermiumRegistryAPI]: FermiumRegistryAPI supplied "mixins.fermiummixins.late.carryon.position.json" for late mixin enqueue, adding.
[08:54:38] [main/INFO] [FermiumJarScanner]: FermiumMixinConfig enqueueing mixin(s) parsed from annotated config Saddled Pig Fix (CarryOn) from fermiummixins.
[08:54:38] [main/INFO] [FermiumRegistryAPI]: FermiumRegistryAPI supplied "mixins.fermiummixins.late.carryon.pig.json" for late mixin enqueue, adding.
[08:54:38] [main/INFO] [FermiumJarScanner]: FermiumMixinConfig enqueueing mixin(s) parsed from annotated config Pack Animal Inventory Fix (CarryOn) from fermiummixins.
[08:54:38] [main/INFO] [FermiumRegistryAPI]: FermiumRegistryAPI supplied "mixins.fermiummixins.late.carryon.chesthorse.json" for late mixin enqueue, adding.
[08:54:38] [main/INFO] [FermiumJarScanner]: FermiumMixinConfig enqueueing mixin(s) parsed from annotated config Prevent Infested Farming (Champions) from fermiummixins.
[08:54:38] [main/INFO] [FermiumRegistryAPI]: FermiumRegistryAPI supplied "mixins.fermiummixins.late.champions.infested.json" for late mixin enqueue, adding.
[08:54:38] [main/INFO] [FermiumJarScanner]: FermiumMixinConfig enqueueing mixin(s) parsed from annotated config Jailer Time Fix (Champions) from fermiummixins.
[08:54:38] [main/INFO] [FermiumRegistryAPI]: FermiumRegistryAPI supplied "mixins.fermiummixins.late.champions.jailer.json" for late mixin enqueue, adding.
[08:54:38] [main/INFO] [FermiumJarScanner]: FermiumMixinConfig enqueueing mixin(s) parsed from annotated config Death Message Tweak (Champions) from fermiummixins.
[08:54:38] [main/INFO] [FermiumRegistryAPI]: FermiumRegistryAPI supplied "mixins.fermiummixins.late.champions.deathmessage.json" for late mixin enqueue, adding.
[08:54:38] [main/INFO] [FermiumJarScanner]: FermiumMixinConfig enqueueing mixin(s) parsed from annotated config Potion Particle Visibility (Champions) from fermiummixins.
[08:54:38] [main/INFO] [FermiumRegistryAPI]: FermiumRegistryAPI supplied "mixins.fermiummixins.late.champions.particle.json" for late mixin enqueue, adding.
[08:54:38] [main/INFO] [FermiumJarScanner]: FermiumMixinConfig enqueueing mixin(s) parsed from annotated config Reflecting Damage Fix (Champions) from fermiummixins.
[08:54:38] [main/INFO] [FermiumRegistryAPI]: FermiumRegistryAPI supplied "mixins.fermiummixins.late.champions.reflecting.json" for late mixin enqueue, adding.
[08:54:38] [main/INFO] [FermiumJarScanner]: FermiumMixinConfig enqueueing mixin(s) parsed from annotated config Prevent Ownable Champions (Champions) from fermiummixins.
[08:54:38] [main/INFO] [FermiumRegistryAPI]: FermiumRegistryAPI supplied "mixins.fermiummixins.late.champions.ownable.json" for late mixin enqueue, adding.
[08:54:38] [main/INFO] [FermiumJarScanner]: FermiumMixinConfig enqueueing mixin(s) parsed from annotated config Prevent Infernal Champions (Champions/InfernalMobs) from fermiummixins.
[08:54:38] [main/INFO] [FermiumRegistryAPI]: FermiumRegistryAPI supplied "mixins.fermiummixins.late.champions.infernals.json" for late mixin enqueue, adding.
[08:54:38] [main/INFO] [FermiumJarScanner]: FermiumMixinConfig enqueueing mixin(s) parsed from annotated config Prevent Shulker Crate Insertion (Charm) from fermiummixins.
[08:54:38] [main/INFO] [FermiumRegistryAPI]: FermiumRegistryAPI supplied "mixins.fermiummixins.early.charm.shulkerinsertion.json" for early mixin enqueue, adding.
[08:54:38] [main/INFO] [FermiumJarScanner]: FermiumMixinConfig enqueueing mixin(s) parsed from annotated config Magnetic Enchant Dupe Patch (Charm) from fermiummixins.
[08:54:38] [main/INFO] [FermiumRegistryAPI]: FermiumRegistryAPI supplied "mixins.fermiummixins.late.charm.magneticdupe.json" for late mixin enqueue, adding.
[08:54:38] [main/INFO] [FermiumJarScanner]: FermiumMixinConfig enqueueing mixin(s) parsed from annotated config Rusting Curse Negative Durability Patch (Charm) from fermiummixins.
[08:54:38] [main/INFO] [FermiumRegistryAPI]: FermiumRegistryAPI supplied "mixins.fermiummixins.late.charm.rustingdurability.json" for late mixin enqueue, adding.
[08:54:38] [main/INFO] [FermiumJarScanner]: FermiumMixinConfig enqueueing mixin(s) parsed from annotated config Colored Rune Portal Player Only (Charm) from fermiummixins.
[08:54:38] [main/INFO] [FermiumRegistryAPI]: FermiumRegistryAPI supplied "mixins.fermiummixins.late.charm.runeportalplayeronly.json" for late mixin enqueue, adding.
[08:54:38] [main/INFO] [FermiumJarScanner]: FermiumMixinConfig enqueueing mixin(s) parsed from annotated config Hat Stand Crash (ClassyHats) from fermiummixins.
[08:54:38] [main/INFO] [FermiumRegistryAPI]: FermiumRegistryAPI supplied "mixins.fermiummixins.late.classyhats.pickblock.json" for late mixin enqueue, adding.
[08:54:38] [main/INFO] [FermiumJarScanner]: FermiumMixinConfig enqueueing mixin(s) parsed from annotated config XP Return Fix (CorpseComplex) from fermiummixins.
[08:54:38] [main/INFO] [FermiumRegistryAPI]: FermiumRegistryAPI supplied "mixins.fermiummixins.late.corpsecomplex.xpreturn.json" for late mixin enqueue, adding.
[08:54:38] [main/INFO] [FermiumJarScanner]: FermiumMixinConfig enqueueing mixin(s) parsed from annotated config Corruption Performance Improvements (DefiledLands) from fermiummixins.
[08:54:38] [main/INFO] [FermiumRegistryAPI]: FermiumRegistryAPI supplied "mixins.fermiummixins.late.defiledlands.corruption.json" for late mixin enqueue, adding.
[08:54:38] [main/INFO] [FermiumJarScanner]: FermiumMixinConfig enqueueing mixin(s) parsed from annotated config Modify BookWyrm Max Level (DefiledLands) from fermiummixins.
[08:54:38] [main/INFO] [FermiumRegistryAPI]: FermiumRegistryAPI supplied "mixins.fermiummixins.late.defiledlands.bookwyrms.json" for late mixin enqueue, adding.
[08:54:38] [main/INFO] [FermiumJarScanner]: FermiumMixinConfig enqueueing mixin(s) parsed from annotated config Table GUI Crash Fix (Disenchanter) from fermiummixins.
[08:54:38] [main/INFO] [FermiumRegistryAPI]: FermiumRegistryAPI supplied "mixins.fermiummixins.late.disenchanter.crash.json" for late mixin enqueue, adding.
[08:54:38] [main/INFO] [FermiumJarScanner]: FermiumMixinConfig enqueueing mixin(s) parsed from annotated config Dungeon Theme Error (DoomlikeDungeons) from fermiummixins.
[08:54:38] [main/INFO] [FermiumRegistryAPI]: FermiumRegistryAPI supplied "mixins.fermiummixins.late.doomlikedungeons.themeerror.json" for late mixin enqueue, adding.
[08:54:38] [main/INFO] [FermiumJarScanner]: FermiumMixinConfig enqueueing mixin(s) parsed from annotated config WorldGen Leaves Lighting Lag Fix (DramaticTrees) from fermiummixins.
[08:54:38] [main/INFO] [FermiumRegistryAPI]: FermiumRegistryAPI supplied "mixins.fermiummixins.late.dramatictrees.lighting.json" for late mixin enqueue, adding.
[08:54:38] [main/INFO] [FermiumJarScanner]: FermiumMixinConfig enqueueing mixin(s) parsed from annotated config Collision Box Cache (DramaticTrees) from fermiummixins.
[08:54:38] [main/INFO] [FermiumRegistryAPI]: FermiumRegistryAPI supplied "mixins.fermiummixins.late.dramatictrees.aabbcache.json" for late mixin enqueue, adding.
[08:54:38] [main/INFO] [FermiumJarScanner]: FermiumMixinConfig enqueueing mixin(s) parsed from annotated config Custom Entity Chat Bubbles (DynamicSurroundings) from fermiummixins.
[08:54:38] [main/INFO] [FermiumRegistryAPI]: FermiumRegistryAPI supplied "mixins.fermiummixins.late.dynamicsurroundings.customchat.json" for late mixin enqueue, adding.
[08:54:38] [main/INFO] [FermiumJarScanner]: FermiumMixinConfig enqueueing mixin(s) parsed from annotated config Entity Chat Bubble Shaders Patch (DynamicSurroundings/Optifine) from fermiummixins.
[08:54:38] [main/INFO] [FermiumRegistryAPI]: FermiumRegistryAPI supplied "mixins.fermiummixins.late.dynamicsurroundings.chatrender.json" for late mixin enqueue, adding.
[08:54:38] [main/INFO] [FermiumJarScanner]: FermiumMixinConfig enqueueing mixin(s) parsed from annotated config Potion Amplifier Visibility (DynamicSurroundings/DSHuds) from fermiummixins.
[08:54:38] [main/INFO] [FermiumRegistryAPI]: FermiumRegistryAPI supplied "mixins.fermiummixins.late.dynamicsurroundings.potionamplifier.json" for late mixin enqueue, adding.
[08:54:38] [main/INFO] [FermiumJarScanner]: FermiumMixinConfig enqueueing mixin(s) parsed from annotated config Display Barometer/Photometer Information (DynamicSurroundings/DSHuds/Inspirations) from fermiummixins.
[08:54:38] [main/INFO] [FermiumRegistryAPI]: FermiumRegistryAPI supplied "mixins.fermiummixins.late.dynamicsurroundings.barophotometer.json" for late mixin enqueue, adding.
[08:54:38] [main/INFO] [FermiumJarScanner]: FermiumMixinConfig enqueueing mixin(s) parsed from annotated config Tick Performance Improvement (ElenaiDodge) from fermiummixins.
[08:54:38] [main/INFO] [FermiumRegistryAPI]: FermiumRegistryAPI supplied "mixins.fermiummixins.late.elenaidodge.performance.json" for late mixin enqueue, adding.
[08:54:38] [main/INFO] [FermiumJarScanner]: FermiumMixinConfig enqueueing mixin(s) parsed from annotated config FancyMenu Server Crash (FancyMenu) from fermiummixins.
[08:54:38] [main/INFO] [FermiumRegistryAPI]: FermiumRegistryAPI supplied "mixins.fermiummixins.early.fancymenu.servercrash.json" for early mixin enqueue, adding.
[08:54:38] [main/INFO] [FermiumJarScanner]: FermiumMixinConfig enqueueing mixin(s) parsed from annotated config Fix Health Display (FirstAid) from fermiummixins.
[08:54:38] [main/INFO] [FermiumRegistryAPI]: FermiumRegistryAPI supplied "mixins.fermiummixins.late.firstaid.heartrender.json" for late mixin enqueue, adding.
[08:54:38] [main/INFO] [FermiumJarScanner]: FermiumMixinConfig enqueueing mixin(s) parsed from annotated config Horse Meat From Llamas Fix (FoodExpansion) from fermiummixins.
[08:54:38] [main/INFO] [FermiumRegistryAPI]: FermiumRegistryAPI supplied "mixins.fermiummixins.late.foodexpansion.llama.json" for late mixin enqueue, adding.
[08:54:38] [main/INFO] [FermiumJarScanner]: FermiumMixinConfig enqueueing mixin(s) parsed from annotated config Vein Pickaxe Abuse Patch (ForgottenItems) from fermiummixins.
[08:54:38] [main/INFO] [FermiumRegistryAPI]: FermiumRegistryAPI supplied "mixins.fermiummixins.late.forgottenitems.veinpick.json" for late mixin enqueue, adding.
[08:54:38] [main/INFO] [FermiumJarScanner]: FermiumMixinConfig enqueueing mixin(s) parsed from annotated config Broken Rune Fix (ForgottenItems) from fermiummixins.
[08:54:38] [main/INFO] [FermiumRegistryAPI]: FermiumRegistryAPI supplied "mixins.fermiummixins.late.forgottenitems.rune.json" for late mixin enqueue, adding.
[08:54:38] [main/INFO] [FermiumJarScanner]: FermiumMixinConfig enqueueing mixin(s) parsed from annotated config Bound Tools Lost NBT Fix (ForgottenItems) from fermiummixins.
[08:54:38] [main/INFO] [FermiumRegistryAPI]: FermiumRegistryAPI supplied "mixins.fermiummixins.late.forgottenitems.bound.json" for late mixin enqueue, adding.
[08:54:38] [main/ERROR] [FermiumJarScanner]: FermiumMixinConfig config Fix Spawn Rule Repetition (InControl/Optifine) from fermiummixins disabled as incompatible without optifine: Issue only arises if OptiFine is present.
[08:54:38] [main/INFO] [FermiumJarScanner]: FermiumMixinConfig enqueueing mixin(s) parsed from annotated config Infernal Particle Spam (InfernalMobs) from fermiummixins.
[08:54:38] [main/INFO] [FermiumRegistryAPI]: FermiumRegistryAPI supplied "mixins.fermiummixins.late.infernalmobs.particle.json" for late mixin enqueue, adding.
[08:54:38] [main/INFO] [FermiumJarScanner]: FermiumMixinConfig enqueueing mixin(s) parsed from annotated config Config Load Spam Fix (InfernalMobs) from fermiummixins.
[08:54:38] [main/INFO] [FermiumRegistryAPI]: FermiumRegistryAPI supplied "mixins.fermiummixins.late.infernalmobs.configperformance.json" for late mixin enqueue, adding.
[08:54:38] [main/INFO] [FermiumJarScanner]: FermiumMixinConfig enqueueing mixin(s) parsed from annotated config Remove Shield Protection Enchants (Inspirations) from fermiummixins.
[08:54:38] [main/INFO] [FermiumRegistryAPI]: FermiumRegistryAPI supplied "mixins.fermiummixins.late.inspirations.protection.json" for late mixin enqueue, adding.
[08:54:38] [main/INFO] [FermiumJarScanner]: FermiumMixinConfig enqueueing mixin(s) parsed from annotated config Bookshelf Color Crash Fix (Inspirations) from fermiummixins.
[08:54:38] [main/INFO] [FermiumRegistryAPI]: FermiumRegistryAPI supplied "mixins.fermiummixins.late.inspirations.colorcrash.json" for late mixin enqueue, adding.
[08:54:38] [main/INFO] [FermiumJarScanner]: FermiumMixinConfig enqueueing mixin(s) parsed from annotated config Server Crash Fix (ItemPhysics) from fermiummixins.
[08:54:38] [main/INFO] [FermiumRegistryAPI]: FermiumRegistryAPI supplied "mixins.fermiummixins.early.itemphysics.servercrash.json" for early mixin enqueue, adding.
[08:54:38] [main/INFO] [FermiumRegistryAPI]: FermiumRegistryAPI supplied "mixins.fermiummixins.late.itemphysics.servercrash.json" for late mixin enqueue, adding.
[08:54:38] [main/INFO] [FermiumJarScanner]: FermiumMixinConfig enqueueing mixin(s) parsed from annotated config Item Pickup Reach Attribute (ItemPhysics/ReachFix) from fermiummixins.
[08:54:38] [main/INFO] [FermiumRegistryAPI]: FermiumRegistryAPI supplied "mixins.fermiummixins.late.itemphysics.reach.json" for late mixin enqueue, adding.
[08:54:38] [main/INFO] [FermiumJarScanner]: FermiumMixinConfig enqueueing mixin(s) parsed from annotated config CarryOn Q Fix (ItemPhysics/CarryOn) from fermiummixins.
[08:54:38] [main/INFO] [FermiumRegistryAPI]: FermiumRegistryAPI supplied "mixins.fermiummixins.late.itemphysics.carryonq.json" for late mixin enqueue, adding.
[08:54:38] [main/INFO] [FermiumJarScanner]: FermiumMixinConfig enqueueing mixin(s) parsed from annotated config Ignore Anvil Enchantment Recipes (JEI) from fermiummixins.
[08:54:38] [main/INFO] [FermiumRegistryAPI]: FermiumRegistryAPI supplied "mixins.fermiummixins.late.jei.enchant.json" for late mixin enqueue, adding.
[08:54:38] [main/INFO] [FermiumJarScanner]: FermiumMixinConfig enqueueing mixin(s) parsed from annotated config Keyring Dupe Patch (Locks) from fermiummixins.
[08:54:38] [main/INFO] [FermiumRegistryAPI]: FermiumRegistryAPI supplied "mixins.fermiummixins.late.locks.dupe.json" for late mixin enqueue, adding.
[08:54:38] [main/INFO] [FermiumJarScanner]: FermiumMixinConfig enqueueing mixin(s) parsed from annotated config Render Box Resize (LycanitesMobs) from fermiummixins.
[08:54:38] [main/INFO] [FermiumRegistryAPI]: FermiumRegistryAPI supplied "mixins.fermiummixins.late.lycanitesmobs.render.json" for late mixin enqueue, adding.
[08:54:38] [main/INFO] [FermiumJarScanner]: FermiumMixinConfig enqueueing mixin(s) parsed from annotated config Spriggan Growth Rate Override Patch (LycanitesMobs) from fermiummixins.
[08:54:38] [main/INFO] [FermiumRegistryAPI]: FermiumRegistryAPI supplied "mixins.fermiummixins.late.lycanitesmobs.spriggan.json" for late mixin enqueue, adding.
[08:54:38] [main/INFO] [FermiumJarScanner]: FermiumMixinConfig enqueueing mixin(s) parsed from annotated config Asmodeus Minion Patch (LycanitesMobs) from fermiummixins.
[08:54:38] [main/INFO] [FermiumRegistryAPI]: FermiumRegistryAPI supplied "mixins.fermiummixins.late.lycanitesmobs.minion.json" for late mixin enqueue, adding.
[08:54:38] [main/INFO] [FermiumJarScanner]: FermiumMixinConfig enqueueing mixin(s) parsed from annotated config Allow Charges In Item Frames (LycanitesMobs) from fermiummixins.
[08:54:38] [main/INFO] [FermiumRegistryAPI]: FermiumRegistryAPI supplied "mixins.fermiummixins.late.lycanitesmobs.itemframe.json" for late mixin enqueue, adding.
[08:54:38] [main/INFO] [FermiumJarScanner]: FermiumMixinConfig enqueueing mixin(s) parsed from annotated config Fix Duplicate Render ID Crash (MoBends) from fermiummixins.
[08:54:38] [main/INFO] [FermiumRegistryAPI]: FermiumRegistryAPI supplied "mixins.fermiummixins.early.mobends.idcrash.json" for early mixin enqueue, adding.
[08:54:38] [main/INFO] [FermiumRegistryAPI]: FermiumRegistryAPI supplied "mixins.fermiummixins.late.mobends.idcrash.json" for late mixin enqueue, adding.
[08:54:38] [main/INFO] [FermiumJarScanner]: FermiumMixinConfig enqueueing mixin(s) parsed from annotated config MoBends Memory Leak Patches (MoBends) from fermiummixins.
[08:54:38] [main/INFO] [FermiumRegistryAPI]: FermiumRegistryAPI supplied "mixins.fermiummixins.early.mobends.memleak.json" for early mixin enqueue, adding.
[08:54:38] [main/INFO] [FermiumRegistryAPI]: FermiumRegistryAPI supplied "mixins.fermiummixins.late.mobends.memleak.json" for late mixin enqueue, adding.
[08:54:38] [main/INFO] [FermiumJarScanner]: FermiumMixinConfig enqueueing mixin(s) parsed from annotated config Health Bar Shaders Patch (Neat) from fermiummixins.
[08:54:38] [main/INFO] [FermiumRegistryAPI]: FermiumRegistryAPI supplied "mixins.fermiummixins.late.neat.optifinerender.json" for late mixin enqueue, adding.
[08:54:38] [main/INFO] [FermiumJarScanner]: FermiumMixinConfig enqueueing mixin(s) parsed from annotated config Clay Tool Enchant Patch (NoTreePunching) from fermiummixins.
[08:54:38] [main/INFO] [FermiumRegistryAPI]: FermiumRegistryAPI supplied "mixins.fermiummixins.late.notreepunching.claytool.json" for late mixin enqueue, adding.
[08:54:38] [main/INFO] [FermiumJarScanner]: FermiumMixinConfig enqueueing mixin(s) parsed from annotated config Mattock Durability Patch (NoTreePunching) from fermiummixins.
[08:54:38] [main/INFO] [FermiumRegistryAPI]: FermiumRegistryAPI supplied "mixins.fermiummixins.late.notreepunching.mattock.json" for late mixin enqueue, adding.
[08:54:38] [main/INFO] [FermiumJarScanner]: FermiumMixinConfig enqueueing mixin(s) parsed from annotated config Force Vanilla Spawning (OpenTerrainGenerator) from fermiummixins.
[08:54:38] [main/INFO] [FermiumRegistryAPI]: FermiumRegistryAPI supplied "mixins.fermiummixins.late.openterraingenerator.respawn.json" for late mixin enqueue, adding.
[08:54:38] [main/INFO] [FermiumJarScanner]: FermiumMixinConfig enqueueing mixin(s) parsed from annotated config Force Disable Pregenerator (OpenTerrainGenerator) from fermiummixins.
[08:54:38] [main/INFO] [FermiumRegistryAPI]: FermiumRegistryAPI supplied "mixins.fermiummixins.late.openterraingenerator.pregen.json" for late mixin enqueue, adding.
[08:54:38] [main/INFO] [FermiumJarScanner]: FermiumMixinConfig enqueueing mixin(s) parsed from annotated config Save To Disk Crash Improvement (OpenTerrainGenerator) from fermiummixins.
[08:54:38] [main/INFO] [FermiumRegistryAPI]: FermiumRegistryAPI supplied "mixins.fermiummixins.late.openterraingenerator.savetodiskcrash.json" for late mixin enqueue, adding.
[08:54:38] [main/INFO] [FermiumJarScanner]: FermiumMixinConfig enqueueing mixin(s) parsed from annotated config World Gen Crash Improvement (OpenTerrainGenerator) from fermiummixins.
[08:54:38] [main/INFO] [FermiumRegistryAPI]: FermiumRegistryAPI supplied "mixins.fermiummixins.late.openterraingenerator.worldgencrash.json" for late mixin enqueue, adding.
[08:54:38] [main/INFO] [FermiumJarScanner]: FermiumMixinConfig enqueueing mixin(s) parsed from annotated config CustomStructureCache Improve Load Speed (OpenTerrainGenerator) from fermiummixins.
[08:54:38] [main/INFO] [FermiumRegistryAPI]: FermiumRegistryAPI supplied "mixins.fermiummixins.late.openterraingenerator.cacheloadspeed.json" for late mixin enqueue, adding.
[08:54:38] [main/INFO] [FermiumJarScanner]: FermiumMixinConfig enqueueing mixin(s) parsed from annotated config Invert Debuff Only (PotionCore) from fermiummixins.
[08:54:38] [main/INFO] [FermiumRegistryAPI]: FermiumRegistryAPI supplied "mixins.fermiummixins.late.potioncore.invert.json" for late mixin enqueue, adding.
[08:54:38] [main/INFO] [FermiumJarScanner]: FermiumMixinConfig enqueueing mixin(s) parsed from annotated config Revival Player Only (PotionCore) from fermiummixins.
[08:54:38] [main/INFO] [FermiumRegistryAPI]: FermiumRegistryAPI supplied "mixins.fermiummixins.late.potioncore.revival.json" for late mixin enqueue, adding.
[08:54:38] [main/INFO] [FermiumJarScanner]: FermiumMixinConfig enqueueing mixin(s) parsed from annotated config Limit Modifier Checks (QualityTools) from fermiummixins.
[08:54:38] [main/INFO] [FermiumRegistryAPI]: FermiumRegistryAPI supplied "mixins.fermiummixins.late.qualitytools.performance.json" for late mixin enqueue, adding.
[08:54:38] [main/INFO] [FermiumJarScanner]: FermiumMixinConfig enqueueing mixin(s) parsed from annotated config Optifine Rune Render Fix (Quark) from fermiummixins.
[08:54:38] [main/INFO] [FermiumRegistryAPI]: FermiumRegistryAPI supplied "mixins.fermiummixins.early.quark.runeoptifine.json" for early mixin enqueue, adding.
[08:54:38] [main/INFO] [FermiumJarScanner]: FermiumMixinConfig enqueueing mixin(s) parsed from annotated config Stoneling Dupe Patch (Quark) from fermiummixins.
[08:54:38] [main/INFO] [FermiumRegistryAPI]: FermiumRegistryAPI supplied "mixins.fermiummixins.late.quark.stonelingdupe.json" for late mixin enqueue, adding.
[08:54:38] [main/INFO] [FermiumJarScanner]: FermiumMixinConfig enqueueing mixin(s) parsed from annotated config Sync Sign Edit Config (Quark) from fermiummixins.
[08:54:38] [main/INFO] [FermiumRegistryAPI]: FermiumRegistryAPI supplied "mixins.fermiummixins.late.quark.signeditsync.json" for late mixin enqueue, adding.
[08:54:38] [main/INFO] [FermiumJarScanner]: FermiumMixinConfig enqueueing mixin(s) parsed from annotated config Chest Boat Dupe (Quark) from fermiummixins.
[08:54:38] [main/INFO] [FermiumRegistryAPI]: FermiumRegistryAPI supplied "mixins.fermiummixins.late.quark.chestboatdupe.json" for late mixin enqueue, adding.
[08:54:38] [main/INFO] [FermiumJarScanner]: FermiumMixinConfig enqueueing mixin(s) parsed from annotated config Chat Link NBT Crash (Quark) from fermiummixins.
[08:54:38] [main/INFO] [FermiumRegistryAPI]: FermiumRegistryAPI supplied "mixins.fermiummixins.late.quark.chatlinkcrash.json" for late mixin enqueue, adding.
[08:54:38] [main/INFO] [FermiumJarScanner]: FermiumMixinConfig enqueueing mixin(s) parsed from annotated config Ender Watcher Performance Patch (Quark) from fermiummixins.
[08:54:38] [main/INFO] [FermiumRegistryAPI]: FermiumRegistryAPI supplied "mixins.fermiummixins.late.quark.enderwatcher.json" for late mixin enqueue, adding.
[08:54:38] [main/INFO] [FermiumJarScanner]: FermiumMixinConfig enqueueing mixin(s) parsed from annotated config Springy Slime Force Disable (Quark) from fermiummixins.
[08:54:38] [main/INFO] [FermiumRegistryAPI]: FermiumRegistryAPI supplied "mixins.fermiummixins.late.quark.disablespringyslime.json" for late mixin enqueue, adding.
[08:54:38] [main/INFO] [FermiumJarScanner]: FermiumMixinConfig enqueueing mixin(s) parsed from annotated config Emotes Force Disable (Quark) from fermiummixins.
[08:54:38] [main/INFO] [FermiumRegistryAPI]: FermiumRegistryAPI supplied "mixins.fermiummixins.late.quark.disableemotes.json" for late mixin enqueue, adding.
[08:54:38] [main/INFO] [FermiumJarScanner]: FermiumMixinConfig enqueueing mixin(s) parsed from annotated config Potion Colorizer Force Disable (Quark) from fermiummixins.
[08:54:38] [main/INFO] [FermiumRegistryAPI]: FermiumRegistryAPI supplied "mixins.fermiummixins.late.quark.disablecolorizer.json" for late mixin enqueue, adding.
[08:54:38] [main/INFO] [FermiumJarScanner]: FermiumMixinConfig enqueueing mixin(s) parsed from annotated config Reduced Villager Double Door AI Checks (Quark) from fermiummixins.
[08:54:38] [main/INFO] [FermiumRegistryAPI]: FermiumRegistryAPI supplied "mixins.fermiummixins.late.quark.villagerdoorai.json" for late mixin enqueue, adding.
[08:54:38] [main/INFO] [FermiumJarScanner]: FermiumMixinConfig enqueueing mixin(s) parsed from annotated config Stoneling Eyeheight Stall Patch (Quark) from fermiummixins.
[08:54:38] [main/INFO] [FermiumRegistryAPI]: FermiumRegistryAPI supplied "mixins.fermiummixins.late.quark.stonelingstall.json" for late mixin enqueue, adding.
[08:54:38] [main/INFO] [FermiumJarScanner]: FermiumMixinConfig enqueueing mixin(s) parsed from annotated config Stoneling Spawn Patch (Quark) from fermiummixins.
[08:54:38] [main/INFO] [FermiumRegistryAPI]: FermiumRegistryAPI supplied "mixins.fermiummixins.late.quark.stonelingspawn.json" for late mixin enqueue, adding.
[08:54:38] [main/INFO] [FermiumJarScanner]: FermiumMixinConfig enqueueing mixin(s) parsed from annotated config Enchanted Book Tooltip Rendering Patch (Quark) from fermiummixins.
[08:54:38] [main/INFO] [FermiumRegistryAPI]: FermiumRegistryAPI supplied "mixins.fermiummixins.late.quark.enchanttooltip.json" for late mixin enqueue, adding.
[08:54:38] [main/INFO] [FermiumJarScanner]: FermiumMixinConfig enqueueing mixin(s) parsed from annotated config Usage Ticker Forced Visible (Quark) from fermiummixins.
[08:54:38] [main/INFO] [FermiumRegistryAPI]: FermiumRegistryAPI supplied "mixins.fermiummixins.late.quark.usagetickervisible.json" for late mixin enqueue, adding.
[08:54:38] [main/INFO] [FermiumJarScanner]: FermiumMixinConfig enqueueing mixin(s) parsed from annotated config Monster Box Check Player Performance (Quark) from fermiummixins.
[08:54:38] [main/INFO] [FermiumRegistryAPI]: FermiumRegistryAPI supplied "mixins.fermiummixins.late.quark.monsterboxperformance.json" for late mixin enqueue, adding.
[08:54:38] [main/INFO] [FermiumJarScanner]: FermiumMixinConfig enqueueing mixin(s) parsed from annotated config Underground Gen Performance Fix (Quark) from fermiummixins.
[08:54:38] [main/INFO] [FermiumRegistryAPI]: FermiumRegistryAPI supplied "mixins.fermiummixins.late.quark.worldgenlag.json" for late mixin enqueue, adding.
[08:54:38] [main/INFO] [FermiumJarScanner]: FermiumMixinConfig enqueueing mixin(s) parsed from annotated config Player Tracking Patch (Reskillable) from fermiummixins.
[08:54:38] [main/INFO] [FermiumRegistryAPI]: FermiumRegistryAPI supplied "mixins.fermiummixins.late.reskillable.tracking.json" for late mixin enqueue, adding.
[08:54:38] [main/INFO] [FermiumJarScanner]: FermiumMixinConfig enqueueing mixin(s) parsed from annotated config SeedFood Bypass Lock (Reskillable) from fermiummixins.
[08:54:38] [main/INFO] [FermiumRegistryAPI]: FermiumRegistryAPI supplied "mixins.fermiummixins.late.reskillable.seedfood.json" for late mixin enqueue, adding.
[08:54:38] [main/INFO] [FermiumJarScanner]: FermiumMixinConfig enqueueing mixin(s) parsed from annotated config HungryFarmer Rework (Reskillable) from fermiummixins.
[08:54:38] [main/INFO] [FermiumRegistryAPI]: FermiumRegistryAPI supplied "mixins.fermiummixins.late.reskillable.hungryfarmer.json" for late mixin enqueue, adding.
[08:54:38] [main/INFO] [FermiumJarScanner]: FermiumMixinConfig enqueueing mixin(s) parsed from annotated config Indirect Self Damage Patch (Reskillable) from fermiummixins.
[08:54:38] [main/INFO] [FermiumRegistryAPI]: FermiumRegistryAPI supplied "mixins.fermiummixins.late.reskillable.selfdamage.json" for late mixin enqueue, adding.
[08:54:38] [main/INFO] [FermiumJarScanner]: FermiumMixinConfig enqueueing mixin(s) parsed from annotated config RoadWalk Rework (Reskillable) from fermiummixins.
[08:54:38] [main/INFO] [FermiumRegistryAPI]: FermiumRegistryAPI supplied "mixins.fermiummixins.late.reskillable.roadwalk.json" for late mixin enqueue, adding.
[08:54:38] [main/INFO] [FermiumJarScanner]: FermiumMixinConfig enqueueing mixin(s) parsed from annotated config Golden BookWyrm Osmosis (Reskillable/DefiledLands) from fermiummixins.
[08:54:38] [main/INFO] [FermiumRegistryAPI]: FermiumRegistryAPI supplied "mixins.fermiummixins.late.reskillable.goldenbookwyrm.json" for late mixin enqueue, adding.
[08:54:38] [main/INFO] [FermiumJarScanner]: FermiumMixinConfig enqueueing mixin(s) parsed from annotated config Undershirt Compat (Reskillable/FirstAid) from fermiummixins.
[08:54:38] [main/INFO] [FermiumRegistryAPI]: FermiumRegistryAPI supplied "mixins.fermiummixins.late.reskillable.undershirt.json" for late mixin enqueue, adding.
[08:54:38] [main/INFO] [FermiumJarScanner]: FermiumMixinConfig enqueueing mixin(s) parsed from annotated config Healing Salve Bowl Fix (RoughTweaks) from fermiummixins.
[08:54:38] [main/INFO] [FermiumRegistryAPI]: FermiumRegistryAPI supplied "mixins.fermiummixins.late.roughtweaks.salve.json" for late mixin enqueue, adding.
[08:54:38] [main/INFO] [FermiumJarScanner]: FermiumMixinConfig enqueueing mixin(s) parsed from annotated config Reflection Caching Fix (SereneSeasons) from fermiummixins.
[08:54:38] [main/INFO] [FermiumRegistryAPI]: FermiumRegistryAPI supplied "mixins.fermiummixins.late.sereneseasons.performance.json" for late mixin enqueue, adding.
[08:54:38] [main/INFO] [FermiumJarScanner]: FermiumMixinConfig enqueueing mixin(s) parsed from annotated config Purified Rain Water (SimpleDifficulty) from fermiummixins.
[08:54:38] [main/INFO] [FermiumRegistryAPI]: FermiumRegistryAPI supplied "mixins.fermiummixins.late.simpledifficulty.raincanteen.json" for late mixin enqueue, adding.
[08:54:38] [main/INFO] [FermiumJarScanner]: FermiumMixinConfig enqueueing mixin(s) parsed from annotated config Rain Collector Canteen Fix (SimpleDifficulty) from fermiummixins.
[08:54:38] [main/INFO] [FermiumRegistryAPI]: FermiumRegistryAPI supplied "mixins.fermiummixins.late.simpledifficulty.collectorcanteen.json" for late mixin enqueue, adding.
[08:54:38] [main/INFO] [FermiumJarScanner]: FermiumMixinConfig enqueueing mixin(s) parsed from annotated config Command Permissions Fix (SimpleDifficulty) from fermiummixins.
[08:54:38] [main/INFO] [FermiumRegistryAPI]: FermiumRegistryAPI supplied "mixins.fermiummixins.late.simpledifficulty.commands.json" for late mixin enqueue, adding.
[08:54:38] [main/INFO] [FermiumJarScanner]: FermiumMixinConfig enqueueing mixin(s) parsed from annotated config Curing/Conversion Ticks Spawners (MobSpawnerControl) from fermiummixins.
[08:54:38] [main/INFO] [FermiumRegistryAPI]: FermiumRegistryAPI supplied "mixins.fermiummixins.early.spawnercontrol.curing.json" for early mixin enqueue, adding.
[08:54:38] [main/INFO] [FermiumJarScanner]: FermiumMixinConfig enqueueing mixin(s) parsed from annotated config Lycanites Transforming Ticks Spawners (MobSpawnerControl/LycanitesMobs) from fermiummixins.
[08:54:38] [main/INFO] [FermiumRegistryAPI]: FermiumRegistryAPI supplied "mixins.fermiummixins.late.spawnercontrol.lycanitesmobs.json" for late mixin enqueue, adding.
[08:54:38] [main/INFO] [FermiumJarScanner]: FermiumMixinConfig enqueueing mixin(s) parsed from annotated config Quiver Dupe Fix (Switchbow) from fermiummixins.
[08:54:38] [main/INFO] [FermiumRegistryAPI]: FermiumRegistryAPI supplied "mixins.fermiummixins.late.switchbow.quiver.json" for late mixin enqueue, adding.
[08:54:38] [main/INFO] [FermiumJarScanner]: FermiumMixinConfig enqueueing mixin(s) parsed from annotated config Love Arrow Dupe Fix (Switchbow) from fermiummixins.
[08:54:38] [main/INFO] [FermiumRegistryAPI]: FermiumRegistryAPI supplied "mixins.fermiummixins.late.switchbow.lovearrow.json" for late mixin enqueue, adding.
[08:54:38] [main/INFO] [FermiumJarScanner]: FermiumMixinConfig enqueueing mixin(s) parsed from annotated config Luck Arrow Looting Fix (Switchbow) from fermiummixins.
[08:54:38] [main/INFO] [FermiumRegistryAPI]: FermiumRegistryAPI supplied "mixins.fermiummixins.late.switchbow.luckarrow.json" for late mixin enqueue, adding.
[08:54:38] [main/INFO] [FermiumJarScanner]: FermiumMixinConfig enqueueing mixin(s) parsed from annotated config Arrow Launcher Null Stack Fix (Switchbow) from fermiummixins.
[08:54:38] [main/INFO] [FermiumRegistryAPI]: FermiumRegistryAPI supplied "mixins.fermiummixins.late.switchbow.arrowlaunchernullstacks.json" for late mixin enqueue, adding.
[08:54:38] [main/INFO] [FermiumJarScanner]: FermiumMixinConfig enqueueing mixin(s) parsed from annotated config Belt GUI Dupe Fix (ToolBelt) from fermiummixins.
[08:54:38] [main/INFO] [FermiumRegistryAPI]: FermiumRegistryAPI supplied "mixins.fermiummixins.late.toolbelt.dupe.json" for late mixin enqueue, adding.
[08:54:38] [main/INFO] [FermiumJarScanner]: FermiumMixinConfig enqueueing mixin(s) parsed from annotated config MC-119971 Outdated Chunk Data Patch (Vanilla) from fermiummixins.
[08:54:38] [main/INFO] [FermiumRegistryAPI]: FermiumRegistryAPI supplied "mixins.fermiummixins.early.vanilla.outdatedchunkdata.json" for early mixin enqueue, adding.
[08:54:38] [main/INFO] [FermiumJarScanner]: FermiumMixinConfig enqueueing mixin(s) parsed from annotated config Lowered Crouch Eye Height (Vanilla) from fermiummixins.
[08:54:38] [main/INFO] [FermiumRegistryAPI]: FermiumRegistryAPI supplied "mixins.fermiummixins.early.vanilla.lowercroucheyeheight.json" for early mixin enqueue, adding.
[08:54:38] [main/INFO] [FermiumJarScanner]: FermiumMixinConfig enqueueing mixin(s) parsed from annotated config Health Desync Patch (Vanilla) from fermiummixins.
[08:54:38] [main/INFO] [FermiumRegistryAPI]: FermiumRegistryAPI supplied "mixins.fermiummixins.early.vanilla.healthdesyncpatch.json" for early mixin enqueue, adding.
[08:54:38] [main/INFO] [FermiumJarScanner]: FermiumMixinConfig enqueueing mixin(s) parsed from annotated config Smooth Crouching (Vanilla) from fermiummixins.
[08:54:38] [main/INFO] [FermiumRegistryAPI]: FermiumRegistryAPI supplied "mixins.fermiummixins.early.vanilla.smoothcrouching.json" for early mixin enqueue, adding.
[08:54:38] [main/INFO] [FermiumJarScanner]: FermiumMixinConfig enqueueing mixin(s) parsed from annotated config Mending Priorities (Vanilla) from fermiummixins.
[08:54:38] [main/INFO] [FermiumRegistryAPI]: FermiumRegistryAPI supplied "mixins.fermiummixins.early.vanilla.mendingpriorities.json" for early mixin enqueue, adding.
[08:54:38] [main/INFO] [FermiumJarScanner]: FermiumMixinConfig enqueueing mixin(s) parsed from annotated config MC-92916 Entity Tracker Desync Patch (Vanilla) from fermiummixins.
[08:54:38] [main/INFO] [FermiumRegistryAPI]: FermiumRegistryAPI supplied "mixins.fermiummixins.early.vanilla.entitytrackerdesync.json" for early mixin enqueue, adding.
[08:54:38] [main/INFO] [FermiumJarScanner]: FermiumMixinConfig enqueueing mixin(s) parsed from annotated config Particle Render Patch (Vanilla) from fermiummixins.
[08:54:38] [main/INFO] [FermiumRegistryAPI]: FermiumRegistryAPI supplied "mixins.fermiummixins.early.vanilla.particlerenderpatch.json" for early mixin enqueue, adding.
[08:54:38] [main/INFO] [FermiumJarScanner]: FermiumMixinConfig enqueueing mixin(s) parsed from annotated config MC-108469 Chunk Entity List Patch (Vanilla) from fermiummixins.
[08:54:39] [main/INFO] [FermiumRegistryAPI]: FermiumRegistryAPI supplied "mixins.fermiummixins.early.vanilla.chunkentitylistpatch.json" for early mixin enqueue, adding.
[08:54:39] [main/INFO] [FermiumJarScanner]: FermiumMixinConfig enqueueing mixin(s) parsed from annotated config Giant Zombie Spawn Fix (Vanilla) from fermiummixins.
[08:54:39] [main/INFO] [FermiumRegistryAPI]: FermiumRegistryAPI supplied "mixins.fermiummixins.early.vanilla.giantzombiespawnfix.json" for early mixin enqueue, adding.
[08:54:39] [main/INFO] [FermiumJarScanner]: FermiumMixinConfig enqueueing mixin(s) parsed from annotated config Stop Pigmen Portal Spawns (Vanilla) from fermiummixins.
[08:54:39] [main/INFO] [FermiumRegistryAPI]: FermiumRegistryAPI supplied "mixins.fermiummixins.early.vanilla.stoppigmenportalspawns.json" for early mixin enqueue, adding.
[08:54:39] [main/INFO] [FermiumJarScanner]: FermiumMixinConfig enqueueing mixin(s) parsed from annotated config Allow Tipped Arrow Blacklist (Vanilla) from fermiummixins.
[08:54:39] [main/INFO] [FermiumRegistryAPI]: FermiumRegistryAPI supplied "mixins.fermiummixins.early.vanilla.tippedarrowblacklist.json" for early mixin enqueue, adding.
[08:54:39] [main/INFO] [FermiumJarScanner]: FermiumMixinConfig enqueueing mixin(s) parsed from annotated config Teleporting Lag Patch (Vanilla) from fermiummixins.
[08:54:39] [main/INFO] [FermiumRegistryAPI]: FermiumRegistryAPI supplied "mixins.fermiummixins.early.vanilla.teleportinglagpatch.json" for early mixin enqueue, adding.
[08:54:39] [main/INFO] [FermiumJarScanner]: FermiumMixinConfig enqueueing mixin(s) parsed from annotated config Stray/Husk Spawning Fix (Vanilla) from fermiummixins.
[08:54:39] [main/INFO] [FermiumRegistryAPI]: FermiumRegistryAPI supplied "mixins.fermiummixins.early.vanilla.strayhuskspawningfix.json" for early mixin enqueue, adding.
[08:54:39] [main/INFO] [FermiumJarScanner]: FermiumMixinConfig enqueueing mixin(s) parsed from annotated config Prevent Idle Guardian Sinking (Vanilla) from fermiummixins.
[08:54:39] [main/INFO] [FermiumRegistryAPI]: FermiumRegistryAPI supplied "mixins.fermiummixins.early.vanilla.idleguardiansinking.json" for early mixin enqueue, adding.
[08:54:39] [main/INFO] [FermiumJarScanner]: FermiumMixinConfig enqueueing mixin(s) parsed from annotated config Potion Amplifier Visibility (Vanilla) from fermiummixins.
[08:54:39] [main/INFO] [FermiumRegistryAPI]: FermiumRegistryAPI supplied "mixins.fermiummixins.early.vanilla.potionamplifiervisibility.json" for early mixin enqueue, adding.
[08:54:39] [main/INFO] [FermiumJarScanner]: FermiumMixinConfig enqueueing mixin(s) parsed from annotated config MC-63340 Stop Sleep Resetting Weather (Vanilla) from fermiummixins.
[08:54:39] [main/INFO] [FermiumRegistryAPI]: FermiumRegistryAPI supplied "mixins.fermiummixins.early.vanilla.stopsleepresettingweather.json" for early mixin enqueue, adding.
[08:54:39] [main/INFO] [FermiumJarScanner]: FermiumMixinConfig enqueueing mixin(s) parsed from annotated config World Border Time Cache (Vanilla) from fermiummixins.
[08:54:39] [main/INFO] [FermiumRegistryAPI]: FermiumRegistryAPI supplied "mixins.fermiummixins.early.vanilla.worldbordertimecache.json" for early mixin enqueue, adding.
[08:54:39] [main/INFO] [FermiumJarScanner]: FermiumMixinConfig enqueueing mixin(s) parsed from annotated config Water Chunk Gen Ticking Fix (Vanilla) from fermiummixins.
[08:54:39] [main/INFO] [FermiumRegistryAPI]: FermiumRegistryAPI supplied "mixins.fermiummixins.early.vanilla.waterchunkgenticking.json" for early mixin enqueue, adding.
[08:54:39] [main/INFO] [FermiumJarScanner]: FermiumMixinConfig enqueueing mixin(s) parsed from annotated config Random Respawn Placement Protection (Vanilla) from fermiummixins.
[08:54:39] [main/INFO] [FermiumRegistryAPI]: FermiumRegistryAPI supplied "mixins.fermiummixins.early.vanilla.respawnprotection.json" for early mixin enqueue, adding.
[08:54:39] [main/INFO] [FermiumJarScanner]: FermiumMixinConfig enqueueing mixin(s) parsed from annotated config Nuke Advancements (Vanilla) from fermiummixins.
[08:54:39] [main/INFO] [FermiumRegistryAPI]: FermiumRegistryAPI supplied "mixins.fermiummixins.early.vanilla.nukeadvancements.json" for early mixin enqueue, adding.
[08:54:39] [main/INFO] [FermiumJarScanner]: FermiumMixinConfig enqueueing mixin(s) parsed from annotated config Spawn Chunk Radius Patch (Vanilla) from fermiummixins.
[08:54:39] [main/INFO] [FermiumRegistryAPI]: FermiumRegistryAPI supplied "mixins.fermiummixins.early.vanilla.spawnchunkradiuspatch.json" for early mixin enqueue, adding.
[08:54:39] [main/INFO] [FermiumJarScanner]: FermiumMixinConfig enqueueing mixin(s) parsed from annotated config Chunk Visibility Cache (Vanilla) from fermiummixins.
[08:54:39] [main/INFO] [FermiumRegistryAPI]: FermiumRegistryAPI supplied "mixins.fermiummixins.early.vanilla.chunkvisibilitycache.json" for early mixin enqueue, adding.
[08:54:39] [main/INFO] [FermiumJarScanner]: FermiumMixinConfig enqueueing mixin(s) parsed from annotated config World Flammable BlockPos Patch (Vanilla) from fermiummixins.
[08:54:39] [main/INFO] [FermiumRegistryAPI]: FermiumRegistryAPI supplied "mixins.fermiummixins.early.vanilla.worldflammablepos.json" for early mixin enqueue, adding.
[08:54:39] [main/INFO] [FermiumJarScanner]: FermiumMixinConfig enqueueing mixin(s) parsed from annotated config Untipped Arrow Particles Fix (Vanilla) from fermiummixins.
[08:54:39] [main/INFO] [FermiumRegistryAPI]: FermiumRegistryAPI supplied "mixins.fermiummixins.early.vanilla.untippedarrowparticles.json" for early mixin enqueue, adding.
[08:54:39] [main/INFO] [FermiumJarScanner]: FermiumMixinConfig enqueueing mixin(s) parsed from annotated config Player Death Shake Fix (Vanilla) from fermiummixins.
[08:54:39] [main/INFO] [FermiumRegistryAPI]: FermiumRegistryAPI supplied "mixins.fermiummixins.early.vanilla.playerdeathshakefix.json" for early mixin enqueue, adding.
[08:54:39] [main/INFO] [FermiumJarScanner]: FermiumMixinConfig enqueueing mixin(s) parsed from annotated config Allow Hoe Repairing (Vanilla) from fermiummixins.
[08:54:39] [main/INFO] [FermiumRegistryAPI]: FermiumRegistryAPI supplied "mixins.fermiummixins.early.vanilla.hoerepair.json" for early mixin enqueue, adding.
[08:54:39] [main/INFO] [FermiumJarScanner]: FermiumMixinConfig enqueueing mixin(s) parsed from annotated config Weather Timing Config (Vanilla) from fermiummixins.
[08:54:39] [main/INFO] [FermiumRegistryAPI]: FermiumRegistryAPI supplied "mixins.fermiummixins.early.vanilla.weathertiming.json" for early mixin enqueue, adding.
[08:54:39] [main/INFO] [FermiumJarScanner]: FermiumMixinConfig enqueueing mixin(s) parsed from annotated config Furnace XP Limit Fix (Vanilla) from fermiummixins.
[08:54:39] [main/INFO] [FermiumRegistryAPI]: FermiumRegistryAPI supplied "mixins.fermiummixins.early.vanilla.furnacexplimitfix.json" for early mixin enqueue, adding.
[08:54:39] [main/INFO] [FermiumJarScanner]: FermiumMixinConfig enqueueing mixin(s) parsed from annotated config Suppress AddPacket For Removed Entity Warnings (Vanilla) from fermiummixins.
[08:54:39] [main/INFO] [FermiumRegistryAPI]: FermiumRegistryAPI supplied "mixins.fermiummixins.early.vanilla.suppressaddpacket.json" for early mixin enqueue, adding.
[08:54:39] [main/INFO] [FermiumJarScanner]: FermiumMixinConfig enqueueing mixin(s) parsed from annotated config Suppress Received Passengers For Unknown Entity Warnings (Vanilla) from fermiummixins.
[08:54:39] [main/INFO] [FermiumRegistryAPI]: FermiumRegistryAPI supplied "mixins.fermiummixins.early.vanilla.suppressreceivedpassengers.json" for early mixin enqueue, adding.
[08:54:39] [main/INFO] [FermiumJarScanner]: FermiumMixinConfig enqueueing mixin(s) parsed from annotated config Hardcore Game Over Unloading Fix (Vanilla) from fermiummixins.
[08:54:39] [main/INFO] [FermiumRegistryAPI]: FermiumRegistryAPI supplied "mixins.fermiummixins.early.vanilla.hardcoregameoverfix.json" for early mixin enqueue, adding.
[08:54:39] [main/INFO] [FermiumJarScanner]: FermiumMixinConfig enqueueing mixin(s) parsed from annotated config Fix Delayed Packet Errors (Vanilla) from fermiummixins.
[08:54:39] [main/INFO] [FermiumRegistryAPI]: FermiumRegistryAPI supplied "mixins.fermiummixins.early.vanilla.delayedpacketerrors.json" for early mixin enqueue, adding.
[08:54:39] [main/INFO] [FermiumJarScanner]: FermiumMixinConfig enqueueing mixin(s) parsed from annotated config Prevent Mob Spawns in Lazy Chunks (Vanilla) from fermiummixins.
[08:54:39] [main/INFO] [FermiumRegistryAPI]: FermiumRegistryAPI supplied "mixins.fermiummixins.early.vanilla.lazychunkmobspawns.json" for early mixin enqueue, adding.
[08:54:39] [main/INFO] [FermiumJarScanner]: FermiumMixinConfig enqueueing mixin(s) parsed from annotated config Merge XP Orbs (Vanilla) from fermiummixins.
[08:54:39] [main/INFO] [FermiumRegistryAPI]: FermiumRegistryAPI supplied "mixins.fermiummixins.early.vanilla.mergexporbs.json" for early mixin enqueue, adding.
[08:54:39] [main/INFO] [FermiumJarScanner]: FermiumMixinConfig enqueueing mixin(s) parsed from annotated config Stackable Soup Return Bowls Fix (Vanilla) from fermiummixins.
[08:54:39] [main/INFO] [FermiumRegistryAPI]: FermiumRegistryAPI supplied "mixins.fermiummixins.early.vanilla.stackablesoupbowlfix.json" for early mixin enqueue, adding.
[08:54:39] [main/INFO] [FermiumJarScanner]: FermiumMixinConfig enqueueing mixin(s) parsed from annotated config Suppress Dangerous Prefix Errors (Vanilla) from fermiummixins.
[08:54:39] [main/INFO] [FermiumRegistryAPI]: FermiumRegistryAPI supplied "mixins.fermiummixins.early.vanilla.suppressdangerousprefix.json" for early mixin enqueue, adding.
[08:54:39] [main/INFO] [FermiumJarScanner]: FermiumMixinConfig enqueueing mixin(s) parsed from annotated config Suppress Broken Ore Dictionary Errors (Vanilla) from fermiummixins.
[08:54:39] [main/INFO] [FermiumRegistryAPI]: FermiumRegistryAPI supplied "mixins.fermiummixins.early.vanilla.suppressbrokenoredict.json" for early mixin enqueue, adding.
[08:54:39] [main/INFO] [FermiumJarScanner]: FermiumMixinConfig enqueueing mixin(s) parsed from annotated config Mineshaft Biome Blacklist Patch (Vanilla) from fermiummixins.
[08:54:39] [main/INFO] [FermiumRegistryAPI]: FermiumRegistryAPI supplied "mixins.fermiummixins.early.vanilla.mineshaftbiomeblacklist.json" for early mixin enqueue, adding.
[08:54:39] [main/INFO] [FermiumJarScanner]: FermiumMixinConfig enqueueing mixin(s) parsed from annotated config Boss Vehicle Prevention (Vanilla) from fermiummixins.
[08:54:39] [main/INFO] [FermiumRegistryAPI]: FermiumRegistryAPI supplied "mixins.fermiummixins.early.vanilla.bossvehicle.json" for early mixin enqueue, adding.
[08:54:39] [main/INFO] [FermiumJarScanner]: FermiumMixinConfig enqueueing mixin(s) parsed from annotated config Beacon/Merchant GUI Item Drop Fix (Vanilla) from fermiummixins.
[08:54:39] [main/INFO] [FermiumRegistryAPI]: FermiumRegistryAPI supplied "mixins.fermiummixins.early.vanilla.containerdropfix.json" for early mixin enqueue, adding.
[08:54:39] [main/INFO] [FermiumJarScanner]: FermiumMixinConfig enqueueing mixin(s) parsed from annotated config Prevent Pathfinding Chunk Loading (Vanilla) from fermiummixins.
[08:54:39] [main/INFO] [FermiumRegistryAPI]: FermiumRegistryAPI supplied "mixins.fermiummixins.early.vanilla.pathfindingloading.json" for early mixin enqueue, adding.
[08:54:39] [main/INFO] [FermiumJarScanner]: FermiumMixinConfig enqueueing mixin(s) parsed from annotated config World Gen Material Check Fix (Vanilla) from fermiummixins.
[08:54:39] [main/INFO] [FermiumRegistryAPI]: FermiumRegistryAPI supplied "mixins.fermiummixins.early.vanilla.materialcheck.json" for early mixin enqueue, adding.
[08:54:39] [main/INFO] [FermiumJarScanner]: FermiumMixinConfig enqueueing mixin(s) parsed from annotated config Falling Block Tick Performance (Vanilla) from fermiummixins.
[08:54:39] [main/INFO] [FermiumRegistryAPI]: FermiumRegistryAPI supplied "mixins.fermiummixins.early.vanilla.fallblocktick.json" for early mixin enqueue, adding.
[08:54:39] [main/INFO] [FermiumJarScanner]: FermiumMixinConfig enqueueing mixin(s) parsed from annotated config Suppress OpenGL Error Checking (Vanilla) from fermiummixins.
[08:54:39] [main/INFO] [FermiumRegistryAPI]: FermiumRegistryAPI supplied "mixins.fermiummixins.early.vanilla.glerror.json" for early mixin enqueue, adding.
[08:54:39] [main/INFO] [FermiumJarScanner]: FermiumMixinConfig enqueueing mixin(s) parsed from annotated config Block Storage Optifine Lag Fix (Vanilla) from fermiummixins.
[08:54:39] [main/INFO] [FermiumRegistryAPI]: FermiumRegistryAPI supplied "mixins.fermiummixins.early.vanilla.blockstorageoptifine.json" for early mixin enqueue, adding.
[08:54:39] [main/INFO] [FermiumJarScanner]: FermiumMixinConfig enqueueing mixin(s) parsed from annotated config Entity Velocity Limit Fix (Vanilla) from fermiummixins.
[08:54:39] [main/INFO] [FermiumRegistryAPI]: FermiumRegistryAPI supplied "mixins.fermiummixins.early.vanilla.entityvelocitysync.json" for early mixin enqueue, adding.
[08:54:39] [main/INFO] [FermiumJarScanner]: FermiumMixinConfig enqueueing mixin(s) parsed from annotated config Automatic Save Logging (Vanilla) from fermiummixins.
[08:54:39] [main/INFO] [FermiumRegistryAPI]: FermiumRegistryAPI supplied "mixins.fermiummixins.early.vanilla.autosavelog.json" for early mixin enqueue, adding.
[08:54:39] [main/INFO] [FermiumJarScanner]: FermiumMixinConfig enqueueing mixin(s) parsed from annotated config Server Thread Priority Tweak (Vanilla) from fermiummixins.
[08:54:39] [main/INFO] [FermiumRegistryAPI]: FermiumRegistryAPI supplied "mixins.fermiummixins.early.vanilla.serverpriority.json" for early mixin enqueue, adding.
[08:54:39] [main/INFO] [FermiumJarScanner]: FermiumMixinConfig enqueueing mixin(s) parsed from annotated config Client Thread Priority Tweak (Vanilla) from fermiummixins.
[08:54:39] [main/INFO] [FermiumRegistryAPI]: FermiumRegistryAPI supplied "mixins.fermiummixins.early.vanilla.clientpriority.json" for early mixin enqueue, adding.
[08:54:39] [main/INFO] [FermiumJarScanner]: FermiumMixinConfig enqueueing mixin(s) parsed from annotated config Rework Waystone Used Name Check (Waystones) from fermiummixins.
[08:54:39] [main/INFO] [FermiumRegistryAPI]: FermiumRegistryAPI supplied "mixins.fermiummixins.early.waystones.naming.json" for early mixin enqueue, adding.
[08:54:39] [main/INFO] [FermiumRegistryAPI]: FermiumRegistryAPI supplied "mixins.fermiummixins.late.waystones.naming.json" for late mixin enqueue, adding.
[08:54:39] [main/INFO] [FermiumJarScanner]: FermiumMixinConfig enqueueing mixin(s) parsed from annotated config Remove Log Spam from optifinecitpatch.
[08:54:39] [main/INFO] [FermiumRegistryAPI]: FermiumRegistryAPI supplied "mixins.optifinecitpatch.logspam.json" for late mixin enqueue, adding.
[08:54:39] [main/INFO] [FermiumJarScanner]: FermiumMixinConfig enqueueing mixin(s) parsed from annotated config Only First Enchant from optifinecitpatch.
[08:54:39] [main/INFO] [FermiumRegistryAPI]: FermiumRegistryAPI supplied "mixins.optifinecitpatch.firstenchant.json" for late mixin enqueue, adding.
[08:54:39] [main/INFO] [FermiumJarScanner]: FermiumMixinConfig enqueueing mixin(s) parsed from annotated config Fix Missing Enchantment from optifinecitpatch.
[08:54:39] [main/INFO] [FermiumRegistryAPI]: FermiumRegistryAPI supplied "mixins.optifinecitpatch.fixmissing.json" for late mixin enqueue, adding.
[08:54:39] [main/INFO] [FermiumJarScanner]: FermiumMixinConfig enqueueing mixin(s) parsed from annotated config BetterFoliage Chunk Animation XRay Patch (BetterFoliage/ChunkAnimator) from rlmixins.
[08:54:39] [main/INFO] [FermiumRegistryAPI]: FermiumRegistryAPI supplied "mixins.rlmixins.late.betterfoliage.chunkanimator.json" for late mixin enqueue, adding.
[08:54:39] [main/INFO] [FermiumJarScanner]: FermiumMixinConfig enqueueing mixin(s) parsed from annotated config Advancement Tab Quest Replacement (BetterQuesting) from rlmixins.
[08:54:39] [main/INFO] [FermiumRegistryAPI]: FermiumRegistryAPI supplied "mixins.rlmixins.early.betterquesting.button.json" for early mixin enqueue, adding.
[08:54:39] [main/INFO] [FermiumJarScanner]: FermiumMixinConfig enqueueing mixin(s) parsed from annotated config AntiWarp Handling (BetterSurvival) from rlmixins.
[08:54:39] [main/INFO] [FermiumRegistryAPI]: FermiumRegistryAPI supplied "mixins.rlmixins.early.bettersurvival.antiwarp.json" for early mixin enqueue, adding.
[08:54:39] [main/INFO] [FermiumJarScanner]: FermiumMixinConfig enqueueing mixin(s) parsed from annotated config Handler Optimizations (BetterSurvival) from rlmixins.
[08:54:39] [main/INFO] [FermiumRegistryAPI]: FermiumRegistryAPI supplied "mixins.rlmixins.early.bettersurvival.optimization.json" for early mixin enqueue, adding.
[08:54:39] [main/INFO] [FermiumRegistryAPI]: FermiumRegistryAPI supplied "mixins.rlmixins.late.bettersurvival.optimization.json" for late mixin enqueue, adding.
[08:54:39] [main/INFO] [FermiumJarScanner]: FermiumMixinConfig enqueueing mixin(s) parsed from annotated config Education Balance (BetterSurvival/ScalingHealth) from rlmixins.
[08:54:39] [main/INFO] [FermiumRegistryAPI]: FermiumRegistryAPI supplied "mixins.rlmixins.late.bettersurvival.education.json" for late mixin enqueue, adding.
[08:54:39] [main/INFO] [FermiumJarScanner]: FermiumMixinConfig enqueueing mixin(s) parsed from annotated config Modifiable Nunchaku Combo (BetterSurvival) from rlmixins.
[08:54:39] [main/INFO] [FermiumRegistryAPI]: FermiumRegistryAPI supplied "mixins.rlmixins.late.bettersurvival.combo.json" for late mixin enqueue, adding.
[08:54:39] [main/INFO] [FermiumJarScanner]: FermiumMixinConfig enqueueing mixin(s) parsed from annotated config Vampirism Fix (BetterSurvival) from rlmixins.
[08:54:39] [main/INFO] [FermiumRegistryAPI]: FermiumRegistryAPI supplied "mixins.rlmixins.late.bettersurvival.vampirism.json" for late mixin enqueue, adding.
[08:54:39] [main/INFO] [FermiumJarScanner]: FermiumMixinConfig enqueueing mixin(s) parsed from annotated config DragonBone Bow Multishot Patch (BetterSurvival/InFRLCraft) from rlmixins.
[08:54:39] [main/INFO] [FermiumRegistryAPI]: FermiumRegistryAPI supplied "mixins.rlmixins.late.bettersurvival.multishot.json" for late mixin enqueue, adding.
[08:54:39] [main/INFO] [FermiumJarScanner]: FermiumMixinConfig enqueueing mixin(s) parsed from annotated config Penetration Damage Fix (BetterSurvival/SpartanWeaponry/RLCombat) from rlmixins.
[08:54:39] [main/INFO] [FermiumRegistryAPI]: FermiumRegistryAPI supplied "mixins.rlmixins.late.bettersurvival.penetration.json" for late mixin enqueue, adding.
[08:54:39] [main/INFO] [FermiumJarScanner]: FermiumMixinConfig enqueueing mixin(s) parsed from annotated config Ender Sight Render Fix (Charm) from rlmixins.
[08:54:39] [main/INFO] [FermiumRegistryAPI]: FermiumRegistryAPI supplied "mixins.rlmixins.late.charm.endersight.json" for late mixin enqueue, adding.
[08:54:39] [main/INFO] [FermiumJarScanner]: FermiumMixinConfig enqueueing mixin(s) parsed from annotated config Chunk Animation XRay Patch (ChunkAnimator) from rlmixins.
[08:54:39] [main/INFO] [FermiumRegistryAPI]: FermiumRegistryAPI supplied "mixins.rlmixins.early.chunkanimator.xray.json" for early mixin enqueue, adding.
[08:54:39] [main/INFO] [FermiumRegistryAPI]: FermiumRegistryAPI supplied "mixins.rlmixins.late.chunkanimator.xray.json" for late mixin enqueue, adding.
[08:54:39] [main/INFO] [FermiumJarScanner]: FermiumMixinConfig enqueueing mixin(s) parsed from annotated config Scarlite Sword Config Effect (DefiledLands) from rlmixins.
[08:54:39] [main/INFO] [FermiumRegistryAPI]: FermiumRegistryAPI supplied "mixins.rlmixins.late.defiledlands.swordconfig.json" for late mixin enqueue, adding.
[08:54:39] [main/INFO] [FermiumJarScanner]: FermiumMixinConfig enqueueing mixin(s) parsed from annotated config Digging AI Patch (EpicSiegeMod) from rlmixins.
[08:54:39] [main/INFO] [FermiumRegistryAPI]: FermiumRegistryAPI supplied "mixins.rlmixins.late.epicsiegemod.digging.json" for late mixin enqueue, adding.
[08:54:39] [main/INFO] [FermiumJarScanner]: FermiumMixinConfig enqueueing mixin(s) parsed from annotated config Dragon Ticking Abuse Fix (InFRLCraft) from rlmixins.
[08:54:39] [main/INFO] [FermiumRegistryAPI]: FermiumRegistryAPI supplied "mixins.rlmixins.late.infrlcraft.dragontick.json" for late mixin enqueue, adding.
[08:54:39] [main/INFO] [FermiumJarScanner]: FermiumMixinConfig enqueueing mixin(s) parsed from annotated config Horse Death On Stoning (InFRLCraft/CallableHorses) from rlmixins.
[08:54:39] [main/INFO] [FermiumRegistryAPI]: FermiumRegistryAPI supplied "mixins.rlmixins.late.infrlcraft.horse.json" for late mixin enqueue, adding.
[08:54:39] [main/INFO] [FermiumJarScanner]: FermiumMixinConfig enqueueing mixin(s) parsed from annotated config Cauldron Failure Mundane (Inspirations) from rlmixins.
[08:54:39] [main/INFO] [FermiumRegistryAPI]: FermiumRegistryAPI supplied "mixins.rlmixins.late.inspirations.mundane.json" for late mixin enqueue, adding.
[08:54:39] [main/INFO] [FermiumJarScanner]: FermiumMixinConfig enqueueing mixin(s) parsed from annotated config Revert Bookmark Location Change (JEI) from rlmixins.
[08:54:39] [main/INFO] [FermiumRegistryAPI]: FermiumRegistryAPI supplied "mixins.rlmixins.late.jei.bookmark.json" for late mixin enqueue, adding.
[08:54:39] [main/INFO] [FermiumJarScanner]: FermiumMixinConfig enqueueing mixin(s) parsed from annotated config Suppress VariedCommodities Errors (JEI/VariedCommodities) from rlmixins.
[08:54:39] [main/INFO] [FermiumRegistryAPI]: FermiumRegistryAPI supplied "mixins.rlmixins.late.jei.vcerror.json" for late mixin enqueue, adding.
[08:54:39] [main/INFO] [FermiumJarScanner]: FermiumMixinConfig enqueueing mixin(s) parsed from annotated config Mob Targeting Fix (LycanitesMobs/InFRLCraft) from rlmixins.
[08:54:39] [main/INFO] [FermiumRegistryAPI]: FermiumRegistryAPI supplied "mixins.rlmixins.late.lycanitesmobs.stonetarget.json" for late mixin enqueue, adding.
[08:54:39] [main/INFO] [FermiumJarScanner]: FermiumMixinConfig enqueueing mixin(s) parsed from annotated config Disable Online Checks (MoBends) from rlmixins.
[08:54:39] [main/INFO] [FermiumRegistryAPI]: FermiumRegistryAPI supplied "mixins.rlmixins.late.mobends.offline.json" for late mixin enqueue, adding.
[08:54:39] [main/INFO] [FermiumJarScanner]: FermiumMixinConfig enqueueing mixin(s) parsed from annotated config Delayed Launch (PotionCore) from rlmixins.
[08:54:39] [main/INFO] [FermiumRegistryAPI]: FermiumRegistryAPI supplied "mixins.rlmixins.late.potioncore.launch.json" for late mixin enqueue, adding.
[08:54:39] [main/INFO] [FermiumJarScanner]: FermiumMixinConfig enqueueing mixin(s) parsed from annotated config Half Reach (PotionCore) from rlmixins.
[08:54:39] [main/INFO] [FermiumRegistryAPI]: FermiumRegistryAPI supplied "mixins.rlmixins.late.potioncore.reach.json" for late mixin enqueue, adding.
[08:54:39] [main/INFO] [FermiumJarScanner]: FermiumMixinConfig enqueueing mixin(s) parsed from annotated config Stone Statue Chicken Feather Fix (Quark/InFRLCraft) from rlmixins.
[08:54:39] [main/INFO] [FermiumRegistryAPI]: FermiumRegistryAPI supplied "mixins.rlmixins.late.quark.stonechicken.json" for late mixin enqueue, adding.
[08:54:39] [main/INFO] [FermiumJarScanner]: FermiumMixinConfig enqueueing mixin(s) parsed from annotated config Hat Baubles (Quark/Baubles) from rlmixins.
[08:54:39] [main/INFO] [FermiumRegistryAPI]: FermiumRegistryAPI supplied "mixins.rlmixins.late.quark.hatbaubles.json" for late mixin enqueue, adding.
[08:54:39] [main/INFO] [FermiumJarScanner]: FermiumMixinConfig enqueueing mixin(s) parsed from annotated config Hat MoBends Compat (Quark/MoBends) from rlmixins.
[08:54:39] [main/INFO] [FermiumRegistryAPI]: FermiumRegistryAPI supplied "mixins.rlmixins.late.quark.hatmobends.json" for late mixin enqueue, adding.
[08:54:39] [main/INFO] [FermiumJarScanner]: FermiumMixinConfig enqueueing mixin(s) parsed from annotated config Mob Nausea Movement Effects from rlmixins.
[08:54:39] [main/INFO] [FermiumRegistryAPI]: FermiumRegistryAPI supplied "mixins.rlmixins.early.rlmixins.mobnausea.json" for early mixin enqueue, adding.
[08:54:39] [main/INFO] [FermiumJarScanner]: FermiumMixinConfig enqueueing mixin(s) parsed from annotated config Slime Block Bouncy Sides from rlmixins.
[08:54:39] [main/INFO] [FermiumRegistryAPI]: FermiumRegistryAPI supplied "mixins.rlmixins.early.rlmixins.slimebouncysides.json" for early mixin enqueue, adding.
[08:54:39] [main/INFO] [FermiumJarScanner]: FermiumMixinConfig enqueueing mixin(s) parsed from annotated config Coffee Cures Inebriation (Rustic/Charm) from rlmixins.
[08:54:39] [main/INFO] [FermiumRegistryAPI]: FermiumRegistryAPI supplied "mixins.rlmixins.late.rustic.coffee.json" for late mixin enqueue, adding.
[08:54:39] [main/INFO] [FermiumJarScanner]: FermiumMixinConfig enqueueing mixin(s) parsed from annotated config Config Alcohol Effects (Rustic) from rlmixins.
[08:54:39] [main/INFO] [FermiumRegistryAPI]: FermiumRegistryAPI supplied "mixins.rlmixins.late.rustic.alcohol.json" for late mixin enqueue, adding.
[08:54:39] [main/INFO] [FermiumJarScanner]: FermiumMixinConfig enqueueing mixin(s) parsed from annotated config Change Subject Enchants (SME) from rlmixins.
[08:54:39] [main/INFO] [FermiumRegistryAPI]: FermiumRegistryAPI supplied "mixins.rlmixins.late.sme.subjectenchants.json" for late mixin enqueue, adding.
[08:54:39] [main/INFO] [FermiumJarScanner]: FermiumMixinConfig enqueueing mixin(s) parsed from annotated config Replace Parasite Armor Models (SRParasites) from rlmixins.
[08:54:39] [main/INFO] [FermiumRegistryAPI]: FermiumRegistryAPI supplied "mixins.rlmixins.late.srparasites.armormodel.json" for late mixin enqueue, adding.
[08:54:39] [main/INFO] [FermiumJarScanner]: FermiumMixinConfig enqueueing mixin(s) parsed from annotated config Horse Death On Conversion (SRParasites/CallableHorses) from rlmixins.
[08:54:39] [main/INFO] [FermiumRegistryAPI]: FermiumRegistryAPI supplied "mixins.rlmixins.late.srparasites.horse.json" for late mixin enqueue, adding.
[08:54:39] [main/INFO] [FermiumJarScanner]: FermiumMixinConfig enqueueing mixin(s) parsed from annotated config Rehandle AOE Weapons (SRParasites/RLCombat) from rlmixins.
[08:54:39] [main/INFO] [FermiumRegistryAPI]: FermiumRegistryAPI supplied "mixins.rlmixins.late.srparasites.aoeweapon.json" for late mixin enqueue, adding.
[08:54:39] [main/INFO] [FermiumJarScanner]: FermiumMixinConfig enqueueing mixin(s) parsed from annotated config Modify Cleaver Effect (SRParasites) from rlmixins.
[08:54:39] [main/INFO] [FermiumRegistryAPI]: FermiumRegistryAPI supplied "mixins.rlmixins.late.srparasites.cleaver.json" for late mixin enqueue, adding.
[08:54:39] [main/INFO] [FermiumJarScanner]: FermiumMixinConfig enqueueing mixin(s) parsed from annotated config Death Health Desync (ScalingHealth) from rlmixins.
[08:54:39] [main/INFO] [FermiumRegistryAPI]: FermiumRegistryAPI supplied "mixins.rlmixins.late.scalinghealth.desync.json" for late mixin enqueue, adding.
[08:54:39] [main/INFO] [FermiumJarScanner]: FermiumMixinConfig enqueueing mixin(s) parsed from annotated config Bandaged Icon Fix (ScalingHealth) from rlmixins.
[08:54:39] [main/INFO] [FermiumRegistryAPI]: FermiumRegistryAPI supplied "mixins.rlmixins.late.scalinghealth.icon.json" for late mixin enqueue, adding.
[08:54:39] [main/INFO] [FermiumJarScanner]: FermiumMixinConfig enqueueing mixin(s) parsed from annotated config Deny Self Heal On Dummy (MmmMmmMmmMmm/SoManyEnchantments/BetterSurvival/LycanitesMobs) from rlmixins.
[08:54:39] [main/INFO] [FermiumRegistryAPI]: FermiumRegistryAPI supplied "mixins.rlmixins.late.testdummy.nohealondummy.json" for late mixin enqueue, adding.
[08:54:39] [main/INFO] [FermiumJarScanner]: FermiumMixinConfig enqueueing mixin(s) parsed from annotated config ConcretePowder Skip OnBlockAdded (Vanilla) from rlmixins.
[08:54:39] [main/INFO] [FermiumRegistryAPI]: FermiumRegistryAPI supplied "mixins.rlmixins.early.vanilla.concrete.json" for early mixin enqueue, adding.
[08:54:39] [main/INFO] [FermiumJarScanner]: FermiumMixinConfig enqueueing mixin(s) parsed from annotated config BetterSurvival Forced Compatibility from somanyenchantments.
[08:54:39] [main/INFO] [FermiumRegistryAPI]: FermiumRegistryAPI supplied "mixins.somanyenchantments.compatcancel_bs.json" for late mixin enqueue, adding.
[08:54:39] [main/INFO] [FermiumJarScanner]: FermiumMixinConfig enqueueing mixin(s) parsed from annotated config InfernalMobs Random Enchants Compatibility from somanyenchantments.
[08:54:39] [main/INFO] [FermiumRegistryAPI]: FermiumRegistryAPI supplied "mixins.somanyenchantments.infernalmobs_randomenchants.json" for late mixin enqueue, adding.
[08:54:39] [main/INFO] [FermiumJarScanner]: FermiumMixinConfig enqueueing mixin(s) parsed from annotated config .Enable Upgrading Mechanic from somanyenchantments.
[08:54:39] [main/INFO] [FermiumRegistryAPI]: FermiumRegistryAPI supplied "mixins.somanyenchantments.upgrading.json" for early mixin enqueue, adding.
[08:54:39] [main/INFO] [FermiumJarScanner]: FermiumMixinConfig enqueueing mixin(s) parsed from annotated config Overhaul Adaptation from srpmixins.
[08:54:39] [main/INFO] [FermiumRegistryAPI]: FermiumRegistryAPI supplied "mixins.srpmixins.vanilla.adaptationoverhaul.json" for early mixin enqueue, adding.
[08:54:39] [main/INFO] [FermiumRegistryAPI]: FermiumRegistryAPI supplied "mixins.srpmixins.srp.adaptationoverhaul.json" for late mixin enqueue, adding.
[08:54:39] [main/INFO] [FermiumJarScanner]: FermiumMixinConfig enqueueing mixin(s) parsed from annotated config Fix Adaptation While Burning from srpmixins.
[08:54:39] [main/INFO] [FermiumRegistryAPI]: FermiumRegistryAPI supplied "mixins.srpmixins.srp.adaptwhileburningfix.json" for late mixin enqueue, adding.
[08:54:39] [main/INFO] [FermiumJarScanner]: FermiumMixinConfig enqueueing mixin(s) parsed from annotated config Fix Adaptation Bonus Config from srpmixins.
[08:54:39] [main/INFO] [FermiumRegistryAPI]: FermiumRegistryAPI supplied "mixins.srpmixins.srp.adaptationbonusfix.json" for late mixin enqueue, adding.
[08:54:39] [main/INFO] [FermiumJarScanner]: FermiumMixinConfig enqueueing mixin(s) parsed from annotated config Fix Adaptation to Indirect Damages from srpmixins.
[08:54:39] [main/INFO] [FermiumRegistryAPI]: FermiumRegistryAPI supplied "mixins.srpmixins.srp.adapttoindirect.json" for late mixin enqueue, adding.
[08:54:39] [main/INFO] [FermiumJarScanner]: FermiumMixinConfig enqueueing mixin(s) parsed from annotated config Use Chunk Phases from srpmixins.
[08:54:39] [main/INFO] [FermiumRegistryAPI]: FermiumRegistryAPI supplied "mixins.srpmixins.customphasemechanics.json" for late mixin enqueue, adding.
[08:54:39] [main/INFO] [FermiumJarScanner]: FermiumMixinConfig enqueueing mixin(s) parsed from annotated config Fix srpcothimmunity tag from srpmixins.
[08:54:39] [main/INFO] [FermiumRegistryAPI]: FermiumRegistryAPI supplied "mixins.srpmixins.srp.cothimmunityfix.json" for late mixin enqueue, adding.
[08:54:39] [main/INFO] [FermiumJarScanner]: FermiumMixinConfig enqueueing mixin(s) parsed from annotated config Fix Min Assimilations Zero from srpmixins.
[08:54:39] [main/INFO] [FermiumRegistryAPI]: FermiumRegistryAPI supplied "mixins.srpmixins.srp.minassimilations.json" for late mixin enqueue, adding.
[08:54:39] [main/INFO] [FermiumJarScanner]: FermiumMixinConfig enqueueing mixin(s) parsed from annotated config Fix Feral Bear Creation from srpmixins.
[08:54:39] [main/INFO] [FermiumRegistryAPI]: FermiumRegistryAPI supplied "mixins.srpmixins.srp.feraliseferbears.json" for late mixin enqueue, adding.
[08:54:39] [main/INFO] [FermiumJarScanner]: FermiumMixinConfig enqueueing mixin(s) parsed from annotated config Fix Infect Nearby Visibility from srpmixins.
[08:54:39] [main/INFO] [FermiumRegistryAPI]: FermiumRegistryAPI supplied "mixins.srpmixins.srp.infectnearbyfix.json" for late mixin enqueue, adding.
[08:54:39] [main/INFO] [FermiumJarScanner]: FermiumMixinConfig enqueueing mixin(s) parsed from annotated config Call OnDeath when converting from srpmixins.
[08:54:39] [main/INFO] [FermiumRegistryAPI]: FermiumRegistryAPI supplied "mixins.srpmixins.srp.cothondeath.json" for late mixin enqueue, adding.
[08:54:39] [main/INFO] [FermiumJarScanner]: FermiumMixinConfig enqueueing mixin(s) parsed from annotated config Fix Camouflage from srpmixins.
[08:54:39] [main/INFO] [FermiumRegistryAPI]: FermiumRegistryAPI supplied "mixins.srpmixins.srp.camouflagefix.json" for late mixin enqueue, adding.
[08:54:39] [main/INFO] [FermiumJarScanner]: FermiumMixinConfig enqueueing mixin(s) parsed from annotated config Fix Assim turn to Feral from srpmixins.
[08:54:39] [main/INFO] [FermiumRegistryAPI]: FermiumRegistryAPI supplied "mixins.srpmixins.srp.simturntoferalfix.json" for late mixin enqueue, adding.
[08:54:39] [main/INFO] [FermiumJarScanner]: FermiumMixinConfig enqueueing mixin(s) parsed from annotated config Damage Fix: Global switch from srpmixins.
[08:54:39] [main/INFO] [FermiumRegistryAPI]: FermiumRegistryAPI supplied "mixins.srpmixins.srp.damagefix.json" for late mixin enqueue, adding.
[08:54:39] [main/INFO] [FermiumJarScanner]: FermiumMixinConfig enqueueing mixin(s) parsed from annotated config Fix Arachnida Pull from srpmixins.
[08:54:39] [main/INFO] [FermiumRegistryAPI]: FermiumRegistryAPI supplied "mixins.srpmixins.srp.arachnidapullballhit.json" for late mixin enqueue, adding.
[08:54:39] [main/INFO] [FermiumJarScanner]: FermiumMixinConfig enqueueing mixin(s) parsed from annotated config Limit Stage 4 Beckons from srpmixins.
[08:54:39] [main/INFO] [FermiumRegistryAPI]: FermiumRegistryAPI supplied "mixins.srpmixins.srp.beckonupgradedeny.json" for late mixin enqueue, adding.
[08:54:39] [main/INFO] [FermiumJarScanner]: FermiumMixinConfig enqueueing mixin(s) parsed from annotated config Fix Infested Block Reversion from srpmixins.
[08:54:39] [main/INFO] [FermiumRegistryAPI]: FermiumRegistryAPI supplied "mixins.srpmixins.srp.beckoninfestationfix.json" for late mixin enqueue, adding.
[08:54:39] [main/INFO] [FermiumJarScanner]: FermiumMixinConfig enqueueing mixin(s) parsed from annotated config Fix Block Infestation Beckon Upgrade from srpmixins.
[08:54:39] [main/INFO] [FermiumRegistryAPI]: FermiumRegistryAPI supplied "mixins.srpmixins.srp.aiblockinfestfix.json" for late mixin enqueue, adding.
[08:54:39] [main/INFO] [FermiumJarScanner]: FermiumMixinConfig enqueueing mixin(s) parsed from annotated config Disable Infestation Reversion from srpmixins.
[08:54:39] [main/INFO] [FermiumRegistryAPI]: FermiumRegistryAPI supplied "mixins.srpmixins.srp.infestationreversiontoggle.json" for late mixin enqueue, adding.
[08:54:39] [main/INFO] [FermiumJarScanner]: FermiumMixinConfig enqueueing mixin(s) parsed from annotated config Infestation Performance Overhaul from srpmixins.
[08:54:39] [main/INFO] [FermiumRegistryAPI]: FermiumRegistryAPI supplied "mixins.srpmixins.srp.infestationoverhaul.json" for late mixin enqueue, adding.
[08:54:39] [main/INFO] [FermiumJarScanner]: FermiumMixinConfig enqueueing mixin(s) parsed from annotated config Parasite Stat+Drop Multiplier: Global switch from srpmixins.
[08:54:39] [main/INFO] [FermiumRegistryAPI]: FermiumRegistryAPI supplied "mixins.srpmixins.srp.dimensionmultis.json" for late mixin enqueue, adding.
[08:54:39] [main/INFO] [FermiumJarScanner]: FermiumMixinConfig enqueueing mixin(s) parsed from annotated config Fix Carcasses not working during cooldown from srpmixins.
[08:54:39] [main/INFO] [FermiumRegistryAPI]: FermiumRegistryAPI supplied "mixins.srpmixins.srp.cooldownbypass.json" for late mixin enqueue, adding.
[08:54:39] [main/INFO] [FermiumJarScanner]: FermiumMixinConfig enqueueing mixin(s) parsed from annotated config Lures stack cooldown from srpmixins.
[08:54:39] [main/INFO] [FermiumRegistryAPI]: FermiumRegistryAPI supplied "mixins.srpmixins.srp.lurecooldownstack.json" for late mixin enqueue, adding.
[08:54:39] [main/INFO] [FermiumJarScanner]: FermiumMixinConfig enqueueing mixin(s) parsed from annotated config Force carcass all same lure type from srpmixins.
[08:54:39] [main/INFO] [FermiumRegistryAPI]: FermiumRegistryAPI supplied "mixins.srpmixins.srp.carcasssamelures.json" for late mixin enqueue, adding.
[08:54:39] [main/INFO] [FermiumJarScanner]: FermiumMixinConfig enqueueing mixin(s) parsed from annotated config Fix Cooldown Overflow from srpmixins.
[08:54:39] [main/INFO] [FermiumRegistryAPI]: FermiumRegistryAPI supplied "mixins.srpmixins.srp.lureoverflowfix.json" for late mixin enqueue, adding.
[08:54:39] [main/INFO] [FermiumJarScanner]: FermiumMixinConfig enqueueing mixin(s) parsed from annotated config Enable Bloodmoon tweaks from srpmixins.
[08:54:39] [main/INFO] [FermiumRegistryAPI]: FermiumRegistryAPI supplied "mixins.srpmixins.bloodmoon.json" for late mixin enqueue, adding.
[08:54:39] [main/INFO] [FermiumJarScanner]: FermiumMixinConfig enqueueing mixin(s) parsed from annotated config Enable Lost Cities tweaks from srpmixins.
[08:54:39] [main/INFO] [FermiumRegistryAPI]: FermiumRegistryAPI supplied "mixins.srpmixins.lostcities.json" for late mixin enqueue, adding.
[08:54:39] [main/INFO] [FermiumJarScanner]: FermiumMixinConfig enqueueing mixin(s) parsed from annotated config Antique Atlas Compat - Render Biome Tile from srpmixins.
[08:54:39] [main/INFO] [FermiumRegistryAPI]: FermiumRegistryAPI supplied "mixins.srpmixins.antiqueatlas.renderbiometile.json" for late mixin enqueue, adding.
[08:54:39] [main/INFO] [FermiumJarScanner]: FermiumMixinConfig enqueueing mixin(s) parsed from annotated config Enable More Phases from srpmixins.
[08:54:39] [main/INFO] [FermiumRegistryAPI]: FermiumRegistryAPI supplied "mixins.srpmixins.morephases.json" for late mixin enqueue, adding.
[08:54:39] [main/INFO] [FermiumJarScanner]: FermiumMixinConfig enqueueing mixin(s) parsed from annotated config Biome Spread Performance Overhaul from srpmixins.
[08:54:39] [main/INFO] [FermiumRegistryAPI]: FermiumRegistryAPI supplied "mixins.srpmixins.srp.biomespreadoverhaul.json" for late mixin enqueue, adding.
[08:54:39] [main/INFO] [FermiumJarScanner]: FermiumMixinConfig enqueueing mixin(s) parsed from annotated config Fix Parasitic Biome Fog from srpmixins.
[08:54:39] [main/INFO] [FermiumRegistryAPI]: FermiumRegistryAPI supplied "mixins.srpmixins.srp.fogmultiplayerfix.json" for late mixin enqueue, adding.
[08:54:39] [main/INFO] [FermiumJarScanner]: FermiumMixinConfig enqueueing mixin(s) parsed from annotated config Fix Parasite Bush Generation Lag from srpmixins.
[08:54:39] [main/INFO] [FermiumRegistryAPI]: FermiumRegistryAPI supplied "mixins.srpmixins.srp.parasitebushgen.json" for late mixin enqueue, adding.
[08:54:39] [main/INFO] [FermiumJarScanner]: FermiumMixinConfig enqueueing mixin(s) parsed from annotated config Fix SRP Biome Packet from srpmixins.
[08:54:39] [main/INFO] [FermiumRegistryAPI]: FermiumRegistryAPI supplied "mixins.srpmixins.srp.biomepacket.json" for late mixin enqueue, adding.
[08:54:39] [main/INFO] [FermiumJarScanner]: FermiumMixinConfig enqueueing mixin(s) parsed from annotated config Biome Purifier - Tweak+Fix from srpmixins.
[08:54:39] [main/INFO] [FermiumRegistryAPI]: FermiumRegistryAPI supplied "mixins.srpmixins.srp.biomepurifier.json" for late mixin enqueue, adding.
[08:54:39] [main/INFO] [FermiumJarScanner]: FermiumMixinConfig enqueueing mixin(s) parsed from annotated config Bloody Clock percentage from srpmixins.
[08:54:39] [main/INFO] [FermiumRegistryAPI]: FermiumRegistryAPI supplied "mixins.srpmixins.srp.modifiedclock.json" for late mixin enqueue, adding.
[08:54:39] [main/INFO] [FermiumJarScanner]: FermiumMixinConfig enqueueing mixin(s) parsed from annotated config Flat sleep point penalty from srpmixins.
[08:54:39] [main/INFO] [FermiumRegistryAPI]: FermiumRegistryAPI supplied "mixins.srpmixins.srp.flatsleeppenalty.json" for late mixin enqueue, adding.
[08:54:39] [main/INFO] [FermiumJarScanner]: FermiumMixinConfig enqueueing mixin(s) parsed from annotated config Fix phase point reduction from srpmixins.
[08:54:39] [main/INFO] [FermiumRegistryAPI]: FermiumRegistryAPI supplied "mixins.srpmixins.srp.pointreductionlimit.json" for late mixin enqueue, adding.
[08:54:39] [main/INFO] [FermiumJarScanner]: FermiumMixinConfig enqueueing mixin(s) parsed from annotated config Fix Phase Resets from srpmixins.
[08:54:39] [main/INFO] [FermiumRegistryAPI]: FermiumRegistryAPI supplied "mixins.srpmixins.srp.phaseresetfix.json" for late mixin enqueue, adding.
[08:54:39] [main/INFO] [FermiumJarScanner]: FermiumMixinConfig enqueueing mixin(s) parsed from annotated config Fix Node Resets from srpmixins.
[08:54:39] [main/INFO] [FermiumRegistryAPI]: FermiumRegistryAPI supplied "mixins.srpmixins.srp.noderesetfix.json" for late mixin enqueue, adding.
[08:54:39] [main/INFO] [FermiumJarScanner]: FermiumMixinConfig enqueueing mixin(s) parsed from annotated config Fix Adapted Penalty on Instant Despawn from srpmixins.
[08:54:39] [main/INFO] [FermiumRegistryAPI]: FermiumRegistryAPI supplied "mixins.srpmixins.srp.adaptedinstadespawnpenalty.json" for late mixin enqueue, adding.
[08:54:39] [main/INFO] [FermiumJarScanner]: FermiumMixinConfig enqueueing mixin(s) parsed from annotated config Fix Parasites Unlocking from srpmixins.
[08:54:39] [main/INFO] [FermiumRegistryAPI]: FermiumRegistryAPI supplied "mixins.srpmixins.srp.fixparaunlocking.json" for late mixin enqueue, adding.
[08:54:39] [main/INFO] [FermiumJarScanner]: FermiumMixinConfig enqueueing mixin(s) parsed from annotated config Allow Parasite Name in Unlock Message from srpmixins.
[08:54:39] [main/INFO] [FermiumRegistryAPI]: FermiumRegistryAPI supplied "mixins.srpmixins.srp.unlockmessagewithname.json" for late mixin enqueue, adding.
[08:54:39] [main/INFO] [FermiumJarScanner]: FermiumMixinConfig enqueueing mixin(s) parsed from annotated config Needler Fix from srpmixins.
[08:54:39] [main/INFO] [FermiumRegistryAPI]: FermiumRegistryAPI supplied "mixins.srpmixins.srp.needlerfix.json" for late mixin enqueue, adding.
[08:54:39] [main/INFO] [FermiumJarScanner]: FermiumMixinConfig enqueueing mixin(s) parsed from annotated config Fix clientside potions from srpmixins.
[08:54:39] [main/INFO] [FermiumRegistryAPI]: FermiumRegistryAPI supplied "mixins.srpmixins.srp.clientpotions.json" for late mixin enqueue, adding.
[08:54:39] [main/INFO] [FermiumJarScanner]: FermiumMixinConfig enqueueing mixin(s) parsed from annotated config Fix attribute potions from srpmixins.
[08:54:39] [main/INFO] [FermiumRegistryAPI]: FermiumRegistryAPI supplied "mixins.srpmixins.srp.potionuuidfix.json" for late mixin enqueue, adding.
[08:54:39] [main/INFO] [FermiumJarScanner]: FermiumMixinConfig enqueueing mixin(s) parsed from annotated config Modify Assim/Feral Endermen target tp radius from srpmixins.
[08:54:39] [main/INFO] [FermiumRegistryAPI]: FermiumRegistryAPI supplied "mixins.srpmixins.srp.simmermantptarget.json" for late mixin enqueue, adding.
[08:54:39] [main/INFO] [FermiumJarScanner]: FermiumMixinConfig enqueueing mixin(s) parsed from annotated config Fix Spawner Block spawning from srpmixins.
[08:54:39] [main/INFO] [FermiumRegistryAPI]: FermiumRegistryAPI supplied "mixins.srpmixins.srp.spawnerspawnfix.json" for late mixin enqueue, adding.
[08:54:39] [main/INFO] [FermiumJarScanner]: FermiumMixinConfig enqueueing mixin(s) parsed from annotated config Fix Evolution Lock from srpmixins.
[08:54:39] [main/INFO] [FermiumRegistryAPI]: FermiumRegistryAPI supplied "mixins.srpmixins.srp.evolockfix.json" for late mixin enqueue, adding.
[08:54:39] [main/INFO] [FermiumJarScanner]: FermiumMixinConfig enqueueing mixin(s) parsed from annotated config Fix Parasite Biome Spawns from srpmixins.
[08:54:39] [main/INFO] [FermiumRegistryAPI]: FermiumRegistryAPI supplied "mixins.srpmixins.srp.parabiomespawns.json" for late mixin enqueue, adding.
[08:54:39] [main/INFO] [FermiumJarScanner]: FermiumMixinConfig enqueueing mixin(s) parsed from annotated config Fix Colony Carrier Type Id from srpmixins.
[08:54:39] [main/INFO] [FermiumRegistryAPI]: FermiumRegistryAPI supplied "mixins.srpmixins.srp.colocarriertypefix.json" for late mixin enqueue, adding.
[08:54:39] [main/INFO] [FermiumJarScanner]: FermiumMixinConfig enqueueing mixin(s) parsed from annotated config Fix Spawning Entirely from srpmixins.
[08:54:39] [main/INFO] [FermiumRegistryAPI]: FermiumRegistryAPI supplied "mixins.srpmixins.vanilla.enumcreaturetype.json" for early mixin enqueue, adding.
[08:54:39] [main/INFO] [FermiumRegistryAPI]: FermiumRegistryAPI supplied "mixins.srpmixins.srp.fixspawning.json" for late mixin enqueue, adding.
[08:54:39] [main/INFO] [FermiumJarScanner]: FermiumMixinConfig enqueueing mixin(s) parsed from annotated config Fix Colony Lock in Para Biome from srpmixins.
[08:54:39] [main/INFO] [FermiumRegistryAPI]: FermiumRegistryAPI supplied "mixins.srpmixins.srp.colofixinbiome.json" for late mixin enqueue, adding.
[08:54:39] [main/INFO] [FermiumJarScanner]: FermiumMixinConfig enqueueing mixin(s) parsed from annotated config Disable Scent Debug from srpmixins.
[08:54:39] [main/INFO] [FermiumRegistryAPI]: FermiumRegistryAPI supplied "mixins.srpmixins.srp.disablescentdebug.json" for late mixin enqueue, adding.
[08:54:39] [main/INFO] [FermiumJarScanner]: FermiumMixinConfig enqueueing mixin(s) parsed from annotated config Use Forgotten Configs from srpmixins.
[08:54:39] [main/INFO] [FermiumRegistryAPI]: FermiumRegistryAPI supplied "mixins.srpmixins.srp.forgottenconfigs.json" for late mixin enqueue, adding.
[08:54:39] [main/INFO] [FermiumJarScanner]: FermiumMixinConfig enqueueing mixin(s) parsed from annotated config Make Strange Bones stack to 16 from srpmixins.
[08:54:39] [main/INFO] [FermiumRegistryAPI]: FermiumRegistryAPI supplied "mixins.srpmixins.srp.strangebonestacking.json" for late mixin enqueue, adding.
[08:54:39] [main/INFO] [FermiumJarScanner]: FermiumMixinConfig enqueueing mixin(s) parsed from annotated config Fix SRP Command Autocompletion from srpmixins.
[08:54:39] [main/INFO] [FermiumRegistryAPI]: FermiumRegistryAPI supplied "mixins.srpmixins.srp.commandfix.json" for late mixin enqueue, adding.
[08:54:39] [main/INFO] [FermiumJarScanner]: FermiumMixinConfig enqueueing mixin(s) parsed from annotated config Fix Empty Whitelists read as Blacklists from srpmixins.
[08:54:39] [main/INFO] [FermiumRegistryAPI]: FermiumRegistryAPI supplied "mixins.srpmixins.srp.emptywhitelistfix.json" for late mixin enqueue, adding.
[08:54:39] [main/INFO] [FermiumJarScanner]: FermiumMixinConfig enqueueing mixin(s) parsed from annotated config Fix Right Clicking Parasite Entities from srpmixins.
[08:54:39] [main/INFO] [FermiumRegistryAPI]: FermiumRegistryAPI supplied "mixins.srpmixins.srp.parasiterightclickfix.json" for late mixin enqueue, adding.
[08:54:39] [main/INFO] [FermiumJarScanner]: FermiumMixinConfig enqueueing mixin(s) parsed from annotated config Fix Wave Entities Early Death from srpmixins.
[08:54:39] [main/INFO] [FermiumRegistryAPI]: FermiumRegistryAPI supplied "mixins.srpmixins.srp.wavefix.json" for late mixin enqueue, adding.
[08:54:39] [main/INFO] [FermiumJarScanner]: FermiumMixinConfig enqueueing mixin(s) parsed from annotated config SRPModelBiped Render Crash Fix from srpmixins.
[08:54:39] [main/INFO] [FermiumRegistryAPI]: FermiumRegistryAPI supplied "mixins.srpmixins.srp.armorcrash.json" for late mixin enqueue, adding.
[08:54:39] [main/INFO] [FermiumJarScanner]: FermiumMixinConfig enqueueing mixin(s) parsed from annotated config Scents NoClip from srpmixins.
[08:54:39] [main/INFO] [FermiumRegistryAPI]: FermiumRegistryAPI supplied "mixins.srpmixins.srp.scentsnoclip.json" for late mixin enqueue, adding.
[08:54:39] [main/INFO] [FermiumJarScanner]: FermiumMixinConfig enqueueing mixin(s) parsed from annotated config Fix Multiple Phase Warnings from srpmixins.
[08:54:39] [main/INFO] [FermiumRegistryAPI]: FermiumRegistryAPI supplied "mixins.srpmixins.srp.movingsoundfix.json" for late mixin enqueue, adding.
[08:54:39] [main/INFO] [FermiumJarScanner]: FermiumMixinConfig enqueueing mixin(s) parsed from annotated config Fix Paras Regaining Tendrils from srpmixins.
[08:54:39] [main/INFO] [FermiumRegistryAPI]: FermiumRegistryAPI supplied "mixins.srpmixins.srp.tendrilfix.json" for late mixin enqueue, adding.
[08:54:39] [main/INFO] [FermiumJarScanner]: FermiumMixinConfig enqueueing mixin(s) parsed from annotated config Fix Dispatcher Stage IV Head from srpmixins.
[08:54:39] [main/INFO] [FermiumRegistryAPI]: FermiumRegistryAPI supplied "mixins.srpmixins.srp.renderdispatcherhead.json" for late mixin enqueue, adding.
[08:54:39] [main/INFO] [FermiumJarScanner]: FermiumMixinConfig enqueueing mixin(s) parsed from annotated config Fix Zero Hardness Break from srpmixins.
[08:54:39] [main/INFO] [FermiumRegistryAPI]: FermiumRegistryAPI supplied "mixins.srpmixins.srp.zerohardnessbreak.json" for late mixin enqueue, adding.
[08:54:39] [main/INFO] [FermiumJarScanner]: FermiumMixinConfig enqueueing mixin(s) parsed from annotated config Use Vanilla Loot Tables from srpmixins.
[08:54:39] [main/INFO] [FermiumRegistryAPI]: FermiumRegistryAPI supplied "mixins.srpmixins.vanilla.lootpoolparser.json" for early mixin enqueue, adding.
[08:54:39] [main/INFO] [FermiumRegistryAPI]: FermiumRegistryAPI supplied "mixins.srpmixins.srp.loottables.json" for late mixin enqueue, adding.
[08:54:39] [main/INFO] [FermiumJarScanner]: FermiumMixinConfig enqueueing mixin(s) parsed from annotated config Enable Water Spawns from srpmixins.
[08:54:39] [main/INFO] [FermiumRegistryAPI]: FermiumRegistryAPI supplied "mixins.srpmixins.srp.waterspawns.json" for late mixin enqueue, adding.
[08:54:39] [main/INFO] [FermiumJarScanner]: FermiumMixinConfig enqueueing mixin(s) parsed from annotated config Water Parasites Target Squids from srpmixins.
[08:54:39] [main/INFO] [FermiumRegistryAPI]: FermiumRegistryAPI supplied "mixins.srpmixins.srp.squidtargeting.json" for late mixin enqueue, adding.
[08:54:39] [main/INFO] [FermiumJarScanner]: FermiumMixinConfig enqueueing mixin(s) parsed from annotated config Disable Sentient Evolution Mechanic from srpmixins.
[08:54:39] [main/INFO] [FermiumRegistryAPI]: FermiumRegistryAPI supplied "mixins.srpmixins.srp.sentevodisable.json" for late mixin enqueue, adding.
[08:54:39] [main/INFO] [FermiumJarScanner]: FermiumMixinConfig enqueueing mixin(s) parsed from annotated config Fix parasite weapon damage from srpmixins.
[08:54:39] [main/INFO] [FermiumRegistryAPI]: FermiumRegistryAPI supplied "mixins.srpmixins.srp.weapondamage.json" for late mixin enqueue, adding.
[08:54:39] [main/INFO] [FermiumJarScanner]: FermiumMixinConfig enqueueing mixin(s) parsed from annotated config Fix parasite weapon evolution NBT loss from srpmixins.
[08:54:39] [main/INFO] [FermiumRegistryAPI]: FermiumRegistryAPI supplied "mixins.srpmixins.srp.sentnbtlossfix.json" for late mixin enqueue, adding.
[08:54:39] [main/INFO] [FermiumJarScanner]: FermiumMixinConfig enqueueing mixin(s) parsed from annotated config Remove Parasite Kills tooltip from sentient weapons from srpmixins.
[08:54:39] [main/INFO] [FermiumRegistryAPI]: FermiumRegistryAPI supplied "mixins.srpmixins.srp.senttooltipremove.json" for late mixin enqueue, adding.
[08:54:39] [main/INFO] [FermiumJarScanner]: FermiumMixinConfig enqueueing mixin(s) parsed from annotated config Bench - GUI Allow Number Hotkeys from vcfix.
[08:54:39] [main/INFO] [FermiumRegistryAPI]: FermiumRegistryAPI supplied "mixins.vcfix.vc.numberhotkeysingui.json" for late mixin enqueue, adding.
[08:54:39] [main/INFO] [FermiumJarScanner]: FermiumMixinConfig enqueueing mixin(s) parsed from annotated config Bench - Better Shift Click - From Hotbar from vcfix.
[08:54:39] [main/INFO] [FermiumRegistryAPI]: FermiumRegistryAPI supplied "mixins.vcfix.vc.shiftclickhotbar.json" for late mixin enqueue, adding.
[08:54:39] [main/INFO] [FermiumJarScanner]: FermiumMixinConfig enqueueing mixin(s) parsed from annotated config Bench - Better Shift Click - From Inventory from vcfix.
[08:54:39] [main/INFO] [FermiumRegistryAPI]: FermiumRegistryAPI supplied "mixins.vcfix.vc.shiftclickinventory.json" for late mixin enqueue, adding.
[08:54:39] [main/INFO] [FermiumJarScanner]: FermiumMixinConfig enqueueing mixin(s) parsed from annotated config Bench - Stop Drop On GUI Exit from vcfix.
[08:54:39] [main/INFO] [FermiumRegistryAPI]: FermiumRegistryAPI supplied "mixins.vcfix.vc.stopdrop.json" for late mixin enqueue, adding.
[08:54:39] [main/INFO] [FermiumJarScanner]: FermiumMixinConfig enqueueing mixin(s) parsed from annotated config JEI - Stop Log Warn Spam from vcfix.
[08:54:39] [main/INFO] [FermiumRegistryAPI]: FermiumRegistryAPI supplied "mixins.vcfix.jei.stoplogspam.json" for late mixin enqueue, adding.
[08:54:39] [main/INFO] [FermiumJarScanner]: FermiumMixinConfig finished MixinConfig parsing, parsed 350 config options with 1 warnings
[08:54:39] [main/INFO] [FermiumBooter]: FermiumBooter adding "mixins.rlmixins.early.chunkanimator.xray.json" for early mixin application.
[08:54:39] [main/INFO] [FermiumBooter]: FermiumBooter adding "mixins.fermiummixins.early.vanilla.bossvehicle.json" for early mixin application.
[08:54:39] [main/INFO] [FermiumBooter]: FermiumBooter adding "mixins.eaglemixins.vanilla.json" for early mixin application.
[08:54:39] [main/INFO] [FermiumBooter]: FermiumBooter adding "mixins.aaam.vanilla.json" for early mixin application.
[08:54:39] [main/INFO] [FermiumBooter]: FermiumBooter adding "mixins.somanyenchantments.vanilla.json" for early mixin application.
[08:54:39] [main/INFO] [FermiumBooter]: FermiumBooter adding "mixins.fermiummixins.early.vanilla.worldbordertimecache.json" for early mixin application.
[08:54:39] [main/INFO] [FermiumBooter]: FermiumBooter adding "mixins.fermiummixins.early.vanilla.worldflammablepos.json" for early mixin application.
[08:54:39] [main/INFO] [FermiumBooter]: FermiumBooter adding "mixins.fermiummixins.early.vanilla.particlerenderpatch.json" for early mixin application.
[08:54:39] [main/INFO] [FermiumBooter]: FermiumBooter adding "mixins.fermiummixins.early.vanilla.autosavelog.json" for early mixin application.
[08:54:39] [main/INFO] [FermiumBooter]: FermiumBooter adding "mixins.fermiummixins.early.vanilla.pathfindingloading.json" for early mixin application.
[08:54:39] [main/INFO] [FermiumBooter]: FermiumBooter adding "mixins.fermiummixins.early.vanilla.spawnchunkradiuspatch.json" for early mixin application.
[08:54:39] [main/INFO] [FermiumBooter]: FermiumBooter adding "mixins.localizator.core.containername.json" for early mixin application.
[08:54:39] [main/INFO] [FermiumBooter]: FermiumBooter adding "mixins.fermiummixins.early.vanilla.materialcheck.json" for early mixin application.
[08:54:39] [main/INFO] [FermiumBooter]: FermiumBooter adding "mixins.fermiummixins.early.vanilla.stackablesoupbowlfix.json" for early mixin application.
[08:54:39] [main/INFO] [FermiumBooter]: FermiumBooter adding "mixins.boatdeletebegone.json" for early mixin application.
[08:54:39] [main/INFO] [FermiumBooter]: FermiumBooter adding "mixins.fermiummixins.early.vanilla.giantzombiespawnfix.json" for early mixin application.
[08:54:39] [main/INFO] [FermiumBooter]: FermiumBooter adding "mixins.furnacexpstorage.json" for early mixin application.
[08:54:39] [main/INFO] [FermiumBooter]: FermiumBooter adding "mixins.fermiummixins.early.bloodmoon.optifinerender.json" for early mixin application.
[08:54:39] [main/INFO] [FermiumBooter]: FermiumBooter adding "mixins.fermiummixins.early.fancymenu.servercrash.json" for early mixin application.
[08:54:39] [main/INFO] [FermiumBooter]: FermiumBooter adding "mixins.fermiummixins.early.charm.shulkerinsertion.json" for early mixin application.
[08:54:39] [main/INFO] [FermiumBooter]: FermiumBooter adding "mixins.bounceable.vanilla.json" for early mixin application.
[08:54:39] [main/INFO] [FermiumBooter]: FermiumBooter adding "mixins.fermiummixins.early.bountifulbaubles.flaregun.json" for early mixin application.
[08:54:39] [main/INFO] [FermiumBooter]: FermiumBooter adding "mixins.localizator.core.loclore.json" for early mixin application.
[08:54:39] [main/INFO] [FermiumBooter]: FermiumBooter adding "mixins.fermiummixins.early.vanilla.glerror.json" for early mixin application.
[08:54:39] [main/INFO] [FermiumBooter]: FermiumBooter adding "mixins.fermiummixins.early.vanilla.lowercroucheyeheight.json" for early mixin application.
[08:54:39] [main/INFO] [FermiumBooter]: FermiumBooter adding "mixins.fermiummixins.early.vanilla.mergexporbs.json" for early mixin application.
[08:54:39] [main/INFO] [FermiumBooter]: FermiumBooter adding "mixins.fermiummixins.early.vanilla.untippedarrowparticles.json" for early mixin application.
[08:54:39] [main/INFO] [FermiumBooter]: FermiumBooter adding "mixins.editableedibles.vanilla.json" for early mixin application.
[08:54:39] [main/INFO] [FermiumBooter]: FermiumBooter adding "mixins.rlmixins.early.rlmixins.slimebouncysides.json" for early mixin application.
[08:54:39] [main/INFO] [FermiumBooter]: FermiumBooter adding "mixins.fermiummixins.early.vanilla.strayhuskspawningfix.json" for early mixin application.
[08:54:39] [main/INFO] [FermiumBooter]: FermiumBooter adding "mixins.fermiummixins.early.spawnercontrol.curing.json" for early mixin application.
[08:54:39] [main/INFO] [FermiumBooter]: FermiumBooter adding "mixins.misc_fluidregistry.json" for early mixin application.
[08:54:39] [main/INFO] [FermiumBooter]: FermiumBooter adding "mixins.rlmixins.early.bettersurvival.antiwarp.json" for early mixin application.
[08:54:39] [main/INFO] [FermiumBooter]: FermiumBooter adding "mixins.crashes.json" for early mixin application.
[08:54:39] [main/INFO] [FermiumBooter]: FermiumBooter adding "mixins.fix_mc129057.json" for early mixin application.
[08:54:39] [main/INFO] [FermiumBooter]: FermiumBooter adding "mixins.fermiummixins.early.vanilla.outdatedchunkdata.json" for early mixin application.
[08:54:39] [main/INFO] [FermiumBooter]: FermiumBooter adding "mixins.localizator.core.writtenbooks.json" for early mixin application.
[08:54:39] [main/INFO] [FermiumBooter]: FermiumBooter adding "mixins.stripitemstack.json" for early mixin application.
[08:54:39] [main/INFO] [FermiumBooter]: FermiumBooter adding "mixins.fermiummixins.early.vanilla.stoppigmenportalspawns.json" for early mixin application.
[08:54:39] [main/INFO] [FermiumBooter]: FermiumBooter adding "mixins.fermiummixins.early.vanilla.serverpriority.json" for early mixin application.
[08:54:39] [main/INFO] [FermiumBooter]: FermiumBooter adding "mixins.localizator.core.entityaccessor.json" for early mixin application.
[08:54:39] [main/INFO] [FermiumBooter]: FermiumBooter adding "mixins.vanities.json" for early mixin application.
[08:54:39] [main/INFO] [FermiumBooter]: FermiumBooter adding "mixins.bettercombatmod.json" for early mixin application.
[08:54:39] [main/INFO] [FermiumBooter]: FermiumBooter adding "mixins.fermiummixins.early.vanilla.entityvelocitysync.json" for early mixin application.
[08:54:39] [main/INFO] [FermiumBooter]: FermiumBooter adding "mixins.fermiummixins.early.vanilla.chunkentitylistpatch.json" for early mixin application.
[08:54:39] [main/INFO] [FermiumBooter]: FermiumBooter adding "mixins.fermiummixins.early.vanilla.idleguardiansinking.json" for early mixin application.
[08:54:39] [main/INFO] [FermiumBooter]: FermiumBooter adding "mixins.fermiummixins.early.vanilla.entitytrackerdesync.json" for early mixin application.
[08:54:39] [main/INFO] [FermiumBooter]: FermiumBooter adding "mixins.registries.json" for early mixin application.
[08:54:39] [main/INFO] [FermiumBooter]: FermiumBooter adding "mixins.fermiummixins.early.vanilla.healthdesyncpatch.json" for early mixin application.
[08:54:39] [main/INFO] [FermiumBooter]: FermiumBooter adding "mixins.srpmixins.vanilla.enumcreaturetype.json" for early mixin application.
[08:54:39] [main/INFO] [FermiumBooter]: FermiumBooter adding "mixins.fermiummixins.early.vanilla.mineshaftbiomeblacklist.json" for early mixin application.
[08:54:39] [main/INFO] [FermiumBooter]: FermiumBooter adding "mixins.fermiummixins.early.vanilla.potionamplifiervisibility.json" for early mixin application.
[08:54:39] [main/INFO] [FermiumBooter]: FermiumBooter adding "mixins.priorities.json" for early mixin application.
[08:54:39] [main/INFO] [FermiumBooter]: FermiumBooter adding "mixins.localizator.core.writablebooks.json" for early mixin application.
[08:54:39] [main/INFO] [FermiumBooter]: FermiumBooter adding "mixins.rlmixins.early.bettersurvival.optimization.json" for early mixin application.
[08:54:39] [main/INFO] [FermiumBooter]: FermiumBooter adding "mixins.srpmixins.vanilla.adaptationoverhaul.json" for early mixin application.
[08:54:39] [main/INFO] [FermiumBooter]: FermiumBooter adding "mixins.fermiummixins.early.quark.runeoptifine.json" for early mixin application.
[08:54:39] [main/INFO] [FermiumBooter]: FermiumBooter adding "mixins.recipes.json" for early mixin application.
[08:54:39] [main/INFO] [FermiumBooter]: FermiumBooter adding "mixins.fermiummixins.early.vanilla.furnacexplimitfix.json" for early mixin application.
[08:54:39] [main/INFO] [FermiumBooter]: FermiumBooter adding "mixins.internal.json" for early mixin application.
[08:54:39] [main/INFO] [FermiumBooter]: FermiumBooter adding "mixins.fermiummixins.early.vanilla.teleportinglagpatch.json" for early mixin application.
[08:54:39] [main/INFO] [FermiumBooter]: FermiumBooter adding "mixins.fermiummixins.early.vanilla.respawnprotection.json" for early mixin application.
[08:54:39] [main/INFO] [FermiumBooter]: FermiumBooter adding "mixins.rlmixins.early.rlmixins.mobnausea.json" for early mixin application.
[08:54:39] [main/INFO] [FermiumBooter]: FermiumBooter adding "mixins.fermiummixins.early.vanilla.fallblocktick.json" for early mixin application.
[08:54:39] [main/INFO] [FermiumBooter]: FermiumBooter adding "mixins.fermiummixins.early.mobends.idcrash.json" for early mixin application.
[08:54:39] [main/INFO] [FermiumBooter]: FermiumBooter adding "mixins.fermiummixins.early.vanilla.stopsleepresettingweather.json" for early mixin application.
[08:54:39] [main/INFO] [FermiumBooter]: FermiumBooter adding "mixins.fermiummixins.early.vanilla.tippedarrowblacklist.json" for early mixin application.
[08:54:39] [main/INFO] [FermiumBooter]: FermiumBooter adding "mixins.vfix_bugfixes.json" for early mixin application.
[08:54:39] [main/INFO] [FermiumBooter]: FermiumBooter adding "mixins.fermiummixins.early.vanilla.blockstorageoptifine.json" for early mixin application.
[08:54:39] [main/INFO] [FermiumBooter]: FermiumBooter adding "mixins.fermiummixins.early.bloodmoon.lootpickup.json" for early mixin application.
[08:54:39] [main/INFO] [FermiumBooter]: FermiumBooter adding "mixins.capability.json" for early mixin application.
[08:54:39] [main/INFO] [FermiumBooter]: FermiumBooter adding "mixins.rlmixins.early.vanilla.concrete.json" for early mixin application.
[08:54:39] [main/INFO] [FermiumBooter]: FermiumBooter adding "mixins.fermiummixins.early.vanilla.waterchunkgenticking.json" for early mixin application.
[08:54:39] [main/INFO] [FermiumBooter]: FermiumBooter adding "mixins.fermiummixins.early.vanilla.suppressdangerousprefix.json" for early mixin application.
[08:54:39] [main/INFO] [FermiumBooter]: FermiumBooter adding "mixins.fermiummixins.early.vanilla.hardcoregameoverfix.json" for early mixin application.
[08:54:39] [main/INFO] [FermiumBooter]: FermiumBooter adding "mixins.fermiummixins.early.mobends.memleak.json" for early mixin application.
[08:54:39] [main/INFO] [FermiumBooter]: FermiumBooter adding "mixins.somanyenchantments.upgrading.json" for early mixin application.
[08:54:39] [main/INFO] [FermiumBooter]: FermiumBooter adding "mixins.fermiummixins.early.vanilla.suppressbrokenoredict.json" for early mixin application.
[08:54:39] [main/INFO] [FermiumBooter]: FermiumBooter adding "mixins.fermiummixins.early.vanilla.suppressaddpacket.json" for early mixin application.
[08:54:39] [main/INFO] [FermiumBooter]: FermiumBooter adding "mixins.fermiummixins.early.biomesoplenty.waspfarm.json" for early mixin application.
[08:54:39] [main/INFO] [FermiumBooter]: FermiumBooter adding "mixins.fermiummixins.early.waystones.naming.json" for early mixin application.
[08:54:39] [main/INFO] [FermiumBooter]: FermiumBooter adding "mixins.fermiummixins.early.vanilla.playerdeathshakefix.json" for early mixin application.
[08:54:39] [main/INFO] [FermiumBooter]: FermiumBooter adding "mixins.fermiummixins.early.vanilla.chunkvisibilitycache.json" for early mixin application.
[08:54:39] [main/INFO] [FermiumBooter]: FermiumBooter adding "mixins.localizator.core.itementitykill.json" for early mixin application.
[08:54:39] [main/INFO] [FermiumBooter]: FermiumBooter adding "mixins.luckified.vanilla.json" for early mixin application.
[08:54:39] [main/INFO] [FermiumBooter]: FermiumBooter adding "mixins.fermiummixins.early.itemphysics.servercrash.json" for early mixin application.
[08:54:39] [main/INFO] [FermiumBooter]: FermiumBooter adding "mixins.fermiummixins.early.vanilla.mendingpriorities.json" for early mixin application.
[08:54:39] [main/INFO] [FermiumBooter]: FermiumBooter adding "mixins.forgefixes.json" for early mixin application.
[08:54:39] [main/INFO] [FermiumBooter]: FermiumBooter adding "mixins.srpmixins.vanilla.lootpoolparser.json" for early mixin application.
[08:54:39] [main/INFO] [FermiumBooter]: FermiumBooter adding "mixins.fermiummixins.early.vanilla.delayedpacketerrors.json" for early mixin application.
[08:54:39] [main/INFO] [FermiumBooter]: FermiumBooter adding "mixins.efficienthashing.json" for early mixin application.
[08:54:39] [main/INFO] [FermiumBooter]: FermiumBooter adding "mixins.fermiummixins.early.vanilla.hoerepair.json" for early mixin application.
[08:54:39] [main/INFO] [FermiumBooter]: FermiumBooter adding "mixins.lockcode.json" for early mixin application.
[08:54:39] [main/INFO] [FermiumBooter]: FermiumBooter adding "mixins.fermiummixins.early.vanilla.smoothcrouching.json" for early mixin application.
[08:54:39] [main/INFO] [FermiumBooter]: FermiumBooter adding "mixins.fermiummixins.early.anvilpatch.tooexpensivefix.json" for early mixin application.
[08:54:39] [main/INFO] [FermiumBooter]: FermiumBooter adding "mixins.localizator.core.noveltyplacement.json" for early mixin application.
[08:54:39] [main/INFO] [FermiumBooter]: FermiumBooter adding "mixins.fermiummixins.early.vanilla.suppressreceivedpassengers.json" for early mixin application.
[08:54:39] [main/INFO] [FermiumBooter]: FermiumBooter adding "mixins.localizator.core.entityname.json" for early mixin application.
[08:54:39] [main/INFO] [FermiumBooter]: FermiumBooter adding "mixins.rlmixins.early.betterquesting.button.json" for early mixin application.
[08:54:39] [main/INFO] [FermiumBooter]: FermiumBooter adding "mixins.fermiummixins.early.vanilla.nukeadvancements.json" for early mixin application.
[08:54:39] [main/INFO] [FermiumBooter]: FermiumBooter adding "mixins.noisethreader.vanilla.json" for early mixin application.
[08:54:39] [main/INFO] [FermiumBooter]: FermiumBooter adding "mixins.localizator.core.bossoverlay.json" for early mixin application.
[08:54:39] [main/INFO] [FermiumBooter]: FermiumBooter adding "mixins.localizator.core.locname.json" for early mixin application.
[08:54:39] [main/INFO] [FermiumBooter]: FermiumBooter adding "mixins.fermiummixins.early.vanilla.lazychunkmobspawns.json" for early mixin application.
[08:54:39] [main/INFO] [FermiumBooter]: FermiumBooter adding "mixins.fermiummixins.early.vanilla.clientpriority.json" for early mixin application.
[08:54:39] [main/INFO] [FermiumBooter]: FermiumBooter adding "mixins.fermiummixins.early.vanilla.weathertiming.json" for early mixin application.
[08:54:39] [main/INFO] [FermiumBooter]: FermiumBooter adding "mixins.fermiummixins.early.vanilla.containerdropfix.json" for early mixin application.
[08:54:39] [main/DEBUG] [FML]: Coremod plugin class FermiumPlugin run successfully
[08:54:39] [main/DEBUG] [mixin]: Processing inject() for PlatformAgent[MixinPlatformAgentDefault:ContainerHandleURI(file:/home/Minecraft/rlcraft-server/./mods/%60FermiumBooter-1.3.2.jar)]
[08:54:39] [main/DEBUG] [mixin]: Processing inject() for PlatformAgent[MixinPlatformAgentFMLLegacy:ContainerHandleURI(file:/home/Minecraft/rlcraft-server/./mods/Amphithere%20Mod-1.0.2.jar)]
[08:54:39] [main/DEBUG] [mixin]: FML agent is co-initiralising coremod instance AmphithereModPlugin {[]} for ContainerHandleURI(file:/home/Minecraft/rlcraft-server/./mods/Amphithere%20Mod-1.0.2.jar)
[08:54:39] [main/DEBUG] [FML]: Injecting coremod AmphithereModPlugin \{amphitheremod.AmphithereModPlugin\} class transformers
[08:54:39] [main/DEBUG] [FML]: Injection complete
[08:54:39] [main/DEBUG] [FML]: Running coremod plugin for AmphithereModPlugin \{amphitheremod.AmphithereModPlugin\}
[08:54:39] [main/DEBUG] [FML]: Running coremod plugin AmphithereModPlugin
[08:54:39] [main/DEBUG] [FML]: Coremod plugin class AmphithereModPlugin run successfully
[08:54:39] [main/DEBUG] [mixin]: Processing inject() for PlatformAgent[MixinPlatformAgentDefault:ContainerHandleURI(file:/home/Minecraft/rlcraft-server/./mods/Amphithere%20Mod-1.0.2.jar)]
[08:54:39] [main/DEBUG] [mixin]: Processing inject() for PlatformAgent[MixinPlatformAgentFMLLegacy:ContainerHandleURI(file:/home/Minecraft/rlcraft-server/./mods/AntiqueAtlasAutoMarker-1.4.2.2.jar)]
[08:54:39] [main/DEBUG] [mixin]: FML agent is co-initiralising coremod instance AntiqueAtlasAutoMarkerPlugin {[]} for ContainerHandleURI(file:/home/Minecraft/rlcraft-server/./mods/AntiqueAtlasAutoMarker-1.4.2.2.jar)
[08:54:39] [main/DEBUG] [FML]: Injecting coremod AntiqueAtlasAutoMarkerPlugin \{antiqueatlasautomarker.AntiqueAtlasAutoMarkerPlugin\} class transformers
[08:54:39] [main/DEBUG] [FML]: Injection complete
[08:54:39] [main/DEBUG] [FML]: Running coremod plugin for AntiqueAtlasAutoMarkerPlugin \{antiqueatlasautomarker.AntiqueAtlasAutoMarkerPlugin\}
[08:54:39] [main/DEBUG] [FML]: Running coremod plugin AntiqueAtlasAutoMarkerPlugin
[08:54:39] [main/DEBUG] [FML]: Coremod plugin class AntiqueAtlasAutoMarkerPlugin run successfully
[08:54:39] [main/DEBUG] [mixin]: Processing inject() for PlatformAgent[MixinPlatformAgentDefault:ContainerHandleURI(file:/home/Minecraft/rlcraft-server/./mods/AntiqueAtlasAutoMarker-1.4.2.2.jar)]
[08:54:39] [main/DEBUG] [mixin]: Processing inject() for PlatformAgent[MixinPlatformAgentFMLLegacy:ContainerHandleURI(file:/home/Minecraft/rlcraft-server/./mods/BedBreakBegone-1.0.2.jar)]
[08:54:39] [main/DEBUG] [mixin]: FML agent is co-initiralising coremod instance MixinLoader {[]} for ContainerHandleURI(file:/home/Minecraft/rlcraft-server/./mods/BedBreakBegone-1.0.2.jar)
[08:54:39] [main/DEBUG] [FML]: Injecting coremod MixinLoader \{bedbreakbegone.mixin.MixinLoader\} class transformers
[08:54:39] [main/DEBUG] [FML]: Injection complete
[08:54:39] [main/DEBUG] [FML]: Running coremod plugin for MixinLoader \{bedbreakbegone.mixin.MixinLoader\}
[08:54:39] [main/DEBUG] [FML]: Running coremod plugin MixinLoader
[08:54:39] [main/DEBUG] [FML]: Coremod plugin class MixinLoader run successfully
[08:54:39] [main/DEBUG] [mixin]: Processing inject() for PlatformAgent[MixinPlatformAgentDefault:ContainerHandleURI(file:/home/Minecraft/rlcraft-server/./mods/BedBreakBegone-1.0.2.jar)]
[08:54:39] [main/DEBUG] [mixin]: Processing inject() for PlatformAgent[MixinPlatformAgentDefault:ContainerHandleURI(file:/home/Minecraft/rlcraft-server/./mods/BHMenu-Forge-1.12.2-2.4.5.jar)]
[08:54:39] [main/DEBUG] [mixin]: Processing inject() for PlatformAgent[MixinPlatformAgentFMLLegacy:ContainerHandleURI(file:/home/Minecraft/rlcraft-server/./mods/BoatDeleteBegone-1.1.2.jar)]
[08:54:39] [main/DEBUG] [mixin]: FML agent is co-initiralising coremod instance BoatDeleteBegonePlugin {[]} for ContainerHandleURI(file:/home/Minecraft/rlcraft-server/./mods/BoatDeleteBegone-1.1.2.jar)
[08:54:39] [main/DEBUG] [FML]: Injecting coremod BoatDeleteBegonePlugin \{boatdeletebegone.BoatDeleteBegonePlugin\} class transformers
[08:54:39] [main/DEBUG] [FML]: Injection complete
[08:54:39] [main/DEBUG] [FML]: Running coremod plugin for BoatDeleteBegonePlugin \{boatdeletebegone.BoatDeleteBegonePlugin\}
[08:54:39] [main/DEBUG] [FML]: Running coremod plugin BoatDeleteBegonePlugin
[08:54:39] [main/DEBUG] [FML]: Coremod plugin class BoatDeleteBegonePlugin run successfully
[08:54:39] [main/DEBUG] [mixin]: Processing inject() for PlatformAgent[MixinPlatformAgentDefault:ContainerHandleURI(file:/home/Minecraft/rlcraft-server/./mods/BoatDeleteBegone-1.1.2.jar)]
[08:54:39] [main/DEBUG] [mixin]: Processing inject() for PlatformAgent[MixinPlatformAgentFMLLegacy:ContainerHandleURI(file:/home/Minecraft/rlcraft-server/./mods/Bounceable-1.0.1.jar)]
[08:54:39] [main/DEBUG] [mixin]: FML agent is co-initiralising coremod instance BounceablePlugin {[]} for ContainerHandleURI(file:/home/Minecraft/rlcraft-server/./mods/Bounceable-1.0.1.jar)
[08:54:39] [main/DEBUG] [FML]: Injecting coremod BounceablePlugin \{bounceable.BounceablePlugin\} class transformers
[08:54:39] [main/DEBUG] [FML]: Injection complete
[08:54:39] [main/DEBUG] [FML]: Running coremod plugin for BounceablePlugin \{bounceable.BounceablePlugin\}
[08:54:39] [main/DEBUG] [FML]: Running coremod plugin BounceablePlugin
[08:54:39] [main/DEBUG] [FML]: Coremod plugin class BounceablePlugin run successfully
[08:54:39] [main/DEBUG] [mixin]: Processing inject() for PlatformAgent[MixinPlatformAgentDefault:ContainerHandleURI(file:/home/Minecraft/rlcraft-server/./mods/Bounceable-1.0.1.jar)]
[08:54:39] [main/DEBUG] [mixin]: Processing inject() for PlatformAgent[MixinPlatformAgentFMLLegacy:ContainerHandleURI(file:/home/Minecraft/rlcraft-server/./mods/DynamicSurroundings-1.12.2-3.6.2.1.jar)]
[08:54:39] [main/DEBUG] [mixin]: FML agent is co-initiralising coremod instance TransformLoader {[]} for ContainerHandleURI(file:/home/Minecraft/rlcraft-server/./mods/DynamicSurroundings-1.12.2-3.6.2.1.jar)
[08:54:39] [main/DEBUG] [FML]: Injecting coremod TransformLoader \{org.orecruncher.dsurround.mixins.TransformLoader\} class transformers
[08:54:39] [main/DEBUG] [FML]: Injection complete
[08:54:39] [main/DEBUG] [FML]: Running coremod plugin for TransformLoader \{org.orecruncher.dsurround.mixins.TransformLoader\}
[08:54:39] [main/DEBUG] [FML]: Running coremod plugin TransformLoader
[08:54:39] [main/DEBUG] [FML]: Coremod plugin class TransformLoader run successfully
[08:54:39] [main/DEBUG] [mixin]: Processing inject() for PlatformAgent[MixinPlatformAgentDefault:ContainerHandleURI(file:/home/Minecraft/rlcraft-server/./mods/DynamicSurroundings-1.12.2-3.6.2.1.jar)]
[08:54:39] [main/DEBUG] [mixin]: Processing inject() for PlatformAgent[MixinPlatformAgentFMLLegacy:ContainerHandleURI(file:/home/Minecraft/rlcraft-server/./mods/EagleMixins-1.1.7.jar)]
[08:54:39] [main/DEBUG] [mixin]: FML agent is co-initiralising coremod instance EagleMixinsPlugin {[]} for ContainerHandleURI(file:/home/Minecraft/rlcraft-server/./mods/EagleMixins-1.1.7.jar)
[08:54:39] [main/DEBUG] [FML]: Injecting coremod EagleMixinsPlugin \{eaglemixins.EagleMixinsPlugin\} class transformers
[08:54:39] [main/DEBUG] [FML]: Injection complete
[08:54:39] [main/DEBUG] [FML]: Running coremod plugin for EagleMixinsPlugin \{eaglemixins.EagleMixinsPlugin\}
[08:54:39] [main/DEBUG] [FML]: Running coremod plugin EagleMixinsPlugin
[08:54:39] [main/DEBUG] [FML]: Coremod plugin class EagleMixinsPlugin run successfully
[08:54:39] [main/DEBUG] [mixin]: Processing inject() for PlatformAgent[MixinPlatformAgentDefault:ContainerHandleURI(file:/home/Minecraft/rlcraft-server/./mods/EagleMixins-1.1.7.jar)]
[08:54:39] [main/DEBUG] [mixin]: Processing inject() for PlatformAgent[MixinPlatformAgentFMLLegacy:ContainerHandleURI(file:/home/Minecraft/rlcraft-server/./mods/EditableEdibles-1.3.3.jar)]
[08:54:39] [main/DEBUG] [mixin]: FML agent is co-initiralising coremod instance EditableEdiblesPlugin {[]} for ContainerHandleURI(file:/home/Minecraft/rlcraft-server/./mods/EditableEdibles-1.3.3.jar)
[08:54:39] [main/DEBUG] [FML]: Injecting coremod EditableEdiblesPlugin \{editableedibles.EditableEdiblesPlugin\} class transformers
[08:54:39] [main/DEBUG] [FML]: Injection complete
[08:54:39] [main/DEBUG] [FML]: Running coremod plugin for EditableEdiblesPlugin \{editableedibles.EditableEdiblesPlugin\}
[08:54:39] [main/DEBUG] [FML]: Running coremod plugin EditableEdiblesPlugin
[08:54:39] [main/DEBUG] [FML]: Coremod plugin class EditableEdiblesPlugin run successfully
[08:54:39] [main/DEBUG] [mixin]: Processing inject() for PlatformAgent[MixinPlatformAgentDefault:ContainerHandleURI(file:/home/Minecraft/rlcraft-server/./mods/EditableEdibles-1.3.3.jar)]
[08:54:39] [main/DEBUG] [mixin]: Processing inject() for PlatformAgent[MixinPlatformAgentFMLLegacy:ContainerHandleURI(file:/home/Minecraft/rlcraft-server/./mods/fancymenu_forge_2.14.9_MC_1.12-1.12.2.jar)]
[08:54:39] [main/DEBUG] [mixin]: FML agent is co-initiralising coremod instance FMCore {[]} for ContainerHandleURI(file:/home/Minecraft/rlcraft-server/./mods/fancymenu_forge_2.14.9_MC_1.12-1.12.2.jar)
[08:54:39] [main/DEBUG] [FML]: Injecting coremod FMCore \{de.keksuccino.fancymenu.core.FMCore\} class transformers
[08:54:39] [main/DEBUG] [FML]: Injection complete
[08:54:39] [main/DEBUG] [FML]: Running coremod plugin for FMCore \{de.keksuccino.fancymenu.core.FMCore\}
[08:54:39] [main/DEBUG] [FML]: Running coremod plugin FMCore
[08:54:39] [main/DEBUG] [FML]: Coremod plugin class FMCore run successfully
[08:54:39] [main/DEBUG] [mixin]: Processing inject() for PlatformAgent[MixinPlatformAgentDefault:ContainerHandleURI(file:/home/Minecraft/rlcraft-server/./mods/fancymenu_forge_2.14.9_MC_1.12-1.12.2.jar)]
[08:54:39] [main/DEBUG] [mixin]: Processing inject() for PlatformAgent[MixinPlatformAgentFMLLegacy:ContainerHandleURI(file:/home/Minecraft/rlcraft-server/./mods/FermiumMixins-1.0.9.jar)]
[08:54:39] [main/DEBUG] [mixin]: FML agent is co-initiralising coremod instance FermiumMixins {[]} for ContainerHandleURI(file:/home/Minecraft/rlcraft-server/./mods/FermiumMixins-1.0.9.jar)
[08:54:39] [main/DEBUG] [FML]: Injecting coremod FermiumMixins \{fermiummixins.FermiumMixinsPlugin\} class transformers
[08:54:39] [main/DEBUG] [FML]: Injection complete
[08:54:39] [main/DEBUG] [FML]: Running coremod plugin for FermiumMixins \{fermiummixins.FermiumMixinsPlugin\}
[08:54:39] [main/DEBUG] [FML]: Running coremod plugin FermiumMixins
[08:54:39] [main/DEBUG] [FML]: Coremod plugin class FermiumMixinsPlugin run successfully
[08:54:39] [main/DEBUG] [mixin]: Processing inject() for PlatformAgent[MixinPlatformAgentDefault:ContainerHandleURI(file:/home/Minecraft/rlcraft-server/./mods/FermiumMixins-1.0.9.jar)]
[08:54:39] [main/DEBUG] [mixin]: Processing inject() for PlatformAgent[MixinPlatformAgentFMLLegacy:ContainerHandleURI(file:/home/Minecraft/rlcraft-server/./mods/framevoidpatch-1.0.0.jar)]
[08:54:39] [main/DEBUG] [mixin]: FML agent is co-initiralising coremod instance MixinLoader {[]} for ContainerHandleURI(file:/home/Minecraft/rlcraft-server/./mods/framevoidpatch-1.0.0.jar)
[08:54:39] [main/DEBUG] [FML]: Injecting coremod MixinLoader \{framevoidpatch.mixin.MixinLoader\} class transformers
[08:54:39] [main/DEBUG] [FML]: Injection complete
[08:54:39] [main/DEBUG] [FML]: Running coremod plugin for MixinLoader \{framevoidpatch.mixin.MixinLoader\}
[08:54:39] [main/DEBUG] [FML]: Running coremod plugin MixinLoader
[08:54:39] [main/DEBUG] [FML]: Coremod plugin class MixinLoader run successfully
[08:54:39] [main/DEBUG] [mixin]: Processing inject() for PlatformAgent[MixinPlatformAgentDefault:ContainerHandleURI(file:/home/Minecraft/rlcraft-server/./mods/framevoidpatch-1.0.0.jar)]
[08:54:39] [main/DEBUG] [mixin]: Processing inject() for PlatformAgent[MixinPlatformAgentFMLLegacy:ContainerHandleURI(file:/home/Minecraft/rlcraft-server/./mods/FurnaceXPStorage-1.1.4.jar)]
[08:54:39] [main/DEBUG] [mixin]: FML agent is co-initiralising coremod instance FurnaceXPStoragePlugin {[]} for ContainerHandleURI(file:/home/Minecraft/rlcraft-server/./mods/FurnaceXPStorage-1.1.4.jar)
[08:54:39] [main/DEBUG] [FML]: Injecting coremod FurnaceXPStoragePlugin \{furnacexpstorage.FurnaceXPStoragePlugin\} class transformers
[08:54:39] [main/DEBUG] [FML]: Injection complete
[08:54:39] [main/DEBUG] [FML]: Running coremod plugin for FurnaceXPStoragePlugin \{furnacexpstorage.FurnaceXPStoragePlugin\}
[08:54:39] [main/DEBUG] [FML]: Running coremod plugin FurnaceXPStoragePlugin
[08:54:39] [main/DEBUG] [FML]: Coremod plugin class FurnaceXPStoragePlugin run successfully
[08:54:39] [main/DEBUG] [mixin]: Processing inject() for PlatformAgent[MixinPlatformAgentDefault:ContainerHandleURI(file:/home/Minecraft/rlcraft-server/./mods/FurnaceXPStorage-1.1.4.jar)]
[08:54:39] [main/DEBUG] [mixin]: Processing inject() for PlatformAgent[MixinPlatformAgentFMLLegacy:ContainerHandleURI(file:/home/Minecraft/rlcraft-server/./mods/konkrete_forge_1.6.1_MC_1.12-1.12.2.jar)]
[08:54:39] [main/DEBUG] [mixin]: FML agent is co-initiralising coremod instance KonkreteCore {[]} for ContainerHandleURI(file:/home/Minecraft/rlcraft-server/./mods/konkrete_forge_1.6.1_MC_1.12-1.12.2.jar)
[08:54:39] [main/DEBUG] [FML]: Injecting coremod KonkreteCore \{de.keksuccino.konkrete.core.KonkreteCore\} class transformers
[08:54:39] [main/DEBUG] [FML]: Injection complete
[08:54:39] [main/DEBUG] [FML]: Running coremod plugin for KonkreteCore \{de.keksuccino.konkrete.core.KonkreteCore\}
[08:54:39] [main/DEBUG] [FML]: Running coremod plugin KonkreteCore
[08:54:39] [main/DEBUG] [FML]: Coremod plugin class KonkreteCore run successfully
[08:54:39] [main/DEBUG] [mixin]: Processing inject() for PlatformAgent[MixinPlatformAgentDefault:ContainerHandleURI(file:/home/Minecraft/rlcraft-server/./mods/konkrete_forge_1.6.1_MC_1.12-1.12.2.jar)]
[08:54:39] [main/DEBUG] [mixin]: Processing inject() for PlatformAgent[MixinPlatformAgentFMLLegacy:ContainerHandleURI(file:/home/Minecraft/rlcraft-server/./mods/Localizator-1.12.2-1.0.14.jar)]
[08:54:39] [main/DEBUG] [mixin]: FML agent is co-initiralising coremod instance LocalizatorPlugin {[]} for ContainerHandleURI(file:/home/Minecraft/rlcraft-server/./mods/Localizator-1.12.2-1.0.14.jar)
[08:54:39] [main/DEBUG] [FML]: Injecting coremod LocalizatorPlugin \{kameib.localizator.LocalizatorPlugin\} class transformers
[08:54:39] [main/DEBUG] [FML]: Injection complete
[08:54:39] [main/DEBUG] [FML]: Running coremod plugin for LocalizatorPlugin \{kameib.localizator.LocalizatorPlugin\}
[08:54:39] [main/DEBUG] [FML]: Running coremod plugin LocalizatorPlugin
[08:54:39] [main/DEBUG] [FML]: Coremod plugin class LocalizatorPlugin run successfully
[08:54:39] [main/DEBUG] [mixin]: Processing inject() for PlatformAgent[MixinPlatformAgentDefault:ContainerHandleURI(file:/home/Minecraft/rlcraft-server/./mods/Localizator-1.12.2-1.0.14.jar)]
[08:54:39] [main/DEBUG] [mixin]: Processing inject() for PlatformAgent[MixinPlatformAgentFMLLegacy:ContainerHandleURI(file:/home/Minecraft/rlcraft-server/./mods/Locks-1.12.2-3.0.0.jar)]
[08:54:39] [main/DEBUG] [mixin]: FML agent is co-initiralising coremod instance MixinLoader {[]} for ContainerHandleURI(file:/home/Minecraft/rlcraft-server/./mods/Locks-1.12.2-3.0.0.jar)
[08:54:39] [main/DEBUG] [FML]: Injecting coremod MixinLoader \{melonslise.locks.mixin.MixinLoader\} class transformers
[08:54:39] [main/DEBUG] [FML]: Injection complete
[08:54:39] [main/DEBUG] [FML]: Running coremod plugin for MixinLoader \{melonslise.locks.mixin.MixinLoader\}
[08:54:39] [main/DEBUG] [FML]: Running coremod plugin MixinLoader
[08:54:39] [main/DEBUG] [FML]: Coremod plugin class MixinLoader run successfully
[08:54:39] [main/DEBUG] [mixin]: Processing inject() for PlatformAgent[MixinPlatformAgentDefault:ContainerHandleURI(file:/home/Minecraft/rlcraft-server/./mods/Locks-1.12.2-3.0.0.jar)]
[08:54:39] [main/DEBUG] [mixin]: Processing inject() for PlatformAgent[MixinPlatformAgentFMLLegacy:ContainerHandleURI(file:/home/Minecraft/rlcraft-server/./mods/MaterialTweaker-1.1.1.jar)]
[08:54:39] [main/DEBUG] [mixin]: FML agent is co-initiralising coremod instance MaterialTweakerPlugin {[]} for ContainerHandleURI(file:/home/Minecraft/rlcraft-server/./mods/MaterialTweaker-1.1.1.jar)
[08:54:39] [main/DEBUG] [FML]: Injecting coremod MaterialTweakerPlugin \{materialtweaker.MaterialTweakerPlugin\} class transformers
[08:54:39] [main/DEBUG] [FML]: Injection complete
[08:54:39] [main/DEBUG] [FML]: Running coremod plugin for MaterialTweakerPlugin \{materialtweaker.MaterialTweakerPlugin\}
[08:54:39] [main/DEBUG] [FML]: Running coremod plugin MaterialTweakerPlugin
[08:54:39] [main/DEBUG] [FML]: Coremod plugin class MaterialTweakerPlugin run successfully
[08:54:39] [main/DEBUG] [mixin]: Processing inject() for PlatformAgent[MixinPlatformAgentDefault:ContainerHandleURI(file:/home/Minecraft/rlcraft-server/./mods/MaterialTweaker-1.1.1.jar)]
[08:54:39] [main/DEBUG] [mixin]: Processing inject() for PlatformAgent[MixinPlatformAgentFMLLegacy:ContainerHandleURI(file:/home/Minecraft/rlcraft-server/./mods/NoiseThreader-1.1.1.jar)]
[08:54:39] [main/DEBUG] [mixin]: FML agent is co-initiralising coremod instance NoiseThreaderPlugin {[]} for ContainerHandleURI(file:/home/Minecraft/rlcraft-server/./mods/NoiseThreader-1.1.1.jar)
[08:54:39] [main/DEBUG] [FML]: Injecting coremod NoiseThreaderPlugin \{noisethreader.NoiseThreaderPlugin\} class transformers
[08:54:39] [main/DEBUG] [FML]: Injection complete
[08:54:39] [main/DEBUG] [FML]: Running coremod plugin for NoiseThreaderPlugin \{noisethreader.NoiseThreaderPlugin\}
[08:54:39] [main/DEBUG] [FML]: Running coremod plugin NoiseThreaderPlugin
[08:54:39] [main/DEBUG] [FML]: Coremod plugin class NoiseThreaderPlugin run successfully
[08:54:39] [main/DEBUG] [mixin]: Processing inject() for PlatformAgent[MixinPlatformAgentDefault:ContainerHandleURI(file:/home/Minecraft/rlcraft-server/./mods/NoiseThreader-1.1.1.jar)]
[08:54:39] [main/DEBUG] [mixin]: Processing inject() for PlatformAgent[MixinPlatformAgentFMLLegacy:ContainerHandleURI(file:/home/Minecraft/rlcraft-server/./mods/OptifineCITPatch-1.0.4.jar)]
[08:54:39] [main/DEBUG] [mixin]: FML agent is co-initiralising coremod instance OptiFineCITPatchPlugin {[]} for ContainerHandleURI(file:/home/Minecraft/rlcraft-server/./mods/OptifineCITPatch-1.0.4.jar)
[08:54:39] [main/DEBUG] [FML]: Injecting coremod OptiFineCITPatchPlugin \{optifinecitpatch.OptiFineCITPatchPlugin\} class transformers
[08:54:39] [main/DEBUG] [FML]: Injection complete
[08:54:39] [main/DEBUG] [FML]: Running coremod plugin for OptiFineCITPatchPlugin \{optifinecitpatch.OptiFineCITPatchPlugin\}
[08:54:39] [main/DEBUG] [FML]: Running coremod plugin OptiFineCITPatchPlugin
[08:54:39] [main/DEBUG] [FML]: Coremod plugin class OptiFineCITPatchPlugin run successfully
[08:54:39] [main/DEBUG] [mixin]: Processing inject() for PlatformAgent[MixinPlatformAgentDefault:ContainerHandleURI(file:/home/Minecraft/rlcraft-server/./mods/OptifineCITPatch-1.0.4.jar)]
[08:54:39] [main/DEBUG] [mixin]: Processing inject() for PlatformAgent[MixinPlatformAgentFMLLegacy:ContainerHandleURI(file:/home/Minecraft/rlcraft-server/./mods/particleculling-1.12.2-v1.4.3.jar)]
[08:54:39] [main/DEBUG] [mixin]: FML agent is co-initiralising coremod instance ParticleCullingLoadingPlugin {[]} for ContainerHandleURI(file:/home/Minecraft/rlcraft-server/./mods/particleculling-1.12.2-v1.4.3.jar)
[08:54:39] [main/DEBUG] [FML]: Injecting coremod ParticleCullingLoadingPlugin \{bl4ckscor3.mod.particleculling.ParticleCullingLoadingPlugin\} class transformers
[08:54:39] [main/DEBUG] [FML]: Injection complete
[08:54:39] [main/DEBUG] [FML]: Running coremod plugin for ParticleCullingLoadingPlugin \{bl4ckscor3.mod.particleculling.ParticleCullingLoadingPlugin\}
[08:54:39] [main/DEBUG] [FML]: Running coremod plugin ParticleCullingLoadingPlugin
[08:54:39] [main/DEBUG] [FML]: Coremod plugin class ParticleCullingLoadingPlugin run successfully
[08:54:39] [main/DEBUG] [mixin]: Processing inject() for PlatformAgent[MixinPlatformAgentDefault:ContainerHandleURI(file:/home/Minecraft/rlcraft-server/./mods/particleculling-1.12.2-v1.4.3.jar)]
[08:54:39] [main/DEBUG] [mixin]: Processing inject() for PlatformAgent[MixinPlatformAgentFMLLegacy:ContainerHandleURI(file:/home/Minecraft/rlcraft-server/./mods/RLCombat-1.12.2-2.2.4.jar)]
[08:54:39] [main/DEBUG] [mixin]: FML agent is co-initiralising coremod instance BetterCombat {[]} for ContainerHandleURI(file:/home/Minecraft/rlcraft-server/./mods/RLCombat-1.12.2-2.2.4.jar)
[08:54:39] [main/DEBUG] [FML]: Injecting coremod BetterCombat \{bettercombat.mod.util.BetterCombatPlugin\} class transformers
[08:54:39] [main/DEBUG] [FML]: Injection complete
[08:54:39] [main/DEBUG] [FML]: Running coremod plugin for BetterCombat \{bettercombat.mod.util.BetterCombatPlugin\}
[08:54:39] [main/DEBUG] [FML]: Running coremod plugin BetterCombat
[08:54:39] [main/DEBUG] [FML]: Coremod plugin class BetterCombatPlugin run successfully
[08:54:39] [main/DEBUG] [mixin]: Processing inject() for PlatformAgent[MixinPlatformAgentDefault:ContainerHandleURI(file:/home/Minecraft/rlcraft-server/./mods/RLCombat-1.12.2-2.2.4.jar)]
[08:54:39] [main/DEBUG] [mixin]: Processing inject() for PlatformAgent[MixinPlatformAgentFMLLegacy:ContainerHandleURI(file:/home/Minecraft/rlcraft-server/./mods/RLCraftLuckified-1.1.1.jar)]
[08:54:39] [main/DEBUG] [mixin]: FML agent is co-initiralising coremod instance LuckifiedPlugin {[]} for ContainerHandleURI(file:/home/Minecraft/rlcraft-server/./mods/RLCraftLuckified-1.1.1.jar)
[08:54:39] [main/DEBUG] [FML]: Injecting coremod LuckifiedPlugin \{luckified.LuckifiedPlugin\} class transformers
[08:54:39] [main/DEBUG] [FML]: Injection complete
[08:54:39] [main/DEBUG] [FML]: Running coremod plugin for LuckifiedPlugin \{luckified.LuckifiedPlugin\}
[08:54:39] [main/DEBUG] [FML]: Running coremod plugin LuckifiedPlugin
[08:54:39] [main/DEBUG] [FML]: Coremod plugin class LuckifiedPlugin run successfully
[08:54:39] [main/DEBUG] [mixin]: Processing inject() for PlatformAgent[MixinPlatformAgentDefault:ContainerHandleURI(file:/home/Minecraft/rlcraft-server/./mods/RLCraftLuckified-1.1.1.jar)]
[08:54:39] [main/DEBUG] [mixin]: Processing inject() for PlatformAgent[MixinPlatformAgentFMLLegacy:ContainerHandleURI(file:/home/Minecraft/rlcraft-server/./mods/RLMixins-1.4.6.jar)]
[08:54:39] [main/DEBUG] [mixin]: FML agent is co-initiralising coremod instance RLMixins {[]} for ContainerHandleURI(file:/home/Minecraft/rlcraft-server/./mods/RLMixins-1.4.6.jar)
[08:54:39] [main/DEBUG] [FML]: Injecting coremod RLMixins \{rlmixins.RLMixinsPlugin\} class transformers
[08:54:39] [main/DEBUG] [FML]: Injection complete
[08:54:39] [main/DEBUG] [FML]: Running coremod plugin for RLMixins \{rlmixins.RLMixinsPlugin\}
[08:54:39] [main/DEBUG] [FML]: Running coremod plugin RLMixins
[08:54:39] [main/DEBUG] [FML]: Coremod plugin class RLMixinsPlugin run successfully
[08:54:39] [main/DEBUG] [mixin]: Processing inject() for PlatformAgent[MixinPlatformAgentDefault:ContainerHandleURI(file:/home/Minecraft/rlcraft-server/./mods/RLMixins-1.4.6.jar)]
[08:54:39] [main/DEBUG] [mixin]: Processing inject() for PlatformAgent[MixinPlatformAgentFMLLegacy:ContainerHandleURI(file:/home/Minecraft/rlcraft-server/./mods/SnowRealMagic-1.12.2-0.7.4.jar)]
[08:54:39] [main/DEBUG] [mixin]: FML agent is co-initiralising coremod instance Snow! Real Magic! {[]} for ContainerHandleURI(file:/home/Minecraft/rlcraft-server/./mods/SnowRealMagic-1.12.2-0.7.4.jar)
[08:54:39] [main/DEBUG] [FML]: Injecting coremod Snow! Real Magic! \{snownee.snow.core.CoreMod\} class transformers
[08:54:39] [main/DEBUG] [FML]: Injection complete
[08:54:39] [main/DEBUG] [FML]: Running coremod plugin for Snow! Real Magic! \{snownee.snow.core.CoreMod\}
[08:54:39] [main/DEBUG] [FML]: Running coremod plugin Snow! Real Magic!
[08:54:39] [main/DEBUG] [FML]: Coremod plugin class CoreMod run successfully
[08:54:39] [main/DEBUG] [mixin]: Processing inject() for PlatformAgent[MixinPlatformAgentDefault:ContainerHandleURI(file:/home/Minecraft/rlcraft-server/./mods/SnowRealMagic-1.12.2-0.7.4.jar)]
[08:54:39] [main/DEBUG] [mixin]: Processing inject() for PlatformAgent[MixinPlatformAgentFMLLegacy:ContainerHandleURI(file:/home/Minecraft/rlcraft-server/./mods/SoManyEnchantments-1.0.7-1.12.2.jar)]
[08:54:39] [main/DEBUG] [mixin]: FML agent is co-initiralising coremod instance SoManyEnchantmentsPlugin {[]} for ContainerHandleURI(file:/home/Minecraft/rlcraft-server/./mods/SoManyEnchantments-1.0.7-1.12.2.jar)
[08:54:39] [main/DEBUG] [FML]: Injecting coremod SoManyEnchantmentsPlugin \{com.shultrea.rin.SoManyEnchantmentsPlugin\} class transformers
[08:54:39] [main/DEBUG] [FML]: Injection complete
[08:54:39] [main/DEBUG] [FML]: Running coremod plugin for SoManyEnchantmentsPlugin \{com.shultrea.rin.SoManyEnchantmentsPlugin\}
[08:54:39] [main/DEBUG] [FML]: Running coremod plugin SoManyEnchantmentsPlugin
[08:54:39] [main/DEBUG] [FML]: Coremod plugin class SoManyEnchantmentsPlugin run successfully
[08:54:39] [main/DEBUG] [mixin]: Processing inject() for PlatformAgent[MixinPlatformAgentDefault:ContainerHandleURI(file:/home/Minecraft/rlcraft-server/./mods/SoManyEnchantments-1.0.7-1.12.2.jar)]
[08:54:39] [main/DEBUG] [mixin]: Processing inject() for PlatformAgent[MixinPlatformAgentFMLLegacy:ContainerHandleURI(file:/home/Minecraft/rlcraft-server/./mods/spark-unforged-1.11.140-forge.jar)]
[08:54:39] [main/DEBUG] [mixin]: FML agent is co-initiralising coremod instance Spark {[]} for ContainerHandleURI(file:/home/Minecraft/rlcraft-server/./mods/spark-unforged-1.11.140-forge.jar)
[08:54:39] [main/DEBUG] [FML]: Injecting coremod Spark \{me.lucko.spark.forge.mixin.SparkMixinPlugin\} class transformers
[08:54:39] [main/DEBUG] [FML]: Injection complete
[08:54:39] [main/DEBUG] [FML]: Running coremod plugin for Spark \{me.lucko.spark.forge.mixin.SparkMixinPlugin\}
[08:54:39] [main/DEBUG] [FML]: Running coremod plugin Spark
[08:54:39] [main/DEBUG] [FML]: Coremod plugin class SparkMixinPlugin run successfully
[08:54:39] [main/DEBUG] [mixin]: Processing inject() for PlatformAgent[MixinPlatformAgentDefault:ContainerHandleURI(file:/home/Minecraft/rlcraft-server/./mods/spark-unforged-1.11.140-forge.jar)]
[08:54:39] [main/DEBUG] [mixin]: Processing inject() for PlatformAgent[MixinPlatformAgentFMLLegacy:ContainerHandleURI(file:/home/Minecraft/rlcraft-server/./mods/SpartanWeaponry-1.12.2-1.6.1.jar)]
[08:54:39] [main/DEBUG] [mixin]: FML agent is co-initiralising coremod instance SpartanWeaponry-MixinLoader {[]} for ContainerHandleURI(file:/home/Minecraft/rlcraft-server/./mods/SpartanWeaponry-1.12.2-1.6.1.jar)
[08:54:39] [main/DEBUG] [FML]: Injecting coremod SpartanWeaponry-MixinLoader \{com.oblivioussp.spartanweaponry.mixin.MixinLoader\} class transformers
[08:54:39] [main/DEBUG] [FML]: Injection complete
[08:54:39] [main/DEBUG] [FML]: Running coremod plugin for SpartanWeaponry-MixinLoader \{com.oblivioussp.spartanweaponry.mixin.MixinLoader\}
[08:54:39] [main/DEBUG] [FML]: Running coremod plugin SpartanWeaponry-MixinLoader
[08:54:39] [main/DEBUG] [FML]: Coremod plugin class MixinLoader run successfully
[08:54:39] [main/DEBUG] [mixin]: Processing inject() for PlatformAgent[MixinPlatformAgentDefault:ContainerHandleURI(file:/home/Minecraft/rlcraft-server/./mods/SpartanWeaponry-1.12.2-1.6.1.jar)]
[08:54:39] [main/DEBUG] [mixin]: Processing inject() for PlatformAgent[MixinPlatformAgentFMLLegacy:ContainerHandleURI(file:/home/Minecraft/rlcraft-server/./mods/SRPMixins-2.9.1.1.jar)]
[08:54:39] [main/DEBUG] [mixin]: FML agent is co-initiralising coremod instance SRPMixinsPlugin {[]} for ContainerHandleURI(file:/home/Minecraft/rlcraft-server/./mods/SRPMixins-2.9.1.1.jar)
[08:54:39] [main/DEBUG] [FML]: Injecting coremod SRPMixinsPlugin \{srpmixins.SRPMixinsPlugin\} class transformers
[08:54:39] [main/DEBUG] [FML]: Injection complete
[08:54:39] [main/DEBUG] [FML]: Running coremod plugin for SRPMixinsPlugin \{srpmixins.SRPMixinsPlugin\}
[08:54:39] [main/DEBUG] [FML]: Running coremod plugin SRPMixinsPlugin
[08:54:39] [main/DEBUG] [FML]: Coremod plugin class SRPMixinsPlugin run successfully
[08:54:39] [main/DEBUG] [mixin]: Processing inject() for PlatformAgent[MixinPlatformAgentDefault:ContainerHandleURI(file:/home/Minecraft/rlcraft-server/./mods/SRPMixins-2.9.1.1.jar)]
[08:54:39] [main/DEBUG] [mixin]: Processing inject() for PlatformAgent[MixinPlatformAgentFMLLegacy:ContainerHandleURI(file:/home/Minecraft/rlcraft-server/./mods/Surge-1.12.2-2.0.79.jar)]
[08:54:39] [main/DEBUG] [mixin]: FML agent is co-initiralising coremod instance SurgeLoadingPlugin {[]} for ContainerHandleURI(file:/home/Minecraft/rlcraft-server/./mods/Surge-1.12.2-2.0.79.jar)
[08:54:39] [main/DEBUG] [FML]: Injecting coremod SurgeLoadingPlugin \{net.darkhax.surge.core.SurgeLoadingPlugin\} class transformers
[08:54:39] [main/DEBUG] [FML]: Injection complete
[08:54:39] [main/DEBUG] [FML]: Running coremod plugin for SurgeLoadingPlugin \{net.darkhax.surge.core.SurgeLoadingPlugin\}
[08:54:39] [main/DEBUG] [FML]: Running coremod plugin SurgeLoadingPlugin
[08:54:39] [main/DEBUG] [FML]: Coremod plugin class SurgeLoadingPlugin run successfully
[08:54:39] [main/DEBUG] [mixin]: Processing inject() for PlatformAgent[MixinPlatformAgentDefault:ContainerHandleURI(file:/home/Minecraft/rlcraft-server/./mods/Surge-1.12.2-2.0.79.jar)]
[08:54:39] [main/DEBUG] [mixin]: Processing inject() for PlatformAgent[MixinPlatformAgentFMLLegacy:ContainerHandleURI(file:/home/Minecraft/rlcraft-server/./mods/VCFix-1.0.1.jar)]
[08:54:39] [main/DEBUG] [mixin]: FML agent is co-initiralising coremod instance VCFixPlugin {[]} for ContainerHandleURI(file:/home/Minecraft/rlcraft-server/./mods/VCFix-1.0.1.jar)
[08:54:39] [main/DEBUG] [FML]: Injecting coremod VCFixPlugin \{vcfix.VCFixPlugin\} class transformers
[08:54:39] [main/DEBUG] [FML]: Injection complete
[08:54:39] [main/DEBUG] [FML]: Running coremod plugin for VCFixPlugin \{vcfix.VCFixPlugin\}
[08:54:39] [main/DEBUG] [FML]: Running coremod plugin VCFixPlugin
[08:54:39] [main/DEBUG] [FML]: Coremod plugin class VCFixPlugin run successfully
[08:54:39] [main/DEBUG] [mixin]: Processing inject() for PlatformAgent[MixinPlatformAgentDefault:ContainerHandleURI(file:/home/Minecraft/rlcraft-server/./mods/VCFix-1.0.1.jar)]
[08:54:39] [main/DEBUG] [mixin]: Processing inject() for PlatformAgent[MixinPlatformAgentFMLLegacy:ContainerHandleURI(file:/home/Minecraft/rlcraft-server/./mods/WolfArmorAndStorage-3.8.1+1.12.2.alpha.1-SNAPSHOT-signed.jar)]
[08:54:39] [main/DEBUG] [mixin]: FML agent is co-initiralising coremod instance WolfArmorCore {[]} for ContainerHandleURI(file:/home/Minecraft/rlcraft-server/./mods/WolfArmorAndStorage-3.8.1+1.12.2.alpha.1-SNAPSHOT-signed.jar)
[08:54:39] [main/DEBUG] [FML]: Injecting coremod WolfArmorCore \{dev.satyrn.wolfarmor.core.WolfArmorCore\} class transformers
[08:54:39] [main/DEBUG] [FML]: Injection complete
[08:54:39] [main/DEBUG] [FML]: Running coremod plugin for WolfArmorCore \{dev.satyrn.wolfarmor.core.WolfArmorCore\}
[08:54:39] [main/DEBUG] [FML]: Running coremod plugin WolfArmorCore
[08:54:39] [main/DEBUG] [FML]: Coremod plugin class WolfArmorCore run successfully
[08:54:39] [main/DEBUG] [mixin]: Processing inject() for PlatformAgent[MixinPlatformAgentDefault:ContainerHandleURI(file:/home/Minecraft/rlcraft-server/./mods/WolfArmorAndStorage-3.8.1+1.12.2.alpha.1-SNAPSHOT-signed.jar)]
[08:54:39] [main/DEBUG] [mixin]: Processing inject() for PlatformAgent[MixinPlatformAgentFMLLegacy:ContainerHandleURI(file:/home/Minecraft/rlcraft-server/./mods/phosphor-1.12.2-0.2.6+build50-universal.jar)]
[08:54:39] [main/DEBUG] [mixin]: FML agent is co-initiralising coremod instance PhosphorFMLLoadingPlugin {[]} for ContainerHandleURI(file:/home/Minecraft/rlcraft-server/./mods/phosphor-1.12.2-0.2.6+build50-universal.jar)
[08:54:39] [main/DEBUG] [FML]: Injecting coremod PhosphorFMLLoadingPlugin \{me.jellysquid.mods.phosphor.core.PhosphorFMLLoadingPlugin\} class transformers
[08:54:39] [main/DEBUG] [FML]: Injection complete
[08:54:39] [main/DEBUG] [FML]: Running coremod plugin for PhosphorFMLLoadingPlugin \{me.jellysquid.mods.phosphor.core.PhosphorFMLLoadingPlugin\}
[08:54:39] [main/DEBUG] [FML]: Running coremod plugin PhosphorFMLLoadingPlugin
[08:54:39] [main/DEBUG] [mixin]: Checking for additional mixins for MixinEnvironment[PREINIT]
[08:54:39] [main/DEBUG] [Phosphor Forge Core]: Success! Phosphor has been called into from Forge... initializing Mixin environment and configurations
[08:54:39] [main/DEBUG] [FML]: Coremod plugin class PhosphorFMLLoadingPlugin run successfully
[08:54:39] [main/DEBUG] [mixin]: Processing inject() for PlatformAgent[MixinPlatformAgentDefault:ContainerHandleURI(file:/home/Minecraft/rlcraft-server/./mods/phosphor-1.12.2-0.2.6+build50-universal.jar)]
[08:54:39] [main/INFO] [LaunchWrapper]: Calling tweak class net.minecraftforge.fml.common.launcher.FMLDeobfTweaker
[08:54:39] [main/DEBUG] [FML]: Loaded 215 rules from AccessTransformer config file forge_at.cfg
[08:54:39] [main/DEBUG] [mixin]: Checking for additional mixins for MixinEnvironment[PREINIT]
[08:54:39] [main/INFO] [FermiumASM]: FermiumASM is now preparing to bytecode manipulate your game.
[08:54:39] [main/INFO] [FermiumASM]: Adding class net.minecraft.util.ResourceLocation to the transformation queue
[08:54:39] [main/INFO] [FermiumASM]: Adding class net.minecraft.util.registry.RegistrySimple to the transformation queue
[08:54:39] [main/INFO] [FermiumASM]: Adding class net.minecraft.nbt.NBTTagString to the transformation queue
[08:54:39] [main/INFO] [FermiumASM]: Adding class net.minecraftforge.fml.common.discovery.ModCandidate to the transformation queue
[08:54:39] [main/INFO] [FermiumASM]: Adding class net.minecraftforge.fml.common.discovery.ASMDataTable$ASMData to the transformation queue
[08:54:39] [main/INFO] [FermiumASM]: Adding class net.minecraft.item.ItemStack to the transformation queue
[08:54:39] [main/INFO] [FermiumASM]: Adding class net.minecraft.item.crafting.FurnaceRecipes to the transformation queue
[08:54:39] [main/INFO] [FermiumASM]: Adding class mezz.jei.suffixtree.Edge to the transformation queue
[08:54:39] [main/INFO] [FermiumASM]: Adding class net.minecraft.item.ItemStack to the transformation queue
[08:54:39] [main/INFO] [FermiumASM]: Adding class net.minecraft.client.renderer.EntityRenderer to the transformation queue
[08:54:39] [main/INFO] [FermiumASM]: Adding class net.minecraft.client.renderer.EntityRenderer to the transformation queue
[08:54:39] [main/INFO] [FermiumASM]: Adding class net.minecraft.nbt.NBTTagCompound to the transformation queue
[08:54:39] [main/DEBUG] [FML]: Loaded 20 rules from AccessTransformer config file foamfix_runtime_at.cfg
[08:54:39] [main/DEBUG] [FML]: Loaded 12 rules from AccessTransformer config file invtweaks_at.cfg
[08:54:39] [main/DEBUG] [FML]: Loaded 3 rules from AccessTransformer config file realbench_at.cfg
[08:54:39] [main/DEBUG] [FML]: Loaded 10 rules from AccessTransformer mod jar file ./mods/RLFoliage-MC1.12-2.4.2.jar!META-INF/BetterFoliage_at.cfg

[08:54:39] [main/DEBUG] [FML]: Loaded 11 rules from AccessTransformer mod jar file ./mods/BHMenu-Forge-1.12.2-2.4.5.jar!META-INF/accesstransformer.cfg

[08:54:39] [main/DEBUG] [FML]: Loaded 8 rules from AccessTransformer mod jar file ./mods/Mantle-1.12-1.3.3.55.jar!META-INF/mantle_at.cfg

[08:54:39] [main/DEBUG] [FML]: Loaded 7 rules from AccessTransformer mod jar file ./mods/SereneSeasons-1.12.2-1.2.18-universal.jar!META-INF/sereneseasons_at.cfg

[08:54:39] [main/DEBUG] [FML]: Loaded 11 rules from AccessTransformer mod jar file ./mods/llibrary-1.7.20-1.12.2.jar!META-INF/llibrary_at.cfg

[08:54:39] [main/DEBUG] [FML]: Loaded 2 rules from AccessTransformer mod jar file ./mods/fxcontrol-1.12-0.1.15.jar!META-INF/fxcontrol_at.cfg

[08:54:39] [main/DEBUG] [FML]: Loaded 4 rules from AccessTransformer mod jar file ./mods/Waystones_1.12.2-4.1.0.jar!META-INF/waystones_at.cfg

[08:54:39] [main/DEBUG] [FML]: Loaded 28 rules from AccessTransformer mod jar file ./mods/CraftTweaker2-1.12-4.1.20.704.jar!META-INF/crafttweaker_at.cfg

[08:54:39] [main/DEBUG] [FML]: Loaded 1 rules from AccessTransformer mod jar file ./mods/Bountiful Baubles-1.12.2-0.1.8.jar!META-INF/bountifulbaubles_at.cfg

[08:54:39] [main/DEBUG] [FML]: Loaded 2 rules from AccessTransformer mod jar file ./mods/tnt_utilities-mc1.12-1.2.3.jar!META-INF/tntutils_at.cfg

[08:54:39] [main/DEBUG] [FML]: Loaded 10 rules from AccessTransformer mod jar file ./mods/Advanced-Fishing-1.12.2-1.3.3.jar!META-INF/Advanced_Fishing_at.cfg

[08:54:39] [main/DEBUG] [FML]: Loaded 1 rules from AccessTransformer mod jar file ./mods/CompatSkills-1.12.2-1.17.0.jar!META-INF/compatskills_at.cfg

[08:54:39] [main/DEBUG] [FML]: Loaded 13 rules from AccessTransformer mod jar file ./mods/jei_1.12.2-4.16.1.1012.jar!META-INF/jei_at.cfg

[08:54:39] [main/DEBUG] [FML]: Loaded 10 rules from AccessTransformer mod jar file ./mods/RLTweaker-1.12.2-0.7.5.jar!META-INF/accesstransformer.cfg

[08:54:39] [main/DEBUG] [FML]: Loaded 5 rules from AccessTransformer mod jar file ./mods/Toast Control-1.12.2-1.8.1.jar!META-INF/toastcontrol_at.cfg

[08:54:39] [main/DEBUG] [FML]: Loaded 3 rules from AccessTransformer mod jar file ./mods/Bloodmoon-MC1.12.2-1.5.3.jar!META-INF/Bloodmoon_at.cfg

[08:54:39] [main/DEBUG] [FML]: Loaded 5 rules from AccessTransformer mod jar file ./mods/lostcities-1.12-2.0.22.jar!META-INF/lostcities_at.cfg

[08:54:39] [main/DEBUG] [FML]: Loaded 1 rules from AccessTransformer mod jar file ./mods/ResourceLoader-MC1.12.1-1.5.3.jar!META-INF/ResourceLoader_At.cfg

[08:54:39] [main/DEBUG] [FML]: Loaded 1 rules from AccessTransformer mod jar file ./mods/champions-1.12.2-1.0.11.10.jar!META-INF/champions_at.cfg

[08:54:39] [main/DEBUG] [FML]: Loaded 3 rules from AccessTransformer mod jar file ./mods/Level Up! 2-1.1.23-1.12.jar!META-INF/lu_at.cfg

[08:54:39] [main/DEBUG] [FML]: Loaded 7 rules from AccessTransformer mod jar file ./mods/particleculling-1.12.2-v1.4.3.jar!META-INF/particleculling_at.cfg

[08:54:39] [main/DEBUG] [FML]: Loaded 2 rules from AccessTransformer mod jar file ./mods/SpawnerControl-1.6.3b.jar!META-INF/spawnercontrol_at.cfg

[08:54:39] [main/DEBUG] [FML]: Loaded 1 rules from AccessTransformer mod jar file ./mods/Quark-r1.6-179.jar!META-INF/quark_at.cfg

[08:54:39] [main/DEBUG] [FML]: Loaded 4 rules from AccessTransformer mod jar file ./mods/RebornCore-1.12.2-3.19.5-universal.jar!META-INF/reborncore_at.cfg

[08:54:39] [main/DEBUG] [FML]: Loaded 9 rules from AccessTransformer mod jar file ./mods/Controlling-3.0.12.4.jar!META-INF/controlling_at.cfg

[08:54:39] [main/DEBUG] [FML]: Loaded 14 rules from AccessTransformer mod jar file ./mods/MoBends_1.12.2-1.2.1-19.12.21.jar!META-INF/accesstransformer.cfg

[08:54:39] [main/DEBUG] [FML]: Loaded 1 rules from AccessTransformer mod jar file ./mods/LegendaryTooltips-1.12.2-1.1.11.jar!META-INF/accesstransformer.cfg

[08:54:39] [main/DEBUG] [FML]: Loaded 16 rules from AccessTransformer mod jar file ./mods/BNBGamingLib-1.12.2-2.17.6.jar!META-INF/bnbgaminglib_at.cfg

[08:54:39] [main/DEBUG] [FML]: Loaded 6 rules from AccessTransformer mod jar file ./mods/Inspirations-1.12.2-0.2.9.jar!META-INF/inspirations_at.cfg

[08:54:39] [main/DEBUG] [FML]: Loaded 2 rules from AccessTransformer mod jar file ./mods/AttributeFix-Forge-1.12.2-1.0.12.jar!META-INF/accesstransformer.cfg

[08:54:39] [main/DEBUG] [FML]: Loaded 7 rules from AccessTransformer mod jar file ./mods/JSON-Paintings-v1.4.0-mc1.12.2.jar!META-INF/jsonpaintings_at.cfg

[08:54:39] [main/DEBUG] [FML]: Loaded 2 rules from AccessTransformer mod jar file ./mods/incontrol-1.12-3.9.18.jar!META-INF/incontrol_at.cfg

[08:54:39] [main/DEBUG] [FML]: Loaded 25 rules from AccessTransformer mod jar file ./mods/OpenTerrainGenerator-1.12.2-v9.7.jar!META-INF/openterraingenerator_at.cfg

[08:54:39] [main/DEBUG] [FML]: Loaded 1 rules from AccessTransformer mod jar file ./mods/SpartanHUDBaubles-1.12.2-1.0.0.jar!META-INF/spartanhudbaubles_at.cfg

[08:54:39] [main/DEBUG] [FML]: Loaded 4 rules from AccessTransformer mod jar file ./mods/Placebo-1.12.2-1.6.1.jar!META-INF/placebo_at.cfg

[08:54:39] [main/DEBUG] [FML]: Loaded 4 rules from AccessTransformer mod jar file ./mods/betterbiomeblend-1.12.2-1.1.7-forge.jar!META-INF/betterbiomeblend_at.cfg

[08:54:39] [main/DEBUG] [FML]: Loaded 3 rules from AccessTransformer mod jar file ./mods/phosphor-1.12.2-0.2.6+build50-universal.jar!META-INF/phosphor_at.cfg

[08:54:39] [main/DEBUG] [FML]: Loaded 119 rules from AccessTransformer mod jar file ./mods/iChunUtil-1.12.2-7.2.2.jar!META-INF/iChunUtil_at.cfg

[08:54:39] [main/DEBUG] [FML]: Loaded 1 rules from AccessTransformer mod jar file ./mods/ReachFix-1.12.2-1.1.3.jar!META-INF/accesstransformer.cfg

[08:54:39] [main/DEBUG] [FML]: Loaded 14 rules from AccessTransformer mod jar file ./mods/Kiwi-1.12.2-0.5.3.32.jar!META-INF/kiwi_at.cfg

[08:54:39] [main/DEBUG] [FML]: Loaded 13 rules from AccessTransformer mod jar file ./mods/BiomesOPlenty-1.12.2-7.0.1.2445-universal.jar!META-INF/biomesoplenty_at.cfg

[08:54:39] [main/DEBUG] [FML]: Loaded 2 rules from AccessTransformer mod jar file ./mods/DelightfulCuisineForWoodheads_1.12.2-1.1.0.jar!META-INF/cookingforblockheads_at.cfg

[08:54:39] [main/DEBUG] [FML]: Loaded 13 rules from AccessTransformer mod jar file ./mods/firstaid-1.6.22.jar!META-INF/firstaid_at.cfg

[08:54:39] [main/DEBUG] [FML]: Loaded 12 rules from AccessTransformer mod jar file ./mods/CD4017BE_lib-1.12.2-6.5.1.jar!META-INF/cd4017be_lib_at.cfg

[08:54:39] [main/DEBUG] [FML]: Loaded 6 rules from AccessTransformer mod jar file ./mods/nuclearcraft-1.12.2-2.19a.jar!META-INF/nuclearcraft_at.cfg

[08:54:39] [main/DEBUG] [FML]: Loaded 3 rules from AccessTransformer mod jar file ./mods/Ice and Fire-2.0.9.jar!META-INF/iceandfire_at.cfg

[08:54:39] [main/DEBUG] [FML]: Loaded 6 rules from AccessTransformer mod jar file ./mods/LoadingScreens-1.12.2-0.3.1.jar!META-INF/loadingscreen_at.cfg

[08:54:39] [main/DEBUG] [FML]: Loaded 1 rules from AccessTransformer mod jar file ./mods/Reskillable-1.12.2-1.13.0.jar!META-INF/reskillable_at.cfg

[08:54:39] [main/DEBUG] [mixin]: Adding new mixin transformer proxy #2
[08:54:39] [main/DEBUG] [FML]: Validating minecraft
[08:54:39] [main/DEBUG] [mixin]: Preparing mixins for MixinEnvironment[INIT]
[08:54:39] [main/DEBUG] [mixin]: Selecting config mixins.fermiumbooter.init.json
[08:54:39] [main/DEBUG] [mixin]: Selecting config mixins.spark.accessors.json
[08:54:39] [main/DEBUG] [mixin]: Selecting config mixins.bettercombatmod.json
[08:54:39] [main/DEBUG] [mixin]: Preparing mixins.fermiumbooter.init.json (1)
[08:54:39] [main/DEBUG] [org.spongepowered.asm.service.mojang.MixinServiceLaunchWrapper]: Found name transformer: net.minecraftforge.fml.common.asm.transformers.DeobfuscationTransformer
[08:54:39] [main/DEBUG] [org.spongepowered.asm.service.mojang.MixinServiceLaunchWrapper]: Rebuilding transformer delegation list:
[08:54:39] [main/DEBUG] [org.spongepowered.asm.service.mojang.MixinServiceLaunchWrapper]: Found name transformer: net.minecraftforge.fml.common.asm.transformers.DeobfuscationTransformer
[08:54:39] [main/DEBUG] [org.spongepowered.asm.service.mojang.MixinServiceLaunchWrapper]:   Adding:    net.minecraftforge.fml.common.asm.transformers.PatchingTransformer
[08:54:39] [main/DEBUG] [org.spongepowered.asm.service.mojang.MixinServiceLaunchWrapper]:   Excluding: org.spongepowered.asm.mixin.transformer.Proxy
[08:54:39] [main/DEBUG] [org.spongepowered.asm.service.mojang.MixinServiceLaunchWrapper]:   Adding:    $wrapper.net.minecraftforge.fml.common.asm.transformers.SideTransformer
[08:54:39] [main/DEBUG] [org.spongepowered.asm.service.mojang.MixinServiceLaunchWrapper]:   Excluding: $wrapper.net.minecraftforge.fml.common.asm.transformers.EventSubscriptionTransformer
[08:54:39] [main/DEBUG] [org.spongepowered.asm.service.mojang.MixinServiceLaunchWrapper]:   Adding:    $wrapper.net.minecraftforge.fml.common.asm.transformers.EventSubscriberTransformer
[08:54:39] [main/DEBUG] [org.spongepowered.asm.service.mojang.MixinServiceLaunchWrapper]:   Adding:    $wrapper.net.minecraftforge.fml.common.asm.transformers.SoundEngineFixTransformer
[08:54:39] [main/DEBUG] [org.spongepowered.asm.service.mojang.MixinServiceLaunchWrapper]:   Adding:    $wrapper.svenhjol.charm.base.CharmClassTransformer
[08:54:39] [main/DEBUG] [org.spongepowered.asm.service.mojang.MixinServiceLaunchWrapper]:   Adding:    $wrapper.com.github.alexthe666.iceandfire.asm.IceAndFireClassTransformer
[08:54:39] [main/DEBUG] [org.spongepowered.asm.service.mojang.MixinServiceLaunchWrapper]:   Adding:    $wrapper.com.creativemd.itemphysic.ItemTransformer
[08:54:39] [main/DEBUG] [org.spongepowered.asm.service.mojang.MixinServiceLaunchWrapper]:   Adding:    $wrapper.atomicstryker.multimine.common.fmlmagic.MMTransformer
[08:54:39] [main/DEBUG] [org.spongepowered.asm.service.mojang.MixinServiceLaunchWrapper]:   Adding:    $wrapper.com.pg85.otg.forge.asm.excluded.OTGClassTransformer
[08:54:39] [main/DEBUG] [org.spongepowered.asm.service.mojang.MixinServiceLaunchWrapper]:   Adding:    $wrapper.nathan.phosphorcrashfix.patches.PhosphorSlicePatch
[08:54:39] [main/DEBUG] [org.spongepowered.asm.service.mojang.MixinServiceLaunchWrapper]:   Adding:    $wrapper.pw.prok.realbench.asm.RBTransformer
[08:54:39] [main/DEBUG] [org.spongepowered.asm.service.mojang.MixinServiceLaunchWrapper]:   Adding:    $wrapper.codersafterdark.reskillable.base.asm.ClassTransformer
[08:54:39] [main/DEBUG] [org.spongepowered.asm.service.mojang.MixinServiceLaunchWrapper]:   Adding:    $wrapper.sereneseasons.asm.transformer.EntityRendererTransformer
[08:54:39] [main/DEBUG] [org.spongepowered.asm.service.mojang.MixinServiceLaunchWrapper]:   Adding:    $wrapper.sereneseasons.asm.transformer.WorldTransformer
[08:54:39] [main/DEBUG] [org.spongepowered.asm.service.mojang.MixinServiceLaunchWrapper]:   Adding:    net.minecraftforge.fml.common.asm.transformers.DeobfuscationTransformer
[08:54:39] [main/DEBUG] [org.spongepowered.asm.service.mojang.MixinServiceLaunchWrapper]:   Adding:    net.minecraftforge.fml.common.asm.transformers.AccessTransformer
[08:54:39] [main/DEBUG] [org.spongepowered.asm.service.mojang.MixinServiceLaunchWrapper]:   Adding:    mirror.normalasm.core.NormalTransformer
[08:54:39] [main/DEBUG] [org.spongepowered.asm.service.mojang.MixinServiceLaunchWrapper]:   Adding:    pl.asie.foamfix.coremod.FoamFixAT
[08:54:39] [main/DEBUG] [org.spongepowered.asm.service.mojang.MixinServiceLaunchWrapper]:   Adding:    invtweaks.forge.asm.ITAccessTransformer
[08:54:39] [main/DEBUG] [org.spongepowered.asm.service.mojang.MixinServiceLaunchWrapper]:   Adding:    pw.prok.realbench.asm.RBAccessTransformer
[08:54:39] [main/DEBUG] [org.spongepowered.asm.service.mojang.MixinServiceLaunchWrapper]:   Adding:    net.minecraftforge.fml.common.asm.transformers.ModAccessTransformer
[08:54:39] [main/DEBUG] [org.spongepowered.asm.service.mojang.MixinServiceLaunchWrapper]:   Adding:    net.minecraftforge.fml.common.asm.transformers.ItemStackTransformer
[08:54:39] [main/DEBUG] [org.spongepowered.asm.service.mojang.MixinServiceLaunchWrapper]:   Adding:    net.minecraftforge.fml.common.asm.transformers.ItemBlockTransformer
[08:54:39] [main/DEBUG] [org.spongepowered.asm.service.mojang.MixinServiceLaunchWrapper]:   Adding:    net.minecraftforge.fml.common.asm.transformers.ItemBlockSpecialTransformer
[08:54:39] [main/DEBUG] [org.spongepowered.asm.service.mojang.MixinServiceLaunchWrapper]:   Adding:    net.minecraftforge.fml.common.asm.transformers.PotionEffectTransformer
[08:54:39] [main/DEBUG] [org.spongepowered.asm.service.mojang.MixinServiceLaunchWrapper]:   Excluding: org.spongepowered.asm.mixin.transformer.Proxy
[08:54:39] [main/DEBUG] [org.spongepowered.asm.service.mojang.MixinServiceLaunchWrapper]: Transformer delegation list created with 25 entries
[08:54:39] [main/TRACE] [mixin]: Added class metadata for net/minecraftforge/fml/common/Loader to metadata cache
[08:54:39] [main/DEBUG] [mixin]: Preparing mixins.spark.accessors.json (2)
[08:54:39] [main/TRACE] [mixin]: Added class metadata for net/minecraft/server/MinecraftServer to metadata cache
[08:54:39] [main/DEBUG] [mixin]: Preparing mixins.bettercombatmod.json (6)
[08:54:39] [main/TRACE] [mixin]: Added class metadata for net/minecraft/enchantment/EnchantmentHelper to metadata cache
[08:54:39] [main/INFO] [STDOUT]: [com.pg85.otg.forge.asm.excluded.OTGClassTransformer:transform:91]: OTG-Core transforming: net.minecraft.entity.EntityLivingBase : vp
[08:54:39] [main/TRACE] [mixin]: Added class metadata for net/minecraft/entity/EntityLivingBase to metadata cache
[08:54:39] [main/INFO] [Meson ASM]: Transforming EntityPlayer
[08:54:39] [main/INFO] [Meson ASM]: Applying Transformation to method (Names [getArmorVisibility, func_82243_bO, cW] Descriptor ()F / ()F)
[08:54:39] [main/INFO] [Meson ASM]: Located method, patching...
[08:54:39] [main/INFO] [Meson ASM]: Located target IINC 1 1
[08:54:39] [main/INFO] [Meson ASM]: Patch result: true
[08:54:39] [main/INFO] [org.spongepowered.asm.service.mojang.MixinServiceLaunchWrapper]: A re-entrant transformer '$wrapper.svenhjol.charm.base.CharmClassTransformer' was detected and will no longer process meta class data
[08:54:39] [main/TRACE] [mixin]: Added class metadata for net/minecraft/entity/player/EntityPlayer to metadata cache
[08:54:39] [main/DEBUG] [org.spongepowered.asm.service.mojang.MixinServiceLaunchWrapper]: Rebuilding transformer delegation list:
[08:54:39] [main/DEBUG] [org.spongepowered.asm.service.mojang.MixinServiceLaunchWrapper]: Found name transformer: net.minecraftforge.fml.common.asm.transformers.DeobfuscationTransformer
[08:54:39] [main/DEBUG] [org.spongepowered.asm.service.mojang.MixinServiceLaunchWrapper]:   Adding:    net.minecraftforge.fml.common.asm.transformers.PatchingTransformer
[08:54:39] [main/DEBUG] [org.spongepowered.asm.service.mojang.MixinServiceLaunchWrapper]:   Excluding: org.spongepowered.asm.mixin.transformer.Proxy
[08:54:39] [main/DEBUG] [org.spongepowered.asm.service.mojang.MixinServiceLaunchWrapper]:   Adding:    $wrapper.net.minecraftforge.fml.common.asm.transformers.SideTransformer
[08:54:39] [main/DEBUG] [org.spongepowered.asm.service.mojang.MixinServiceLaunchWrapper]:   Excluding: $wrapper.net.minecraftforge.fml.common.asm.transformers.EventSubscriptionTransformer
[08:54:39] [main/DEBUG] [org.spongepowered.asm.service.mojang.MixinServiceLaunchWrapper]:   Adding:    $wrapper.net.minecraftforge.fml.common.asm.transformers.EventSubscriberTransformer
[08:54:39] [main/DEBUG] [org.spongepowered.asm.service.mojang.MixinServiceLaunchWrapper]:   Adding:    $wrapper.net.minecraftforge.fml.common.asm.transformers.SoundEngineFixTransformer
[08:54:39] [main/DEBUG] [org.spongepowered.asm.service.mojang.MixinServiceLaunchWrapper]:   Excluding: $wrapper.svenhjol.charm.base.CharmClassTransformer
[08:54:39] [main/DEBUG] [org.spongepowered.asm.service.mojang.MixinServiceLaunchWrapper]:   Adding:    $wrapper.com.github.alexthe666.iceandfire.asm.IceAndFireClassTransformer
[08:54:39] [main/DEBUG] [org.spongepowered.asm.service.mojang.MixinServiceLaunchWrapper]:   Adding:    $wrapper.com.creativemd.itemphysic.ItemTransformer
[08:54:39] [main/DEBUG] [org.spongepowered.asm.service.mojang.MixinServiceLaunchWrapper]:   Adding:    $wrapper.atomicstryker.multimine.common.fmlmagic.MMTransformer
[08:54:39] [main/DEBUG] [org.spongepowered.asm.service.mojang.MixinServiceLaunchWrapper]:   Adding:    $wrapper.com.pg85.otg.forge.asm.excluded.OTGClassTransformer
[08:54:39] [main/DEBUG] [org.spongepowered.asm.service.mojang.MixinServiceLaunchWrapper]:   Adding:    $wrapper.nathan.phosphorcrashfix.patches.PhosphorSlicePatch
[08:54:39] [main/DEBUG] [org.spongepowered.asm.service.mojang.MixinServiceLaunchWrapper]:   Adding:    $wrapper.pw.prok.realbench.asm.RBTransformer
[08:54:39] [main/DEBUG] [org.spongepowered.asm.service.mojang.MixinServiceLaunchWrapper]:   Adding:    $wrapper.codersafterdark.reskillable.base.asm.ClassTransformer
[08:54:39] [main/DEBUG] [org.spongepowered.asm.service.mojang.MixinServiceLaunchWrapper]:   Adding:    $wrapper.sereneseasons.asm.transformer.EntityRendererTransformer
[08:54:39] [main/DEBUG] [org.spongepowered.asm.service.mojang.MixinServiceLaunchWrapper]:   Adding:    $wrapper.sereneseasons.asm.transformer.WorldTransformer
[08:54:39] [main/DEBUG] [org.spongepowered.asm.service.mojang.MixinServiceLaunchWrapper]:   Adding:    net.minecraftforge.fml.common.asm.transformers.DeobfuscationTransformer
[08:54:39] [main/DEBUG] [org.spongepowered.asm.service.mojang.MixinServiceLaunchWrapper]:   Adding:    net.minecraftforge.fml.common.asm.transformers.AccessTransformer
[08:54:39] [main/DEBUG] [org.spongepowered.asm.service.mojang.MixinServiceLaunchWrapper]:   Adding:    mirror.normalasm.core.NormalTransformer
[08:54:39] [main/DEBUG] [org.spongepowered.asm.service.mojang.MixinServiceLaunchWrapper]:   Adding:    pl.asie.foamfix.coremod.FoamFixAT
[08:54:39] [main/DEBUG] [org.spongepowered.asm.service.mojang.MixinServiceLaunchWrapper]:   Adding:    invtweaks.forge.asm.ITAccessTransformer
[08:54:39] [main/DEBUG] [org.spongepowered.asm.service.mojang.MixinServiceLaunchWrapper]:   Adding:    pw.prok.realbench.asm.RBAccessTransformer
[08:54:39] [main/DEBUG] [org.spongepowered.asm.service.mojang.MixinServiceLaunchWrapper]:   Adding:    net.minecraftforge.fml.common.asm.transformers.ModAccessTransformer
[08:54:39] [main/DEBUG] [org.spongepowered.asm.service.mojang.MixinServiceLaunchWrapper]:   Adding:    net.minecraftforge.fml.common.asm.transformers.ItemStackTransformer
[08:54:39] [main/DEBUG] [org.spongepowered.asm.service.mojang.MixinServiceLaunchWrapper]:   Adding:    net.minecraftforge.fml.common.asm.transformers.ItemBlockTransformer
[08:54:39] [main/DEBUG] [org.spongepowered.asm.service.mojang.MixinServiceLaunchWrapper]:   Adding:    net.minecraftforge.fml.common.asm.transformers.ItemBlockSpecialTransformer
[08:54:39] [main/DEBUG] [org.spongepowered.asm.service.mojang.MixinServiceLaunchWrapper]:   Adding:    net.minecraftforge.fml.common.asm.transformers.PotionEffectTransformer
[08:54:39] [main/DEBUG] [org.spongepowered.asm.service.mojang.MixinServiceLaunchWrapper]:   Excluding: org.spongepowered.asm.mixin.transformer.Proxy
[08:54:39] [main/DEBUG] [org.spongepowered.asm.service.mojang.MixinServiceLaunchWrapper]: Transformer delegation list created with 24 entries
[08:54:39] [main/TRACE] [mixin]: Added class metadata for net/minecraft/entity/player/EntityPlayerMP to metadata cache
[08:54:39] [main/TRACE] [mixin]: Added class metadata for java/util/Map$Entry to metadata cache
[08:54:39] [main/TRACE] [mixin]: Added class metadata for org/spongepowered/asm/mixin/injection/At$Shift to metadata cache
[08:54:39] [main/TRACE] [mixin]: Added class metadata for bettercombat/mod/util/ConfigurationHandler$ServerConfig to metadata cache
[08:54:39] [main/DEBUG] [mixin]: Prepared 7 mixins in 0.337 sec (48.1ms avg) (1ms load, 277ms transform, 0ms plugin)
[08:54:39] [main/INFO] [MixinExtras|Service]: Initializing MixinExtras via com.llamalad7.mixinextras.service.MixinExtrasServiceImpl(version=0.5.0).
[08:54:39] [main/DEBUG] [mixin]: Registering new injector for @SugarWrapper with com.llamalad7.mixinextras.sugar.impl.SugarWrapperInjectionInfo
[08:54:39] [main/DEBUG] [mixin]: Registering new injector for @FactoryRedirectWrapper with com.llamalad7.mixinextras.wrapper.factory.FactoryRedirectWrapperInjectionInfo
[08:54:39] [main/DEBUG] [mixin]: Registering new injector for @ExpressionInjectorWrapper with com.llamalad7.mixinextras.expression.impl.wrapper.ExpressionInjectorWrapperInjectionInfo
[08:54:39] [main/DEBUG] [mixin]: Mixing FermiumMixinLoader from mixins.fermiumbooter.init.json into net.minecraftforge.fml.common.Loader
[08:54:39] [main/TRACE] [mixin]: Added class metadata for java/util/List to metadata cache
[08:54:39] [main/TRACE] [mixin]: Added class metadata for java/util/Iterator to metadata cache
[08:54:39] [main/TRACE] [mixin]: Added class metadata for net/minecraftforge/fml/common/ModContainer to metadata cache
[08:54:39] [main/TRACE] [mixin]: Added class metadata for net/minecraftforge/fml/common/ModClassLoader to metadata cache
[08:54:39] [main/TRACE] [mixin]: Added class metadata for java/lang/RuntimeException to metadata cache
[08:54:39] [main/TRACE] [mixin]: Added class metadata for java/lang/Exception to metadata cache
[08:54:39] [main/TRACE] [mixin]: Added class metadata for java/lang/Throwable to metadata cache
[08:54:39] [main/TRACE] [mixin]: Added class metadata for java/io/Serializable to metadata cache
[08:54:39] [main/TRACE] [mixin]: Added class metadata for fermiumbooter/FermiumRegistryAPI to metadata cache
[08:54:39] [main/TRACE] [mixin]: Added class metadata for java/util/HashMap to metadata cache
[08:54:39] [main/TRACE] [mixin]: Added class metadata for java/util/Set to metadata cache
[08:54:39] [main/TRACE] [mixin]: Added class metadata for fermiumbooter/FermiumPlugin to metadata cache
[08:54:39] [main/TRACE] [mixin]: Added class metadata for org/apache/logging/log4j/Level to metadata cache
[08:54:39] [main/TRACE] [mixin]: Added class metadata for org/apache/logging/log4j/Logger to metadata cache
[08:54:39] [main/TRACE] [mixin]: Added class metadata for java/util/function/Supplier to metadata cache
[08:54:39] [main/TRACE] [mixin]: Added class metadata for java/lang/Boolean to metadata cache
[08:54:39] [main/TRACE] [mixin]: Added class metadata for org/spongepowered/asm/mixin/Mixins to metadata cache
[08:54:39] [main/TRACE] [mixin]: Added class metadata for java/lang/Class to metadata cache
[08:54:39] [main/TRACE] [mixin]: Added class metadata for java/lang/reflect/AnnotatedElement to metadata cache
[08:54:39] [main/TRACE] [mixin]: Added class metadata for java/lang/reflect/GenericDeclaration to metadata cache
[08:54:39] [main/TRACE] [mixin]: Added class metadata for java/lang/reflect/Type to metadata cache
[08:54:39] [main/TRACE] [mixin]: Added class metadata for java/lang/reflect/Field to metadata cache
[08:54:39] [main/TRACE] [mixin]: Added class metadata for java/lang/reflect/AccessibleObject to metadata cache
[08:54:39] [main/TRACE] [mixin]: Added class metadata for java/lang/reflect/Method to metadata cache
[08:54:39] [main/TRACE] [mixin]: Added class metadata for java/lang/reflect/Executable to metadata cache
[08:54:39] [main/TRACE] [mixin]: Added class metadata for org/spongepowered/asm/mixin/MixinEnvironment to metadata cache
[08:54:39] [main/TRACE] [mixin]: Added class metadata for org/spongepowered/asm/util/ITokenProvider to metadata cache
[08:54:39] [main/TRACE] [mixin]: Added class metadata for java/lang/UnsupportedOperationException to metadata cache
[08:54:39] [main/TRACE] [mixin]: Added class metadata for java/net/MalformedURLException to metadata cache
[08:54:39] [main/TRACE] [mixin]: Added class metadata for org/spongepowered/asm/mixin/injection/callback/CallbackInfo to metadata cache
[08:54:39] [main/TRACE] [mixin]: Added class metadata for org/spongepowered/asm/mixin/transformer/ext/Extensions to metadata cache
[08:54:39] [main/TRACE] [mixin]: Added class metadata for net/minecraftforge/fml/common/toposort/ModSorter to metadata cache
[08:54:39] [main/TRACE] [mixin]: Added class metadata for com/google/common/collect/ImmutableList to metadata cache
[08:54:39] [main/TRACE] [mixin]: Added class metadata for com/google/common/collect/ImmutableCollection to metadata cache
[08:54:39] [main/TRACE] [mixin]: Added class metadata for java/util/AbstractCollection to metadata cache
[08:54:39] [main/TRACE] [mixin]: Added class metadata for java/io/InputStream to metadata cache
[08:54:39] [main/TRACE] [mixin]: Added class metadata for java/util/Properties to metadata cache
[08:54:39] [main/TRACE] [mixin]: Added class metadata for java/util/Hashtable to metadata cache
[08:54:39] [main/TRACE] [mixin]: Added class metadata for java/util/Dictionary to metadata cache
[08:54:39] [main/TRACE] [mixin]: Added class metadata for java/lang/NoSuchMethodException to metadata cache
[08:54:39] [main/TRACE] [mixin]: Added class metadata for java/lang/ReflectiveOperationException to metadata cache
[08:54:39] [main/DEBUG] [FML]: Minecraft validated, launching...
[08:54:39] [main/INFO] [LaunchWrapper]: Calling tweak class net.minecraftforge.fml.relauncher.CoreModManager$FMLPluginWrapper
[08:54:39] [main/DEBUG] [FML]: Injecting coremod LoadingPlugin \{lumien.bloodmoon.asm.LoadingPlugin\} class transformers
[08:54:39] [main/TRACE] [FML]: Registering transformer lumien.bloodmoon.asm.ClassTransformer
[08:54:39] [main/DEBUG] [FML]: Injection complete
[08:54:39] [main/DEBUG] [FML]: Running coremod plugin for LoadingPlugin \{lumien.bloodmoon.asm.LoadingPlugin\}
[08:54:39] [main/DEBUG] [FML]: Running coremod plugin LoadingPlugin
[08:54:39] [main/DEBUG] [FML]: Coremod plugin class LoadingPlugin run successfully
[08:54:39] [main/INFO] [LaunchWrapper]: Calling tweak class net.minecraftforge.fml.relauncher.CoreModManager$FMLPluginWrapper
[08:54:39] [main/DEBUG] [FML]: Injecting coremod Born in a Barn \{com.chocohead.biab.BornInABarn\} class transformers
[08:54:39] [main/TRACE] [FML]: Registering transformer com.chocohead.biab.BornInABarn
[08:54:39] [main/DEBUG] [FML]: Injection complete
[08:54:39] [main/DEBUG] [FML]: Running coremod plugin for Born in a Barn \{com.chocohead.biab.BornInABarn\}
[08:54:39] [main/DEBUG] [FML]: Running coremod plugin Born in a Barn
[08:54:39] [main/DEBUG] [FML]: Coremod plugin class BornInABarn run successfully
[08:54:39] [main/INFO] [LaunchWrapper]: Calling tweak class net.minecraftforge.fml.relauncher.CoreModManager$FMLPluginWrapper
[08:54:39] [main/DEBUG] [FML]: Injecting coremod LoadingPlugin \{lumien.chunkanimator.asm.LoadingPlugin\} class transformers
[08:54:39] [main/TRACE] [FML]: Registering transformer lumien.chunkanimator.asm.ClassTransformer
[08:54:39] [main/DEBUG] [ChunkAnimatorCore]: Starting Class Transformation
[08:54:39] [main/DEBUG] [FML]: Injection complete
[08:54:39] [main/DEBUG] [FML]: Running coremod plugin for LoadingPlugin \{lumien.chunkanimator.asm.LoadingPlugin\}
[08:54:39] [main/DEBUG] [FML]: Running coremod plugin LoadingPlugin
[08:54:39] [main/DEBUG] [FML]: Coremod plugin class LoadingPlugin run successfully
[08:54:39] [main/INFO] [LaunchWrapper]: Calling tweak class net.minecraftforge.fml.relauncher.CoreModManager$FMLPluginWrapper
[08:54:39] [main/DEBUG] [FML]: Injecting coremod Do not report to Forge! (If you haven't disabled the FoamFix coremod, try disabling it in the config! Note that this bit of text will still appear.) \{pl.asie.foamfix.coremod.FoamFixCore\} class transformers
[08:54:39] [main/TRACE] [FML]: Registering transformer pl.asie.foamfix.coremod.FoamFixTransformer
[08:54:39] [main/DEBUG] [FML]: Injection complete
[08:54:39] [main/DEBUG] [FML]: Running coremod plugin for Do not report to Forge! (If you haven't disabled the FoamFix coremod, try disabling it in the config! Note that this bit of text will still appear.) \{pl.asie.foamfix.coremod.FoamFixCore\}
[08:54:39] [main/DEBUG] [FML]: Running coremod plugin Do not report to Forge! (If you haven't disabled the FoamFix coremod, try disabling it in the config! Note that this bit of text will still appear.)
[08:54:39] [main/DEBUG] [FML]: Coremod plugin class FoamFixCore run successfully
[08:54:39] [main/INFO] [LaunchWrapper]: Calling tweak class net.minecraftforge.fml.relauncher.CoreModManager$FMLPluginWrapper
[08:54:39] [main/DEBUG] [FML]: Injecting coremod Inventory Tweaks Coremod \{invtweaks.forge.asm.FMLPlugin\} class transformers
[08:54:39] [main/TRACE] [FML]: Registering transformer invtweaks.forge.asm.ContainerTransformer
[08:54:39] [main/DEBUG] [FML]: Injection complete
[08:54:39] [main/DEBUG] [FML]: Running coremod plugin for Inventory Tweaks Coremod \{invtweaks.forge.asm.FMLPlugin\}
[08:54:39] [main/DEBUG] [FML]: Running coremod plugin Inventory Tweaks Coremod
[08:54:39] [main/DEBUG] [FML]: Coremod plugin class FMLPlugin run successfully
[08:54:39] [main/INFO] [LaunchWrapper]: Calling tweak class net.minecraftforge.fml.relauncher.CoreModManager$FMLPluginWrapper
[08:54:39] [main/DEBUG] [FML]: Injecting coremod JSON Paintings Plugin \{git.jbredwards.jsonpaintings.mod.asm.ASMHandler\} class transformers
[08:54:39] [main/TRACE] [FML]: Registering transformer git.jbredwards.jsonpaintings.mod.asm.transformer.EntityPaintingTransformer
[08:54:39] [main/TRACE] [FML]: Registering transformer git.jbredwards.jsonpaintings.mod.asm.transformer.EnumArtTransformer
[08:54:39] [main/TRACE] [FML]: Registering transformer git.jbredwards.jsonpaintings.mod.asm.transformer.ItemTransformer
[08:54:39] [main/TRACE] [FML]: Registering transformer git.jbredwards.jsonpaintings.mod.asm.transformer.PSGRevampedClientTransformer
[08:54:39] [main/TRACE] [FML]: Registering transformer git.jbredwards.jsonpaintings.mod.asm.transformer.PSGRevampedServerTransformer
[08:54:39] [main/TRACE] [FML]: Registering transformer git.jbredwards.jsonpaintings.mod.asm.transformer.TwilightForestTransformer
[08:54:39] [main/DEBUG] [FML]: Injection complete
[08:54:39] [main/DEBUG] [FML]: Running coremod plugin for JSON Paintings Plugin \{git.jbredwards.jsonpaintings.mod.asm.ASMHandler\}
[08:54:39] [main/DEBUG] [FML]: Running coremod plugin JSON Paintings Plugin
[08:54:39] [main/DEBUG] [FML]: Coremod plugin class ASMHandler run successfully
[08:54:39] [main/INFO] [LaunchWrapper]: Calling tweak class net.minecraftforge.fml.relauncher.CoreModManager$FMLPluginWrapper
[08:54:39] [main/DEBUG] [FML]: Injecting coremod LibrarianLib Plugin \{com.teamwizardry.librarianlib.asm.LibLibCorePlugin\} class transformers
[08:54:39] [main/TRACE] [FML]: Registering transformer com.teamwizardry.librarianlib.asm.LibLibTransformer
[08:54:39] [main/DEBUG] [FML]: Injection complete
[08:54:39] [main/DEBUG] [FML]: Running coremod plugin for LibrarianLib Plugin \{com.teamwizardry.librarianlib.asm.LibLibCorePlugin\}
[08:54:39] [main/DEBUG] [FML]: Running coremod plugin LibrarianLib Plugin
[08:54:39] [main/DEBUG] [FML]: Coremod plugin class LibLibCorePlugin run successfully
[08:54:39] [main/INFO] [LaunchWrapper]: Calling tweak class net.minecraftforge.fml.relauncher.CoreModManager$FMLPluginWrapper
[08:54:39] [main/DEBUG] [FML]: Injecting coremod Quark Plugin \{vazkii.quark.base.asm.LoadingPlugin\} class transformers
[08:54:39] [main/TRACE] [FML]: Registering transformer vazkii.quark.base.asm.ClassTransformer
[08:54:39] [main/DEBUG] [FML]: Injection complete
[08:54:39] [main/DEBUG] [FML]: Running coremod plugin for Quark Plugin \{vazkii.quark.base.asm.LoadingPlugin\}
[08:54:39] [main/DEBUG] [FML]: Running coremod plugin Quark Plugin
[08:54:39] [main/DEBUG] [FML]: Coremod plugin class LoadingPlugin run successfully
[08:54:39] [main/INFO] [LaunchWrapper]: Calling tweak class net.minecraftforge.fml.relauncher.CoreModManager$FMLPluginWrapper
[08:54:39] [main/DEBUG] [FML]: Injecting coremod ReachFixPlugin \{meldexun.reachfix.asm.ReachFixPlugin\} class transformers
[08:54:39] [main/TRACE] [FML]: Registering transformer meldexun.reachfix.asm.ReachFixClassTransformer
[08:54:39] [main/DEBUG] [FML]: Injection complete
[08:54:39] [main/DEBUG] [FML]: Running coremod plugin for ReachFixPlugin \{meldexun.reachfix.asm.ReachFixPlugin\}
[08:54:39] [main/DEBUG] [FML]: Running coremod plugin ReachFixPlugin
[08:54:39] [main/DEBUG] [FML]: Coremod plugin class ReachFixPlugin run successfully
[08:54:39] [main/INFO] [LaunchWrapper]: Calling tweak class net.minecraftforge.fml.relauncher.CoreModManager$FMLPluginWrapper
[08:54:39] [main/DEBUG] [FML]: Injecting coremod LoadingPlugin \{lumien.resourceloader.asm.LoadingPlugin\} class transformers
[08:54:39] [main/TRACE] [FML]: Registering transformer lumien.resourceloader.asm.ClassTransformer
[08:54:39] [main/DEBUG] [FML]: Injection complete
[08:54:39] [main/DEBUG] [FML]: Running coremod plugin for LoadingPlugin \{lumien.resourceloader.asm.LoadingPlugin\}
[08:54:39] [main/DEBUG] [FML]: Running coremod plugin LoadingPlugin
[08:54:39] [main/DEBUG] [FML]: Coremod plugin class LoadingPlugin run successfully
[08:54:39] [main/INFO] [LaunchWrapper]: Calling tweak class net.minecraftforge.fml.relauncher.CoreModManager$FMLPluginWrapper
[08:54:39] [main/DEBUG] [FML]: Injecting coremod SimpleDifficulty ASM \{com.charles445.simpledifficulty.asm.CoreLoader\} class transformers
[08:54:39] [main/TRACE] [FML]: Registering transformer com.charles445.simpledifficulty.asm.SimpleDifficultyASM
[08:54:39] [main/DEBUG] [FML]: Injection complete
[08:54:39] [main/DEBUG] [FML]: Running coremod plugin for SimpleDifficulty ASM \{com.charles445.simpledifficulty.asm.CoreLoader\}
[08:54:39] [main/DEBUG] [FML]: Running coremod plugin SimpleDifficulty ASM
[08:54:39] [main/DEBUG] [FML]: Coremod plugin class CoreLoader run successfully
[08:54:39] [main/INFO] [LaunchWrapper]: Calling tweak class net.minecraftforge.fml.relauncher.CoreModManager$FMLPluginWrapper
[08:54:39] [main/DEBUG] [FML]: Injecting coremod llibrary \{net.ilexiconn.llibrary.server.core.plugin.LLibraryPlugin\} class transformers
[08:54:39] [main/TRACE] [FML]: Registering transformer net.ilexiconn.llibrary.server.core.plugin.LLibraryTransformer
[08:54:39] [main/TRACE] [FML]: Registering transformer net.ilexiconn.llibrary.server.core.patcher.LLibraryRuntimePatcher
[08:54:39] [main/DEBUG] [LLibrary Core]: Found runtime patcher net.ilexiconn.llibrary.server.core.patcher.LLibraryRuntimePatcher
[08:54:39] [main/DEBUG] [FML]: Injection complete
[08:54:39] [main/DEBUG] [FML]: Running coremod plugin for llibrary \{net.ilexiconn.llibrary.server.core.plugin.LLibraryPlugin\}
[08:54:39] [main/DEBUG] [FML]: Running coremod plugin llibrary
[08:54:39] [main/DEBUG] [FML]: Coremod plugin class LLibraryPlugin run successfully
[08:54:39] [main/INFO] [LaunchWrapper]: Calling tweak class net.minecraftforge.fml.relauncher.CoreModManager$FMLPluginWrapper
[08:54:39] [main/DEBUG] [FML]: Injecting coremod RLTweaker ASM \{com.charles445.rltweaker.asm.RLTweakerPlugin\} class transformers
[08:54:39] [main/TRACE] [FML]: Registering transformer com.charles445.rltweaker.asm.RLTweakerClassTransformer
[08:54:39] [main/DEBUG] [LLibrary Core]: Found no method mapping for java/lang/String/format(Ljava/lang/String;[Ljava/lang/Object;)Ljava/lang/String;
[08:54:39] [main/DEBUG] [LLibrary Core]: Found no method mapping for net/minecraft/client/model/ModelBiped/<init>(FZ)V
[08:54:39] [main/DEBUG] [LLibrary Core]: Found no method mapping for net/minecraft/client/renderer/entity/RenderPlayer/<init>(Lnet/minecraft/client/renderer/entity/RenderManager;Z)V
[08:54:39] [main/DEBUG] [LLibrary Core]: Found no method mapping for net/minecraftforge/client/ForgeHooksClient/handleCameraTransforms(Lnet/minecraft/client/renderer/block/model/IBakedModel;Lnet/minecraft/client/renderer/block/model/ItemCameraTransforms$TransformType;Z)Lnet/minecraft/client/renderer/block/model/IBakedModel;
[08:54:40] [main/DEBUG] [FML]: Injection complete
[08:54:40] [main/DEBUG] [FML]: Running coremod plugin for RLTweaker ASM \{com.charles445.rltweaker.asm.RLTweakerPlugin\}
[08:54:40] [main/DEBUG] [FML]: Running coremod plugin RLTweaker ASM
[08:54:40] [main/DEBUG] [FML]: Coremod plugin class RLTweakerPlugin run successfully
[08:54:40] [main/INFO] [LaunchWrapper]: Calling tweak class net.minecraftforge.fml.relauncher.CoreModManager$FMLPluginWrapper
[08:54:40] [main/DEBUG] [FML]: Injecting coremod Baubley Elytra Plugin \{git.jbredwards.baubleye.BaubleyElytra\} class transformers
[08:54:40] [main/TRACE] [FML]: Registering transformer git.jbredwards.baubleye.BaubleyElytra$Transformer
[08:54:40] [main/DEBUG] [FML]: Injection complete
[08:54:40] [main/DEBUG] [FML]: Running coremod plugin for Baubley Elytra Plugin \{git.jbredwards.baubleye.BaubleyElytra\}
[08:54:40] [main/DEBUG] [FML]: Running coremod plugin Baubley Elytra Plugin
[08:54:40] [main/DEBUG] [FML]: Coremod plugin class BaubleyElytra run successfully
[08:54:40] [main/INFO] [LaunchWrapper]: Calling tweak class net.minecraftforge.fml.relauncher.CoreModManager$FMLPluginWrapper
[08:54:40] [main/DEBUG] [FML]: Injecting coremod TNTUtilities Core \{ljfa.tntutils.asm.TntuPlugin\} class transformers
[08:54:40] [main/TRACE] [FML]: Registering transformer ljfa.tntutils.asm.ExplosionTransformer
[08:54:40] [main/DEBUG] [FML]: Injection complete
[08:54:40] [main/DEBUG] [FML]: Running coremod plugin for TNTUtilities Core \{ljfa.tntutils.asm.TntuPlugin\}
[08:54:40] [main/DEBUG] [FML]: Running coremod plugin TNTUtilities Core
[08:54:40] [main/DEBUG] [FML]: Coremod plugin class TntuPlugin run successfully
[08:54:40] [main/INFO] [LaunchWrapper]: Calling tweak class net.minecraftforge.fml.relauncher.CoreModManager$FMLPluginWrapper
[08:54:40] [main/DEBUG] [FML]: Injecting coremod BetterFoliageLoader \{mods.betterfoliage.loader.BetterFoliageLoader\} class transformers
[08:54:40] [main/TRACE] [FML]: Registering transformer mods.betterfoliage.loader.BetterFoliageTransformer
[08:54:40] [main/DEBUG] [FML]: Injection complete
[08:54:40] [main/DEBUG] [FML]: Running coremod plugin for BetterFoliageLoader \{mods.betterfoliage.loader.BetterFoliageLoader\}
[08:54:40] [main/DEBUG] [FML]: Running coremod plugin BetterFoliageLoader
[08:54:40] [main/DEBUG] [FML]: Coremod plugin class BetterFoliageLoader run successfully
[08:54:40] [main/INFO] [LaunchWrapper]: Calling tweak class net.minecraftforge.fml.relauncher.CoreModManager$FMLPluginWrapper
[08:54:40] [main/DEBUG] [FML]: Injecting coremod Vertically Stacked Dimensions ASM \{cd4017be.dimstack.asm.CorePlugin\} class transformers
[08:54:40] [main/TRACE] [FML]: Registering transformer cd4017be.dimstack.asm.ChunkPrimerTransformer
[08:54:40] [main/DEBUG] [VSD ASM]: running in obfuscated environment
[08:54:40] [main/TRACE] [FML]: Registering transformer cd4017be.dimstack.asm.BlockPortalTransformer
[08:54:40] [main/DEBUG] [FML]: Injection complete
[08:54:40] [main/DEBUG] [FML]: Running coremod plugin for Vertically Stacked Dimensions ASM \{cd4017be.dimstack.asm.CorePlugin\}
[08:54:40] [main/DEBUG] [FML]: Running coremod plugin Vertically Stacked Dimensions ASM
[08:54:40] [main/DEBUG] [FML]: Coremod plugin class CorePlugin run successfully
[08:54:40] [main/INFO] [LaunchWrapper]: Calling tweak class net.minecraftforge.fml.relauncher.CoreModManager$FMLPluginWrapper
[08:54:40] [main/DEBUG] [FML]: Injecting coremod Content Creator \{surreal.contentcreator.core.CCLoadingPlugin\} class transformers
[08:54:40] [main/TRACE] [FML]: Registering transformer surreal.contentcreator.core.CCClassTransformer
[08:54:40] [main/DEBUG] [FML]: Injection complete
[08:54:40] [main/DEBUG] [FML]: Running coremod plugin for Content Creator \{surreal.contentcreator.core.CCLoadingPlugin\}
[08:54:40] [main/DEBUG] [FML]: Running coremod plugin Content Creator
[08:54:40] [main/DEBUG] [FML]: Coremod plugin class CCLoadingPlugin run successfully
[08:54:40] [main/INFO] [LaunchWrapper]: Loading tweak class name net.jan.moddirector.launchwrapper.forge.AfterDeobfTweaker
[08:54:40] [main/INFO] [LaunchWrapper]: Loading tweak class name net.minecraftforge.fml.common.launcher.TerminalTweaker
[08:54:40] [main/INFO] [LaunchWrapper]: Loading tweak class name org.spongepowered.asm.mixin.EnvironmentStateTweaker
[08:54:40] [main/INFO] [LaunchWrapper]: Calling tweak class net.jan.moddirector.launchwrapper.forge.AfterDeobfTweaker
[08:54:40] [main/INFO] [LaunchWrapper]: Calling tweak class net.minecraftforge.fml.common.launcher.TerminalTweaker
[08:54:40] [main/INFO] [LaunchWrapper]: Calling tweak class org.spongepowered.asm.mixin.EnvironmentStateTweaker
[08:54:40] [main/DEBUG] [mixin]: Adding new mixin transformer proxy #3
[08:54:40] [main/DEBUG] [LLibrary Core]: Patching class net/minecraft/server/MinecraftServer
[08:54:40] [main/DEBUG] [LLibrary Core]:    Patching method run()V
[08:54:40] [main/DEBUG] [LLibrary Core]: Found no method mapping for net/ilexiconn/llibrary/server/core/patcher/LLibraryHooks/getTickRate()J
[08:54:40] [main/DEBUG] [LLibrary Core]: Found no method mapping for net/ilexiconn/llibrary/server/core/patcher/LLibraryHooks/getTickRate()J
[08:54:40] [main/DEBUG] [LLibrary Core]: Found no method mapping for net/ilexiconn/llibrary/server/core/patcher/LLibraryHooks/getTickRate()J
[08:54:40] [main/DEBUG] [LLibrary Core]: Found no method mapping for net/ilexiconn/llibrary/server/core/patcher/LLibraryHooks/getTickRate()J
[08:54:40] [main/DEBUG] [mixin]: Ending MixinEnvironment[INIT], applied 1 mixins
[08:54:40] [main/DEBUG] [mixin]: Preparing mixins for MixinEnvironment[DEFAULT]
[08:54:40] [main/DEBUG] [mixin]: Selecting config mixins.bedbreakbegone.json
[08:54:40] [main/DEBUG] [mixin]: Selecting config mixins.dsurround.json
[08:54:40] [main/DEBUG] [mixin]: Selecting config mixins.framevoidpatch.json
[08:54:40] [main/DEBUG] [mixin]: Selecting config konkrete.mixin.json
[08:54:40] [main/DEBUG] [mixin]: Selecting config fancymenu.general.mixin.json
[08:54:40] [main/DEBUG] [mixin]: Selecting config mixins.locks.json
[08:54:40] [main/DEBUG] [mixin]: Selecting config mixins.materialtweaker.core.json
[08:54:40] [main/DEBUG] [mixin]: Selecting config mixins.particleculling.json
[08:54:40] [main/DEBUG] [mixin]: Selecting config spartanweaponry.mixins.json
[08:54:40] [main/DEBUG] [mixin]: Selecting config mixins.surge.json
[08:54:40] [main/DEBUG] [mixin]: Selecting config mixins.wolfarmor.core.json
[08:54:40] [main/DEBUG] [mixin]: Selecting config mixins.betterbiomeblend.json
[08:54:40] [main/DEBUG] [mixin]: Selecting config bhmenu.mixins.json
[08:54:40] [main/DEBUG] [mixin]: Selecting config mixins.snowrealmagic.json
[08:54:40] [main/DEBUG] [mixin]: Selecting config mixins.rlmixins.early.chunkanimator.xray.json
[08:54:40] [main/DEBUG] [mixin]: Selecting config mixins.fermiummixins.early.vanilla.bossvehicle.json
[08:54:40] [main/DEBUG] [mixin]: Selecting config mixins.eaglemixins.vanilla.json
[08:54:40] [main/DEBUG] [mixin]: Selecting config mixins.aaam.vanilla.json
[08:54:40] [main/DEBUG] [mixin]: Selecting config mixins.somanyenchantments.vanilla.json
[08:54:40] [main/DEBUG] [mixin]: Selecting config mixins.fermiummixins.early.vanilla.worldbordertimecache.json
[08:54:40] [main/DEBUG] [mixin]: Selecting config mixins.fermiummixins.early.vanilla.worldflammablepos.json
[08:54:40] [main/DEBUG] [mixin]: Selecting config mixins.fermiummixins.early.vanilla.particlerenderpatch.json
[08:54:40] [main/DEBUG] [mixin]: Selecting config mixins.fermiummixins.early.vanilla.autosavelog.json
[08:54:40] [main/DEBUG] [mixin]: Selecting config mixins.fermiummixins.early.vanilla.pathfindingloading.json
[08:54:40] [main/DEBUG] [mixin]: Selecting config mixins.fermiummixins.early.vanilla.spawnchunkradiuspatch.json
[08:54:40] [main/DEBUG] [mixin]: Selecting config mixins.localizator.core.containername.json
[08:54:40] [main/DEBUG] [mixin]: Selecting config mixins.fermiummixins.early.vanilla.materialcheck.json
[08:54:40] [main/DEBUG] [mixin]: Selecting config mixins.fermiummixins.early.vanilla.stackablesoupbowlfix.json
[08:54:40] [main/DEBUG] [mixin]: Selecting config mixins.boatdeletebegone.json
[08:54:40] [main/DEBUG] [mixin]: Selecting config mixins.fermiummixins.early.vanilla.giantzombiespawnfix.json
[08:54:40] [main/DEBUG] [mixin]: Selecting config mixins.furnacexpstorage.json
[08:54:40] [main/DEBUG] [mixin]: Selecting config mixins.fermiummixins.early.bloodmoon.optifinerender.json
[08:54:40] [main/DEBUG] [mixin]: Selecting config mixins.fermiummixins.early.fancymenu.servercrash.json
[08:54:40] [main/DEBUG] [mixin]: Selecting config mixins.fermiummixins.early.charm.shulkerinsertion.json
[08:54:40] [main/DEBUG] [mixin]: Selecting config mixins.bounceable.vanilla.json
[08:54:40] [main/DEBUG] [mixin]: Selecting config mixins.fermiummixins.early.bountifulbaubles.flaregun.json
[08:54:40] [main/DEBUG] [mixin]: Selecting config mixins.localizator.core.loclore.json
[08:54:40] [main/DEBUG] [mixin]: Selecting config mixins.fermiummixins.early.vanilla.glerror.json
[08:54:40] [main/DEBUG] [mixin]: Selecting config mixins.fermiummixins.early.vanilla.lowercroucheyeheight.json
[08:54:40] [main/DEBUG] [mixin]: Selecting config mixins.fermiummixins.early.vanilla.mergexporbs.json
[08:54:40] [main/DEBUG] [mixin]: Selecting config mixins.fermiummixins.early.vanilla.untippedarrowparticles.json
[08:54:40] [main/DEBUG] [mixin]: Selecting config mixins.editableedibles.vanilla.json
[08:54:40] [main/DEBUG] [mixin]: Selecting config mixins.rlmixins.early.rlmixins.slimebouncysides.json
[08:54:40] [main/DEBUG] [mixin]: Selecting config mixins.fermiummixins.early.vanilla.strayhuskspawningfix.json
[08:54:40] [main/DEBUG] [mixin]: Selecting config mixins.fermiummixins.early.spawnercontrol.curing.json
[08:54:40] [main/DEBUG] [mixin]: Selecting config mixins.misc_fluidregistry.json
[08:54:40] [main/DEBUG] [mixin]: Selecting config mixins.rlmixins.early.bettersurvival.antiwarp.json
[08:54:40] [main/DEBUG] [mixin]: Selecting config mixins.crashes.json
[08:54:40] [main/DEBUG] [mixin]: Selecting config mixins.fix_mc129057.json
[08:54:40] [main/DEBUG] [mixin]: Selecting config mixins.fermiummixins.early.vanilla.outdatedchunkdata.json
[08:54:40] [main/DEBUG] [mixin]: Selecting config mixins.localizator.core.writtenbooks.json
[08:54:40] [main/DEBUG] [mixin]: Selecting config mixins.stripitemstack.json
[08:54:40] [main/DEBUG] [mixin]: Selecting config mixins.fermiummixins.early.vanilla.stoppigmenportalspawns.json
[08:54:40] [main/DEBUG] [mixin]: Selecting config mixins.fermiummixins.early.vanilla.serverpriority.json
[08:54:40] [main/DEBUG] [mixin]: Selecting config mixins.localizator.core.entityaccessor.json
[08:54:40] [main/DEBUG] [mixin]: Selecting config mixins.vanities.json
[08:54:40] [main/DEBUG] [mixin]: Selecting config mixins.fermiummixins.early.vanilla.entityvelocitysync.json
[08:54:40] [main/DEBUG] [mixin]: Selecting config mixins.fermiummixins.early.vanilla.chunkentitylistpatch.json
[08:54:40] [main/DEBUG] [mixin]: Selecting config mixins.fermiummixins.early.vanilla.idleguardiansinking.json
[08:54:40] [main/DEBUG] [mixin]: Selecting config mixins.fermiummixins.early.vanilla.entitytrackerdesync.json
[08:54:40] [main/DEBUG] [mixin]: Selecting config mixins.registries.json
[08:54:40] [main/DEBUG] [mixin]: Selecting config mixins.fermiummixins.early.vanilla.healthdesyncpatch.json
[08:54:40] [main/DEBUG] [mixin]: Selecting config mixins.srpmixins.vanilla.enumcreaturetype.json
[08:54:40] [main/DEBUG] [mixin]: Selecting config mixins.fermiummixins.early.vanilla.mineshaftbiomeblacklist.json
[08:54:40] [main/DEBUG] [mixin]: Selecting config mixins.fermiummixins.early.vanilla.potionamplifiervisibility.json
[08:54:40] [main/DEBUG] [mixin]: Selecting config mixins.priorities.json
[08:54:40] [main/DEBUG] [mixin]: Selecting config mixins.localizator.core.writablebooks.json
[08:54:40] [main/DEBUG] [mixin]: Selecting config mixins.rlmixins.early.bettersurvival.optimization.json
[08:54:40] [main/DEBUG] [mixin]: Selecting config mixins.srpmixins.vanilla.adaptationoverhaul.json
[08:54:40] [main/DEBUG] [mixin]: Selecting config mixins.fermiummixins.early.quark.runeoptifine.json
[08:54:40] [main/DEBUG] [mixin]: Selecting config mixins.recipes.json
[08:54:40] [main/DEBUG] [mixin]: Selecting config mixins.fermiummixins.early.vanilla.furnacexplimitfix.json
[08:54:40] [main/DEBUG] [mixin]: Selecting config mixins.internal.json
[08:54:40] [main/DEBUG] [mixin]: Selecting config mixins.fermiummixins.early.vanilla.teleportinglagpatch.json
[08:54:40] [main/DEBUG] [mixin]: Selecting config mixins.fermiummixins.early.vanilla.respawnprotection.json
[08:54:40] [main/DEBUG] [mixin]: Selecting config mixins.rlmixins.early.rlmixins.mobnausea.json
[08:54:40] [main/DEBUG] [mixin]: Selecting config mixins.fermiummixins.early.vanilla.fallblocktick.json
[08:54:40] [main/DEBUG] [mixin]: Selecting config mixins.fermiummixins.early.mobends.idcrash.json
[08:54:40] [main/DEBUG] [mixin]: Selecting config mixins.fermiummixins.early.vanilla.stopsleepresettingweather.json
[08:54:40] [main/DEBUG] [mixin]: Selecting config mixins.fermiummixins.early.vanilla.tippedarrowblacklist.json
[08:54:40] [main/DEBUG] [mixin]: Selecting config mixins.vfix_bugfixes.json
[08:54:40] [main/DEBUG] [mixin]: Selecting config mixins.fermiummixins.early.vanilla.blockstorageoptifine.json
[08:54:40] [main/DEBUG] [mixin]: Selecting config mixins.fermiummixins.early.bloodmoon.lootpickup.json
[08:54:40] [main/DEBUG] [mixin]: Selecting config mixins.capability.json
[08:54:40] [main/DEBUG] [mixin]: Selecting config mixins.rlmixins.early.vanilla.concrete.json
[08:54:40] [main/DEBUG] [mixin]: Selecting config mixins.fermiummixins.early.vanilla.waterchunkgenticking.json
[08:54:40] [main/DEBUG] [mixin]: Selecting config mixins.fermiummixins.early.vanilla.suppressdangerousprefix.json
[08:54:40] [main/DEBUG] [mixin]: Selecting config mixins.fermiummixins.early.vanilla.hardcoregameoverfix.json
[08:54:40] [main/DEBUG] [mixin]: Selecting config mixins.fermiummixins.early.mobends.memleak.json
[08:54:40] [main/DEBUG] [mixin]: Selecting config mixins.somanyenchantments.upgrading.json
[08:54:40] [main/DEBUG] [mixin]: Selecting config mixins.fermiummixins.early.vanilla.suppressbrokenoredict.json
[08:54:40] [main/DEBUG] [mixin]: Selecting config mixins.fermiummixins.early.vanilla.suppressaddpacket.json
[08:54:40] [main/DEBUG] [mixin]: Selecting config mixins.fermiummixins.early.biomesoplenty.waspfarm.json
[08:54:40] [main/DEBUG] [mixin]: Selecting config mixins.fermiummixins.early.waystones.naming.json
[08:54:40] [main/DEBUG] [mixin]: Selecting config mixins.fermiummixins.early.vanilla.playerdeathshakefix.json
[08:54:40] [main/DEBUG] [mixin]: Selecting config mixins.fermiummixins.early.vanilla.chunkvisibilitycache.json
[08:54:40] [main/DEBUG] [mixin]: Selecting config mixins.localizator.core.itementitykill.json
[08:54:40] [main/DEBUG] [mixin]: Selecting config mixins.luckified.vanilla.json
[08:54:40] [main/DEBUG] [mixin]: Selecting config mixins.fermiummixins.early.itemphysics.servercrash.json
[08:54:40] [main/DEBUG] [mixin]: Selecting config mixins.fermiummixins.early.vanilla.mendingpriorities.json
[08:54:40] [main/DEBUG] [mixin]: Selecting config mixins.forgefixes.json
[08:54:40] [main/DEBUG] [mixin]: Selecting config mixins.srpmixins.vanilla.lootpoolparser.json
[08:54:40] [main/DEBUG] [mixin]: Selecting config mixins.fermiummixins.early.vanilla.delayedpacketerrors.json
[08:54:40] [main/DEBUG] [mixin]: Selecting config mixins.efficienthashing.json
[08:54:40] [main/DEBUG] [mixin]: Selecting config mixins.fermiummixins.early.vanilla.hoerepair.json
[08:54:40] [main/DEBUG] [mixin]: Selecting config mixins.lockcode.json
[08:54:40] [main/DEBUG] [mixin]: Selecting config mixins.fermiummixins.early.vanilla.smoothcrouching.json
[08:54:40] [main/DEBUG] [mixin]: Selecting config mixins.fermiummixins.early.anvilpatch.tooexpensivefix.json
[08:54:40] [main/DEBUG] [mixin]: Selecting config mixins.localizator.core.noveltyplacement.json
[08:54:40] [main/DEBUG] [mixin]: Selecting config mixins.fermiummixins.early.vanilla.suppressreceivedpassengers.json
[08:54:40] [main/DEBUG] [mixin]: Selecting config mixins.localizator.core.entityname.json
[08:54:40] [main/DEBUG] [mixin]: Selecting config mixins.rlmixins.early.betterquesting.button.json
[08:54:40] [main/DEBUG] [mixin]: Selecting config mixins.fermiummixins.early.vanilla.nukeadvancements.json
[08:54:40] [main/DEBUG] [mixin]: Selecting config mixins.noisethreader.vanilla.json
[08:54:40] [main/DEBUG] [mixin]: Selecting config mixins.localizator.core.bossoverlay.json
[08:54:40] [main/DEBUG] [mixin]: Selecting config mixins.localizator.core.locname.json
[08:54:40] [main/DEBUG] [mixin]: Selecting config mixins.fermiummixins.early.vanilla.lazychunkmobspawns.json
[08:54:40] [main/DEBUG] [mixin]: Selecting config mixins.fermiummixins.early.vanilla.clientpriority.json
[08:54:40] [main/DEBUG] [mixin]: Selecting config mixins.fermiummixins.early.vanilla.weathertiming.json
[08:54:40] [main/DEBUG] [mixin]: Selecting config mixins.fermiummixins.early.vanilla.containerdropfix.json
[08:54:40] [main/DEBUG] [mixin]: Selecting config mixins.phosphor.json
[08:54:40] [main/DEBUG] [Phosphor Plugin]: Loading configuration
[08:54:40] [main/DEBUG] [mixin]: Preparing mixins.bedbreakbegone.json (1)
[08:54:40] [main/DEBUG] [org.spongepowered.asm.service.mojang.MixinServiceLaunchWrapper]: Rebuilding transformer delegation list:
[08:54:40] [main/DEBUG] [org.spongepowered.asm.service.mojang.MixinServiceLaunchWrapper]: Found name transformer: net.minecraftforge.fml.common.asm.transformers.DeobfuscationTransformer
[08:54:40] [main/DEBUG] [org.spongepowered.asm.service.mojang.MixinServiceLaunchWrapper]:   Adding:    net.minecraftforge.fml.common.asm.transformers.PatchingTransformer
[08:54:40] [main/DEBUG] [org.spongepowered.asm.service.mojang.MixinServiceLaunchWrapper]:   Excluding: org.spongepowered.asm.mixin.transformer.Proxy
[08:54:40] [main/DEBUG] [org.spongepowered.asm.service.mojang.MixinServiceLaunchWrapper]:   Adding:    $wrapper.net.minecraftforge.fml.common.asm.transformers.SideTransformer
[08:54:40] [main/DEBUG] [org.spongepowered.asm.service.mojang.MixinServiceLaunchWrapper]:   Excluding: $wrapper.net.minecraftforge.fml.common.asm.transformers.EventSubscriptionTransformer
[08:54:40] [main/DEBUG] [org.spongepowered.asm.service.mojang.MixinServiceLaunchWrapper]:   Adding:    $wrapper.net.minecraftforge.fml.common.asm.transformers.EventSubscriberTransformer
[08:54:40] [main/DEBUG] [org.spongepowered.asm.service.mojang.MixinServiceLaunchWrapper]:   Adding:    $wrapper.net.minecraftforge.fml.common.asm.transformers.SoundEngineFixTransformer
[08:54:40] [main/DEBUG] [org.spongepowered.asm.service.mojang.MixinServiceLaunchWrapper]:   Excluding: $wrapper.svenhjol.charm.base.CharmClassTransformer
[08:54:40] [main/DEBUG] [org.spongepowered.asm.service.mojang.MixinServiceLaunchWrapper]:   Adding:    $wrapper.com.github.alexthe666.iceandfire.asm.IceAndFireClassTransformer
[08:54:40] [main/DEBUG] [org.spongepowered.asm.service.mojang.MixinServiceLaunchWrapper]:   Adding:    $wrapper.com.creativemd.itemphysic.ItemTransformer
[08:54:40] [main/DEBUG] [org.spongepowered.asm.service.mojang.MixinServiceLaunchWrapper]:   Adding:    $wrapper.atomicstryker.multimine.common.fmlmagic.MMTransformer
[08:54:40] [main/DEBUG] [org.spongepowered.asm.service.mojang.MixinServiceLaunchWrapper]:   Adding:    $wrapper.com.pg85.otg.forge.asm.excluded.OTGClassTransformer
[08:54:40] [main/DEBUG] [org.spongepowered.asm.service.mojang.MixinServiceLaunchWrapper]:   Adding:    $wrapper.nathan.phosphorcrashfix.patches.PhosphorSlicePatch
[08:54:40] [main/DEBUG] [org.spongepowered.asm.service.mojang.MixinServiceLaunchWrapper]:   Adding:    $wrapper.pw.prok.realbench.asm.RBTransformer
[08:54:40] [main/DEBUG] [org.spongepowered.asm.service.mojang.MixinServiceLaunchWrapper]:   Adding:    $wrapper.codersafterdark.reskillable.base.asm.ClassTransformer
[08:54:40] [main/DEBUG] [org.spongepowered.asm.service.mojang.MixinServiceLaunchWrapper]:   Adding:    $wrapper.sereneseasons.asm.transformer.EntityRendererTransformer
[08:54:40] [main/DEBUG] [org.spongepowered.asm.service.mojang.MixinServiceLaunchWrapper]:   Adding:    $wrapper.sereneseasons.asm.transformer.WorldTransformer
[08:54:40] [main/DEBUG] [org.spongepowered.asm.service.mojang.MixinServiceLaunchWrapper]:   Adding:    net.minecraftforge.fml.common.asm.transformers.DeobfuscationTransformer
[08:54:40] [main/DEBUG] [org.spongepowered.asm.service.mojang.MixinServiceLaunchWrapper]:   Adding:    net.minecraftforge.fml.common.asm.transformers.AccessTransformer
[08:54:40] [main/DEBUG] [org.spongepowered.asm.service.mojang.MixinServiceLaunchWrapper]:   Adding:    mirror.normalasm.core.NormalTransformer
[08:54:40] [main/DEBUG] [org.spongepowered.asm.service.mojang.MixinServiceLaunchWrapper]:   Adding:    pl.asie.foamfix.coremod.FoamFixAT
[08:54:40] [main/DEBUG] [org.spongepowered.asm.service.mojang.MixinServiceLaunchWrapper]:   Adding:    invtweaks.forge.asm.ITAccessTransformer
[08:54:40] [main/DEBUG] [org.spongepowered.asm.service.mojang.MixinServiceLaunchWrapper]:   Adding:    pw.prok.realbench.asm.RBAccessTransformer
[08:54:40] [main/DEBUG] [org.spongepowered.asm.service.mojang.MixinServiceLaunchWrapper]:   Adding:    net.minecraftforge.fml.common.asm.transformers.ModAccessTransformer
[08:54:40] [main/DEBUG] [org.spongepowered.asm.service.mojang.MixinServiceLaunchWrapper]:   Adding:    net.minecraftforge.fml.common.asm.transformers.ItemStackTransformer
[08:54:40] [main/DEBUG] [org.spongepowered.asm.service.mojang.MixinServiceLaunchWrapper]:   Adding:    net.minecraftforge.fml.common.asm.transformers.ItemBlockTransformer
[08:54:40] [main/DEBUG] [org.spongepowered.asm.service.mojang.MixinServiceLaunchWrapper]:   Adding:    net.minecraftforge.fml.common.asm.transformers.ItemBlockSpecialTransformer
[08:54:40] [main/DEBUG] [org.spongepowered.asm.service.mojang.MixinServiceLaunchWrapper]:   Adding:    net.minecraftforge.fml.common.asm.transformers.PotionEffectTransformer
[08:54:40] [main/DEBUG] [org.spongepowered.asm.service.mojang.MixinServiceLaunchWrapper]:   Excluding: org.spongepowered.asm.mixin.transformer.Proxy
[08:54:40] [main/DEBUG] [org.spongepowered.asm.service.mojang.MixinServiceLaunchWrapper]:   Adding:    $wrapper.lumien.bloodmoon.asm.ClassTransformer
[08:54:40] [main/DEBUG] [org.spongepowered.asm.service.mojang.MixinServiceLaunchWrapper]:   Adding:    $wrapper.com.chocohead.biab.BornInABarn
[08:54:40] [main/DEBUG] [org.spongepowered.asm.service.mojang.MixinServiceLaunchWrapper]:   Adding:    $wrapper.lumien.chunkanimator.asm.ClassTransformer
[08:54:40] [main/DEBUG] [org.spongepowered.asm.service.mojang.MixinServiceLaunchWrapper]:   Adding:    $wrapper.pl.asie.foamfix.coremod.FoamFixTransformer
[08:54:40] [main/DEBUG] [org.spongepowered.asm.service.mojang.MixinServiceLaunchWrapper]:   Adding:    $wrapper.invtweaks.forge.asm.ContainerTransformer
[08:54:40] [main/DEBUG] [org.spongepowered.asm.service.mojang.MixinServiceLaunchWrapper]:   Adding:    $wrapper.git.jbredwards.jsonpaintings.mod.asm.transformer.EntityPaintingTransformer
[08:54:40] [main/DEBUG] [org.spongepowered.asm.service.mojang.MixinServiceLaunchWrapper]:   Adding:    $wrapper.git.jbredwards.jsonpaintings.mod.asm.transformer.EnumArtTransformer
[08:54:40] [main/DEBUG] [org.spongepowered.asm.service.mojang.MixinServiceLaunchWrapper]:   Adding:    $wrapper.git.jbredwards.jsonpaintings.mod.asm.transformer.ItemTransformer
[08:54:40] [main/DEBUG] [org.spongepowered.asm.service.mojang.MixinServiceLaunchWrapper]:   Adding:    $wrapper.git.jbredwards.jsonpaintings.mod.asm.transformer.PSGRevampedClientTransformer
[08:54:40] [main/DEBUG] [org.spongepowered.asm.service.mojang.MixinServiceLaunchWrapper]:   Adding:    $wrapper.git.jbredwards.jsonpaintings.mod.asm.transformer.PSGRevampedServerTransformer
[08:54:40] [main/DEBUG] [org.spongepowered.asm.service.mojang.MixinServiceLaunchWrapper]:   Adding:    $wrapper.git.jbredwards.jsonpaintings.mod.asm.transformer.TwilightForestTransformer
[08:54:40] [main/DEBUG] [org.spongepowered.asm.service.mojang.MixinServiceLaunchWrapper]:   Adding:    $wrapper.com.teamwizardry.librarianlib.asm.LibLibTransformer
[08:54:40] [main/DEBUG] [org.spongepowered.asm.service.mojang.MixinServiceLaunchWrapper]:   Adding:    $wrapper.vazkii.quark.base.asm.ClassTransformer
[08:54:40] [main/DEBUG] [org.spongepowered.asm.service.mojang.MixinServiceLaunchWrapper]:   Adding:    $wrapper.meldexun.reachfix.asm.ReachFixClassTransformer
[08:54:40] [main/DEBUG] [org.spongepowered.asm.service.mojang.MixinServiceLaunchWrapper]:   Adding:    $wrapper.lumien.resourceloader.asm.ClassTransformer
[08:54:40] [main/DEBUG] [org.spongepowered.asm.service.mojang.MixinServiceLaunchWrapper]:   Adding:    $wrapper.com.charles445.simpledifficulty.asm.SimpleDifficultyASM
[08:54:40] [main/DEBUG] [org.spongepowered.asm.service.mojang.MixinServiceLaunchWrapper]:   Adding:    $wrapper.net.ilexiconn.llibrary.server.core.plugin.LLibraryTransformer
[08:54:40] [main/DEBUG] [org.spongepowered.asm.service.mojang.MixinServiceLaunchWrapper]:   Adding:    $wrapper.net.ilexiconn.llibrary.server.core.patcher.LLibraryRuntimePatcher
[08:54:40] [main/DEBUG] [org.spongepowered.asm.service.mojang.MixinServiceLaunchWrapper]:   Adding:    $wrapper.com.charles445.rltweaker.asm.RLTweakerClassTransformer
[08:54:40] [main/DEBUG] [org.spongepowered.asm.service.mojang.MixinServiceLaunchWrapper]:   Adding:    $wrapper.git.jbredwards.baubleye.BaubleyElytra$Transformer
[08:54:40] [main/DEBUG] [org.spongepowered.asm.service.mojang.MixinServiceLaunchWrapper]:   Adding:    $wrapper.ljfa.tntutils.asm.ExplosionTransformer
[08:54:40] [main/DEBUG] [org.spongepowered.asm.service.mojang.MixinServiceLaunchWrapper]:   Adding:    $wrapper.mods.betterfoliage.loader.BetterFoliageTransformer
[08:54:40] [main/DEBUG] [org.spongepowered.asm.service.mojang.MixinServiceLaunchWrapper]:   Adding:    $wrapper.cd4017be.dimstack.asm.ChunkPrimerTransformer
[08:54:40] [main/DEBUG] [org.spongepowered.asm.service.mojang.MixinServiceLaunchWrapper]:   Adding:    $wrapper.cd4017be.dimstack.asm.BlockPortalTransformer
[08:54:40] [main/DEBUG] [org.spongepowered.asm.service.mojang.MixinServiceLaunchWrapper]:   Adding:    $wrapper.surreal.contentcreator.core.CCClassTransformer
[08:54:40] [main/DEBUG] [org.spongepowered.asm.service.mojang.MixinServiceLaunchWrapper]:   Excluding: net.minecraftforge.fml.common.asm.transformers.TerminalTransformer
[08:54:40] [main/DEBUG] [org.spongepowered.asm.service.mojang.MixinServiceLaunchWrapper]:   Excluding: org.spongepowered.asm.mixin.transformer.Proxy
[08:54:40] [main/DEBUG] [org.spongepowered.asm.service.mojang.MixinServiceLaunchWrapper]: Transformer delegation list created with 49 entries
[08:54:40] [main/DEBUG] [mixin]: Preparing mixins.dsurround.json (14)
[08:54:40] [main/DEBUG] [mixin]: Preparing mixins.framevoidpatch.json (1)
[08:54:40] [main/INFO] [ASMUtil]: Transforming class net/minecraft/entity/item/EntityItemFrame
[08:54:40] [main/INFO] [ASMUtil]: Transforming class net/minecraft/entity/item/EntityItemFrame
[08:54:40] [main/TRACE] [mixin]: Added class metadata for net/minecraft/entity/item/EntityItemFrame to metadata cache
[08:54:40] [main/DEBUG] [mixin]: Preparing konkrete.mixin.json (1)
[08:54:40] [main/DEBUG] [mixin]: Preparing fancymenu.general.mixin.json (15)
[08:54:40] [main/INFO] [de.keksuccino.fancymenu.mixin.FMMixinPlugin]: [FANCYMENU] APPLYING MIXIN: de.keksuccino.fancymenu.mixin.client.IMixinStyle | TO TARGET: net.minecraft.util.text.Style
[08:54:40] [main/TRACE] [mixin]: Added class metadata for net/minecraft/util/text/Style to metadata cache
[08:54:40] [main/DEBUG] [mixin]: Preparing mixins.locks.json (10)
[08:54:40] [main/INFO] [ASMUtil]: Transforming class net/minecraft/block/Block
[08:54:40] [main/INFO] [ASMUtil]: Transforming class net/minecraft/block/Block
[08:54:40] [main/TRACE] [mixin]: Added class metadata for net/minecraft/block/Block to metadata cache
[08:54:40] [main/TRACE] [mixin]: Added class metadata for net/minecraft/block/BlockChest to metadata cache
[08:54:40] [main/INFO] [Quark ASM]: Transforming net.minecraft.block.BlockPistonBase
[08:54:40] [main/INFO] [Quark ASM]: Applying Transformation to method (Names [canPush, func_185646_a] Descriptor (Lnet/minecraft/block/state/IBlockState;Lnet/minecraft/world/World;Lnet/minecraft/util/math/BlockPos;Lnet/minecraft/util/EnumFacing;ZLnet/minecraft/util/EnumFacing;)Z)
[08:54:40] [main/INFO] [Quark ASM]: Located Method, patching...
[08:54:40] [main/INFO] [Quark ASM]: Located patch target node INVOKEVIRTUAL net/minecraft/block/Block.hasTileEntity (Lnet/minecraft/block/state/IBlockState;)Z
[08:54:40] [main/INFO] [Quark ASM]: Patch result: true
[08:54:40] [main/INFO] [Quark ASM]: Applying Transformation to method (Names [doMove, func_176319_a] Descriptor (Lnet/minecraft/world/World;Lnet/minecraft/util/math/BlockPos;Lnet/minecraft/util/EnumFacing;Z)Z)
[08:54:40] [main/INFO] [Quark ASM]: Located Method, patching...
[08:54:40] [main/INFO] [Quark ASM]: Located patch target node INVOKEVIRTUAL net/minecraft/block/state/BlockPistonStructureHelper.func_177254_c ()Ljava/util/List;
[08:54:40] [main/INFO] [Quark ASM]: Patch result: true
[08:54:40] [main/INFO] [Quark ASM]: Applying Transformation to method (Names [doMove, func_176319_a] Descriptor (Lnet/minecraft/world/World;Lnet/minecraft/util/math/BlockPos;Lnet/minecraft/util/EnumFacing;Z)Z)
[08:54:40] [main/INFO] [Quark ASM]: Located Method, patching...
[08:54:40] [main/INFO] [Quark ASM]: Located patch target node INVOKESPECIAL net/minecraft/block/state/BlockPistonStructureHelper.<init> (Lnet/minecraft/world/World;Lnet/minecraft/util/math/BlockPos;Lnet/minecraft/util/EnumFacing;Z)V
[08:54:40] [main/INFO] [Quark ASM]: Patch result: true
[08:54:40] [main/INFO] [Quark ASM]: Applying Transformation to method (Names [checkForMove, func_176316_e] Descriptor (Lnet/minecraft/world/World;Lnet/minecraft/util/math/BlockPos;Lnet/minecraft/block/state/IBlockState;)V)
[08:54:40] [main/INFO] [Quark ASM]: Located Method, patching...
[08:54:40] [main/INFO] [Quark ASM]: Located patch target node INVOKESPECIAL net/minecraft/block/state/BlockPistonStructureHelper.<init> (Lnet/minecraft/world/World;Lnet/minecraft/util/math/BlockPos;Lnet/minecraft/util/EnumFacing;Z)V
[08:54:40] [main/INFO] [Quark ASM]: Patch result: true
[08:54:40] [main/TRACE] [mixin]: Added class metadata for net/minecraft/block/BlockPistonBase to metadata cache
[08:54:40] [main/TRACE] [mixin]: Added class metadata for net/minecraft/tileentity/TileEntityBrewingStand to metadata cache
[08:54:40] [main/TRACE] [mixin]: Added class metadata for net/minecraft/tileentity/TileEntityChest to metadata cache
[08:54:40] [main/TRACE] [mixin]: Added class metadata for net/minecraft/tileentity/TileEntityFurnace to metadata cache
[08:54:40] [main/TRACE] [mixin]: Added class metadata for net/minecraft/tileentity/TileEntityLockableLoot to metadata cache
[08:54:40] [main/TRACE] [mixin]: Added class metadata for net/minecraft/tileentity/TileEntityLockable to metadata cache
[08:54:40] [main/INFO] [ASMUtil]: Transforming class net/minecraftforge/items/VanillaInventoryCodeHooks
[08:54:40] [main/INFO] [ASMUtil]: Transforming class net/minecraftforge/items/VanillaInventoryCodeHooks
[08:54:40] [main/TRACE] [mixin]: Added class metadata for net/minecraftforge/items/VanillaInventoryCodeHooks to metadata cache
[08:54:40] [main/INFO] [org.spongepowered.asm.service.mojang.MixinServiceLaunchWrapper]: A re-entrant transformer '$wrapper.sereneseasons.asm.transformer.WorldTransformer' was detected and will no longer process meta class data
[08:54:40] [main/DEBUG] [Bloodmoon]: Found World Class: net/minecraft/world/World
[08:54:40] [main/INFO] [org.spongepowered.asm.service.mojang.MixinServiceLaunchWrapper]: A re-entrant transformer '$wrapper.lumien.bloodmoon.asm.ClassTransformer' was detected and will no longer process meta class data
[08:54:40] [main/INFO] [STDOUT]: [pl.asie.foamfix.coremod.FoamFixTransformer:spliceClasses:101]: Added INTERFACE: pl/asie/foamfix/coremod/patches/IFoamFixWorldRemovable
[08:54:40] [main/INFO] [STDOUT]: [pl.asie.foamfix.coremod.FoamFixTransformer:spliceClasses:141]: Added METHOD: net.minecraft.world.World.foamfix_removeUnloadedEntities
[08:54:40] [main/INFO] [LibrarianLib ASM]: Transforming World
[08:54:40] [main/INFO] [LibrarianLib ASM]: Applying Transformation to method (Names [updateEntities, func_72939_s] Descriptor ()V)
[08:54:40] [main/INFO] [LibrarianLib ASM]: Attempting to insert: Update hook
[08:54:40] [main/INFO] [LibrarianLib ASM]: Patch result: Success
[08:54:40] [main/INFO] [LibrarianLib ASM]: Applying Transformation to method (Names [updateEntityWithOptionalForce, func_72866_a] Descriptor (Lnet/minecraft/entity/Entity;Z)V)
[08:54:40] [main/INFO] [LibrarianLib ASM]: Attempting to insert: Update hook
[08:54:40] [main/INFO] [LibrarianLib ASM]: Patch result: Success
[08:54:40] [main/INFO] [ASMUtil]: Transforming class net/minecraft/world/World
[08:54:40] [main/INFO] [ASMUtil]: Transforming class net/minecraft/world/World
[08:54:40] [main/INFO] [ASMUtil]: Transforming class net/minecraft/world/World
[08:54:40] [main/INFO] [ASMUtil]: Transforming class net/minecraft/world/World
[08:54:40] [main/INFO] [ASMUtil]: Transforming class net/minecraft/world/World
[08:54:40] [main/INFO] [ASMUtil]: Transforming class net/minecraft/world/World
[08:54:40] [main/TRACE] [mixin]: Added class metadata for net/minecraft/world/World to metadata cache
[08:54:40] [main/DEBUG] [mixin]: Preparing mixins.materialtweaker.core.json (4)
[08:54:40] [main/DEBUG] [org.spongepowered.asm.service.mojang.MixinServiceLaunchWrapper]: Rebuilding transformer delegation list:
[08:54:40] [main/DEBUG] [org.spongepowered.asm.service.mojang.MixinServiceLaunchWrapper]: Found name transformer: net.minecraftforge.fml.common.asm.transformers.DeobfuscationTransformer
[08:54:40] [main/DEBUG] [org.spongepowered.asm.service.mojang.MixinServiceLaunchWrapper]:   Adding:    net.minecraftforge.fml.common.asm.transformers.PatchingTransformer
[08:54:40] [main/DEBUG] [org.spongepowered.asm.service.mojang.MixinServiceLaunchWrapper]:   Excluding: org.spongepowered.asm.mixin.transformer.Proxy
[08:54:40] [main/DEBUG] [org.spongepowered.asm.service.mojang.MixinServiceLaunchWrapper]:   Adding:    $wrapper.net.minecraftforge.fml.common.asm.transformers.SideTransformer
[08:54:40] [main/DEBUG] [org.spongepowered.asm.service.mojang.MixinServiceLaunchWrapper]:   Excluding: $wrapper.net.minecraftforge.fml.common.asm.transformers.EventSubscriptionTransformer
[08:54:40] [main/DEBUG] [org.spongepowered.asm.service.mojang.MixinServiceLaunchWrapper]:   Adding:    $wrapper.net.minecraftforge.fml.common.asm.transformers.EventSubscriberTransformer
[08:54:40] [main/DEBUG] [org.spongepowered.asm.service.mojang.MixinServiceLaunchWrapper]:   Adding:    $wrapper.net.minecraftforge.fml.common.asm.transformers.SoundEngineFixTransformer
[08:54:40] [main/DEBUG] [org.spongepowered.asm.service.mojang.MixinServiceLaunchWrapper]:   Excluding: $wrapper.svenhjol.charm.base.CharmClassTransformer
[08:54:40] [main/DEBUG] [org.spongepowered.asm.service.mojang.MixinServiceLaunchWrapper]:   Adding:    $wrapper.com.github.alexthe666.iceandfire.asm.IceAndFireClassTransformer
[08:54:40] [main/DEBUG] [org.spongepowered.asm.service.mojang.MixinServiceLaunchWrapper]:   Adding:    $wrapper.com.creativemd.itemphysic.ItemTransformer
[08:54:40] [main/DEBUG] [org.spongepowered.asm.service.mojang.MixinServiceLaunchWrapper]:   Adding:    $wrapper.atomicstryker.multimine.common.fmlmagic.MMTransformer
[08:54:40] [main/DEBUG] [org.spongepowered.asm.service.mojang.MixinServiceLaunchWrapper]:   Adding:    $wrapper.com.pg85.otg.forge.asm.excluded.OTGClassTransformer
[08:54:40] [main/DEBUG] [org.spongepowered.asm.service.mojang.MixinServiceLaunchWrapper]:   Adding:    $wrapper.nathan.phosphorcrashfix.patches.PhosphorSlicePatch
[08:54:40] [main/DEBUG] [org.spongepowered.asm.service.mojang.MixinServiceLaunchWrapper]:   Adding:    $wrapper.pw.prok.realbench.asm.RBTransformer
[08:54:40] [main/DEBUG] [org.spongepowered.asm.service.mojang.MixinServiceLaunchWrapper]:   Adding:    $wrapper.codersafterdark.reskillable.base.asm.ClassTransformer
[08:54:40] [main/DEBUG] [org.spongepowered.asm.service.mojang.MixinServiceLaunchWrapper]:   Adding:    $wrapper.sereneseasons.asm.transformer.EntityRendererTransformer
[08:54:40] [main/DEBUG] [org.spongepowered.asm.service.mojang.MixinServiceLaunchWrapper]:   Excluding: $wrapper.sereneseasons.asm.transformer.WorldTransformer
[08:54:40] [main/DEBUG] [org.spongepowered.asm.service.mojang.MixinServiceLaunchWrapper]:   Adding:    net.minecraftforge.fml.common.asm.transformers.DeobfuscationTransformer
[08:54:40] [main/DEBUG] [org.spongepowered.asm.service.mojang.MixinServiceLaunchWrapper]:   Adding:    net.minecraftforge.fml.common.asm.transformers.AccessTransformer
[08:54:40] [main/DEBUG] [org.spongepowered.asm.service.mojang.MixinServiceLaunchWrapper]:   Adding:    mirror.normalasm.core.NormalTransformer
[08:54:40] [main/DEBUG] [org.spongepowered.asm.service.mojang.MixinServiceLaunchWrapper]:   Adding:    pl.asie.foamfix.coremod.FoamFixAT
[08:54:40] [main/DEBUG] [org.spongepowered.asm.service.mojang.MixinServiceLaunchWrapper]:   Adding:    invtweaks.forge.asm.ITAccessTransformer
[08:54:40] [main/DEBUG] [org.spongepowered.asm.service.mojang.MixinServiceLaunchWrapper]:   Adding:    pw.prok.realbench.asm.RBAccessTransformer
[08:54:40] [main/DEBUG] [org.spongepowered.asm.service.mojang.MixinServiceLaunchWrapper]:   Adding:    net.minecraftforge.fml.common.asm.transformers.ModAccessTransformer
[08:54:40] [main/DEBUG] [org.spongepowered.asm.service.mojang.MixinServiceLaunchWrapper]:   Adding:    net.minecraftforge.fml.common.asm.transformers.ItemStackTransformer
[08:54:40] [main/DEBUG] [org.spongepowered.asm.service.mojang.MixinServiceLaunchWrapper]:   Adding:    net.minecraftforge.fml.common.asm.transformers.ItemBlockTransformer
[08:54:40] [main/DEBUG] [org.spongepowered.asm.service.mojang.MixinServiceLaunchWrapper]:   Adding:    net.minecraftforge.fml.common.asm.transformers.ItemBlockSpecialTransformer
[08:54:40] [main/DEBUG] [org.spongepowered.asm.service.mojang.MixinServiceLaunchWrapper]:   Adding:    net.minecraftforge.fml.common.asm.transformers.PotionEffectTransformer
[08:54:40] [main/DEBUG] [org.spongepowered.asm.service.mojang.MixinServiceLaunchWrapper]:   Excluding: org.spongepowered.asm.mixin.transformer.Proxy
[08:54:40] [main/DEBUG] [org.spongepowered.asm.service.mojang.MixinServiceLaunchWrapper]:   Excluding: $wrapper.lumien.bloodmoon.asm.ClassTransformer
[08:54:40] [main/DEBUG] [org.spongepowered.asm.service.mojang.MixinServiceLaunchWrapper]:   Adding:    $wrapper.com.chocohead.biab.BornInABarn
[08:54:40] [main/DEBUG] [org.spongepowered.asm.service.mojang.MixinServiceLaunchWrapper]:   Adding:    $wrapper.lumien.chunkanimator.asm.ClassTransformer
[08:54:40] [main/DEBUG] [org.spongepowered.asm.service.mojang.MixinServiceLaunchWrapper]:   Adding:    $wrapper.pl.asie.foamfix.coremod.FoamFixTransformer
[08:54:40] [main/DEBUG] [org.spongepowered.asm.service.mojang.MixinServiceLaunchWrapper]:   Adding:    $wrapper.invtweaks.forge.asm.ContainerTransformer
[08:54:40] [main/DEBUG] [org.spongepowered.asm.service.mojang.MixinServiceLaunchWrapper]:   Adding:    $wrapper.git.jbredwards.jsonpaintings.mod.asm.transformer.EntityPaintingTransformer
[08:54:40] [main/DEBUG] [org.spongepowered.asm.service.mojang.MixinServiceLaunchWrapper]:   Adding:    $wrapper.git.jbredwards.jsonpaintings.mod.asm.transformer.EnumArtTransformer
[08:54:40] [main/DEBUG] [org.spongepowered.asm.service.mojang.MixinServiceLaunchWrapper]:   Adding:    $wrapper.git.jbredwards.jsonpaintings.mod.asm.transformer.ItemTransformer
[08:54:40] [main/DEBUG] [org.spongepowered.asm.service.mojang.MixinServiceLaunchWrapper]:   Adding:    $wrapper.git.jbredwards.jsonpaintings.mod.asm.transformer.PSGRevampedClientTransformer
[08:54:40] [main/DEBUG] [org.spongepowered.asm.service.mojang.MixinServiceLaunchWrapper]:   Adding:    $wrapper.git.jbredwards.jsonpaintings.mod.asm.transformer.PSGRevampedServerTransformer
[08:54:40] [main/DEBUG] [org.spongepowered.asm.service.mojang.MixinServiceLaunchWrapper]:   Adding:    $wrapper.git.jbredwards.jsonpaintings.mod.asm.transformer.TwilightForestTransformer
[08:54:40] [main/DEBUG] [org.spongepowered.asm.service.mojang.MixinServiceLaunchWrapper]:   Adding:    $wrapper.com.teamwizardry.librarianlib.asm.LibLibTransformer
[08:54:40] [main/DEBUG] [org.spongepowered.asm.service.mojang.MixinServiceLaunchWrapper]:   Adding:    $wrapper.vazkii.quark.base.asm.ClassTransformer
[08:54:40] [main/DEBUG] [org.spongepowered.asm.service.mojang.MixinServiceLaunchWrapper]:   Adding:    $wrapper.meldexun.reachfix.asm.ReachFixClassTransformer
[08:54:40] [main/DEBUG] [org.spongepowered.asm.service.mojang.MixinServiceLaunchWrapper]:   Adding:    $wrapper.lumien.resourceloader.asm.ClassTransformer
[08:54:40] [main/DEBUG] [org.spongepowered.asm.service.mojang.MixinServiceLaunchWrapper]:   Adding:    $wrapper.com.charles445.simpledifficulty.asm.SimpleDifficultyASM
[08:54:40] [main/DEBUG] [org.spongepowered.asm.service.mojang.MixinServiceLaunchWrapper]:   Adding:    $wrapper.net.ilexiconn.llibrary.server.core.plugin.LLibraryTransformer
[08:54:40] [main/DEBUG] [org.spongepowered.asm.service.mojang.MixinServiceLaunchWrapper]:   Adding:    $wrapper.net.ilexiconn.llibrary.server.core.patcher.LLibraryRuntimePatcher
[08:54:40] [main/DEBUG] [org.spongepowered.asm.service.mojang.MixinServiceLaunchWrapper]:   Adding:    $wrapper.com.charles445.rltweaker.asm.RLTweakerClassTransformer
[08:54:40] [main/DEBUG] [org.spongepowered.asm.service.mojang.MixinServiceLaunchWrapper]:   Adding:    $wrapper.git.jbredwards.baubleye.BaubleyElytra$Transformer
[08:54:40] [main/DEBUG] [org.spongepowered.asm.service.mojang.MixinServiceLaunchWrapper]:   Adding:    $wrapper.ljfa.tntutils.asm.ExplosionTransformer
[08:54:40] [main/DEBUG] [org.spongepowered.asm.service.mojang.MixinServiceLaunchWrapper]:   Adding:    $wrapper.mods.betterfoliage.loader.BetterFoliageTransformer
[08:54:40] [main/DEBUG] [org.spongepowered.asm.service.mojang.MixinServiceLaunchWrapper]:   Adding:    $wrapper.cd4017be.dimstack.asm.ChunkPrimerTransformer
[08:54:40] [main/DEBUG] [org.spongepowered.asm.service.mojang.MixinServiceLaunchWrapper]:   Adding:    $wrapper.cd4017be.dimstack.asm.BlockPortalTransformer
[08:54:40] [main/DEBUG] [org.spongepowered.asm.service.mojang.MixinServiceLaunchWrapper]:   Adding:    $wrapper.surreal.contentcreator.core.CCClassTransformer
[08:54:40] [main/DEBUG] [org.spongepowered.asm.service.mojang.MixinServiceLaunchWrapper]:   Excluding: net.minecraftforge.fml.common.asm.transformers.TerminalTransformer
[08:54:40] [main/DEBUG] [org.spongepowered.asm.service.mojang.MixinServiceLaunchWrapper]:   Excluding: org.spongepowered.asm.mixin.transformer.Proxy
[08:54:40] [main/DEBUG] [org.spongepowered.asm.service.mojang.MixinServiceLaunchWrapper]: Transformer delegation list created with 47 entries
[08:54:40] [main/TRACE] [mixin]: Added class metadata for net/minecraftforge/common/util/EnumHelper to metadata cache
[08:54:40] [main/TRACE] [mixin]: Added class metadata for net/minecraft/item/ItemArmor$ArmorMaterial to metadata cache
[08:54:40] [main/TRACE] [mixin]: Added class metadata for net/minecraft/item/Item$ToolMaterial to metadata cache
[08:54:40] [main/TRACE] [mixin]: Added class metadata for net/minecraft/item/ItemTool to metadata cache
[08:54:40] [main/TRACE] [mixin]: Added class metadata for net/minecraft/item/ItemElytra to metadata cache
[08:54:40] [main/TRACE] [mixin]: Added class metadata for net/minecraft/item/ItemArmor to metadata cache
[08:54:40] [main/TRACE] [mixin]: Added class metadata for net/minecraft/item/ItemSword to metadata cache
[08:54:41] [main/TRACE] [mixin]: Added class metadata for net/minecraft/item/Item to metadata cache
[08:54:41] [main/TRACE] [mixin]: Added class metadata for net/minecraft/item/ItemShield to metadata cache
[08:54:41] [main/DEBUG] [mixin]: Preparing mixins.particleculling.json (3)
[08:54:41] [main/DEBUG] [mixin]: Preparing spartanweaponry.mixins.json (4)
[08:54:41] [main/TRACE] [mixin]: Added class metadata for net/minecraft/entity/item/EntityArmorStand to metadata cache
[08:54:41] [main/INFO] [STDOUT]: [com.pg85.otg.forge.asm.excluded.OTGClassTransformer:transform:91]: OTG-Core transforming: net.minecraft.entity.projectile.EntityArrow : aeh
[08:54:41] [main/TRACE] [mixin]: Added class metadata for net/minecraft/entity/projectile/EntityArrow to metadata cache
[08:54:41] [main/DEBUG] [mixin]: Preparing mixins.surge.json (9)
[08:54:41] [main/TRACE] [mixin]: Added class metadata for net/minecraft/entity/passive/EntitySheep to metadata cache
[08:54:41] [main/INFO] [Quark ASM]: Transforming net.minecraft.entity.Entity
[08:54:41] [main/INFO] [Quark ASM]: Applying Transformation to method (Names [move, func_70091_d] Descriptor (Lnet/minecraft/entity/MoverType;DDD)V)
[08:54:41] [main/INFO] [Quark ASM]: Located Method, patching...
[08:54:41] [main/INFO] [Quark ASM]: Patch result: true
[08:54:41] [main/INFO] [Quark ASM]: Located Method, patching...
[08:54:41] [main/INFO] [Quark ASM]: Located patch target node INVOKEVIRTUAL net/minecraft/entity/Entity.func_145775_I ()V
[08:54:41] [main/INFO] [Quark ASM]: Patch result: true
[08:54:41] [main/INFO] [Quark ASM]: Applying Transformation to method (Names [onEntityUpdate, func_70030_z] Descriptor ()V)
[08:54:41] [main/INFO] [Quark ASM]: Located Method, patching...
[08:54:41] [main/INFO] [Quark ASM]: Patch result: true
[08:54:41] [main/INFO] [ASMUtil]: Transforming class net/minecraft/entity/Entity
[08:54:41] [main/INFO] [ASMUtil]: Transforming class net/minecraft/entity/Entity
[08:54:41] [main/INFO] [ASMUtil]: Transforming class net/minecraft/entity/Entity
[08:54:41] [main/INFO] [ASMUtil]: Transforming class net/minecraft/entity/Entity
[08:54:41] [main/TRACE] [mixin]: Added class metadata for net/minecraft/entity/Entity to metadata cache
[08:54:41] [main/INFO] [STDOUT]: [com.creativemd.creativecore.transformer.CreativeTransformer:transform:49]: [itemphysic] Patched net.minecraft.entity.item.EntityItem ...
[08:54:41] [main/INFO] [STDOUT]: [com.creativemd.creativecore.transformer.CreativeTransformer:transform:49]: [itemphysic] Patched net.minecraft.entity.item.EntityItem ...
[08:54:41] [main/INFO] [STDOUT]: [com.pg85.otg.forge.asm.excluded.OTGClassTransformer:transform:91]: OTG-Core transforming: net.minecraft.entity.item.EntityItem : acl
[08:54:41] [main/INFO] [Quark ASM]: Transforming net.minecraft.entity.item.EntityItem
[08:54:41] [main/INFO] [Quark ASM]: Applying Transformation to method (Names [onUpdate, func_70071_h_] Descriptor ()V)
[08:54:41] [main/INFO] [Quark ASM]: Located Method, patching...
[08:54:41] [main/INFO] [Quark ASM]: Patch result: true
[08:54:41] [main/TRACE] [mixin]: Added class metadata for net/minecraft/entity/item/EntityItem to metadata cache
[08:54:41] [main/INFO] [STDOUT]: [com.pg85.otg.forge.asm.excluded.OTGClassTransformer:transform:91]: OTG-Core transforming: net.minecraftforge.registries.GameData : net/minecraftforge/registries/GameData
[08:54:41] [main/TRACE] [mixin]: Added class metadata for net/minecraftforge/registries/GameData to metadata cache
[08:54:41] [main/DEBUG] [mixin]: Preparing mixins.wolfarmor.core.json (13)
[08:54:41] [main/TRACE] [mixin]: Added class metadata for net/minecraft/entity/EntityAgeable to metadata cache
[08:54:41] [main/TRACE] [mixin]: Added class metadata for net/minecraft/entity/ai/EntityAISit to metadata cache
[08:54:41] [main/TRACE] [mixin]: Added class metadata for net/minecraft/entity/passive/EntityAnimal to metadata cache
[08:54:41] [main/TRACE] [mixin]: Added class metadata for net/minecraft/entity/EntityCreature to metadata cache
[08:54:41] [main/TRACE] [mixin]: Added class metadata for net/minecraft/entity/EntityLiving to metadata cache
[08:54:41] [main/TRACE] [mixin]: Added class metadata for net/minecraft/entity/passive/EntityTameable to metadata cache
[08:54:41] [main/TRACE] [mixin]: Added class metadata for net/minecraft/entity/passive/EntityWolf to metadata cache
[08:54:41] [main/TRACE] [mixin]: Added class metadata for net/minecraft/potion/Potion to metadata cache
[08:54:41] [main/DEBUG] [mixin]: Preparing mixins.betterbiomeblend.json (4)
[08:54:41] [main/DEBUG] [mixin]: Preparing bhmenu.mixins.json (3)
[08:54:41] [main/DEBUG] [mixin]: Preparing mixins.snowrealmagic.json (4)
[08:54:41] [main/TRACE] [mixin]: Added class metadata for net/minecraft/item/ItemSnow to metadata cache
[08:54:41] [main/TRACE] [mixin]: Added class metadata for net/minecraft/item/ItemBlock to metadata cache
[08:54:41] [main/DEBUG] [mixin]: Preparing mixins.rlmixins.early.chunkanimator.xray.json (1)
[08:54:41] [main/DEBUG] [mixin]: Preparing mixins.fermiummixins.early.vanilla.bossvehicle.json (2)
[08:54:41] [main/INFO] [STDOUT]: [com.pg85.otg.forge.asm.excluded.OTGClassTransformer:transform:91]: OTG-Core transforming: net.minecraft.entity.item.EntityBoat : afd
[08:54:41] [main/INFO] [Quark ASM]: Transforming net.minecraft.entity.item.EntityBoat
[08:54:41] [main/INFO] [Quark ASM]: Applying Transformation to method (Names [attackEntityFrom, func_70097_a] Descriptor (Lnet/minecraft/util/DamageSource;F)Z)
[08:54:41] [main/INFO] [Quark ASM]: Located Method, patching...
[08:54:41] [main/INFO] [Quark ASM]: Located patch target node INVOKEVIRTUAL net/minecraft/entity/item/EntityBoat.func_145778_a (Lnet/minecraft/item/Item;IF)Lnet/minecraft/entity/item/EntityItem;
[08:54:41] [main/INFO] [Quark ASM]: Patch result: true
[08:54:41] [main/TRACE] [mixin]: Added class metadata for net/minecraft/entity/item/EntityBoat to metadata cache
[08:54:41] [main/INFO] [STDOUT]: [com.pg85.otg.forge.asm.excluded.OTGClassTransformer:transform:91]: OTG-Core transforming: net.minecraft.entity.item.EntityMinecart : afe
[08:54:41] [main/INFO] [Quark ASM]: Transforming net.minecraft.entity.item.EntityMinecart
[08:54:41] [main/INFO] [Quark ASM]: Applying Transformation to method (Names [killMinecart, func_94095_a] Descriptor (Lnet/minecraft/util/DamageSource;)V)
[08:54:41] [main/INFO] [Quark ASM]: Located Method, patching...
[08:54:41] [main/INFO] [Quark ASM]: Located patch target node INVOKEVIRTUAL net/minecraft/entity/item/EntityMinecart.func_70099_a (Lnet/minecraft/item/ItemStack;F)Lnet/minecraft/entity/item/EntityItem;
[08:54:41] [main/INFO] [Quark ASM]: Patch result: true
[08:54:41] [main/TRACE] [mixin]: Added class metadata for net/minecraft/entity/item/EntityMinecart to metadata cache
[08:54:41] [main/DEBUG] [mixin]: Preparing mixins.eaglemixins.vanilla.json (9)
[08:54:41] [main/TRACE] [mixin]: Added class metadata for net/minecraft/block/BlockObserver to metadata cache
[08:54:41] [main/TRACE] [mixin]: Added class metadata for net/minecraft/entity/EntityAreaEffectCloud to metadata cache
[08:54:41] [main/TRACE] [mixin]: Added class metadata for net/minecraft/entity/projectile/EntityPotion to metadata cache
[08:54:41] [main/INFO] [ASMUtil]: Transforming class net/minecraftforge/client/GuiIngameForge
[08:54:41] [main/INFO] [ASMUtil]: Transforming class net/minecraftforge/client/GuiIngameForge
[08:54:41] [main/TRACE] [mixin]: Added class metadata for net/minecraftforge/client/GuiIngameForge to metadata cache
[08:54:41] [main/TRACE] [mixin]: Added class metadata for net/minecraft/item/ItemPotion to metadata cache
[08:54:41] [main/INFO] [Quark ASM]: Transforming net.minecraft.item.ItemStack
[08:54:41] [main/INFO] [Quark ASM]: Applying Transformation to method (Names [getTextComponent, func_151000_E] Descriptor ()Lnet/minecraft/util/text/ITextComponent;)
[08:54:41] [main/INFO] [Quark ASM]: Located Method, patching...
[08:54:41] [main/INFO] [Quark ASM]: Located patch target node ARETURN
[08:54:41] [main/INFO] [Quark ASM]: Patch result: true
[08:54:41] [main/TRACE] [mixin]: Added class metadata for net/minecraft/item/ItemStack to metadata cache
[08:54:41] [main/TRACE] [mixin]: Added class metadata for net/minecraft/world/storage/loot/RandomValueRange$Serializer to metadata cache
[08:54:41] [main/TRACE] [mixin]: Added class metadata for net/minecraft/block/BlockTrapDoor to metadata cache
[08:54:41] [main/DEBUG] [mixin]: Preparing mixins.aaam.vanilla.json (2)
[08:54:41] [main/DEBUG] [mixin]: Preparing mixins.somanyenchantments.vanilla.json (21)
[08:54:41] [main/TRACE] [mixin]: Added class metadata for net/minecraft/inventory/ContainerEnchantment to metadata cache
[08:54:41] [main/TRACE] [mixin]: Added class metadata for net/minecraft/inventory/ContainerRepair to metadata cache
[08:54:41] [main/TRACE] [mixin]: Added class metadata for net/minecraft/enchantment/EnchantmentProtection to metadata cache
[08:54:41] [main/INFO] [ASMUtil]: Transforming class net/minecraft/world/storage/loot/functions/EnchantRandomly
[08:54:41] [main/INFO] [ASMUtil]: Transforming class net/minecraft/world/storage/loot/functions/EnchantRandomly
[08:54:41] [main/TRACE] [mixin]: Added class metadata for net/minecraft/world/storage/loot/functions/EnchantRandomly to metadata cache
[08:54:41] [main/TRACE] [mixin]: Added class metadata for net/minecraft/entity/monster/EntityZombieVillager to metadata cache
[08:54:41] [main/TRACE] [mixin]: Added class metadata for net/minecraft/util/EntityDamageSource to metadata cache
[08:54:41] [main/INFO] [ASMUtil]: Transforming class net/minecraft/entity/passive/EntityVillager$ListEnchantedBookForEmeralds
[08:54:41] [main/INFO] [ASMUtil]: Transforming class net/minecraft/entity/passive/EntityVillager$ListEnchantedBookForEmeralds
[08:54:41] [main/TRACE] [mixin]: Added class metadata for net/minecraft/entity/passive/EntityVillager$ListEnchantedBookForEmeralds to metadata cache
[08:54:41] [main/TRACE] [mixin]: Added class metadata for net/minecraftforge/registries/ForgeRegistry to metadata cache
[08:54:41] [main/TRACE] [mixin]: Added class metadata for net/minecraft/entity/monster/EntityCreeper to metadata cache
[08:54:41] [main/TRACE] [mixin]: Added class metadata for net/minecraft/item/ItemBow to metadata cache
[08:54:41] [main/TRACE] [mixin]: Added class metadata for net/minecraftforge/common/ISpecialArmor$ArmorProperties to metadata cache
[08:54:41] [main/DEBUG] [mixin]: Preparing mixins.fermiummixins.early.vanilla.worldbordertimecache.json (1)
[08:54:41] [main/TRACE] [mixin]: Added class metadata for net/minecraft/world/border/WorldBorder to metadata cache
[08:54:41] [main/DEBUG] [mixin]: Preparing mixins.fermiummixins.early.vanilla.worldflammablepos.json (1)
[08:54:41] [main/DEBUG] [mixin]: Preparing mixins.fermiummixins.early.vanilla.particlerenderpatch.json (1)
[08:54:41] [main/INFO] [ASMUtil]: Transforming class net/minecraft/world/ServerWorldEventHandler
[08:54:41] [main/INFO] [ASMUtil]: Transforming class net/minecraft/world/ServerWorldEventHandler
[08:54:41] [main/TRACE] [mixin]: Added class metadata for net/minecraft/world/ServerWorldEventHandler to metadata cache
[08:54:41] [main/DEBUG] [mixin]: Preparing mixins.fermiummixins.early.vanilla.autosavelog.json (1)
[08:54:41] [main/DEBUG] [mixin]: Preparing mixins.fermiummixins.early.vanilla.pathfindingloading.json (1)
[08:54:41] [main/INFO] [ASMUtil]: Transforming class net/minecraft/world/ChunkCache
[08:54:41] [main/INFO] [ASMUtil]: Transforming class net/minecraft/world/ChunkCache
[08:54:41] [main/TRACE] [mixin]: Added class metadata for net/minecraft/world/ChunkCache to metadata cache
[08:54:41] [main/DEBUG] [mixin]: Preparing mixins.fermiummixins.early.vanilla.spawnchunkradiuspatch.json (1)
[08:54:41] [main/DEBUG] [mixin]: Preparing mixins.localizator.core.containername.json (1)
[08:54:41] [main/DEBUG] [mixin]: Preparing mixins.fermiummixins.early.vanilla.materialcheck.json (3)
[08:54:41] [main/INFO] [STDOUT]: [pl.asie.patchy.helpers.ConstructorReplacingTransformer$FFMethodVisitor:visitTypeInsn:73]: Replaced NEW for net/minecraft/util/ClassInheritanceMultiMap to pl/asie/foamfix/coremod/common/FoamyClassInheritanceMultiMap
[08:54:41] [main/INFO] [STDOUT]: [pl.asie.patchy.helpers.ConstructorReplacingTransformer$FFMethodVisitor:visitMethodInsn:85]: Replaced INVOKESPECIAL for net/minecraft/util/ClassInheritanceMultiMap to pl/asie/foamfix/coremod/common/FoamyClassInheritanceMultiMap
[08:54:41] [main/INFO] [org.spongepowered.asm.service.mojang.MixinServiceLaunchWrapper]: A re-entrant transformer '$wrapper.pl.asie.foamfix.coremod.FoamFixTransformer' was detected and will no longer process meta class data
[08:54:41] [main/TRACE] [mixin]: Added class metadata for net/minecraft/world/chunk/Chunk to metadata cache
[08:54:41] [main/DEBUG] [org.spongepowered.asm.service.mojang.MixinServiceLaunchWrapper]: Rebuilding transformer delegation list:
[08:54:41] [main/DEBUG] [org.spongepowered.asm.service.mojang.MixinServiceLaunchWrapper]: Found name transformer: net.minecraftforge.fml.common.asm.transformers.DeobfuscationTransformer
[08:54:41] [main/DEBUG] [org.spongepowered.asm.service.mojang.MixinServiceLaunchWrapper]:   Adding:    net.minecraftforge.fml.common.asm.transformers.PatchingTransformer
[08:54:41] [main/DEBUG] [org.spongepowered.asm.service.mojang.MixinServiceLaunchWrapper]:   Excluding: org.spongepowered.asm.mixin.transformer.Proxy
[08:54:41] [main/DEBUG] [org.spongepowered.asm.service.mojang.MixinServiceLaunchWrapper]:   Adding:    $wrapper.net.minecraftforge.fml.common.asm.transformers.SideTransformer
[08:54:41] [main/DEBUG] [org.spongepowered.asm.service.mojang.MixinServiceLaunchWrapper]:   Excluding: $wrapper.net.minecraftforge.fml.common.asm.transformers.EventSubscriptionTransformer
[08:54:41] [main/DEBUG] [org.spongepowered.asm.service.mojang.MixinServiceLaunchWrapper]:   Adding:    $wrapper.net.minecraftforge.fml.common.asm.transformers.EventSubscriberTransformer
[08:54:41] [main/DEBUG] [org.spongepowered.asm.service.mojang.MixinServiceLaunchWrapper]:   Adding:    $wrapper.net.minecraftforge.fml.common.asm.transformers.SoundEngineFixTransformer
[08:54:41] [main/DEBUG] [org.spongepowered.asm.service.mojang.MixinServiceLaunchWrapper]:   Excluding: $wrapper.svenhjol.charm.base.CharmClassTransformer
[08:54:41] [main/DEBUG] [org.spongepowered.asm.service.mojang.MixinServiceLaunchWrapper]:   Adding:    $wrapper.com.github.alexthe666.iceandfire.asm.IceAndFireClassTransformer
[08:54:41] [main/DEBUG] [org.spongepowered.asm.service.mojang.MixinServiceLaunchWrapper]:   Adding:    $wrapper.com.creativemd.itemphysic.ItemTransformer
[08:54:41] [main/DEBUG] [org.spongepowered.asm.service.mojang.MixinServiceLaunchWrapper]:   Adding:    $wrapper.atomicstryker.multimine.common.fmlmagic.MMTransformer
[08:54:41] [main/DEBUG] [org.spongepowered.asm.service.mojang.MixinServiceLaunchWrapper]:   Adding:    $wrapper.com.pg85.otg.forge.asm.excluded.OTGClassTransformer
[08:54:41] [main/DEBUG] [org.spongepowered.asm.service.mojang.MixinServiceLaunchWrapper]:   Adding:    $wrapper.nathan.phosphorcrashfix.patches.PhosphorSlicePatch
[08:54:41] [main/DEBUG] [org.spongepowered.asm.service.mojang.MixinServiceLaunchWrapper]:   Adding:    $wrapper.pw.prok.realbench.asm.RBTransformer
[08:54:41] [main/DEBUG] [org.spongepowered.asm.service.mojang.MixinServiceLaunchWrapper]:   Adding:    $wrapper.codersafterdark.reskillable.base.asm.ClassTransformer
[08:54:41] [main/DEBUG] [org.spongepowered.asm.service.mojang.MixinServiceLaunchWrapper]:   Adding:    $wrapper.sereneseasons.asm.transformer.EntityRendererTransformer
[08:54:41] [main/DEBUG] [org.spongepowered.asm.service.mojang.MixinServiceLaunchWrapper]:   Excluding: $wrapper.sereneseasons.asm.transformer.WorldTransformer
[08:54:41] [main/DEBUG] [org.spongepowered.asm.service.mojang.MixinServiceLaunchWrapper]:   Adding:    net.minecraftforge.fml.common.asm.transformers.DeobfuscationTransformer
[08:54:41] [main/DEBUG] [org.spongepowered.asm.service.mojang.MixinServiceLaunchWrapper]:   Adding:    net.minecraftforge.fml.common.asm.transformers.AccessTransformer
[08:54:41] [main/DEBUG] [org.spongepowered.asm.service.mojang.MixinServiceLaunchWrapper]:   Adding:    mirror.normalasm.core.NormalTransformer
[08:54:41] [main/DEBUG] [org.spongepowered.asm.service.mojang.MixinServiceLaunchWrapper]:   Adding:    pl.asie.foamfix.coremod.FoamFixAT
[08:54:41] [main/DEBUG] [org.spongepowered.asm.service.mojang.MixinServiceLaunchWrapper]:   Adding:    invtweaks.forge.asm.ITAccessTransformer
[08:54:41] [main/DEBUG] [org.spongepowered.asm.service.mojang.MixinServiceLaunchWrapper]:   Adding:    pw.prok.realbench.asm.RBAccessTransformer
[08:54:41] [main/DEBUG] [org.spongepowered.asm.service.mojang.MixinServiceLaunchWrapper]:   Adding:    net.minecraftforge.fml.common.asm.transformers.ModAccessTransformer
[08:54:41] [main/DEBUG] [org.spongepowered.asm.service.mojang.MixinServiceLaunchWrapper]:   Adding:    net.minecraftforge.fml.common.asm.transformers.ItemStackTransformer
[08:54:41] [main/DEBUG] [org.spongepowered.asm.service.mojang.MixinServiceLaunchWrapper]:   Adding:    net.minecraftforge.fml.common.asm.transformers.ItemBlockTransformer
[08:54:41] [main/DEBUG] [org.spongepowered.asm.service.mojang.MixinServiceLaunchWrapper]:   Adding:    net.minecraftforge.fml.common.asm.transformers.ItemBlockSpecialTransformer
[08:54:41] [main/DEBUG] [org.spongepowered.asm.service.mojang.MixinServiceLaunchWrapper]:   Adding:    net.minecraftforge.fml.common.asm.transformers.PotionEffectTransformer
[08:54:41] [main/DEBUG] [org.spongepowered.asm.service.mojang.MixinServiceLaunchWrapper]:   Excluding: org.spongepowered.asm.mixin.transformer.Proxy
[08:54:41] [main/DEBUG] [org.spongepowered.asm.service.mojang.MixinServiceLaunchWrapper]:   Excluding: $wrapper.lumien.bloodmoon.asm.ClassTransformer
[08:54:41] [main/DEBUG] [org.spongepowered.asm.service.mojang.MixinServiceLaunchWrapper]:   Adding:    $wrapper.com.chocohead.biab.BornInABarn
[08:54:41] [main/DEBUG] [org.spongepowered.asm.service.mojang.MixinServiceLaunchWrapper]:   Adding:    $wrapper.lumien.chunkanimator.asm.ClassTransformer
[08:54:41] [main/DEBUG] [org.spongepowered.asm.service.mojang.MixinServiceLaunchWrapper]:   Excluding: $wrapper.pl.asie.foamfix.coremod.FoamFixTransformer
[08:54:41] [main/DEBUG] [org.spongepowered.asm.service.mojang.MixinServiceLaunchWrapper]:   Adding:    $wrapper.invtweaks.forge.asm.ContainerTransformer
[08:54:41] [main/DEBUG] [org.spongepowered.asm.service.mojang.MixinServiceLaunchWrapper]:   Adding:    $wrapper.git.jbredwards.jsonpaintings.mod.asm.transformer.EntityPaintingTransformer
[08:54:41] [main/DEBUG] [org.spongepowered.asm.service.mojang.MixinServiceLaunchWrapper]:   Adding:    $wrapper.git.jbredwards.jsonpaintings.mod.asm.transformer.EnumArtTransformer
[08:54:41] [main/DEBUG] [org.spongepowered.asm.service.mojang.MixinServiceLaunchWrapper]:   Adding:    $wrapper.git.jbredwards.jsonpaintings.mod.asm.transformer.ItemTransformer
[08:54:41] [main/DEBUG] [org.spongepowered.asm.service.mojang.MixinServiceLaunchWrapper]:   Adding:    $wrapper.git.jbredwards.jsonpaintings.mod.asm.transformer.PSGRevampedClientTransformer
[08:54:41] [main/DEBUG] [org.spongepowered.asm.service.mojang.MixinServiceLaunchWrapper]:   Adding:    $wrapper.git.jbredwards.jsonpaintings.mod.asm.transformer.PSGRevampedServerTransformer
[08:54:41] [main/DEBUG] [org.spongepowered.asm.service.mojang.MixinServiceLaunchWrapper]:   Adding:    $wrapper.git.jbredwards.jsonpaintings.mod.asm.transformer.TwilightForestTransformer
[08:54:41] [main/DEBUG] [org.spongepowered.asm.service.mojang.MixinServiceLaunchWrapper]:   Adding:    $wrapper.com.teamwizardry.librarianlib.asm.LibLibTransformer
[08:54:41] [main/DEBUG] [org.spongepowered.asm.service.mojang.MixinServiceLaunchWrapper]:   Adding:    $wrapper.vazkii.quark.base.asm.ClassTransformer
[08:54:41] [main/DEBUG] [org.spongepowered.asm.service.mojang.MixinServiceLaunchWrapper]:   Adding:    $wrapper.meldexun.reachfix.asm.ReachFixClassTransformer
[08:54:41] [main/DEBUG] [org.spongepowered.asm.service.mojang.MixinServiceLaunchWrapper]:   Adding:    $wrapper.lumien.resourceloader.asm.ClassTransformer
[08:54:41] [main/DEBUG] [org.spongepowered.asm.service.mojang.MixinServiceLaunchWrapper]:   Adding:    $wrapper.com.charles445.simpledifficulty.asm.SimpleDifficultyASM
[08:54:41] [main/DEBUG] [org.spongepowered.asm.service.mojang.MixinServiceLaunchWrapper]:   Adding:    $wrapper.net.ilexiconn.llibrary.server.core.plugin.LLibraryTransformer
[08:54:41] [main/DEBUG] [org.spongepowered.asm.service.mojang.MixinServiceLaunchWrapper]:   Adding:    $wrapper.net.ilexiconn.llibrary.server.core.patcher.LLibraryRuntimePatcher
[08:54:41] [main/DEBUG] [org.spongepowered.asm.service.mojang.MixinServiceLaunchWrapper]:   Adding:    $wrapper.com.charles445.rltweaker.asm.RLTweakerClassTransformer
[08:54:41] [main/DEBUG] [org.spongepowered.asm.service.mojang.MixinServiceLaunchWrapper]:   Adding:    $wrapper.git.jbredwards.baubleye.BaubleyElytra$Transformer
[08:54:41] [main/DEBUG] [org.spongepowered.asm.service.mojang.MixinServiceLaunchWrapper]:   Adding:    $wrapper.ljfa.tntutils.asm.ExplosionTransformer
[08:54:41] [main/DEBUG] [org.spongepowered.asm.service.mojang.MixinServiceLaunchWrapper]:   Adding:    $wrapper.mods.betterfoliage.loader.BetterFoliageTransformer
[08:54:41] [main/DEBUG] [org.spongepowered.asm.service.mojang.MixinServiceLaunchWrapper]:   Adding:    $wrapper.cd4017be.dimstack.asm.ChunkPrimerTransformer
[08:54:41] [main/DEBUG] [org.spongepowered.asm.service.mojang.MixinServiceLaunchWrapper]:   Adding:    $wrapper.cd4017be.dimstack.asm.BlockPortalTransformer
[08:54:41] [main/DEBUG] [org.spongepowered.asm.service.mojang.MixinServiceLaunchWrapper]:   Adding:    $wrapper.surreal.contentcreator.core.CCClassTransformer
[08:54:41] [main/DEBUG] [org.spongepowered.asm.service.mojang.MixinServiceLaunchWrapper]:   Excluding: net.minecraftforge.fml.common.asm.transformers.TerminalTransformer
[08:54:41] [main/DEBUG] [org.spongepowered.asm.service.mojang.MixinServiceLaunchWrapper]:   Excluding: org.spongepowered.asm.mixin.transformer.Proxy
[08:54:41] [main/DEBUG] [org.spongepowered.asm.service.mojang.MixinServiceLaunchWrapper]: Transformer delegation list created with 46 entries
[08:54:41] [main/DEBUG] [VSD ASM]: patching ChunkPrimer as net/minecraft/world/chunk/ChunkPrimer ...
[08:54:41] [main/DEBUG] [VSD ASM]: patching method setBlockState() as func_177855_a(IIILnet/minecraft/block/state/IBlockState;)V
[08:54:41] [main/DEBUG] [VSD ASM]: adding field ingnoredBlock
[08:54:41] [main/TRACE] [mixin]: Added class metadata for net/minecraft/world/chunk/ChunkPrimer to metadata cache
[08:54:41] [main/INFO] [STDOUT]: [com.pg85.otg.forge.asm.excluded.OTGClassTransformer:transform:91]: OTG-Core transforming: net.minecraft.world.biome.Biome : anh
[08:54:41] [main/TRACE] [mixin]: Added class metadata for net/minecraft/world/biome/Biome to metadata cache
[08:54:41] [main/DEBUG] [mixin]: Preparing mixins.fermiummixins.early.vanilla.stackablesoupbowlfix.json (1)
[08:54:41] [main/TRACE] [mixin]: Added class metadata for net/minecraft/item/ItemSoup to metadata cache
[08:54:41] [main/DEBUG] [mixin]: Preparing mixins.boatdeletebegone.json (3)
[08:54:41] [main/TRACE] [mixin]: Added class metadata for net/minecraft/world/chunk/storage/AnvilChunkLoader to metadata cache
[08:54:41] [main/DEBUG] [mixin]: Preparing mixins.fermiummixins.early.vanilla.giantzombiespawnfix.json (1)
[08:54:41] [main/TRACE] [mixin]: Added class metadata for net/minecraft/entity/monster/EntityGiantZombie to metadata cache
[08:54:41] [main/DEBUG] [mixin]: Preparing mixins.furnacexpstorage.json (3)
[08:54:41] [main/INFO] [FermiumASM]: Improving FurnaceRecipes. Lookups are now a lot faster.
[08:54:41] [main/TRACE] [mixin]: Added class metadata for net/minecraft/item/crafting/FurnaceRecipes to metadata cache
[08:54:41] [main/TRACE] [mixin]: Added class metadata for net/minecraft/inventory/SlotFurnaceOutput to metadata cache
[08:54:41] [main/DEBUG] [mixin]: Preparing mixins.fermiummixins.early.bloodmoon.optifinerender.json (1)
[08:54:41] [main/DEBUG] [mixin]: Preparing mixins.fermiummixins.early.fancymenu.servercrash.json (1)
[08:54:41] [main/TRACE] [mixin]: Added class metadata for de/keksuccino/fancymenu/FancyMenu to metadata cache
[08:54:41] [main/DEBUG] [mixin]: Preparing mixins.fermiummixins.early.charm.shulkerinsertion.json (1)
[08:54:41] [main/TRACE] [mixin]: Added class metadata for net/minecraft/tileentity/TileEntityShulkerBox to metadata cache
[08:54:41] [main/DEBUG] [mixin]: Preparing mixins.bounceable.vanilla.json (3)
[08:54:41] [main/DEBUG] [mixin]: Preparing mixins.fermiummixins.early.bountifulbaubles.flaregun.json (1)
[08:54:41] [main/DEBUG] [mixin]: Preparing mixins.localizator.core.loclore.json (1)
[08:54:41] [main/DEBUG] [mixin]: Preparing mixins.fermiummixins.early.vanilla.glerror.json (1)
[08:54:41] [main/TRACE] [mixin]: Catching
net.minecraftforge.fml.common.asm.ASMTransformerWrapper$TransformerException: Exception in class transformer net.minecraftforge.fml.common.asm.transformers.SideTransformer@326e0b8e from coremod FMLCorePlugin
	at net.minecraftforge.fml.common.asm.ASMTransformerWrapper$TransformerWrapper.transform(ASMTransformerWrapper.java:260) ~[forge-1.12.2-14.23.5.2860.jar:?]
	at org.spongepowered.asm.service.mojang.LegacyTransformerHandle.transformClassBytes(LegacyTransformerHandle.java:80) ~[%60FermiumBooter-1.3.2.jar:1.3.2]
	at org.spongepowered.asm.service.mojang.MixinServiceLaunchWrapper.applyTransformers(MixinServiceLaunchWrapper.java:548) ~[%60FermiumBooter-1.3.2.jar:1.3.2]
	at org.spongepowered.asm.service.mojang.MixinServiceLaunchWrapper.getClassBytes(MixinServiceLaunchWrapper.java:514) ~[%60FermiumBooter-1.3.2.jar:1.3.2]
	at org.spongepowered.asm.service.mojang.MixinServiceLaunchWrapper.getClassNode(MixinServiceLaunchWrapper.java:610) ~[%60FermiumBooter-1.3.2.jar:1.3.2]
	at org.spongepowered.asm.mixin.transformer.ClassInfo.forName(ClassInfo.java:2008) [%60FermiumBooter-1.3.2.jar:1.3.2]
	at org.spongepowered.asm.mixin.transformer.MixinInfo.getTargetClass(MixinInfo.java:1017) [%60FermiumBooter-1.3.2.jar:1.3.2]
	at org.spongepowered.asm.mixin.transformer.MixinInfo.readTargetClasses(MixinInfo.java:1007) [%60FermiumBooter-1.3.2.jar:1.3.2]
	at org.spongepowered.asm.mixin.transformer.MixinInfo.parseTargets(MixinInfo.java:895) [%60FermiumBooter-1.3.2.jar:1.3.2]
	at org.spongepowered.asm.mixin.transformer.MixinConfig.prepareMixins(MixinConfig.java:949) [%60FermiumBooter-1.3.2.jar:1.3.2]
	at org.spongepowered.asm.mixin.transformer.MixinConfig.prepare(MixinConfig.java:857) [%60FermiumBooter-1.3.2.jar:1.3.2]
	at org.spongepowered.asm.mixin.transformer.MixinProcessor.prepareConfigs(MixinProcessor.java:539) [%60FermiumBooter-1.3.2.jar:1.3.2]
	at org.spongepowered.asm.mixin.transformer.MixinProcessor.select(MixinProcessor.java:462) [%60FermiumBooter-1.3.2.jar:1.3.2]
	at org.spongepowered.asm.mixin.transformer.MixinProcessor.checkSelect(MixinProcessor.java:438) [%60FermiumBooter-1.3.2.jar:1.3.2]
	at org.spongepowered.asm.mixin.transformer.MixinProcessor.applyMixins(MixinProcessor.java:290) [%60FermiumBooter-1.3.2.jar:1.3.2]
	at org.spongepowered.asm.mixin.transformer.MixinTransformer.transformClass(MixinTransformer.java:234) [%60FermiumBooter-1.3.2.jar:1.3.2]
	at org.spongepowered.asm.mixin.transformer.MixinTransformer.transformClassBytes(MixinTransformer.java:202) [%60FermiumBooter-1.3.2.jar:1.3.2]
	at org.spongepowered.asm.mixin.transformer.Proxy.transform(Proxy.java:72) [%60FermiumBooter-1.3.2.jar:1.3.2]
	at net.minecraft.launchwrapper.LaunchClassLoader.runTransformers(LaunchClassLoader.java:279) [launchwrapper-1.12.jar:?]
	at net.minecraft.launchwrapper.LaunchClassLoader.findClass(LaunchClassLoader.java:176) [launchwrapper-1.12.jar:?]
	at java.lang.ClassLoader.loadClass(ClassLoader.java:418) [?:1.8.0_492]
	at java.lang.ClassLoader.loadClass(ClassLoader.java:351) [?:1.8.0_492]
	at java.lang.Class.forName0(Native Method) ~[?:1.8.0_492]
	at java.lang.Class.forName(Class.java:348) [?:1.8.0_492]
	at net.minecraft.launchwrapper.Launch.launch(Launch.java:131) [launchwrapper-1.12.jar:?]
	at net.minecraft.launchwrapper.Launch.main(Launch.java:28) [launchwrapper-1.12.jar:?]
	at sun.reflect.NativeMethodAccessorImpl.invoke0(Native Method) ~[?:1.8.0_492]
	at sun.reflect.NativeMethodAccessorImpl.invoke(NativeMethodAccessorImpl.java:62) ~[?:1.8.0_492]
	at sun.reflect.DelegatingMethodAccessorImpl.invoke(DelegatingMethodAccessorImpl.java:43) ~[?:1.8.0_492]
	at java.lang.reflect.Method.invoke(Method.java:498) ~[?:1.8.0_492]
	at net.minecraftforge.fml.relauncher.ServerLaunchWrapper.run(ServerLaunchWrapper.java:70) [forge-1.12.2-14.23.5.2860.jar:?]
	at net.minecraftforge.fml.relauncher.ServerLaunchWrapper.main(ServerLaunchWrapper.java:34) [forge-1.12.2-14.23.5.2860.jar:?]
Caused by: java.lang.RuntimeException: Attempted to load class bib for invalid side SERVER
	at net.minecraftforge.fml.common.asm.transformers.SideTransformer.transform(SideTransformer.java:62) ~[forge-1.12.2-14.23.5.2860.jar:?]
	at net.minecraftforge.fml.common.asm.ASMTransformerWrapper$TransformerWrapper.transform(ASMTransformerWrapper.java:256) ~[forge-1.12.2-14.23.5.2860.jar:?]
	... 31 more
[08:54:41] [main/WARN] [mixin]: Error loading class: net/minecraft/client/Minecraft (net.minecraftforge.fml.common.asm.ASMTransformerWrapper$TransformerException: Exception in class transformer net.minecraftforge.fml.common.asm.transformers.SideTransformer@326e0b8e from coremod FMLCorePlugin)
[08:54:41] [main/TRACE] [mixin]: Added class metadata for net/minecraft/client/Minecraft to metadata cache
[08:54:41] [main/WARN] [mixin]: @Mixin target net.minecraft.client.Minecraft was not found mixins.fermiummixins.early.vanilla.glerror.json:vanilla.Minecraft_GLErrorMixin
[08:54:41] [main/DEBUG] [mixin]: Preparing mixins.fermiummixins.early.vanilla.lowercroucheyeheight.json (1)
[08:54:41] [main/DEBUG] [mixin]: Preparing mixins.fermiummixins.early.vanilla.mergexporbs.json (1)
[08:54:41] [main/INFO] [STDOUT]: [com.pg85.otg.forge.asm.excluded.OTGClassTransformer:transform:91]: OTG-Core transforming: net.minecraft.entity.item.EntityXPOrb : vm
[08:54:41] [main/TRACE] [mixin]: Added class metadata for net/minecraft/entity/item/EntityXPOrb to metadata cache
[08:54:41] [main/DEBUG] [mixin]: Preparing mixins.fermiummixins.early.vanilla.untippedarrowparticles.json (1)
[08:54:41] [main/TRACE] [mixin]: Added class metadata for net/minecraft/entity/projectile/EntityTippedArrow to metadata cache
[08:54:41] [main/DEBUG] [mixin]: Preparing mixins.editableedibles.vanilla.json (2)
[08:54:41] [main/TRACE] [mixin]: Added class metadata for net/minecraft/item/ItemFood to metadata cache
[08:54:41] [main/DEBUG] [mixin]: Preparing mixins.rlmixins.early.rlmixins.slimebouncysides.json (2)
[08:54:41] [main/TRACE] [mixin]: Added class metadata for net/minecraft/block/BlockSlime to metadata cache
[08:54:41] [main/DEBUG] [mixin]: Preparing mixins.fermiummixins.early.vanilla.strayhuskspawningfix.json (2)
[08:54:41] [main/TRACE] [mixin]: Added class metadata for net/minecraft/entity/monster/EntityStray to metadata cache
[08:54:41] [main/TRACE] [mixin]: Added class metadata for net/minecraft/entity/monster/EntityHusk to metadata cache
[08:54:41] [main/DEBUG] [mixin]: Preparing mixins.fermiummixins.early.spawnercontrol.curing.json (2)
[08:54:41] [main/TRACE] [mixin]: Added class metadata for net/minecraft/entity/passive/EntityPig to metadata cache
[08:54:41] [main/DEBUG] [mixin]: Preparing mixins.misc_fluidregistry.json (1)
[08:54:41] [main/TRACE] [mixin]: Added class metadata for net/minecraftforge/fluids/FluidRegistry to metadata cache
[08:54:41] [main/DEBUG] [mixin]: Preparing mixins.rlmixins.early.bettersurvival.antiwarp.json (1)
[08:54:41] [main/DEBUG] [mixin]: Preparing mixins.crashes.json (10)
[08:54:41] [main/TRACE] [mixin]: Added class metadata for net/minecraft/crash/CrashReportCategory$Entry to metadata cache
[08:54:41] [main/TRACE] [mixin]: Added class metadata for net/minecraft/crash/CrashReportCategory to metadata cache
[08:54:41] [main/TRACE] [mixin]: Added class metadata for net/minecraft/crash/CrashReport to metadata cache
[08:54:41] [main/TRACE] [mixin]: Added class metadata for net/minecraft/tileentity/TileEntity to metadata cache
[08:54:41] [main/TRACE] [mixin]: Added class metadata for net/minecraft/util/Util to metadata cache
[08:54:41] [main/DEBUG] [mixin]: Preparing mixins.fix_mc129057.json (1)
[08:54:41] [main/TRACE] [mixin]: Added class metadata for net/minecraft/entity/player/InventoryPlayer to metadata cache
[08:54:41] [main/DEBUG] [mixin]: Preparing mixins.fermiummixins.early.vanilla.outdatedchunkdata.json (1)
[08:54:41] [main/DEBUG] [mixin]: Preparing mixins.localizator.core.writtenbooks.json (1)
[08:54:41] [main/TRACE] [mixin]: Added class metadata for net/minecraft/item/ItemWrittenBook to metadata cache
[08:54:41] [main/DEBUG] [mixin]: Preparing mixins.stripitemstack.json (1)
[08:54:41] [main/DEBUG] [mixin]: Preparing mixins.fermiummixins.early.vanilla.stoppigmenportalspawns.json (1)
[08:54:41] [main/DEBUG] [VSD ASM]: patching BlockPortal as net/minecraft/block/BlockPortal ...
[08:54:41] [main/DEBUG] [VSD ASM]: patching method trySpawnPortal() as func_176548_d(Lnet/minecraft/world/World;Lnet/minecraft/util/math/BlockPos;)Z
[08:54:41] [main/TRACE] [mixin]: Added class metadata for net/minecraft/block/BlockPortal to metadata cache
[08:54:41] [main/DEBUG] [mixin]: Preparing mixins.fermiummixins.early.vanilla.serverpriority.json (1)
[08:54:41] [main/DEBUG] [mixin]: Preparing mixins.localizator.core.entityaccessor.json (1)
[08:54:41] [main/DEBUG] [mixin]: Preparing mixins.vanities.json (1)
[08:54:41] [main/TRACE] [mixin]: Added class metadata for net/minecraftforge/fml/common/FMLCommonHandler to metadata cache
[08:54:41] [main/DEBUG] [mixin]: Preparing mixins.fermiummixins.early.vanilla.entityvelocitysync.json (1)
[08:54:41] [main/TRACE] [mixin]: Added class metadata for net/minecraft/network/play/server/SPacketEntityVelocity to metadata cache
[08:54:41] [main/DEBUG] [mixin]: Preparing mixins.fermiummixins.early.vanilla.chunkentitylistpatch.json (2)
[08:54:41] [main/INFO] [Quark ASM]: Transforming net.minecraft.tileentity.TileEntityPiston
[08:54:41] [main/INFO] [Quark ASM]: Applying Transformation to method (Names [update, func_73660_a] Descriptor ()V)
[08:54:41] [main/INFO] [Quark ASM]: Located Method, patching...
[08:54:41] [main/INFO] [Quark ASM]: Patch result: true
[08:54:41] [main/INFO] [Quark ASM]: Applying Transformation to method (Names [clearPistonTileEntity, func_145866_f] Descriptor ()V)
[08:54:41] [main/INFO] [Quark ASM]: Located Method, patching...
[08:54:41] [main/INFO] [Quark ASM]: Located patch target node INVOKEVIRTUAL net/minecraft/world/World.func_180501_a (Lnet/minecraft/util/math/BlockPos;Lnet/minecraft/block/state/IBlockState;I)Z
[08:54:41] [main/INFO] [Quark ASM]: Patch result: true
[08:54:41] [main/INFO] [Quark ASM]: Applying Transformation to method (Names [update, func_73660_a] Descriptor ()V)
[08:54:41] [main/INFO] [Quark ASM]: Located Method, patching...
[08:54:41] [main/INFO] [Quark ASM]: Located patch target node INVOKEVIRTUAL net/minecraft/world/World.func_180501_a (Lnet/minecraft/util/math/BlockPos;Lnet/minecraft/block/state/IBlockState;I)Z
[08:54:41] [main/INFO] [Quark ASM]: Patch result: true
[08:54:41] [main/TRACE] [mixin]: Added class metadata for net/minecraft/tileentity/TileEntityPiston to metadata cache
[08:54:41] [main/DEBUG] [mixin]: Preparing mixins.fermiummixins.early.vanilla.idleguardiansinking.json (1)
[08:54:41] [main/TRACE] [mixin]: Added class metadata for net/minecraft/entity/monster/EntityGuardian to metadata cache
[08:54:41] [main/DEBUG] [mixin]: Preparing mixins.fermiummixins.early.vanilla.entitytrackerdesync.json (2)
[08:54:41] [main/INFO] [STDOUT]: [com.pg85.otg.forge.asm.excluded.OTGClassTransformer:transform:91]: OTG-Core transforming: net.minecraft.server.management.PlayerList : pl
[08:54:41] [main/INFO] [STDOUT]: [com.pg85.otg.forge.asm.excluded.OTGClassTransformer:transformPlayerList:999]: OTG-Core transforming PlayerList.transformPlayerListUpdateTimeAndWeather
[08:54:41] [main/INFO] [STDOUT]: [com.pg85.otg.forge.asm.excluded.OTGClassTransformer:transformPlayerList:1001]: OTG-Core transforming PlayerList.setPlayerManager
[08:54:41] [main/TRACE] [mixin]: Added class metadata for net/minecraft/server/management/PlayerList to metadata cache
[08:54:41] [main/INFO] [Quark ASM]: Transforming net.minecraft.world.WorldServer
[08:54:41] [main/INFO] [Quark ASM]: Applying Transformation to method (Names [areAllPlayersAsleep, func_73056_e] Descriptor ()Z)
[08:54:41] [main/INFO] [Quark ASM]: Located Method, patching...
[08:54:41] [main/INFO] [Quark ASM]: Patch result: true
[08:54:41] [main/INFO] [Quark ASM]: Applying Transformation to method (Names [wakeAllPlayers, func_73053_d] Descriptor ()V)
[08:54:41] [main/INFO] [Quark ASM]: Located Method, patching...
[08:54:41] [main/INFO] [Quark ASM]: Patch result: true
[08:54:41] [main/INFO] [ASMUtil]: Transforming class net/minecraft/world/WorldServer
[08:54:41] [main/INFO] [ASMUtil]: Transforming class net/minecraft/world/WorldServer
[08:54:41] [main/INFO] [ASMUtil]: Transforming class net/minecraft/world/WorldServer
[08:54:41] [main/INFO] [ASMUtil]: Transforming class net/minecraft/world/WorldServer
[08:54:41] [main/TRACE] [mixin]: Added class metadata for net/minecraft/world/WorldServer to metadata cache
[08:54:41] [main/DEBUG] [mixin]: Preparing mixins.registries.json (2)
[08:54:41] [main/TRACE] [mixin]: Added class metadata for net/minecraft/util/registry/RegistrySimple to metadata cache
[08:54:41] [main/DEBUG] [mixin]: Preparing mixins.fermiummixins.early.vanilla.healthdesyncpatch.json (1)
[08:54:41] [main/DEBUG] [mixin]: Preparing mixins.srpmixins.vanilla.enumcreaturetype.json (3)
[08:54:41] [main/TRACE] [mixin]: Added class metadata for net/minecraft/entity/EnumCreatureType to metadata cache
[08:54:41] [main/TRACE] [mixin]: Added class metadata for net/minecraft/world/WorldEntitySpawner to metadata cache
[08:54:41] [main/DEBUG] [mixin]: Preparing mixins.fermiummixins.early.vanilla.mineshaftbiomeblacklist.json (1)
[08:54:41] [main/TRACE] [mixin]: Added class metadata for net/minecraft/world/gen/structure/MapGenMineshaft to metadata cache
[08:54:41] [main/DEBUG] [mixin]: Preparing mixins.fermiummixins.early.vanilla.potionamplifiervisibility.json (1)
[08:54:41] [main/DEBUG] [mixin]: Preparing mixins.priorities.json (2)
[08:54:41] [main/DEBUG] [mixin]: Preparing mixins.localizator.core.writablebooks.json (1)
[08:54:41] [main/DEBUG] [mixin]: Preparing mixins.rlmixins.early.bettersurvival.optimization.json (1)
[08:54:41] [main/DEBUG] [mixin]: Preparing mixins.srpmixins.vanilla.adaptationoverhaul.json (1)
[08:54:41] [main/DEBUG] [mixin]: Preparing mixins.fermiummixins.early.quark.runeoptifine.json (2)
[08:54:41] [main/DEBUG] [mixin]: Preparing mixins.recipes.json (1)
[08:54:41] [main/DEBUG] [mixin]: Preparing mixins.fermiummixins.early.vanilla.furnacexplimitfix.json (1)
[08:54:41] [main/DEBUG] [mixin]: Preparing mixins.internal.json (7)
[08:54:41] [main/TRACE] [mixin]: Added class metadata for net/minecraftforge/common/capabilities/CapabilityDispatcher to metadata cache
[08:54:41] [main/TRACE] [mixin]: Added class metadata for net/minecraftforge/fml/common/LoadController to metadata cache
[08:54:41] [main/DEBUG] [mixin]: Preparing mixins.fermiummixins.early.vanilla.teleportinglagpatch.json (1)
[08:54:41] [main/DEBUG] [mixin]: Preparing mixins.fermiummixins.early.vanilla.respawnprotection.json (1)
[08:54:41] [main/TRACE] [mixin]: Added class metadata for net/minecraft/world/WorldProvider to metadata cache
[08:54:41] [main/DEBUG] [mixin]: Preparing mixins.rlmixins.early.rlmixins.mobnausea.json (1)
[08:54:41] [main/DEBUG] [mixin]: Preparing mixins.fermiummixins.early.vanilla.fallblocktick.json (1)
[08:54:41] [main/TRACE] [mixin]: Added class metadata for net/minecraft/block/BlockFalling to metadata cache
[08:54:41] [main/DEBUG] [mixin]: Preparing mixins.fermiummixins.early.mobends.idcrash.json (2)
[08:54:41] [main/DEBUG] [mixin]: Preparing mixins.fermiummixins.early.vanilla.stopsleepresettingweather.json (2)
[08:54:41] [main/DEBUG] [mixin]: Preparing mixins.fermiummixins.early.vanilla.tippedarrowblacklist.json (1)
[08:54:41] [main/DEBUG] [mixin]: Preparing mixins.vfix_bugfixes.json (5)
[08:54:41] [main/TRACE] [mixin]: Added class metadata for net/minecraft/world/chunk/BlockStateContainer to metadata cache
[08:54:41] [main/TRACE] [mixin]: Added class metadata for net/minecraft/entity/EntityTrackerEntry to metadata cache
[08:54:41] [main/DEBUG] [mixin]: Preparing mixins.fermiummixins.early.vanilla.blockstorageoptifine.json (1)
[08:54:41] [main/TRACE] [mixin]: Added class metadata for net/minecraft/world/chunk/storage/ExtendedBlockStorage to metadata cache
[08:54:41] [main/DEBUG] [mixin]: Preparing mixins.fermiummixins.early.bloodmoon.lootpickup.json (1)
[08:54:41] [main/DEBUG] [mixin]: Preparing mixins.capability.json (1)
[08:54:41] [main/DEBUG] [mixin]: Preparing mixins.rlmixins.early.vanilla.concrete.json (1)
[08:54:41] [main/DEBUG] [mixin]: Preparing mixins.fermiummixins.early.vanilla.waterchunkgenticking.json (1)
[08:54:41] [main/INFO] [Quark ASM]: Transforming net.minecraft.block.BlockDynamicLiquid
[08:54:41] [main/INFO] [Quark ASM]: Applying Transformation to method (Names [isBlocked, func_176372_g] Descriptor (Lnet/minecraft/world/World;Lnet/minecraft/util/math/BlockPos;Lnet/minecraft/block/state/IBlockState;)Z)
[08:54:41] [main/INFO] [Quark ASM]: Located Method, patching...
[08:54:41] [main/INFO] [Quark ASM]: Located patch target node IRETURN
[08:54:41] [main/INFO] [Quark ASM]: Located patch target node IRETURN
[08:54:41] [main/INFO] [Quark ASM]: Patch result: true
[08:54:41] [main/TRACE] [mixin]: Added class metadata for net/minecraft/block/BlockDynamicLiquid to metadata cache
[08:54:41] [main/DEBUG] [mixin]: Preparing mixins.fermiummixins.early.vanilla.suppressdangerousprefix.json (1)
[08:54:41] [main/DEBUG] [mixin]: Preparing mixins.fermiummixins.early.vanilla.hardcoregameoverfix.json (1)
[08:54:41] [main/DEBUG] [mixin]: Preparing mixins.fermiummixins.early.mobends.memleak.json (1)
[08:54:41] [main/DEBUG] [mixin]: Preparing mixins.somanyenchantments.upgrading.json (3)
[08:54:41] [main/DEBUG] [mixin]: Preparing mixins.fermiummixins.early.vanilla.suppressbrokenoredict.json (1)
[08:54:41] [main/TRACE] [mixin]: Added class metadata for net/minecraftforge/oredict/OreDictionary to metadata cache
[08:54:41] [main/DEBUG] [mixin]: Preparing mixins.fermiummixins.early.vanilla.suppressaddpacket.json (1)
[08:54:41] [main/DEBUG] [mixin]: Preparing mixins.fermiummixins.early.biomesoplenty.waspfarm.json (1)
[08:54:41] [main/DEBUG] [mixin]: Preparing mixins.fermiummixins.early.waystones.naming.json (1)
[08:54:41] [main/DEBUG] [mixin]: Preparing mixins.fermiummixins.early.vanilla.playerdeathshakefix.json (2)
[08:54:41] [main/DEBUG] [mixin]: Preparing mixins.fermiummixins.early.vanilla.chunkvisibilitycache.json (1)
[08:54:41] [main/DEBUG] [mixin]: Preparing mixins.localizator.core.itementitykill.json (1)
[08:54:41] [main/TRACE] [mixin]: Added class metadata for net/minecraft/command/CommandKill to metadata cache
[08:54:41] [main/DEBUG] [mixin]: Preparing mixins.luckified.vanilla.json (5)
[08:54:41] [main/TRACE] [mixin]: Added class metadata for net/minecraft/inventory/Container to metadata cache
[08:54:41] [main/TRACE] [mixin]: Added class metadata for net/minecraft/world/storage/loot/functions/EnchantWithLevels to metadata cache
[08:54:41] [main/TRACE] [mixin]: Added class metadata for net/minecraft/entity/passive/EntityVillager to metadata cache
[08:54:41] [main/DEBUG] [mixin]: Preparing mixins.fermiummixins.early.itemphysics.servercrash.json (1)
[08:54:41] [main/DEBUG] [mixin]: Preparing mixins.fermiummixins.early.vanilla.mendingpriorities.json (1)
[08:54:41] [main/DEBUG] [mixin]: Preparing mixins.forgefixes.json (4)
[08:54:41] [main/TRACE] [mixin]: Added class metadata for net/minecraft/world/DimensionType to metadata cache
[08:54:41] [main/TRACE] [mixin]: Added class metadata for net/minecraftforge/fml/common/registry/EntityEntry to metadata cache
[08:54:41] [main/TRACE] [mixin]: Added class metadata for net/minecraftforge/event/ForgeEventFactory to metadata cache
[08:54:41] [main/DEBUG] [mixin]: Preparing mixins.srpmixins.vanilla.lootpoolparser.json (1)
[08:54:41] [main/INFO] [ASMUtil]: Transforming class net/minecraftforge/common/ForgeHooks
[08:54:41] [main/INFO] [ASMUtil]: Transforming class net/minecraftforge/common/ForgeHooks
[08:54:41] [main/TRACE] [mixin]: Added class metadata for net/minecraftforge/common/ForgeHooks to metadata cache
[08:54:41] [main/DEBUG] [mixin]: Preparing mixins.fermiummixins.early.vanilla.delayedpacketerrors.json (1)
[08:54:41] [main/DEBUG] [mixin]: Preparing mixins.efficienthashing.json (1)
[08:54:41] [main/TRACE] [mixin]: Added class metadata for net/minecraft/util/math/BlockPos to metadata cache
[08:54:41] [main/DEBUG] [mixin]: Preparing mixins.fermiummixins.early.vanilla.hoerepair.json (1)
[08:54:41] [main/TRACE] [mixin]: Added class metadata for net/minecraft/item/ItemHoe to metadata cache
[08:54:41] [main/DEBUG] [mixin]: Preparing mixins.lockcode.json (1)
[08:54:41] [main/TRACE] [mixin]: Added class metadata for net/minecraft/world/LockCode to metadata cache
[08:54:41] [main/DEBUG] [mixin]: Preparing mixins.fermiummixins.early.vanilla.smoothcrouching.json (1)
[08:54:41] [main/DEBUG] [mixin]: Preparing mixins.fermiummixins.early.anvilpatch.tooexpensivefix.json (1)
[08:54:41] [main/DEBUG] [mixin]: Preparing mixins.localizator.core.noveltyplacement.json (4)
[08:54:41] [main/TRACE] [mixin]: Added class metadata for net/minecraft/item/ItemHangingEntity to metadata cache
[08:54:41] [main/TRACE] [mixin]: Added class metadata for net/minecraft/item/ItemSign to metadata cache
[08:54:41] [main/TRACE] [mixin]: Added class metadata for net/minecraft/item/ItemSkull to metadata cache
[08:54:41] [main/DEBUG] [mixin]: Preparing mixins.fermiummixins.early.vanilla.suppressreceivedpassengers.json (1)
[08:54:41] [main/DEBUG] [mixin]: Preparing mixins.localizator.core.entityname.json (1)
[08:54:41] [main/DEBUG] [mixin]: Preparing mixins.rlmixins.early.betterquesting.button.json (1)
[08:54:41] [main/DEBUG] [mixin]: Preparing mixins.fermiummixins.early.vanilla.nukeadvancements.json (1)
[08:54:41] [main/TRACE] [mixin]: Added class metadata for net/minecraft/advancements/AdvancementManager to metadata cache
[08:54:41] [main/DEBUG] [mixin]: Preparing mixins.noisethreader.vanilla.json (1)
[08:54:41] [main/TRACE] [mixin]: Added class metadata for net/minecraft/world/gen/NoiseGeneratorOctaves to metadata cache
[08:54:41] [main/DEBUG] [mixin]: Preparing mixins.localizator.core.bossoverlay.json (1)
[08:54:41] [main/DEBUG] [mixin]: Preparing mixins.localizator.core.locname.json (3)
[08:54:41] [main/DEBUG] [mixin]: Preparing mixins.fermiummixins.early.vanilla.lazychunkmobspawns.json (2)
[08:54:41] [main/DEBUG] [mixin]: Preparing mixins.fermiummixins.early.vanilla.clientpriority.json (1)
[08:54:41] [main/DEBUG] [mixin]: Preparing mixins.fermiummixins.early.vanilla.weathertiming.json (1)
[08:54:41] [main/DEBUG] [mixin]: Preparing mixins.fermiummixins.early.vanilla.containerdropfix.json (2)
[08:54:41] [main/TRACE] [mixin]: Added class metadata for net/minecraft/inventory/ContainerBeacon to metadata cache
[08:54:41] [main/INFO] [Quark ASM]: Transforming net.minecraft.inventory.ContainerMerchant
[08:54:41] [main/INFO] [Quark ASM]: Applying Transformation to method (Names [transferStackInSlot, func_82846_b] Descriptor (Lnet/minecraft/entity/player/EntityPlayer;I)Lnet/minecraft/item/ItemStack;)
[08:54:41] [main/INFO] [Quark ASM]: Located Method, patching...
[08:54:41] [main/INFO] [Quark ASM]: Located patch target node INVOKEVIRTUAL net/minecraft/inventory/ContainerMerchant.func_75135_a (Lnet/minecraft/item/ItemStack;IIZ)Z
[08:54:41] [main/INFO] [Quark ASM]: Located patch target node INVOKEVIRTUAL net/minecraft/inventory/ContainerMerchant.func_75135_a (Lnet/minecraft/item/ItemStack;IIZ)Z
[08:54:41] [main/INFO] [Quark ASM]: Located patch target node INVOKEVIRTUAL net/minecraft/inventory/ContainerMerchant.func_75135_a (Lnet/minecraft/item/ItemStack;IIZ)Z
[08:54:41] [main/INFO] [Quark ASM]: Located patch target node INVOKEVIRTUAL net/minecraft/inventory/ContainerMerchant.func_75135_a (Lnet/minecraft/item/ItemStack;IIZ)Z
[08:54:41] [main/INFO] [Quark ASM]: Patch result: true
[08:54:41] [main/TRACE] [mixin]: Added class metadata for net/minecraft/inventory/ContainerMerchant to metadata cache
[08:54:41] [main/DEBUG] [mixin]: Preparing mixins.phosphor.json (9)
[08:54:41] [main/DEBUG] [Phosphor Plugin]: Disabled patch 'me.jellysquid.mods.phosphor.mixins.lighting.client.MixinMinecraft' because it targets an client-side class unavailable in the current environment
[08:54:41] [main/DEBUG] [Phosphor Plugin]: Disabled patch 'me.jellysquid.mods.phosphor.mixins.lighting.common.MixinChunk$Sponge' because we are in a standard Vanilla/Forge environment
[08:54:41] [main/INFO] [Phosphor Crash Fix]: Patching setBlockStateInjectGenerateSkylightMapVanilla in MixinChunk$Vanilla
[08:54:41] [main/INFO] [Phosphor Crash Fix]: Patching setBlockStatePreventPropagateSkylightOcclusion1 in MixinChunk$Vanilla
[08:54:41] [main/INFO] [Phosphor Crash Fix]: Patching setBlockStatePreventPropagateSkylightOcclusion2 in MixinChunk$Vanilla
[08:54:41] [main/INFO] [ASMUtil]: Transforming class net/minecraft/world/gen/ChunkProviderServer
[08:54:41] [main/INFO] [ASMUtil]: Transforming class net/minecraft/world/gen/ChunkProviderServer
[08:54:41] [main/TRACE] [mixin]: Added class metadata for net/minecraft/world/gen/ChunkProviderServer to metadata cache
[08:54:41] [main/TRACE] [mixin]: Added class metadata for net/minecraft/network/play/server/SPacketChunkData to metadata cache
[08:54:41] [main/TRACE] [mixin]: Added class metadata for bedbreakbegone/handlers/ConfigHandler$ServerConfig to metadata cache
[08:54:41] [main/TRACE] [mixin]: Added class metadata for java/lang/invoke/MethodHandles$Lookup to metadata cache
[08:54:41] [main/TRACE] [mixin]: Added class metadata for materialtweaker/handlers/ForgeConfigHandler$ServerConfig to metadata cache
[08:54:41] [main/TRACE] [mixin]: Added class metadata for net/minecraft/entity/projectile/EntityArrow$PickupStatus to metadata cache
[08:54:41] [main/TRACE] [mixin]: Added class metadata for net/minecraftforge/common/util/Constants$NBT to metadata cache
[08:54:41] [main/TRACE] [mixin]: Added class metadata for net/minecraft/util/math/RayTraceResult$Type to metadata cache
[08:54:41] [main/TRACE] [mixin]: Added class metadata for eaglemixins/config/ForgeConfigHandler$ServerConfig to metadata cache
[08:54:41] [main/TRACE] [mixin]: Added class metadata for net/minecraft/util/math/BlockPos$PooledMutableBlockPos to metadata cache
[08:54:41] [main/TRACE] [mixin]: Added class metadata for editableedibles/handlers/ForgeConfigHandler$ServerConfig to metadata cache
[08:54:41] [main/TRACE] [mixin]: Added class metadata for net/minecraft/block/BlockBreakable to metadata cache
[08:54:41] [main/TRACE] [mixin]: Added class metadata for com/google/common/collect/ImmutableList$Builder to metadata cache
[08:54:41] [main/TRACE] [mixin]: Added class metadata for net/minecraft/util/math/BlockPos$MutableBlockPos to metadata cache
[08:54:41] [main/TRACE] [mixin]: Added class metadata for com/shultrea/rin/mixin/vanilla/upgrading/ContainerEnchantmentMixin$3 to metadata cache
[08:54:41] [main/TRACE] [mixin]: Added class metadata for com/shultrea/rin/mixin/vanilla/upgrading/ContainerEnchantmentMixin$2 to metadata cache
[08:54:41] [main/TRACE] [mixin]: Added class metadata for com/shultrea/rin/mixin/vanilla/upgrading/ContainerEnchantmentMixin$1 to metadata cache
[08:54:41] [main/TRACE] [mixin]: Added class metadata for net/minecraft/enchantment/Enchantment$Rarity to metadata cache
[08:54:41] [main/DEBUG] [mixin]: Inner class com/shultrea/rin/mixin/vanilla/upgrading/ContainerEnchantmentMixin$2 in com/shultrea/rin/mixin/vanilla/upgrading/ContainerEnchantmentMixin on net/minecraft/inventory/ContainerEnchantment gets unique name net/minecraft/inventory/ContainerEnchantment$Anonymous$df6349ced0f3438382dd8bf2c5a725ac
[08:54:41] [main/DEBUG] [mixin]: Inner class com/shultrea/rin/mixin/vanilla/upgrading/ContainerEnchantmentMixin$1 in com/shultrea/rin/mixin/vanilla/upgrading/ContainerEnchantmentMixin on net/minecraft/inventory/ContainerEnchantment gets unique name net/minecraft/inventory/ContainerEnchantment$Anonymous$3bd4c6a6249043158eaede5612c5c9ff
[08:54:41] [main/TRACE] [mixin]: Added class metadata for luckified/ModConfig$VanillaConfig to metadata cache
[08:54:41] [main/TRACE] [mixin]: Added class metadata for net/minecraftforge/fml/common/eventhandler/Event$Result to metadata cache
[08:54:41] [main/TRACE] [mixin]: Added class metadata for kameib/localizator/handlers/ForgeConfigHandler$ServerConfig to metadata cache
[08:54:41] [main/TRACE] [mixin]: Added class metadata for noisethreader/handlers/ForgeConfigHandler$ServerConfig to metadata cache
[08:54:41] [main/TRACE] [mixin]: Added class metadata for net/minecraft/world/chunk/Chunk$EnumCreateEntityType to metadata cache
[08:54:41] [main/TRACE] [mixin]: Added class metadata for net/minecraft/util/EnumFacing$Plane to metadata cache
[08:54:41] [main/DEBUG] [mixin]: Prepared 198 mixins in 1.499 sec (7.6ms avg) (37ms load, 1137ms transform, 0ms plugin)
[08:54:41] [main/DEBUG] [mixin]: Mixing MinecraftServerAccessorMixin from mixins.spark.accessors.json into net.minecraft.server.MinecraftServer
[08:54:42] [main/DEBUG] [mixin]: Mixing vanilla.MinecraftServer_SaveLogMixin from mixins.fermiummixins.early.vanilla.autosavelog.json into net.minecraft.server.MinecraftServer
[08:54:42] [main/TRACE] [mixin]: Added class metadata for fermiummixins/FermiumMixins to metadata cache
[08:54:42] [main/TRACE] [mixin]: Added class metadata for java/lang/System to metadata cache
[08:54:42] [main/TRACE] [mixin]: Added class metadata for java/lang/Long to metadata cache
[08:54:42] [main/TRACE] [mixin]: Added class metadata for java/lang/Number to metadata cache
[08:54:42] [main/TRACE] [mixin]: Added class metadata for java/lang/Comparable to metadata cache
[08:54:42] [main/DEBUG] [mixin]: Mixing vanilla.MinecraftServer_PriorityMixin from mixins.fermiummixins.early.vanilla.serverpriority.json into net.minecraft.server.MinecraftServer
[08:54:42] [main/TRACE] [mixin]: Added class metadata for java/lang/Thread to metadata cache
[08:54:42] [main/DEBUG] [mixin]: Mixing MinecraftServerMixin from mixins.priorities.json into net.minecraft.server.MinecraftServer
[08:54:42] [main/TRACE] [mixin]: Added class metadata for java/lang/Integer to metadata cache
[08:54:42] [main/TRACE] [mixin]: Added class metadata for net/minecraft/command/ICommandSender to metadata cache
[08:54:42] [main/TRACE] [mixin]: Added class metadata for net/minecraft/util/IThreadListener to metadata cache
[08:54:42] [main/TRACE] [mixin]: Added class metadata for net/minecraft/profiler/ISnooperInfo to metadata cache
[08:54:42] [main/TRACE] [mixin]: Added class metadata for java/lang/Runnable to metadata cache
[08:54:42] [main/TRACE] [mixin]: Added class metadata for net/minecraftforge/fml/common/StartupQuery$AbortedException to metadata cache
[08:54:42] [main/DEBUG] [Bloodmoon]: Found World Class: net/minecraft/world/World
[08:54:42] [main/INFO] [STDOUT]: [pl.asie.foamfix.coremod.FoamFixTransformer:spliceClasses:101]: Added INTERFACE: pl/asie/foamfix/coremod/patches/IFoamFixWorldRemovable
[08:54:42] [main/INFO] [STDOUT]: [pl.asie.foamfix.coremod.FoamFixTransformer:spliceClasses:141]: Added METHOD: net.minecraft.world.World.foamfix_removeUnloadedEntities
[08:54:42] [main/INFO] [LibrarianLib ASM]: Transforming World
[08:54:42] [main/INFO] [LibrarianLib ASM]: Applying Transformation to method (Names [updateEntities, func_72939_s] Descriptor ()V)
[08:54:42] [main/INFO] [LibrarianLib ASM]: Attempting to insert: Update hook
[08:54:42] [main/INFO] [LibrarianLib ASM]: Patch result: Success
[08:54:42] [main/INFO] [LibrarianLib ASM]: Applying Transformation to method (Names [updateEntityWithOptionalForce, func_72866_a] Descriptor (Lnet/minecraft/entity/Entity;Z)V)
[08:54:42] [main/INFO] [LibrarianLib ASM]: Attempting to insert: Update hook
[08:54:42] [main/INFO] [LibrarianLib ASM]: Patch result: Success
[08:54:42] [main/INFO] [ASMUtil]: Transforming class net/minecraft/world/World
[08:54:42] [main/INFO] [ASMUtil]: Transforming class net/minecraft/world/World
[08:54:42] [main/INFO] [ASMUtil]: Transforming class net/minecraft/world/World
[08:54:42] [main/INFO] [ASMUtil]: Transforming class net/minecraft/world/World
[08:54:42] [main/INFO] [ASMUtil]: Transforming class net/minecraft/world/World
[08:54:42] [main/INFO] [ASMUtil]: Transforming class net/minecraft/world/World
[08:54:42] [main/DEBUG] [mixin]: Mixing WorldMixin from mixins.locks.json into net.minecraft.world.World
[08:54:42] [main/TRACE] [mixin]: Added class metadata for melonslise/locks/common/util/LocksUtil to metadata cache
[08:54:42] [main/TRACE] [mixin]: Added class metadata for org/spongepowered/asm/mixin/injection/callback/CallbackInfoReturnable to metadata cache
[08:54:42] [main/DEBUG] [mixin]: Mixing vanilla.World_FlammablePosMixin from mixins.fermiummixins.early.vanilla.worldflammablepos.json into net.minecraft.world.World
[08:54:42] [main/DEBUG] [mixin]: Mixing vanilla.World_SpawnChunkRadiusMixin from mixins.fermiummixins.early.vanilla.spawnchunkradiuspatch.json into net.minecraft.world.World
[08:54:42] [main/TRACE] [mixin]: Added class metadata for fermiummixins/handlers/ConfigHandler to metadata cache
[08:54:42] [main/TRACE] [mixin]: Added class metadata for fermiummixins/config/VanillaConfig to metadata cache
[08:54:42] [main/DEBUG] [mixin]: Mixing vanilla.World_EntityListPatchMixin from mixins.fermiummixins.early.vanilla.chunkentitylistpatch.json into net.minecraft.world.World
[08:54:42] [main/DEBUG] [mixin]: Mixing WorldMixin from mixins.srpmixins.vanilla.enumcreaturetype.json into net.minecraft.world.World
[08:54:42] [main/TRACE] [mixin]: Added class metadata for com/llamalad7/mixinextras/injector/wrapoperation/Operation to metadata cache
[08:54:42] [main/TRACE] [mixin]: Added class metadata for srpmixins/util/ParasiteCreatureType to metadata cache
[08:54:42] [main/DEBUG] [mixin]: Mixing vanilla.IWorldInvoker from mixins.fermiummixins.early.vanilla.lazychunkmobspawns.json into net.minecraft.world.World
[08:54:42] [main/DEBUG] [mixin]: Mixing vanilla.World_WeatherTimingMixin from mixins.fermiummixins.early.vanilla.weathertiming.json into net.minecraft.world.World
[08:54:42] [main/DEBUG] [mixin]: Mixing common.MixinWorld from mixins.phosphor.json into net.minecraft.world.World
[08:54:42] [main/TRACE] [mixin]: Added class metadata for me/jellysquid/mods/phosphor/api/ILightingEngineProvider to metadata cache
[08:54:42] [main/TRACE] [mixin]: Added class metadata for me/jellysquid/mods/phosphor/mod/world/lighting/LightingEngine to metadata cache
[08:54:42] [main/TRACE] [mixin]: Added class metadata for me/jellysquid/mods/phosphor/api/ILightingEngine to metadata cache
[08:54:42] [main/TRACE] [mixin]: Added class metadata for net/minecraftforge/common/capabilities/ICapabilityProvider to metadata cache
[08:54:42] [main/TRACE] [mixin]: Added class metadata for pl/asie/foamfix/coremod/patches/IFoamFixWorldRemovable to metadata cache
[08:54:42] [main/TRACE] [mixin]: Added class metadata for net/minecraft/world/IBlockAccess to metadata cache
[08:54:42] [main/TRACE] [mixin]: Added class metadata for net/minecraft/world/EnumSkyBlock to metadata cache
[08:54:42] [main/INFO] [STDOUT]: [pl.asie.foamfix.coremod.patches.WorldServerRemovalPatch:apply:57]: Patched updateEntities in net/minecraft/world/WorldServer func_72939_s
[08:54:42] [main/INFO] [Quark ASM]: Transforming net.minecraft.world.WorldServer
[08:54:42] [main/INFO] [Quark ASM]: Applying Transformation to method (Names [areAllPlayersAsleep, func_73056_e] Descriptor ()Z)
[08:54:42] [main/INFO] [Quark ASM]: Located Method, patching...
[08:54:42] [main/INFO] [Quark ASM]: Patch result: true
[08:54:42] [main/INFO] [Quark ASM]: Applying Transformation to method (Names [wakeAllPlayers, func_73053_d] Descriptor ()V)
[08:54:42] [main/INFO] [Quark ASM]: Located Method, patching...
[08:54:42] [main/INFO] [Quark ASM]: Patch result: true
[08:54:42] [main/INFO] [ASMUtil]: Transforming class net/minecraft/world/WorldServer
[08:54:42] [main/INFO] [ASMUtil]: Transforming class net/minecraft/world/WorldServer
[08:54:42] [main/INFO] [ASMUtil]: Transforming class net/minecraft/world/WorldServer
[08:54:42] [main/INFO] [ASMUtil]: Transforming class net/minecraft/world/WorldServer
[08:54:42] [main/DEBUG] [mixin]: Mixing vanilla.WorldServer_EntityListDesyncMixin from mixins.fermiummixins.early.vanilla.entitytrackerdesync.json into net.minecraft.world.WorldServer
[08:54:42] [main/TRACE] [mixin]: Added class metadata for fermiummixins/wrapper/IWorldServer to metadata cache
[08:54:42] [main/DEBUG] [mixin]: Mixing vanilla.WorldServer_SleepWeatherMixin from mixins.fermiummixins.early.vanilla.stopsleepresettingweather.json into net.minecraft.world.WorldServer
[08:54:42] [main/TRACE] [mixin]: Added class metadata for fermiummixins/wrapper/IWorldProvider to metadata cache
[08:54:42] [main/TRACE] [mixin]: Added class metadata for net/minecraft/world/storage/ISaveHandler to metadata cache
[08:54:42] [main/TRACE] [mixin]: Added class metadata for net/minecraft/world/storage/WorldInfo to metadata cache
[08:54:42] [main/TRACE] [mixin]: Added class metadata for net/minecraft/profiler/Profiler to metadata cache
[08:54:42] [main/DEBUG] [mixin]: Mixing BlockPosMixin from mixins.efficienthashing.json into net.minecraft.util.math.BlockPos
[08:54:42] [main/TRACE] [mixin]: Added class metadata for net/minecraft/util/math/Vec3i to metadata cache
[08:54:42] [main/TRACE] [mixin]: Added class metadata for java/lang/AssertionError to metadata cache
[08:54:42] [main/TRACE] [mixin]: Added class metadata for java/lang/Error to metadata cache
[08:54:42] [main/INFO] [STDOUT]: [com.pg85.otg.forge.asm.excluded.OTGClassTransformer:transform:91]: OTG-Core transforming: net.minecraft.server.management.PlayerList : pl
[08:54:42] [main/INFO] [STDOUT]: [com.pg85.otg.forge.asm.excluded.OTGClassTransformer:transformPlayerList:999]: OTG-Core transforming PlayerList.transformPlayerListUpdateTimeAndWeather
[08:54:42] [main/INFO] [STDOUT]: [com.pg85.otg.forge.asm.excluded.OTGClassTransformer:transformPlayerList:1001]: OTG-Core transforming PlayerList.setPlayerManager
[08:54:42] [main/DEBUG] [mixin]: Mixing vanilla.PlayerList_EntityListDesyncMixin from mixins.fermiummixins.early.vanilla.entitytrackerdesync.json into net.minecraft.server.management.PlayerList
[08:54:42] [main/TRACE] [mixin]: Added class metadata for net/minecraft/nbt/NBTTagCompound to metadata cache
[08:54:42] [main/TRACE] [mixin]: Added class metadata for net/minecraft/nbt/NBTBase to metadata cache
[08:54:42] [main/TRACE] [mixin]: Added class metadata for net/minecraft/server/management/DemoPlayerInteractionManager to metadata cache
[08:54:42] [main/INFO] [ASMUtil]: Transforming class net/minecraft/server/management/PlayerInteractionManager
[08:54:42] [main/INFO] [ASMUtil]: Transforming method net/minecraft/server/management/PlayerInteractionManager.func_73076_a(Lnet/minecraft/world/GameType;)V
[08:54:42] [main/TRACE] [mixin]: Added class metadata for net/minecraft/server/management/PlayerInteractionManager to metadata cache
[08:54:42] [main/INFO] [Meson ASM]: Transforming EntityPlayer
[08:54:42] [main/INFO] [Meson ASM]: Applying Transformation to method (Names [getArmorVisibility, func_82243_bO, cW] Descriptor ()F / ()F)
[08:54:42] [main/INFO] [Meson ASM]: Located method, patching...
[08:54:42] [main/INFO] [Meson ASM]: Located target IINC 1 1
[08:54:42] [main/INFO] [Meson ASM]: Patch result: true
[08:54:42] [main/DEBUG] [mixin]: Mixing EntityPlayerMixin from mixins.bettercombatmod.json into net.minecraft.entity.player.EntityPlayer
[08:54:42] [main/TRACE] [mixin]: Added class metadata for bettercombat/mod/util/ConfigurationHandler to metadata cache
[08:54:42] [main/TRACE] [mixin]: Added class metadata for bettercombat/mod/util/Helpers to metadata cache
[08:54:42] [main/TRACE] [mixin]: Added class metadata for bettercombat/mod/compat/EnchantCompatHandler to metadata cache
[08:54:42] [main/TRACE] [mixin]: Added class metadata for java/util/Random to metadata cache
[08:54:42] [main/TRACE] [mixin]: Added class metadata for net/minecraft/util/CooldownTracker to metadata cache
[08:54:42] [main/DEBUG] [mixin]: Mixing EntityPlayerMixin from mixins.bedbreakbegone.json into net.minecraft.entity.player.EntityPlayer
[08:54:42] [main/TRACE] [mixin]: Added class metadata for net/minecraft/block/state/IBlockState to metadata cache
[08:54:42] [main/TRACE] [mixin]: Added class metadata for bedbreakbegone/handlers/ConfigHandler to metadata cache
[08:54:42] [main/TRACE] [mixin]: Added class metadata for java/lang/StringBuilder to metadata cache
[08:54:42] [main/TRACE] [mixin]: Added class metadata for java/lang/AbstractStringBuilder to metadata cache
[08:54:42] [main/TRACE] [mixin]: Added class metadata for java/lang/Appendable to metadata cache
[08:54:42] [main/TRACE] [mixin]: Added class metadata for java/lang/CharSequence to metadata cache
[08:54:42] [main/TRACE] [mixin]: Added class metadata for java/io/PrintStream to metadata cache
[08:54:42] [main/TRACE] [mixin]: Added class metadata for net/minecraft/block/BlockHorizontal to metadata cache
[08:54:42] [main/TRACE] [mixin]: Added class metadata for net/minecraft/util/EnumFacing to metadata cache
[08:54:42] [main/TRACE] [mixin]: Added class metadata for net/minecraft/block/state/IBlockBehaviors to metadata cache
[08:54:42] [main/TRACE] [mixin]: Added class metadata for net/minecraft/block/state/IBlockProperties to metadata cache
[08:54:42] [main/TRACE] [mixin]: Added class metadata for net/minecraft/block/material/Material to metadata cache
[08:54:42] [main/DEBUG] [mixin]: Mixing EntityPlayerMixin from mixins.somanyenchantments.vanilla.json into net.minecraft.entity.player.EntityPlayer
[08:54:42] [main/TRACE] [mixin]: Added class metadata for com/shultrea/rin/util/IEntityPlayerMixin to metadata cache
[08:54:42] [main/DEBUG] [mixin]: Mixing vanilla.EntityPlayer_LowerEyeMixin from mixins.fermiummixins.early.vanilla.lowercroucheyeheight.json into net.minecraft.entity.player.EntityPlayer
[08:54:42] [main/TRACE] [mixin]: Added class metadata for net/minecraftforge/common/capabilities/ICapabilitySerializable to metadata cache
[08:54:42] [main/TRACE] [mixin]: Added class metadata for net/minecraftforge/common/util/INBTSerializable to metadata cache
[08:54:42] [main/TRACE] [mixin]: Added class metadata for java/lang/String to metadata cache
[08:54:42] [main/TRACE] [mixin]: Added class metadata for net/minecraft/block/properties/PropertyDirection to metadata cache
[08:54:42] [main/TRACE] [mixin]: Added class metadata for net/minecraft/block/properties/IProperty to metadata cache
[08:54:42] [main/INFO] [STDOUT]: [com.pg85.otg.forge.asm.excluded.OTGClassTransformer:transform:91]: OTG-Core transforming: net.minecraft.entity.EntityLivingBase : vp
[08:54:42] [main/INFO] [ASMUtil]: Transforming class net/minecraft/entity/EntityLivingBase
[08:54:42] [main/INFO] [ASMUtil]: Transforming class net/minecraft/entity/EntityLivingBase
[08:54:42] [main/INFO] [ASMUtil]: Transforming class net/minecraft/entity/EntityLivingBase
[08:54:42] [main/INFO] [ASMUtil]: Transforming class net/minecraft/entity/EntityLivingBase
[08:54:42] [main/DEBUG] [mixin]: Mixing EntityLivingBaseMixin from mixins.bettercombatmod.json into net.minecraft.entity.EntityLivingBase
[08:54:42] [main/TRACE] [mixin]: Added class metadata for net/minecraft/util/EnumHand to metadata cache
[08:54:42] [main/DEBUG] [mixin]: Mixing IEntityLivingBaseMixin from mixins.bettercombatmod.json into net.minecraft.entity.EntityLivingBase
[08:54:42] [main/DEBUG] [mixin]: Mixing EntityLivingBaseMixin from spartanweaponry.mixins.json into net.minecraft.entity.EntityLivingBase
[08:54:42] [main/INFO] [Quark ASM]: Transforming net.minecraft.util.DamageSource
[08:54:42] [main/INFO] [Quark ASM]: Applying Transformation to method (Names [causePlayerDamage, func_76365_a] Descriptor (Lnet/minecraft/entity/player/EntityPlayer;)Lnet/minecraft/util/DamageSource;)
[08:54:42] [main/INFO] [Quark ASM]: Located Method, patching...
[08:54:42] [main/INFO] [Quark ASM]: Patch result: true
[08:54:42] [main/TRACE] [mixin]: Added class metadata for net/minecraft/util/DamageSource to metadata cache
[08:54:42] [main/TRACE] [mixin]: Added class metadata for com/oblivioussp/spartanweaponry/util/IDamageSourceArmorPiercing to metadata cache
[08:54:42] [main/TRACE] [mixin]: Added class metadata for net/minecraft/util/math/MathHelper to metadata cache
[08:54:42] [main/TRACE] [mixin]: Added class metadata for com/oblivioussp/spartanweaponry/util/Log to metadata cache
[08:54:42] [main/TRACE] [mixin]: Added class metadata for net/minecraft/entity/SharedMonsterAttributes to metadata cache
[08:54:42] [main/TRACE] [mixin]: Added class metadata for net/minecraft/entity/ai/attributes/IAttributeInstance to metadata cache
[08:54:42] [main/TRACE] [mixin]: Added class metadata for net/minecraft/util/CombatRules to metadata cache
[08:54:42] [main/TRACE] [mixin]: Added class metadata for java/lang/Float to metadata cache
[08:54:42] [main/DEBUG] [mixin]: Mixing MixinEntityLivingBase from mixins.wolfarmor.core.json into net.minecraft.entity.EntityLivingBase
[08:54:42] [main/DEBUG] [mixin]: Mixing vanilla.PlayerBreathMixin from mixins.eaglemixins.vanilla.json into net.minecraft.entity.EntityLivingBase
[08:54:42] [main/TRACE] [mixin]: Added class metadata for java/lang/Math to metadata cache
[08:54:42] [main/DEBUG] [mixin]: Mixing EntityLivingBaseMixin from mixins.somanyenchantments.vanilla.json into net.minecraft.entity.EntityLivingBase
[08:54:42] [main/TRACE] [mixin]: Added class metadata for com/shultrea/rin/registry/EnchantmentRegistry to metadata cache
[08:54:42] [main/TRACE] [mixin]: Added class metadata for com/shultrea/rin/enchantments/armor/EnchantmentMagmaWalker to metadata cache
[08:54:42] [main/TRACE] [mixin]: Added class metadata for com/shultrea/rin/enchantments/base/EnchantmentBase to metadata cache
[08:54:42] [main/INFO] [Quark ASM]: Transforming net.minecraft.enchantment.Enchantment
[08:54:42] [main/INFO] [Quark ASM]: Applying Transformation to method (Names [canApply, func_92089_a] Descriptor (Lnet/minecraft/item/ItemStack;)Z)
[08:54:42] [main/INFO] [Quark ASM]: Located Method, patching...
[08:54:42] [main/INFO] [Quark ASM]: Located patch target node IRETURN
[08:54:42] [main/INFO] [Quark ASM]: Patch result: true
[08:54:42] [main/TRACE] [mixin]: Added class metadata for net/minecraft/enchantment/Enchantment to metadata cache
[08:54:42] [main/TRACE] [mixin]: Added class metadata for net/minecraftforge/registries/IForgeRegistryEntry$Impl to metadata cache
[08:54:42] [main/TRACE] [mixin]: Added class metadata for net/minecraftforge/registries/IForgeRegistryEntry to metadata cache
[08:54:42] [main/TRACE] [mixin]: Added class metadata for java/util/Map to metadata cache
[08:54:42] [main/TRACE] [mixin]: Added class metadata for net/minecraft/init/MobEffects to metadata cache
[08:54:42] [main/INFO] [ASMUtil]: Transforming class net/minecraft/potion/PotionEffect
[08:54:42] [main/INFO] [ASMUtil]: Transforming class net/minecraft/potion/PotionEffect
[08:54:42] [main/TRACE] [mixin]: Added class metadata for net/minecraft/potion/PotionEffect to metadata cache
[08:54:42] [main/TRACE] [mixin]: Added class metadata for com/charles445/rltweaker/hook/HookPotionCore$Incurable to metadata cache
[08:54:42] [main/TRACE] [mixin]: Added class metadata for com/shultrea/rin/util/IEntityDamageSourceMixin to metadata cache
[08:54:42] [main/TRACE] [mixin]: Added class metadata for com/shultrea/rin/util/compat/CompatUtil to metadata cache
[08:54:42] [main/TRACE] [mixin]: Added class metadata for com/shultrea/rin/util/compat/SpartanWeaponryCompat to metadata cache
[08:54:42] [main/DEBUG] [mixin]: Mixing vanilla.EntityLivingBaseMixin from mixins.bounceable.vanilla.json into net.minecraft.entity.EntityLivingBase
[08:54:42] [main/DEBUG] [mixin]: Mixing vanilla.IEntityLivingBaseMixin from mixins.bounceable.vanilla.json into net.minecraft.entity.EntityLivingBase
[08:54:42] [main/DEBUG] [mixin]: Mixing bettersurvival.vanilla.EntityLivingBase_AntiWarpMixin from mixins.rlmixins.early.bettersurvival.antiwarp.json into net.minecraft.entity.EntityLivingBase
[08:54:42] [main/TRACE] [mixin]: Added class metadata for rlmixins/util/ModLoadedUtil to metadata cache
[08:54:42] [main/TRACE] [mixin]: Added class metadata for rlmixins/wrapper/BetterSurvivalWrapper to metadata cache
[08:54:42] [main/TRACE] [mixin]: Added class metadata for com/oblivioussp/spartanweaponry/item/IBlockingWeapon to metadata cache
[08:54:42] [main/TRACE] [mixin]: Added class metadata for net/minecraft/entity/ai/attributes/IAttribute to metadata cache
[08:54:42] [main/TRACE] [mixin]: Added class metadata for net/minecraft/nbt/NBTTagList to metadata cache
[08:54:42] [main/INFO] [Quark ASM]: Transforming net.minecraft.entity.Entity
[08:54:42] [main/INFO] [Quark ASM]: Applying Transformation to method (Names [move, func_70091_d] Descriptor (Lnet/minecraft/entity/MoverType;DDD)V)
[08:54:42] [main/INFO] [Quark ASM]: Located Method, patching...
[08:54:42] [main/INFO] [Quark ASM]: Patch result: true
[08:54:42] [main/INFO] [Quark ASM]: Located Method, patching...
[08:54:42] [main/INFO] [Quark ASM]: Located patch target node INVOKEVIRTUAL net/minecraft/entity/Entity.func_145775_I ()V
[08:54:42] [main/INFO] [Quark ASM]: Patch result: true
[08:54:42] [main/INFO] [Quark ASM]: Applying Transformation to method (Names [onEntityUpdate, func_70030_z] Descriptor ()V)
[08:54:42] [main/INFO] [Quark ASM]: Located Method, patching...
[08:54:42] [main/INFO] [Quark ASM]: Patch result: true
[08:54:42] [main/INFO] [ASMUtil]: Transforming class net/minecraft/entity/Entity
[08:54:42] [main/INFO] [ASMUtil]: Transforming class net/minecraft/entity/Entity
[08:54:42] [main/INFO] [ASMUtil]: Transforming class net/minecraft/entity/Entity
[08:54:42] [main/INFO] [ASMUtil]: Transforming class net/minecraft/entity/Entity
[08:54:42] [main/DEBUG] [mixin]: Mixing MixinEntity from mixins.vfix_bugfixes.json into net.minecraft.entity.Entity
[08:54:42] [main/DEBUG] [mixin]: Mixing minecraft.entity.MixinEntity from mixins.surge.json into net.minecraft.entity.Entity
[08:54:42] [main/TRACE] [mixin]: Added class metadata for net/darkhax/surge/core/SurgeConfiguration to metadata cache
[08:54:42] [main/TRACE] [mixin]: Added class metadata for net/minecraft/util/math/AxisAlignedBB to metadata cache
[08:54:42] [main/DEBUG] [mixin]: Mixing MixinEntity from mixins.wolfarmor.core.json into net.minecraft.entity.Entity
[08:54:42] [main/DEBUG] [mixin]: Mixing EntityAccessor from mixins.somanyenchantments.vanilla.json into net.minecraft.entity.Entity
[08:54:42] [main/DEBUG] [mixin]: Mixing EntityAccessor from mixins.boatdeletebegone.json into net.minecraft.entity.Entity
[08:54:42] [main/DEBUG] [mixin]: Mixing rlmixins.vanilla.Entity_BounceMixin from mixins.rlmixins.early.rlmixins.slimebouncysides.json into net.minecraft.entity.Entity
[08:54:42] [main/TRACE] [mixin]: Added class metadata for rlmixins/wrapper/IEntity to metadata cache
[08:54:42] [main/DEBUG] [mixin]: Mixing EntityMixin from mixins.crashes.json into net.minecraft.entity.Entity
[08:54:42] [main/DEBUG] [mixin]: Renaming synthetic method lambda$onAddEntityCrashInfo$0()Ljava/lang/String; to md712ceb$lambda$onAddEntityCrashInfo$0$0 in mixins.crashes.json:EntityMixin
[08:54:42] [main/TRACE] [mixin]: Added class metadata for mirror/normalasm/common/crashes/CrashUtils to metadata cache
[08:54:42] [main/TRACE] [mixin]: Added class metadata for java/lang/ThreadLocal to metadata cache
[08:54:42] [main/DEBUG] [mixin]: Mixing minecraft.EntityAccessor from mixins.localizator.core.entityaccessor.json into net.minecraft.entity.Entity
[08:54:42] [main/DEBUG] [mixin]: Mixing vanilla.Entity_TeleportingLagMixin from mixins.fermiummixins.early.vanilla.teleportinglagpatch.json into net.minecraft.entity.Entity
[08:54:42] [main/TRACE] [mixin]: Added class metadata for net/minecraft/crash/ICrashReportDetail to metadata cache
[08:54:42] [main/TRACE] [mixin]: Added class metadata for java/util/ArrayList to metadata cache
[08:54:42] [main/TRACE] [mixin]: Added class metadata for java/util/AbstractList to metadata cache
[08:54:42] [main/DEBUG] [mixin]: Mixing vanilla.AdvancementManager_NukeMixin from mixins.fermiummixins.early.vanilla.nukeadvancements.json into net.minecraft.advancements.AdvancementManager
[08:54:42] [main/TRACE] [mixin]: Added class metadata for java/lang/IllegalArgumentException to metadata cache
[08:54:42] [main/TRACE] [mixin]: Added class metadata for com/google/gson/JsonParseException to metadata cache
[08:54:42] [main/TRACE] [mixin]: Added class metadata for java/io/IOException to metadata cache
[08:54:42] [main/TRACE] [mixin]: Added class metadata for java/net/URISyntaxException to metadata cache
[08:54:42] [main/DEBUG] [mixin]: Mixing CrashReportMixin from mixins.crashes.json into net.minecraft.crash.CrashReport
[08:54:42] [main/TRACE] [mixin]: Added class metadata for mirror/normalasm/common/crashes/ICrashReportSuspectGetter to metadata cache
[08:54:42] [main/DEBUG] [mixin]: Renaming synthetic method lambda$afterPopulateEnvironment$0()Ljava/lang/String; to md712ceb$lambda$afterPopulateEnvironment$0$0 in mixins.crashes.json:CrashReportMixin
[08:54:42] [main/TRACE] [mixin]: Added class metadata for mirror/normalasm/api/StacktraceDeobfuscator to metadata cache
[08:54:42] [main/TRACE] [mixin]: Added class metadata for mirror/normalasm/config/NormalConfig to metadata cache
[08:54:42] [main/TRACE] [mixin]: Added class metadata for java/text/SimpleDateFormat to metadata cache
[08:54:42] [main/TRACE] [mixin]: Added class metadata for java/text/DateFormat to metadata cache
[08:54:42] [main/TRACE] [mixin]: Added class metadata for java/text/Format to metadata cache
[08:54:42] [main/TRACE] [mixin]: Added class metadata for java/lang/Cloneable to metadata cache
[08:54:42] [main/TRACE] [mixin]: Added class metadata for java/util/Date to metadata cache
[08:54:42] [main/TRACE] [mixin]: Added class metadata for mirror/normalasm/common/crashes/ModIdentifier to metadata cache
[08:54:42] [main/TRACE] [mixin]: Added class metadata for java/util/Collection to metadata cache
[08:54:42] [main/TRACE] [mixin]: Added class metadata for java/lang/Iterable to metadata cache
[08:54:42] [main/TRACE] [mixin]: Added class metadata for java/util/RandomAccess to metadata cache
[08:54:42] [main/TRACE] [mixin]: Added class metadata for org/apache/commons/lang3/StringUtils to metadata cache
[08:54:42] [main/TRACE] [mixin]: Added class metadata for org/apache/commons/lang3/exception/ExceptionUtils to metadata cache
[08:54:42] [main/TRACE] [mixin]: Added class metadata for java/lang/OutOfMemoryError to metadata cache
[08:54:42] [main/TRACE] [mixin]: Added class metadata for java/lang/VirtualMachineError to metadata cache
[08:54:42] [main/TRACE] [mixin]: Added class metadata for java/lang/StackOverflowError to metadata cache
[08:54:42] [main/TRACE] [mixin]: Added class metadata for java/lang/NullPointerException to metadata cache
[08:54:42] [main/INFO] [LaunchWrapper]: Launching wrapped minecraft {net.minecraft.server.MinecraftServer}
[08:54:42] [main/INFO] [STDOUT]: [com.pg85.otg.forge.asm.excluded.OTGClassTransformer:transform:91]: OTG-Core transforming: net.minecraftforge.registries.GameData : net/minecraftforge/registries/GameData
[08:54:42] [main/DEBUG] [mixin]: Mixing minecraftforge.registries.MixinGameData from mixins.surge.json into net.minecraftforge.registries.GameData
[08:54:42] [main/TRACE] [mixin]: Added class metadata for java/util/Locale to metadata cache
[08:54:42] [main/TRACE] [mixin]: Added class metadata for net/minecraftforge/fml/common/InjectedModContainer to metadata cache
[08:54:42] [main/INFO] [FermiumASM]: Injecting calls in net/minecraft/util/ResourceLocation<init> to canonicalize strings
[08:54:42] [main/INFO] [FermiumASM]: Injecting calls in net/minecraft/util/ResourceLocation<init> to canonicalize strings
[08:54:42] [main/TRACE] [mixin]: Added class metadata for net/minecraft/util/ResourceLocation to metadata cache
[08:54:42] [main/DEBUG] [mixin]: Mixing vanilla.GameData_SuppressPrefixMixin from mixins.fermiummixins.early.vanilla.suppressdangerousprefix.json into net.minecraftforge.registries.GameData
[08:54:42] [main/TRACE] [mixin]: Added class metadata for java/lang/IllegalAccessException to metadata cache
[08:54:42] [main/TRACE] [mixin]: Added class metadata for java/lang/NoSuchFieldException to metadata cache
[08:54:42] [main/TRACE] [mixin]: Added class metadata for java/lang/SecurityException to metadata cache
[08:54:42] [main/INFO] [FermiumASM]: Injecting calls in net/minecraft/util/ResourceLocation<init> to canonicalize strings
[08:54:42] [main/INFO] [FermiumASM]: Injecting calls in net/minecraft/util/ResourceLocation<init> to canonicalize strings
[08:54:42] [main/DEBUG] [mixin]: Mixing ForgeEnchantmentRegistryMixin from mixins.somanyenchantments.vanilla.json into net.minecraftforge.registries.ForgeRegistry
[08:54:42] [main/TRACE] [mixin]: Added class metadata for com/shultrea/rin/config/ConfigProvider to metadata cache
[08:54:42] [main/TRACE] [mixin]: Added class metadata for com/shultrea/rin/SoManyEnchantments to metadata cache
[08:54:42] [main/TRACE] [mixin]: Added class metadata for net/minecraftforge/registries/IForgeRegistryModifiable to metadata cache
[08:54:42] [main/TRACE] [mixin]: Added class metadata for net/minecraftforge/registries/IForgeRegistry to metadata cache
[08:54:42] [main/TRACE] [mixin]: Added class metadata for net/minecraftforge/registries/IForgeRegistryInternal to metadata cache
[08:54:42] [main/INFO] [ASMUtil]: Transforming class net/minecraft/block/Block
[08:54:42] [main/INFO] [ASMUtil]: Transforming class net/minecraft/block/Block
[08:54:42] [main/DEBUG] [mixin]: Mixing BlockMixin from mixins.locks.json into net.minecraft.block.Block
[08:54:42] [main/DEBUG] [mixin]: Renaming synthetic method lambda$getExplosionResistance$0(Lmelonslise/locks/common/util/Lockable;)Ljava/lang/Float; to md712ceb$lambda$getExplosionResistance$0$0 in mixins.locks.json:BlockMixin
[08:54:42] [main/TRACE] [mixin]: Added class metadata for melonslise/locks/common/util/LocksPredicates to metadata cache
[08:54:42] [main/TRACE] [mixin]: Added class metadata for java/util/stream/Stream to metadata cache
[08:54:42] [main/TRACE] [mixin]: Added class metadata for java/util/Optional to metadata cache
[08:54:42] [main/TRACE] [mixin]: Added class metadata for melonslise/locks/common/util/Lockable to metadata cache
[08:54:42] [main/TRACE] [mixin]: Added class metadata for melonslise/locks/common/item/LockItem to metadata cache
[08:54:42] [main/TRACE] [mixin]: Added class metadata for melonslise/locks/common/item/LockingItem to metadata cache
[08:54:42] [main/DEBUG] [mixin]: Mixing vanilla.BlockMixin from mixins.bounceable.vanilla.json into net.minecraft.block.Block
[08:54:42] [main/TRACE] [mixin]: Added class metadata for bounceable/handlers/ForgeConfigHandler to metadata cache
[08:54:42] [main/TRACE] [mixin]: Added class metadata for it/unimi/dsi/fastutil/objects/Object2ObjectArrayMap to metadata cache
[08:54:42] [main/TRACE] [mixin]: Added class metadata for bounceable/util/BounceBlock to metadata cache
[08:54:42] [main/TRACE] [mixin]: Added class metadata for bounceable/Bounceable to metadata cache
[08:54:42] [main/INFO] [TNTUtils Core]: About to patch obfuscated class amp (net.minecraft.world.Explosion)
[08:54:42] [main/TRACE] [TNTUtils Core]: Found target method func_77279_a(Z)V
[08:54:42] [main/TRACE] [TNTUtils Core]: Found target instructions "fconst_1" through "fdiv"
[08:54:42] [main/INFO] [TNTUtils Core]: Successfully injected into func_77279_a(Z)V
[08:54:42] [main/TRACE] [mixin]: Added class metadata for net/minecraft/world/Explosion to metadata cache
[08:54:42] [main/TRACE] [mixin]: Added class metadata for java/util/function/Function to metadata cache
[08:54:42] [main/DEBUG] [mixin]: Mixing RegistrySimpleMixin from mixins.registries.json into net.minecraft.util.registry.RegistrySimple
[08:54:42] [main/TRACE] [mixin]: Added class metadata for mirror/normalasm/api/mixins/RegistrySimpleExtender to metadata cache
[08:54:42] [main/TRACE] [mixin]: Added class metadata for mirror/normalasm/NormalASM to metadata cache
[08:54:42] [main/TRACE] [mixin]: Added class metadata for it/unimi/dsi/fastutil/objects/Object2ReferenceOpenHashMap to metadata cache
[08:54:42] [main/TRACE] [mixin]: Added class metadata for it/unimi/dsi/fastutil/objects/AbstractObject2ReferenceMap to metadata cache
[08:54:42] [main/TRACE] [mixin]: Added class metadata for it/unimi/dsi/fastutil/objects/AbstractObject2ReferenceFunction to metadata cache
[08:54:42] [main/TRACE] [mixin]: Added class metadata for it/unimi/dsi/fastutil/objects/Object2ReferenceFunction to metadata cache
[08:54:42] [main/TRACE] [mixin]: Added class metadata for it/unimi/dsi/fastutil/Function to metadata cache
[08:54:42] [main/TRACE] [mixin]: Added class metadata for it/unimi/dsi/fastutil/objects/Object2ReferenceMap to metadata cache
[08:54:42] [main/TRACE] [mixin]: Added class metadata for it/unimi/dsi/fastutil/Hash to metadata cache
[08:54:42] [main/TRACE] [mixin]: Added class metadata for org/apache/commons/lang3/Validate to metadata cache
[08:54:42] [main/TRACE] [mixin]: Added class metadata for it/unimi/dsi/fastutil/objects/Object2ReferenceArrayMap to metadata cache
[08:54:42] [main/TRACE] [mixin]: Added class metadata for net/minecraft/util/registry/IRegistry to metadata cache
[08:54:42] [main/DEBUG] [mixin]: Mixing RepairOverrideMixin from mixins.materialtweaker.core.json into net.minecraft.item.Item
[08:54:42] [main/TRACE] [mixin]: Added class metadata for materialtweaker/handlers/CustomConfigHandler to metadata cache
[08:54:42] [main/TRACE] [mixin]: Added class metadata for materialtweaker/core/MaterialTweaker to metadata cache
[08:54:42] [main/DEBUG] [mixin]: Mixing ItemMixin from mixins.somanyenchantments.vanilla.json into net.minecraft.item.Item
[08:54:42] [main/TRACE] [mixin]: Added class metadata for net/minecraft/inventory/EntityEquipmentSlot to metadata cache
[08:54:42] [main/TRACE] [mixin]: Added class metadata for net/minecraft/entity/ai/attributes/AttributeModifier to metadata cache
[08:54:42] [main/TRACE] [mixin]: Added class metadata for com/google/common/collect/Multimap to metadata cache
[08:54:42] [main/TRACE] [mixin]: Added class metadata for java/util/UUID to metadata cache
[08:54:42] [main/DEBUG] [mixin]: Mixing SyncAdaptation from mixins.srpmixins.vanilla.adaptationoverhaul.json into net.minecraft.item.Item
[08:54:42] [main/TRACE] [mixin]: Added class metadata for srpmixins/capability/adaptation/CapabilityAdaptationHandler to metadata cache
[08:54:42] [main/TRACE] [mixin]: Added class metadata for net/minecraftforge/common/capabilities/Capability to metadata cache
[08:54:42] [main/TRACE] [mixin]: Added class metadata for srpmixins/capability/adaptation/ICapabilityAdaptation to metadata cache
[08:54:42] [main/DEBUG] [mixin]: Mixing MixinPotion from mixins.wolfarmor.core.json into net.minecraft.potion.Potion
[08:54:42] [main/TRACE] [mixin]: Added class metadata for net/minecraftforge/common/MinecraftForge to metadata cache
[08:54:42] [main/TRACE] [mixin]: Added class metadata for dev/satyrn/wolfarmor/common/event/PotionEffectEvent to metadata cache
[08:54:42] [main/TRACE] [mixin]: Added class metadata for net/minecraftforge/fml/common/eventhandler/Event to metadata cache
[08:54:42] [main/TRACE] [mixin]: Added class metadata for net/minecraftforge/fml/common/eventhandler/EventBus to metadata cache
[08:54:42] [main/INFO] [STDOUT]: [com.pg85.otg.forge.asm.excluded.OTGClassTransformer:transform:91]: OTG-Core transforming: net.minecraft.world.biome.Biome : anh
[08:54:42] [main/DEBUG] [mixin]: Mixing vanilla.Biome_MaterialMixin from mixins.fermiummixins.early.vanilla.materialcheck.json into net.minecraft.world.biome.Biome
[08:54:42] [main/DEBUG] [mixin]: Mixing waystones.vanilla.IBiomeAccessor from mixins.fermiummixins.early.waystones.naming.json into net.minecraft.world.biome.Biome
[08:54:42] [main/TRACE] [mixin]: Added class metadata for net/minecraft/world/gen/feature/WorldGenBigTree to metadata cache
[08:54:42] [main/TRACE] [mixin]: Added class metadata for net/minecraft/world/gen/feature/WorldGenTrees to metadata cache
[08:54:42] [main/TRACE] [mixin]: Added class metadata for net/minecraft/world/gen/feature/WorldGenAbstractTree to metadata cache
[08:54:42] [main/TRACE] [mixin]: Added class metadata for net/minecraft/world/gen/feature/WorldGenerator to metadata cache
[08:54:42] [main/INFO] [Quark ASM]: Transforming net.minecraft.enchantment.Enchantment
[08:54:42] [main/INFO] [Quark ASM]: Applying Transformation to method (Names [canApply, func_92089_a] Descriptor (Lnet/minecraft/item/ItemStack;)Z)
[08:54:42] [main/INFO] [Quark ASM]: Located Method, patching...
[08:54:42] [main/INFO] [Quark ASM]: Located patch target node IRETURN
[08:54:42] [main/INFO] [Quark ASM]: Patch result: true
[08:54:42] [main/DEBUG] [mixin]: Mixing EntityEntryMixin from mixins.forgefixes.json into net.minecraftforge.fml.common.registry.EntityEntry
[08:54:42] [main/TRACE] [mixin]: Added class metadata for java/lang/reflect/Modifier to metadata cache
[08:54:42] [main/TRACE] [mixin]: Added class metadata for mirror/normalasm/NormalReflector to metadata cache
[08:54:42] [main/TRACE] [mixin]: Added class metadata for net/minecraft/launchwrapper/Launch to metadata cache
[08:54:42] [main/TRACE] [mixin]: Added class metadata for it/unimi/dsi/fastutil/objects/Reference2ReferenceArrayMap to metadata cache
[08:54:42] [main/TRACE] [mixin]: Added class metadata for it/unimi/dsi/fastutil/objects/AbstractReference2ReferenceMap to metadata cache
[08:54:42] [main/TRACE] [mixin]: Added class metadata for it/unimi/dsi/fastutil/objects/AbstractReference2ReferenceFunction to metadata cache
[08:54:42] [main/TRACE] [mixin]: Added class metadata for it/unimi/dsi/fastutil/objects/Reference2ReferenceFunction to metadata cache
[08:54:42] [main/TRACE] [mixin]: Added class metadata for it/unimi/dsi/fastutil/objects/Reference2ReferenceMap to metadata cache
[08:54:42] [main/TRACE] [mixin]: Added class metadata for mirror/normalasm/NormalLogger to metadata cache
[08:54:42] [main/TRACE] [mixin]: Added class metadata for java/lang/reflect/Constructor to metadata cache
[08:54:42] [main/TRACE] [mixin]: Added class metadata for java/lang/invoke/MethodType to metadata cache
[08:54:42] [main/TRACE] [mixin]: Added class metadata for java/lang/invoke/LambdaMetafactory to metadata cache
[08:54:42] [main/TRACE] [mixin]: Added class metadata for java/lang/invoke/CallSite to metadata cache
[08:54:42] [main/TRACE] [mixin]: Added class metadata for java/lang/invoke/MethodHandle to metadata cache
[08:54:42] [main/TRACE] [mixin]: Added class metadata for java/lang/ClassLoader to metadata cache
[08:54:42] [main/INFO] [STDOUT]: [com.creativemd.creativecore.transformer.CreativeTransformer:transform:49]: [itemphysic] Patched net.minecraft.entity.item.EntityItem ...
[08:54:43] [main/INFO] [STDOUT]: [com.creativemd.creativecore.transformer.CreativeTransformer:transform:49]: [itemphysic] Patched net.minecraft.entity.item.EntityItem ...
[08:54:43] [main/INFO] [STDOUT]: [com.pg85.otg.forge.asm.excluded.OTGClassTransformer:transform:91]: OTG-Core transforming: net.minecraft.entity.item.EntityItem : acl
[08:54:43] [main/INFO] [Quark ASM]: Transforming net.minecraft.entity.item.EntityItem
[08:54:43] [main/INFO] [Quark ASM]: Applying Transformation to method (Names [onUpdate, func_70071_h_] Descriptor ()V)
[08:54:43] [main/INFO] [Quark ASM]: Located Method, patching...
[08:54:43] [main/INFO] [Quark ASM]: Patch result: true
[08:54:43] [main/DEBUG] [mixin]: Mixing minecraft.entity.item.MixinEntityItem from mixins.surge.json into net.minecraft.entity.item.EntityItem
[08:54:43] [main/DEBUG] [mixin]: Mixing itemphysics.vanilla.IEntityItemAccessor from mixins.fermiummixins.early.itemphysics.servercrash.json into net.minecraft.entity.item.EntityItem
[08:54:43] [main/INFO] [STDOUT]: [com.pg85.otg.forge.asm.excluded.OTGClassTransformer:transform:91]: OTG-Core transforming: net.minecraft.entity.item.EntityXPOrb : vm
[08:54:43] [main/DEBUG] [mixin]: Mixing vanilla.EntityXPOrb_MergeMixin from mixins.fermiummixins.early.vanilla.mergexporbs.json into net.minecraft.entity.item.EntityXPOrb
[08:54:43] [main/TRACE] [mixin]: Added class metadata for net/minecraft/util/EntitySelectors to metadata cache
[08:54:43] [main/DEBUG] [mixin]: Mixing vanilla.EntityXPOrb_MendingMixin from mixins.fermiummixins.early.vanilla.mendingpriorities.json into net.minecraft.entity.item.EntityXPOrb
[08:54:43] [main/TRACE] [mixin]: Added class metadata for net/minecraft/init/Enchantments to metadata cache
[08:54:43] [main/TRACE] [mixin]: Added class metadata for com/google/common/collect/Lists to metadata cache
[08:54:43] [main/TRACE] [mixin]: Added class metadata for com/google/common/base/Predicate to metadata cache
[08:54:43] [main/INFO] [STDOUT]: [pl.asie.foamfix.coremod.FoamFixTransformer:spliceClasses:114]: Spliced in METHOD: net.minecraft.block.state.BlockStateContainer.createState
[08:54:43] [main/INFO] [STDOUT]: [pl.asie.foamfix.coremod.FoamFixTransformer:spliceClasses:165]: Added FIELD: net.minecraft.block.state.BlockStateContainer.foamfix_mapper
[08:54:43] [main/DEBUG] [mixin]: Mixing vanilla.BlockObserverMixin from mixins.eaglemixins.vanilla.json into net.minecraft.block.BlockObserver
[08:54:43] [main/TRACE] [mixin]: Added class metadata for net/minecraft/block/BlockDirectional to metadata cache
[08:54:43] [main/TRACE] [mixin]: Added class metadata for eaglemixins/config/ForgeConfigHandler to metadata cache
[08:54:43] [main/TRACE] [mixin]: Added class metadata for net/minecraft/block/properties/PropertyBool to metadata cache
[08:54:43] [main/INFO] [STDOUT]: [pl.asie.foamfix.coremod.FoamFixTransformer:spliceClasses:114]: Spliced in METHOD: net.minecraft.block.properties.PropertyEnum.equals
[08:54:43] [main/INFO] [STDOUT]: [pl.asie.foamfix.coremod.FoamFixTransformer:spliceClasses:114]: Spliced in METHOD: net.minecraft.block.properties.PropertyEnum.hashCode
[08:54:43] [main/INFO] [STDOUT]: [pl.asie.foamfix.coremod.FoamFixTransformer:spliceClasses:165]: Added FIELD: net.minecraft.block.properties.PropertyEnum.foamfix_hashCode
[08:54:43] [main/INFO] [STDOUT]: [pl.asie.foamfix.coremod.FoamFixTransformer:spliceClasses:165]: Added FIELD: net.minecraft.block.properties.PropertyEnum.foamfix_hashCode_calced
[08:54:43] [main/INFO] [STDOUT]: [pl.asie.foamfix.coremod.FoamFixTransformer:spliceClasses:114]: Spliced in METHOD: net.minecraft.block.properties.PropertyInteger.hashCode
[08:54:43] [main/INFO] [STDOUT]: [pl.asie.foamfix.coremod.FoamFixTransformer:spliceClasses:165]: Added FIELD: net.minecraft.block.properties.PropertyInteger.foamfix_hashCode
[08:54:43] [main/INFO] [STDOUT]: [pl.asie.foamfix.coremod.FoamFixTransformer:spliceClasses:165]: Added FIELD: net.minecraft.block.properties.PropertyInteger.foamfix_hashCode_calced
[08:54:43] [main/INFO] [STDOUT]: [pl.asie.foamfix.coremod.FoamFixTransformer:spliceClasses:114]: Spliced in METHOD: net.minecraft.block.properties.PropertyBool.equals
[08:54:43] [main/INFO] [STDOUT]: [pl.asie.foamfix.coremod.FoamFixTransformer:spliceClasses:114]: Spliced in METHOD: net.minecraft.block.properties.PropertyBool.hashCode
[08:54:43] [main/INFO] [Quark ASM]: Transforming net.minecraft.item.ItemStack
[08:54:43] [main/INFO] [Quark ASM]: Applying Transformation to method (Names [getTextComponent, func_151000_E] Descriptor ()Lnet/minecraft/util/text/ITextComponent;)
[08:54:43] [main/INFO] [Quark ASM]: Located Method, patching...
[08:54:43] [main/INFO] [Quark ASM]: Located patch target node ARETURN
[08:54:43] [main/INFO] [Quark ASM]: Patch result: true
[08:54:43] [main/DEBUG] [mixin]: Mixing vanilla.ItemStackMixin from mixins.eaglemixins.vanilla.json into net.minecraft.item.ItemStack
[08:54:43] [main/TRACE] [mixin]: Added class metadata for java/lang/Double to metadata cache
[08:54:43] [main/DEBUG] [mixin]: Mixing ItemStackMixin from mixins.somanyenchantments.vanilla.json into net.minecraft.item.ItemStack
[08:54:43] [main/DEBUG] [mixin]: Mixing ItemStackMixin from mixins.stripitemstack.json into net.minecraft.item.ItemStack
[08:54:43] [main/TRACE] [mixin]: Added class metadata for com/google/common/cache/Cache to metadata cache
[08:54:43] [main/TRACE] [mixin]: Added class metadata for com/google/common/cache/CacheBuilder to metadata cache
[08:54:43] [main/TRACE] [mixin]: Added class metadata for org/apache/commons/lang3/tuple/Pair to metadata cache
[08:54:43] [main/DEBUG] [mixin]: Mixing ItemStackMixin from mixins.internal.json into net.minecraft.item.ItemStack
[08:54:43] [main/TRACE] [mixin]: Added class metadata for mirror/normalasm/api/IItemStackCapabilityInjector to metadata cache
[08:54:43] [main/TRACE] [mixin]: Added class metadata for java/util/Collections to metadata cache
[08:54:43] [main/TRACE] [mixin]: Added class metadata for com/google/common/collect/ImmutableMap to metadata cache
[08:54:43] [main/TRACE] [mixin]: Added class metadata for mirror/normalasm/api/ICapabilityDispatcherManipulator to metadata cache
[08:54:43] [main/DEBUG] [mixin]: Mixing ItemStackMixin from mixins.capability.json into net.minecraft.item.ItemStack
[08:54:43] [main/TRACE] [mixin]: Added class metadata for mirror/normalasm/api/IItemStackCapabilityDelayer to metadata cache
[08:54:43] [main/DEBUG] [mixin]: Mixing minecraft.ItemStackLocNameMixin from mixins.localizator.core.locname.json into net.minecraft.item.ItemStack
[08:54:43] [main/TRACE] [mixin]: Added class metadata for kameib/localizator/handlers/ForgeConfigHandler to metadata cache
[08:54:43] [main/TRACE] [mixin]: Added class metadata for kameib/localizator/util/LocNameArguments to metadata cache
[08:54:43] [main/TRACE] [mixin]: Added class metadata for net/minecraft/util/text/translation/I18n to metadata cache
[08:54:43] [main/TRACE] [mixin]: Added class metadata for net/minecraft/util/text/TextFormatting to metadata cache
[08:54:43] [main/TRACE] [mixin]: Added class metadata for com/google/common/collect/HashMultimap to metadata cache
[08:54:43] [main/TRACE] [mixin]: Added class metadata for com/google/common/collect/AbstractSetMultimap to metadata cache
[08:54:43] [main/TRACE] [mixin]: Added class metadata for com/google/common/collect/AbstractMapBasedMultimap to metadata cache
[08:54:43] [main/TRACE] [mixin]: Added class metadata for com/google/common/collect/AbstractMultimap to metadata cache
[08:54:43] [main/INFO] [Quark ASM]: Transforming net.minecraft.block.BlockDynamicLiquid
[08:54:43] [main/INFO] [Quark ASM]: Applying Transformation to method (Names [isBlocked, func_176372_g] Descriptor (Lnet/minecraft/world/World;Lnet/minecraft/util/math/BlockPos;Lnet/minecraft/block/state/IBlockState;)Z)
[08:54:43] [main/INFO] [Quark ASM]: Located Method, patching...
[08:54:43] [main/INFO] [Quark ASM]: Located patch target node IRETURN
[08:54:43] [main/INFO] [Quark ASM]: Located patch target node IRETURN
[08:54:43] [main/INFO] [Quark ASM]: Patch result: true
[08:54:43] [main/DEBUG] [mixin]: Mixing vanilla.BlockDynamicLiquid_TickingMixin from mixins.fermiummixins.early.vanilla.waterchunkgenticking.json into net.minecraft.block.BlockDynamicLiquid
[08:54:43] [main/TRACE] [mixin]: Added class metadata for net/minecraft/block/BlockLiquid to metadata cache
[08:54:43] [main/DEBUG] [mixin]: Mixing vanilla.BlockFalling_PerformanceMixin from mixins.fermiummixins.early.vanilla.fallblocktick.json into net.minecraft.block.BlockFalling
[08:54:43] [main/INFO] [STDOUT]: [com.pg85.otg.forge.asm.excluded.OTGClassTransformer:transform:91]: OTG-Core transforming: net.minecraft.entity.item.EntityFallingBlock : ack
[08:54:43] [main/INFO] [ASMUtil]: Transforming class net/minecraft/entity/item/EntityFallingBlock
[08:54:43] [main/INFO] [ASMUtil]: Transforming class net/minecraft/entity/item/EntityFallingBlock
[08:54:43] [main/TRACE] [mixin]: Added class metadata for net/minecraft/entity/item/EntityFallingBlock to metadata cache
[08:54:43] [main/INFO] [STDOUT]: [com.pg85.otg.forge.asm.excluded.OTGClassTransformer:transform:91]: OTG-Core transforming: net.minecraft.entity.item.EntityFallingBlock : ack
[08:54:43] [main/INFO] [ASMUtil]: Transforming class net/minecraft/entity/item/EntityFallingBlock
[08:54:43] [main/INFO] [ASMUtil]: Transforming class net/minecraft/entity/item/EntityFallingBlock
[08:54:43] [main/INFO] [STDOUT]: [pl.asie.foamfix.coremod.FoamFixTransformer:spliceClasses:114]: Spliced in METHOD: net.minecraft.tileentity.TileEntity.func_190559_a
[08:54:43] [main/DEBUG] [mixin]: Mixing TileEntityMixin from mixins.crashes.json into net.minecraft.tileentity.TileEntity
[08:54:43] [main/DEBUG] [mixin]: Renaming synthetic method lambda$onAddEntityCrashInfo$0()Ljava/lang/String; to md712ceb$lambda$onAddEntityCrashInfo$0$0 in mixins.crashes.json:TileEntityMixin
[08:54:43] [main/DEBUG] [mixin]: Mixing TileEntityLockableLootAccessor from mixins.locks.json into net.minecraft.tileentity.TileEntityLockableLoot
[08:54:43] [main/DEBUG] [mixin]: Mixing TileEntityLockableMixin from mixins.locks.json into net.minecraft.tileentity.TileEntityLockable
[08:54:43] [main/TRACE] [mixin]: Added class metadata for net/minecraftforge/items/CapabilityItemHandler to metadata cache
[08:54:43] [main/TRACE] [mixin]: Added class metadata for net/minecraftforge/items/wrapper/EmptyHandler to metadata cache
[08:54:43] [main/DEBUG] [mixin]: Mixing minecraft.TileEntityLockableMixin from mixins.localizator.core.containername.json into net.minecraft.tileentity.TileEntityLockable
[08:54:43] [main/TRACE] [mixin]: Added class metadata for net/minecraft/world/ILockableContainer to metadata cache
[08:54:43] [main/TRACE] [mixin]: Added class metadata for net/minecraft/world/IInteractionObject to metadata cache
[08:54:43] [main/TRACE] [mixin]: Added class metadata for net/minecraft/world/IWorldNameable to metadata cache
[08:54:43] [main/TRACE] [mixin]: Added class metadata for net/minecraft/util/text/TextComponentTranslation to metadata cache
[08:54:43] [main/TRACE] [mixin]: Added class metadata for net/minecraft/util/text/TextComponentBase to metadata cache
[08:54:43] [main/TRACE] [mixin]: Added class metadata for net/minecraft/util/text/ITextComponent to metadata cache
[08:54:43] [main/TRACE] [mixin]: Added class metadata for net/minecraft/inventory/IInventory to metadata cache
[08:54:43] [main/TRACE] [mixin]: Added class metadata for net/minecraftforge/items/IItemHandler to metadata cache
[08:54:43] [main/TRACE] [mixin]: Added class metadata for net/minecraft/util/text/TextComponentString to metadata cache
[08:54:43] [main/INFO] [STDOUT]: [pl.asie.foamfix.coremod.FoamFixTransformer:spliceClasses:114]: Spliced in METHOD: net.minecraft.block.BlockBed.func_189540_a
[08:54:43] [main/INFO] [Quark ASM]: Transforming net.minecraft.block.BlockPistonBase
[08:54:43] [main/INFO] [Quark ASM]: Applying Transformation to method (Names [canPush, func_185646_a] Descriptor (Lnet/minecraft/block/state/IBlockState;Lnet/minecraft/world/World;Lnet/minecraft/util/math/BlockPos;Lnet/minecraft/util/EnumFacing;ZLnet/minecraft/util/EnumFacing;)Z)
[08:54:43] [main/INFO] [Quark ASM]: Located Method, patching...
[08:54:43] [main/INFO] [Quark ASM]: Located patch target node INVOKEVIRTUAL net/minecraft/block/Block.hasTileEntity (Lnet/minecraft/block/state/IBlockState;)Z
[08:54:43] [main/INFO] [Quark ASM]: Patch result: true
[08:54:43] [main/INFO] [Quark ASM]: Applying Transformation to method (Names [doMove, func_176319_a] Descriptor (Lnet/minecraft/world/World;Lnet/minecraft/util/math/BlockPos;Lnet/minecraft/util/EnumFacing;Z)Z)
[08:54:43] [main/INFO] [Quark ASM]: Located Method, patching...
[08:54:43] [main/INFO] [Quark ASM]: Located patch target node INVOKEVIRTUAL net/minecraft/block/state/BlockPistonStructureHelper.func_177254_c ()Ljava/util/List;
[08:54:43] [main/INFO] [Quark ASM]: Patch result: true
[08:54:43] [main/INFO] [Quark ASM]: Applying Transformation to method (Names [doMove, func_176319_a] Descriptor (Lnet/minecraft/world/World;Lnet/minecraft/util/math/BlockPos;Lnet/minecraft/util/EnumFacing;Z)Z)
[08:54:43] [main/INFO] [Quark ASM]: Located Method, patching...
[08:54:43] [main/INFO] [Quark ASM]: Located patch target node INVOKESPECIAL net/minecraft/block/state/BlockPistonStructureHelper.<init> (Lnet/minecraft/world/World;Lnet/minecraft/util/math/BlockPos;Lnet/minecraft/util/EnumFacing;Z)V
[08:54:43] [main/INFO] [Quark ASM]: Patch result: true
[08:54:43] [main/INFO] [Quark ASM]: Applying Transformation to method (Names [checkForMove, func_176316_e] Descriptor (Lnet/minecraft/world/World;Lnet/minecraft/util/math/BlockPos;Lnet/minecraft/block/state/IBlockState;)V)
[08:54:43] [main/INFO] [Quark ASM]: Located Method, patching...
[08:54:43] [main/INFO] [Quark ASM]: Located patch target node INVOKESPECIAL net/minecraft/block/state/BlockPistonStructureHelper.<init> (Lnet/minecraft/world/World;Lnet/minecraft/util/math/BlockPos;Lnet/minecraft/util/EnumFacing;Z)V
[08:54:43] [main/INFO] [Quark ASM]: Patch result: true
[08:54:43] [main/DEBUG] [mixin]: Mixing BlockPistonBaseMixin from mixins.locks.json into net.minecraft.block.BlockPistonBase
[08:54:43] [main/DEBUG] [mixin]: Mixing biomesoplenty.vanilla.BlockPistonBase_WaspFarmMixin from mixins.fermiummixins.early.biomesoplenty.waspfarm.json into net.minecraft.block.BlockPistonBase
[08:54:43] [main/TRACE] [mixin]: Added class metadata for fermiummixins/util/ModLoadedUtil to metadata cache
[08:54:43] [main/TRACE] [mixin]: Added class metadata for fermiummixins/wrapper/BiomesOPlentyWrapper to metadata cache
[08:54:43] [main/INFO] [Quark ASM]: Transforming net.minecraft.tileentity.TileEntityPiston
[08:54:43] [main/INFO] [Quark ASM]: Applying Transformation to method (Names [update, func_73660_a] Descriptor ()V)
[08:54:43] [main/INFO] [Quark ASM]: Located Method, patching...
[08:54:43] [main/INFO] [Quark ASM]: Patch result: true
[08:54:43] [main/INFO] [Quark ASM]: Applying Transformation to method (Names [clearPistonTileEntity, func_145866_f] Descriptor ()V)
[08:54:43] [main/INFO] [Quark ASM]: Located Method, patching...
[08:54:43] [main/INFO] [Quark ASM]: Located patch target node INVOKEVIRTUAL net/minecraft/world/World.func_180501_a (Lnet/minecraft/util/math/BlockPos;Lnet/minecraft/block/state/IBlockState;I)Z
[08:54:43] [main/INFO] [Quark ASM]: Patch result: true
[08:54:43] [main/INFO] [Quark ASM]: Applying Transformation to method (Names [update, func_73660_a] Descriptor ()V)
[08:54:43] [main/INFO] [Quark ASM]: Located Method, patching...
[08:54:43] [main/INFO] [Quark ASM]: Located patch target node INVOKEVIRTUAL net/minecraft/world/World.func_180501_a (Lnet/minecraft/util/math/BlockPos;Lnet/minecraft/block/state/IBlockState;I)Z
[08:54:43] [main/INFO] [Quark ASM]: Patch result: true
[08:54:43] [main/DEBUG] [mixin]: Mixing vanilla.TileEntityPiston_EntityListPatchMixin from mixins.fermiummixins.early.vanilla.chunkentitylistpatch.json into net.minecraft.tileentity.TileEntityPiston
[08:54:43] [main/TRACE] [mixin]: Added class metadata for net/minecraft/util/ITickable to metadata cache
[08:54:43] [main/TRACE] [mixin]: Added class metadata for net/minecraft/block/material/EnumPushReaction to metadata cache
[08:54:43] [main/INFO] [STDOUT]: [com.pg85.otg.forge.asm.excluded.OTGClassTransformer:transform:91]: OTG-Core transforming: net.minecraft.entity.item.EntityTNTPrimed : acm
[08:54:43] [main/DEBUG] [mixin]: Mixing BlockChestMixin from mixins.locks.json into net.minecraft.block.BlockChest
[08:54:43] [main/TRACE] [mixin]: Added class metadata for net/minecraft/block/BlockContainer to metadata cache
[08:54:43] [main/TRACE] [mixin]: Added class metadata for net/minecraft/block/ITileEntityProvider to metadata cache
[08:54:43] [main/TRACE] [mixin]: Added class metadata for java/lang/Enum to metadata cache
[08:54:43] [main/TRACE] [mixin]: Added class metadata for net/minecraft/inventory/InventoryLargeChest to metadata cache
[08:54:43] [main/DEBUG] [mixin]: Mixing TileEntityChestMixin from mixins.locks.json into net.minecraft.tileentity.TileEntityChest
[08:54:43] [main/TRACE] [mixin]: Added class metadata for net/minecraft/world/storage/loot/ILootContainer to metadata cache
[08:54:43] [main/INFO] [RB-Transformer]: Injecting into apr (net.minecraft.block.BlockWorkbench)
[08:54:43] [main/INFO] [RB-Transformer]:  - ITileEntityProvider
[08:54:43] [main/INFO] [RB-Transformer]:  - createNewTileEntity
[08:54:43] [main/INFO] [RB-Transformer]:  - breakBlock
[08:54:43] [main/INFO] [RB-Transformer]:  - <clinit>
[08:54:43] [main/INFO] [RB-Transformer]:  - Done
[08:54:43] [main/INFO] [ASMUtil]: Transforming class pw/prok/realbench/WorkbenchTile
[08:54:43] [main/INFO] [ASMUtil]: Transforming class pw/prok/realbench/WorkbenchTile
[08:54:43] [main/INFO] [RB-Transformer]: Injecting into pw.prok.realbench.asm.ASMHooks (pw.prok.realbench.asm.ASMHooks)
[08:54:43] [main/INFO] [RB-Transformer]:  - getTile
[08:54:43] [main/INFO] [RB-Transformer]:  - Done
[08:54:43] [main/INFO] [ASMUtil]: Transforming class pw/prok/realbench/asm/ASMHooks
[08:54:43] [main/INFO] [ASMUtil]: Transforming class pw/prok/realbench/asm/ASMHooks
[08:54:43] [main/INFO] [Meson ASM]: Transforming TileEntityFurnace
[08:54:43] [main/INFO] [Meson ASM]: Applying Transformation to method (Names [smeltItem, func_145949_j, o] Descriptor ()V / ()V)
[08:54:43] [main/INFO] [Meson ASM]: Located method, patching...
[08:54:43] [main/INFO] [Meson ASM]: Located target ASTORE 2
[08:54:43] [main/INFO] [Meson ASM]: Patch result: true
[08:54:43] [main/INFO] [Meson ASM]: Applying Transformation to method (Names [isItemValidForSlot, func_94041_b, b] Descriptor (ILnet/minecraft/item/ItemStack;)Z / (ILaip;)Z)
[08:54:43] [main/INFO] [Meson ASM]: Located method, patching...
[08:54:43] [main/INFO] [Meson ASM]: Located target ILOAD 1
[08:54:43] [main/INFO] [Meson ASM]: Patch result: true
[08:54:43] [main/DEBUG] [mixin]: Mixing TileEntityFurnaceMixin from mixins.locks.json into net.minecraft.tileentity.TileEntityFurnace
[08:54:43] [main/DEBUG] [mixin]: Mixing TileEntityFurnaceMixin from mixins.furnacexpstorage.json into net.minecraft.tileentity.TileEntityFurnace
[08:54:43] [main/TRACE] [mixin]: Added class metadata for furnacexpstorage/util/SmeltItemHelper to metadata cache
[08:54:43] [main/TRACE] [mixin]: Added class metadata for net/minecraft/inventory/ISidedInventory to metadata cache
[08:54:43] [main/DEBUG] [mixin]: Mixing TileEntityBrewingStandMixin from mixins.locks.json into net.minecraft.tileentity.TileEntityBrewingStand
[08:54:43] [main/INFO] [Meson ASM]: Transforming TileEntityBeacon
[08:54:43] [main/INFO] [Meson ASM]: Applying Transformation to method (Names [addEffectsToPlayers, func_146000_x, E] Descriptor ()V / ()V)
[08:54:43] [main/INFO] [Meson ASM]: Located method, patching...
[08:54:43] [main/INFO] [Meson ASM]: Located target ALOAD 9
[08:54:43] [main/INFO] [Meson ASM]: Patch result: true
[08:54:43] [main/INFO] [ASMUtil]: Transforming class net/minecraft/tileentity/TileEntityHopper
[08:54:43] [main/INFO] [ASMUtil]: Transforming class net/minecraft/tileentity/TileEntityHopper
[08:54:43] [main/INFO] [Meson ASM]: Transforming TileEntityShulkerBox
[08:54:43] [main/INFO] [Meson ASM]: Applying Transformation to method (Names [canInsertItem, func_180462_a, a] Descriptor (ILnet/minecraft/item/ItemStack;Lnet/minecraft/util/EnumFacing;)Z / (ILaip;Lnet/minecraft/util/EnumFacing;)Z)
[08:54:43] [main/INFO] [Meson ASM]: Failed to locate the method!
[08:54:43] [main/DEBUG] [mixin]: Mixing charm.vanilla.TileEntityShulkerBox_InsertionMixin from mixins.fermiummixins.early.charm.shulkerinsertion.json into net.minecraft.tileentity.TileEntityShulkerBox
[08:54:43] [main/TRACE] [mixin]: Added class metadata for fermiummixins/wrapper/CharmWrapper to metadata cache
[08:54:43] [main/INFO] [STDOUT]: [pl.asie.foamfix.coremod.patches.GhostBusterBlockStateAccessPatch$FFMethodVisitor:visitMethodInsn:93]: Added ghost buster patch (getBlockState call wrapped) in net/minecraft/block/BlockFarmland func_176530_e (net/minecraft/world/World func_180495_p (Lnet/minecraft/util/math/BlockPos;)Lnet/minecraft/block/state/IBlockState;)
[08:54:43] [main/DEBUG] [mixin]: Mixing MixinEntityCreature from mixins.wolfarmor.core.json into net.minecraft.entity.EntityCreature
[08:54:43] [main/DEBUG] [mixin]: Mixing MixinEntityLiving from mixins.wolfarmor.core.json into net.minecraft.entity.EntityLiving
[08:54:43] [main/DEBUG] [mixin]: Mixing accessors.EntityLivingAccessor from mixins.wolfarmor.core.json into net.minecraft.entity.EntityLiving
[08:54:43] [main/DEBUG] [mixin]: Mixing IEntityLivingMixin from mixins.somanyenchantments.vanilla.json into net.minecraft.entity.EntityLiving
[08:54:43] [main/DEBUG] [mixin]: Mixing rlmixins.vanilla.EntityLiving_MobNauseaMixin from mixins.rlmixins.early.rlmixins.mobnausea.json into net.minecraft.entity.EntityLiving
[08:54:43] [main/TRACE] [mixin]: Added class metadata for rlmixins/wrapper/IEntityLiving to metadata cache
[08:54:43] [main/DEBUG] [mixin]: Mixing bloodmoon.vanilla.EntityLiving_LootMixin from mixins.fermiummixins.early.bloodmoon.lootpickup.json into net.minecraft.entity.EntityLiving
[08:54:43] [main/DEBUG] [mixin]: Unexpected: Registered method getInventoryHandsDropChances()[F in net.minecraft.entity.EntityLiving was not merged
[08:54:43] [main/DEBUG] [VSD ASM]: patching BlockPortal as net/minecraft/block/BlockPortal ...
[08:54:43] [main/DEBUG] [VSD ASM]: patching method trySpawnPortal() as func_176548_d(Lnet/minecraft/world/World;Lnet/minecraft/util/math/BlockPos;)Z
[08:54:43] [main/DEBUG] [mixin]: Mixing vanilla.BlockPortal_PigmenSpawnsMixin from mixins.fermiummixins.early.vanilla.stoppigmenportalspawns.json into net.minecraft.block.BlockPortal
[08:54:43] [main/DEBUG] [mixin]: Mixing vanilla.TrapdoorLadderMixin from mixins.eaglemixins.vanilla.json into net.minecraft.block.BlockTrapDoor
[08:54:43] [main/TRACE] [mixin]: Added class metadata for net/minecraft/block/BlockLadder to metadata cache
[08:54:43] [main/INFO] [ASMUtil]: Transforming class net/minecraft/entity/monster/EntityMob
[08:54:43] [main/INFO] [ASMUtil]: Transforming class net/minecraft/entity/monster/EntityMob
[08:54:43] [main/DEBUG] [mixin]: Mixing vanilla.ItemPotionMixin from mixins.eaglemixins.vanilla.json into net.minecraft.item.ItemPotion
[08:54:43] [main/TRACE] [mixin]: Added class metadata for eaglemixins/util/Ref to metadata cache
[08:54:43] [main/TRACE] [mixin]: Added class metadata for eaglemixins/handlers/RandomTpCancelHandler to metadata cache
[08:54:43] [main/INFO] [Meson ASM]: Transforming EntityWither
[08:54:43] [main/INFO] [Meson ASM]: Applying Transformation to method (Names [canDestroyBlock, func_181033_a, a] Descriptor (Lnet/minecraft/block/Block;)Z / (Lnet/minecraft/block/Block;)Z)
[08:54:43] [main/INFO] [Meson ASM]: Failed to locate the method!
[08:54:43] [main/INFO] [STDOUT]: [pl.asie.patchy.helpers.ConstructorReplacingTransformer$FFMethodVisitor:visitTypeInsn:73]: Replaced NEW for net/minecraft/tileentity/TileEntityHopper to pl/asie/foamfix/common/TileEntityFasterHopper
[08:54:43] [main/INFO] [STDOUT]: [pl.asie.patchy.helpers.ConstructorReplacingTransformer$FFMethodVisitor:visitMethodInsn:85]: Replaced INVOKESPECIAL for net/minecraft/tileentity/TileEntityHopper to pl/asie/foamfix/common/TileEntityFasterHopper
[08:54:44] [main/DEBUG] [mixin]: Mixing rlmixins.vanilla.BlockSlime_BounceMixin from mixins.rlmixins.early.rlmixins.slimebouncysides.json into net.minecraft.block.BlockSlime
[08:54:44] [main/TRACE] [mixin]: Added class metadata for net/minecraft/block/state/BlockFaceShape to metadata cache
[08:54:44] [main/TRACE] [mixin]: Added class metadata for net/minecraft/block/material/MapColor to metadata cache
[08:54:44] [main/DEBUG] [mixin]: Mixing EnchantmentProtectionMixin from mixins.somanyenchantments.vanilla.json into net.minecraft.enchantment.EnchantmentProtection
[08:54:44] [main/TRACE] [mixin]: Added class metadata for com/shultrea/rin/enchantments/armor/protection/EnchantmentAdvancedBlastProtection to metadata cache
[08:54:44] [main/TRACE] [mixin]: Added class metadata for com/shultrea/rin/enchantments/armor/protection/EnchantmentAdvancedFireProtection to metadata cache
[08:54:44] [main/INFO] [Quark ASM]: Transforming net.minecraft.enchantment.EnchantmentDamage
[08:54:44] [main/INFO] [Quark ASM]: Applying Transformation to method (Names [canApply, func_92089_a] Descriptor (Lnet/minecraft/item/ItemStack;)Z)
[08:54:44] [main/INFO] [Quark ASM]: Located Method, patching...
[08:54:44] [main/INFO] [Quark ASM]: Located patch target node IRETURN
[08:54:44] [main/INFO] [Quark ASM]: Located patch target node IRETURN
[08:54:44] [main/INFO] [Quark ASM]: Patch result: true
[08:54:44] [main/DEBUG] [mixin]: Mixing ItemBlockAccessor from mixins.snowrealmagic.json into net.minecraft.item.ItemBlock
[08:54:44] [main/DEBUG] [mixin]: Mixing minecraft.ItemBlockMixin from mixins.localizator.core.noveltyplacement.json into net.minecraft.item.ItemBlock
[08:54:44] [main/TRACE] [mixin]: Added class metadata for kameib/localizator/util/ItemStackUtil to metadata cache
[08:54:44] [main/TRACE] [mixin]: Added class metadata for net/minecraftforge/fml/common/registry/ForgeRegistries to metadata cache
[08:54:44] [main/TRACE] [mixin]: Added class metadata for java/util/HashSet to metadata cache
[08:54:44] [main/TRACE] [mixin]: Added class metadata for net/minecraft/util/EnumActionResult to metadata cache
[08:54:44] [main/DEBUG] [mixin]: Mixing MixinItemSnow from mixins.snowrealmagic.json into net.minecraft.item.ItemSnow
[08:54:44] [main/TRACE] [mixin]: Added class metadata for snownee/snow/ModConfig to metadata cache
[08:54:44] [main/TRACE] [mixin]: Added class metadata for net/minecraft/init/Blocks to metadata cache
[08:54:44] [main/TRACE] [mixin]: Added class metadata for snownee/snow/ModSnowBlock to metadata cache
[08:54:44] [main/TRACE] [mixin]: Added class metadata for net/minecraft/block/BlockSnow to metadata cache
[08:54:44] [main/TRACE] [mixin]: Added class metadata for net/minecraft/advancements/CriteriaTriggers to metadata cache
[08:54:44] [main/TRACE] [mixin]: Added class metadata for net/minecraft/advancements/critereon/PlacedBlockTrigger to metadata cache
[08:54:44] [main/TRACE] [mixin]: Added class metadata for net/minecraft/util/math/Vec3d to metadata cache
[08:54:44] [main/TRACE] [mixin]: Added class metadata for net/minecraft/util/math/RayTraceResult to metadata cache
[08:54:44] [main/TRACE] [mixin]: Added class metadata for net/minecraft/util/ActionResult to metadata cache
[08:54:44] [main/DEBUG] [mixin]: Mixing minecraft.ItemHangingEntityMixin from mixins.localizator.core.noveltyplacement.json into net.minecraft.item.ItemHangingEntity
[08:54:44] [main/TRACE] [mixin]: Added class metadata for net/minecraft/entity/item/EntityPainting to metadata cache
[08:54:44] [main/DEBUG] [mixin]: Mixing RepairOverrideMixin from mixins.materialtweaker.core.json into net.minecraft.item.ItemTool
[08:54:44] [main/TRACE] [mixin]: Added class metadata for com/google/common/collect/ImmutableSet to metadata cache
[08:54:44] [main/INFO] [Meson ASM]: Transforming ItemToolMaterial
[08:54:44] [main/INFO] [Meson ASM]: Applying Transformation to method (Names [getMaxUses, func_77997_a, a] Descriptor ()I / ()I)
[08:54:44] [main/INFO] [Meson ASM]: Located method, patching...
[08:54:44] [main/INFO] [Meson ASM]: Located target GETFIELD ain$a.g : I
[08:54:44] [main/INFO] [Meson ASM]: Patch result: true
[08:54:44] [main/INFO] [Meson ASM]: Applying Transformation to method (Names [getEfficiency, func_77998_b, b] Descriptor ()F / ()F)
[08:54:44] [main/INFO] [Meson ASM]: Located method, patching...
[08:54:44] [main/INFO] [Meson ASM]: Located target GETFIELD ain$a.h : F
[08:54:44] [main/INFO] [Meson ASM]: Patch result: true
[08:54:44] [main/INFO] [Meson ASM]: Applying Transformation to method (Names [getAttackDamage, func_78000_c, c] Descriptor ()F / ()F)
[08:54:44] [main/INFO] [Meson ASM]: Located method, patching...
[08:54:44] [main/INFO] [Meson ASM]: Located target GETFIELD ain$a.i : F
[08:54:44] [main/INFO] [Meson ASM]: Patch result: true
[08:54:44] [main/INFO] [Meson ASM]: Applying Transformation to method (Names [getHarvestLevel, func_77996_d, d] Descriptor ()I / ()I)
[08:54:44] [main/INFO] [Meson ASM]: Located method, patching...
[08:54:44] [main/INFO] [Meson ASM]: Located target GETFIELD ain$a.f : I
[08:54:44] [main/INFO] [Meson ASM]: Patch result: true
[08:54:44] [main/INFO] [Meson ASM]: Applying Transformation to method (Names [getEnchantability, func_77995_e, e] Descriptor ()I / ()I)
[08:54:44] [main/INFO] [Meson ASM]: Located method, patching...
[08:54:44] [main/INFO] [Meson ASM]: Located target GETFIELD ain$a.j : I
[08:54:44] [main/INFO] [Meson ASM]: Patch result: true
[08:54:44] [main/DEBUG] [mixin]: Mixing ItemToolMaterialMixin from mixins.materialtweaker.core.json into net.minecraft.item.Item$ToolMaterial
[08:54:44] [main/TRACE] [mixin]: Added class metadata for materialtweaker/util/ToolAttributeEntry to metadata cache
[08:54:44] [main/DEBUG] [mixin]: Mixing vanilla.ItemFoodInvoker from mixins.editableedibles.vanilla.json into net.minecraft.item.ItemFood
[08:54:44] [main/DEBUG] [mixin]: Mixing vanilla.ItemFoodMixin from mixins.editableedibles.vanilla.json into net.minecraft.item.ItemFood
[08:54:44] [main/TRACE] [mixin]: Added class metadata for editableedibles/handlers/ForgeConfigHandler to metadata cache
[08:54:44] [main/TRACE] [mixin]: Added class metadata for it/unimi/dsi/fastutil/ints/Int2ObjectArrayMap to metadata cache
[08:54:44] [main/TRACE] [mixin]: Added class metadata for editableedibles/util/FoodEffectEntry to metadata cache
[08:54:44] [main/TRACE] [mixin]: Added class metadata for editableedibles/util/FoodUtil to metadata cache
[08:54:44] [main/DEBUG] [mixin]: Mixing IItemBowMixin from mixins.somanyenchantments.vanilla.json into net.minecraft.item.ItemBow
[08:54:44] [main/INFO] [STDOUT]: [com.pg85.otg.forge.asm.excluded.OTGClassTransformer:transform:91]: OTG-Core transforming: net.minecraft.entity.projectile.EntityArrow : aeh
[08:54:44] [main/DEBUG] [mixin]: Mixing EntityArrowMixin from spartanweaponry.mixins.json into net.minecraft.entity.projectile.EntityArrow
[08:54:44] [main/TRACE] [mixin]: Added class metadata for com/oblivioussp/spartanweaponry/util/QuiverHelper to metadata cache
[08:54:44] [main/TRACE] [mixin]: Added class metadata for com/oblivioussp/spartanweaponry/item/ItemQuiverBase to metadata cache
[08:54:44] [main/TRACE] [mixin]: Added class metadata for net/minecraft/init/SoundEvents to metadata cache
[08:54:44] [main/TRACE] [mixin]: Added class metadata for net/minecraft/util/SoundCategory to metadata cache
[08:54:44] [main/DEBUG] [mixin]: Mixing IEntityArrowAccessor from spartanweaponry.mixins.json into net.minecraft.entity.projectile.EntityArrow
[08:54:44] [main/DEBUG] [mixin]: Mixing EntityArrowMixin from mixins.somanyenchantments.vanilla.json into net.minecraft.entity.projectile.EntityArrow
[08:54:44] [main/DEBUG] [mixin]: Mixing bountifulbaubles.vanilla.IEntityArrowAccessor from mixins.fermiummixins.early.bountifulbaubles.flaregun.json into net.minecraft.entity.projectile.EntityArrow
[08:54:44] [main/DEBUG] [mixin]: Mixing bettersurvival.vanilla.IEntityArrowAccessor from mixins.rlmixins.early.bettersurvival.optimization.json into net.minecraft.entity.projectile.EntityArrow
[08:54:44] [main/DEBUG] [mixin]: Mixing mobends.vanilla.IEntityArrowAccessor from mixins.fermiummixins.early.mobends.memleak.json into net.minecraft.entity.projectile.EntityArrow
[08:54:44] [main/TRACE] [mixin]: Added class metadata for net/minecraft/entity/IProjectile to metadata cache
[08:54:44] [main/TRACE] [mixin]: Added class metadata for net/minecraft/util/SoundEvent to metadata cache
[08:54:44] [main/DEBUG] [mixin]: Unexpected: Registered method getInGround()Z in net.minecraft.entity.projectile.EntityArrow was not merged
[08:54:44] [main/DEBUG] [mixin]: Mixing vanilla.EntityTippedArrow_ParticleRenderMixin from mixins.fermiummixins.early.vanilla.untippedarrowparticles.json into net.minecraft.entity.projectile.EntityTippedArrow
[08:54:44] [main/TRACE] [mixin]: Added class metadata for net/minecraft/potion/PotionType to metadata cache
[08:54:44] [main/TRACE] [mixin]: Added class metadata for net/minecraft/init/PotionTypes to metadata cache
[08:54:44] [main/DEBUG] [mixin]: Mixing vanilla.EntityTippedArrow_BlacklistMixin from mixins.fermiummixins.early.vanilla.tippedarrowblacklist.json into net.minecraft.entity.projectile.EntityTippedArrow
[08:54:44] [main/DEBUG] [mixin]: Mixing RepairOverrideMixin from mixins.materialtweaker.core.json into net.minecraft.item.ItemSword
[08:54:44] [main/DEBUG] [mixin]: Mixing vanilla.ItemSoup_StackableBowlMixin from mixins.fermiummixins.early.vanilla.stackablesoupbowlfix.json into net.minecraft.item.ItemSoup
[08:54:44] [main/TRACE] [mixin]: Added class metadata for net/minecraft/init/Items to metadata cache
[08:54:44] [main/DEBUG] [mixin]: Mixing vanilla.ItemHoe_RepairMixin from mixins.fermiummixins.early.vanilla.hoerepair.json into net.minecraft.item.ItemHoe
[08:54:44] [main/DEBUG] [mixin]: Mixing RepairOverrideMixin from mixins.materialtweaker.core.json into net.minecraft.item.ItemArmor
[08:54:44] [main/DEBUG] [mixin]: Mixing ItemArmorArmorMaterialMixin from mixins.materialtweaker.core.json into net.minecraft.item.ItemArmor$ArmorMaterial
[08:54:44] [main/TRACE] [mixin]: Added class metadata for materialtweaker/util/ArmorAttributeEntry to metadata cache
[08:54:44] [main/INFO] [ASMUtil]: Transforming class net/minecraft/entity/item/EntityItemFrame
[08:54:44] [main/INFO] [ASMUtil]: Transforming class net/minecraft/entity/item/EntityItemFrame
[08:54:44] [main/DEBUG] [mixin]: Mixing EntityItemFrameMixin from mixins.framevoidpatch.json into net.minecraft.entity.item.EntityItemFrame
[08:54:44] [main/TRACE] [mixin]: Added class metadata for net/minecraft/entity/EntityHanging to metadata cache
[08:54:44] [main/DEBUG] [mixin]: Mixing minecraft.ItemSignMixin from mixins.localizator.core.noveltyplacement.json into net.minecraft.item.ItemSign
[08:54:44] [main/INFO] [STDOUT]: [com.pg85.otg.forge.asm.excluded.OTGClassTransformer:transform:91]: OTG-Core transforming: net.minecraft.entity.item.EntityMinecart : afe
[08:54:44] [main/INFO] [Quark ASM]: Transforming net.minecraft.entity.item.EntityMinecart
[08:54:44] [main/INFO] [Quark ASM]: Applying Transformation to method (Names [killMinecart, func_94095_a] Descriptor (Lnet/minecraft/util/DamageSource;)V)
[08:54:44] [main/INFO] [Quark ASM]: Located Method, patching...
[08:54:44] [main/INFO] [Quark ASM]: Located patch target node INVOKEVIRTUAL net/minecraft/entity/item/EntityMinecart.func_70099_a (Lnet/minecraft/item/ItemStack;F)Lnet/minecraft/entity/item/EntityItem;
[08:54:44] [main/INFO] [Quark ASM]: Patch result: true
[08:54:44] [main/DEBUG] [mixin]: Mixing vanilla.EntityMinecart_BossMixin from mixins.fermiummixins.early.vanilla.bossvehicle.json into net.minecraft.entity.item.EntityMinecart
[08:54:44] [main/TRACE] [mixin]: Added class metadata for fermiummixins/wrapper/ScalingHealthWrapper to metadata cache
[08:54:44] [main/TRACE] [mixin]: Added class metadata for fermiummixins/wrapper/InfernalMobsWrapper to metadata cache
[08:54:44] [main/TRACE] [mixin]: Added class metadata for fermiummixins/wrapper/ChampionsWrapper to metadata cache
[08:54:44] [main/TRACE] [mixin]: Added class metadata for net/minecraft/entity/monster/IMob to metadata cache
[08:54:44] [main/INFO] [STDOUT]: [com.pg85.otg.forge.asm.excluded.OTGClassTransformer:transform:91]: OTG-Core transforming: net.minecraft.entity.projectile.EntityThrowable : aev
[08:54:44] [main/INFO] [STDOUT]: [com.pg85.otg.forge.asm.excluded.OTGClassTransformer:transform:91]: OTG-Core transforming: net.minecraft.entity.item.EntityBoat : afd
[08:54:44] [main/INFO] [Quark ASM]: Transforming net.minecraft.entity.item.EntityBoat
[08:54:44] [main/INFO] [Quark ASM]: Applying Transformation to method (Names [attackEntityFrom, func_70097_a] Descriptor (Lnet/minecraft/util/DamageSource;F)Z)
[08:54:44] [main/INFO] [Quark ASM]: Located Method, patching...
[08:54:44] [main/INFO] [Quark ASM]: Located patch target node INVOKEVIRTUAL net/minecraft/entity/item/EntityBoat.func_145778_a (Lnet/minecraft/item/Item;IF)Lnet/minecraft/entity/item/EntityItem;
[08:54:44] [main/INFO] [Quark ASM]: Patch result: true
[08:54:44] [main/DEBUG] [mixin]: Mixing vanilla.EntityBoat_BossMixin from mixins.fermiummixins.early.vanilla.bossvehicle.json into net.minecraft.entity.item.EntityBoat
[08:54:44] [main/INFO] [ASMUtil]: Transforming class net/minecraft/entity/player/EntityPlayerMP
[08:54:44] [main/INFO] [ASMUtil]: Transforming class net/minecraft/entity/player/EntityPlayerMP
[08:54:44] [main/DEBUG] [mixin]: Mixing EntityPlayerMPMixin from mixins.bettercombatmod.json into net.minecraft.entity.player.EntityPlayerMP
[08:54:44] [main/DEBUG] [mixin]: Mixing MixinEntityPlayerMP from mixins.vfix_bugfixes.json into net.minecraft.entity.player.EntityPlayerMP
[08:54:44] [main/TRACE] [mixin]: Added class metadata for net/minecraft/inventory/IContainerListener to metadata cache
[08:54:44] [main/TRACE] [mixin]: Added class metadata for com/mojang/authlib/GameProfile to metadata cache
[08:54:44] [main/INFO] [ASMUtil]: Transforming class net/minecraft/potion/PotionEffect
[08:54:44] [main/INFO] [ASMUtil]: Transforming class net/minecraft/potion/PotionEffect
[08:54:44] [main/DEBUG] [mixin]: Mixing minecraft.ItemWrittenBookMixin from mixins.localizator.core.writtenbooks.json into net.minecraft.item.ItemWrittenBook
[08:54:44] [main/TRACE] [mixin]: Added class metadata for net/minecraft/item/ItemWritableBook to metadata cache
[08:54:44] [main/TRACE] [mixin]: Added class metadata for net/minecraft/util/StringUtils to metadata cache
[08:54:44] [main/DEBUG] [mixin]: Mixing minecraft.ItemSkullMixin from mixins.localizator.core.noveltyplacement.json into net.minecraft.item.ItemSkull
[08:54:44] [main/DEBUG] [mixin]: Mixing EntityArmorStandMixin from spartanweaponry.mixins.json into net.minecraft.entity.item.EntityArmorStand
[08:54:44] [main/TRACE] [mixin]: Added class metadata for com/oblivioussp/spartanweaponry/entity/projectile/EntityThrownWeapon to metadata cache
[08:54:44] [main/INFO] [Quark ASM]: Transforming net.minecraft.item.ItemBanner
[08:54:44] [main/INFO] [Quark ASM]: Applying Transformation to method (Names [appendHoverTextFromTileEntityTag, func_185054_a] Descriptor (Lnet/minecraft/item/ItemStack;Ljava/util/List;)V)
[08:54:44] [main/INFO] [Quark ASM]: Failed to locate the method!
[08:54:44] [main/INFO] [Meson ASM]: Transforming ItemChorusFruit
[08:54:44] [main/INFO] [Meson ASM]: Applying Transformation to method (Names [onItemUseFinish, func_77654_b, a] Descriptor (Lnet/minecraft/item/ItemStack;Lnet/minecraft/world/World;Lnet/minecraft/entity/EntityLivingBase;)Lnet/minecraft/item/ItemStack; / (Laip;Lamu;Lvp;)Laip;)
[08:54:44] [main/INFO] [Meson ASM]: Located method, patching...
[08:54:44] [main/INFO] [Meson ASM]: Located target IFNE L0
[08:54:44] [main/INFO] [Meson ASM]: Patch result: true
[08:54:44] [main/DEBUG] [mixin]: Mixing vanilla.EntityPotionMixin from mixins.eaglemixins.vanilla.json into net.minecraft.entity.projectile.EntityPotion
[08:54:44] [main/INFO] [STDOUT]: [com.pg85.otg.forge.asm.excluded.OTGClassTransformer:transform:91]: OTG-Core transforming: net.minecraft.entity.projectile.EntityThrowable : aev
[08:54:44] [main/TRACE] [mixin]: Added class metadata for net/minecraft/entity/projectile/EntityThrowable to metadata cache
[08:54:44] [main/DEBUG] [mixin]: Mixing RepairOverrideMixin from mixins.materialtweaker.core.json into net.minecraft.item.ItemShield
[08:54:44] [main/DEBUG] [mixin]: Mixing RepairOverrideMixin from mixins.materialtweaker.core.json into net.minecraft.item.ItemElytra
[08:54:44] [main/DEBUG] [mixin]: Mixing vanilla.EntityAreaEffectCloudMixin from mixins.eaglemixins.vanilla.json into net.minecraft.entity.EntityAreaEffectCloud
[08:54:44] [main/DEBUG] [mixin]: Mixing vanilla.EntityGuardian_IdleSinkingMixin from mixins.fermiummixins.early.vanilla.idleguardiansinking.json into net.minecraft.entity.monster.EntityGuardian
[08:54:44] [main/INFO] [ASMUtil]: Transforming class net/minecraft/entity/monster/EntityMob
[08:54:44] [main/INFO] [ASMUtil]: Transforming class net/minecraft/entity/monster/EntityMob
[08:54:44] [main/TRACE] [mixin]: Added class metadata for net/minecraft/entity/monster/EntityMob to metadata cache
[08:54:44] [main/TRACE] [mixin]: Added class metadata for net/minecraft/entity/passive/IAnimals to metadata cache
[08:54:44] [main/INFO] [ASMUtil]: Transforming class net/minecraft/entity/ai/attributes/AttributeMap
[08:54:44] [main/INFO] [ASMUtil]: Transforming class net/minecraft/entity/ai/attributes/AttributeMap
[08:54:44] [main/INFO] [ASMUtil]: Transforming class net/minecraft/pathfinding/PathNavigate
[08:54:44] [main/INFO] [ASMUtil]: Transforming class net/minecraft/pathfinding/PathNavigate
[08:54:44] [main/INFO] [Quark ASM]: Transforming net.minecraft.entity.ai.EntityAITarget
[08:54:44] [main/INFO] [Quark ASM]: Applying Transformation to method (Names [isSuitableTarget, func_179445_a] Descriptor (Lnet/minecraft/entity/EntityLiving;Lnet/minecraft/entity/EntityLivingBase;ZZ)Z)
[08:54:44] [main/INFO] [Quark ASM]: Located Method, patching...
[08:54:44] [main/INFO] [Quark ASM]: Patch result: true
[08:54:44] [main/DEBUG] [mixin]: Mixing vanilla.EntityStray_SpawningMixin from mixins.fermiummixins.early.vanilla.strayhuskspawningfix.json into net.minecraft.entity.monster.EntityStray
[08:54:44] [main/TRACE] [mixin]: Added class metadata for net/minecraft/entity/monster/AbstractSkeleton to metadata cache
[08:54:44] [main/TRACE] [mixin]: Added class metadata for net/minecraft/entity/IRangedAttackMob to metadata cache
[08:54:44] [main/DEBUG] [mixin]: Mixing MixinEntityAnimal from mixins.wolfarmor.core.json into net.minecraft.entity.passive.EntityAnimal
[08:54:44] [main/DEBUG] [mixin]: Mixing MixinEntityAgeable from mixins.wolfarmor.core.json into net.minecraft.entity.EntityAgeable
[08:54:44] [main/DEBUG] [mixin]: Mixing vanilla.EntityHusk_SpawningMixin from mixins.fermiummixins.early.vanilla.strayhuskspawningfix.json into net.minecraft.entity.monster.EntityHusk
[08:54:44] [main/TRACE] [mixin]: Added class metadata for net/minecraft/entity/monster/EntityZombie to metadata cache
[08:54:44] [main/DEBUG] [mixin]: Mixing EntityVillagerAccessor from mixins.luckified.vanilla.json into net.minecraft.entity.passive.EntityVillager
[08:54:44] [main/DEBUG] [mixin]: Mixing EntityZombieVillagerAccessor from mixins.somanyenchantments.vanilla.json into net.minecraft.entity.monster.EntityZombieVillager
[08:54:44] [main/DEBUG] [mixin]: Mixing spawnercontrol.vanilla.EntityZombieVillager_CuringMixin from mixins.fermiummixins.early.spawnercontrol.curing.json into net.minecraft.entity.monster.EntityZombieVillager
[08:54:44] [main/TRACE] [mixin]: Added class metadata for fermiummixins/wrapper/SpawnerControlWrapper to metadata cache
[08:54:44] [main/INFO] [STDOUT]: [com.pg85.otg.forge.asm.excluded.OTGClassTransformer:transform:91]: OTG-Core transforming: net.minecraft.entity.projectile.EntityShulkerBullet : aer
[08:54:44] [main/DEBUG] [mixin]: Mixing ContainerMixin from mixins.luckified.vanilla.json into net.minecraft.inventory.Container
[08:54:44] [main/TRACE] [mixin]: Added class metadata for luckified/util/ModLoadedUtil to metadata cache
[08:54:44] [main/TRACE] [mixin]: Added class metadata for net/minecraft/inventory/Slot to metadata cache
[08:54:44] [main/TRACE] [mixin]: Added class metadata for net/minecraft/nbt/NBTTagFloat to metadata cache
[08:54:44] [main/TRACE] [mixin]: Added class metadata for net/minecraft/nbt/NBTPrimitive to metadata cache
[08:54:44] [main/TRACE] [mixin]: Added class metadata for net/minecraft/inventory/ClickType to metadata cache
[08:54:45] [main/INFO] [STDOUT]: [pl.asie.foamfix.coremod.FoamFixTransformer:spliceClasses:101]: Added INTERFACE: pl/asie/foamfix/api/IFoamFixMobSpawnerLogic
[08:54:45] [main/INFO] [STDOUT]: [pl.asie.foamfix.coremod.FoamFixTransformer:spliceClasses:114]: Spliced in METHOD: net.minecraft.tileentity.MobSpawnerBaseLogic.func_98279_f
[08:54:45] [main/INFO] [STDOUT]: [pl.asie.foamfix.coremod.FoamFixTransformer:spliceClasses:165]: Added FIELD: net.minecraft.tileentity.MobSpawnerBaseLogic.foamfix_activatedCache
[08:54:45] [main/INFO] [STDOUT]: [pl.asie.foamfix.coremod.FoamFixTransformer:spliceClasses:165]: Added FIELD: net.minecraft.tileentity.MobSpawnerBaseLogic.foamfix_activatedCachePESize
[08:54:45] [main/INFO] [STDOUT]: [pl.asie.foamfix.coremod.FoamFixTransformer:spliceClasses:165]: Added FIELD: net.minecraft.tileentity.MobSpawnerBaseLogic.foamfix_activatedCacheTime
[08:54:45] [main/INFO] [STDOUT]: [pl.asie.foamfix.coremod.FoamFixTransformer:spliceClasses:165]: Added FIELD: net.minecraft.tileentity.MobSpawnerBaseLogic.foamfix_forcedCache
[08:54:45] [main/INFO] [STDOUT]: [pl.asie.foamfix.coremod.FoamFixTransformer:spliceClasses:165]: Added FIELD: net.minecraft.tileentity.MobSpawnerBaseLogic.foamfix_forcedCacheTime
[08:54:45] [main/DEBUG] [mixin]: Mixing IEntityCreeperMixin from mixins.somanyenchantments.vanilla.json into net.minecraft.entity.monster.EntityCreeper
[08:54:45] [main/DEBUG] [mixin]: Mixing vanilla.EntityGiantZombie_SpawnFixMixin from mixins.fermiummixins.early.vanilla.giantzombiespawnfix.json into net.minecraft.entity.monster.EntityGiantZombie
[08:54:45] [main/DEBUG] [mixin]: Mixing spawnercontrol.vanilla.EntityPig_CuringMixin from mixins.fermiummixins.early.spawnercontrol.curing.json into net.minecraft.entity.passive.EntityPig
[08:54:45] [main/DEBUG] [mixin]: Mixing minecraft.entity.passive.MixinEntitySheep from mixins.surge.json into net.minecraft.entity.passive.EntitySheep
[08:54:45] [main/TRACE] [mixin]: Added class metadata for net/darkhax/surge/lib/DyeBlending to metadata cache
[08:54:45] [main/TRACE] [mixin]: Added class metadata for net/minecraftforge/common/IShearable to metadata cache
[08:54:45] [main/TRACE] [mixin]: Added class metadata for net/minecraft/item/EnumDyeColor to metadata cache
[08:54:45] [main/DEBUG] [mixin]: Mixing MixinEntityWolf from mixins.wolfarmor.core.json into net.minecraft.entity.passive.EntityWolf
[08:54:45] [main/TRACE] [mixin]: Added class metadata for net/minecraft/entity/IEntityOwnable to metadata cache
[08:54:45] [main/TRACE] [mixin]: Added class metadata for dev/satyrn/wolfarmor/api/entity/passive/IArmoredWolf to metadata cache
[08:54:45] [main/TRACE] [mixin]: Added class metadata for dev/satyrn/wolfarmor/api/entity/IFoodStatsCreature to metadata cache
[08:54:45] [main/TRACE] [mixin]: Added class metadata for net/minecraft/inventory/IInventoryChangedListener to metadata cache
[08:54:45] [main/TRACE] [mixin]: Added class metadata for net/minecraft/inventory/ContainerHorseChest to metadata cache
[08:54:45] [main/TRACE] [mixin]: Added class metadata for dev/satyrn/wolfarmor/api/util/CreatureFoodStats to metadata cache
[08:54:45] [main/TRACE] [mixin]: Added class metadata for dev/satyrn/wolfarmor/config/WolfArmorConfig to metadata cache
[08:54:45] [main/TRACE] [mixin]: Added class metadata for net/minecraftforge/fml/common/network/simpleimpl/SimpleNetworkWrapper to metadata cache
[08:54:45] [main/TRACE] [mixin]: Added class metadata for dev/satyrn/wolfarmor/WolfArmorMod to metadata cache
[08:54:45] [main/TRACE] [mixin]: Added class metadata for dev/satyrn/wolfarmor/util/WolfFoodStatsLevel to metadata cache
[08:54:45] [main/TRACE] [mixin]: Added class metadata for dev/satyrn/wolfarmor/api/util/DataHelper to metadata cache
[08:54:45] [main/TRACE] [mixin]: Added class metadata for net/minecraft/network/datasync/EntityDataManager to metadata cache
[08:54:45] [main/TRACE] [mixin]: Added class metadata for dev/satyrn/wolfarmor/util/WolfInventorySize to metadata cache
[08:54:45] [main/TRACE] [mixin]: Added class metadata for java/util/Arrays to metadata cache
[08:54:45] [main/TRACE] [mixin]: Added class metadata for net/minecraft/inventory/InventoryBasic to metadata cache
[08:54:45] [main/TRACE] [mixin]: Added class metadata for dev/satyrn/wolfarmor/api/util/ILogHelper to metadata cache
[08:54:45] [main/TRACE] [mixin]: Added class metadata for dev/satyrn/wolfarmor/common/network/packets/UpdateFoodStatsMessage to metadata cache
[08:54:45] [main/TRACE] [mixin]: Added class metadata for dev/satyrn/wolfarmor/common/network/MessageBase$ClientMessageBase to metadata cache
[08:54:45] [main/TRACE] [mixin]: Added class metadata for dev/satyrn/wolfarmor/common/network/MessageBase to metadata cache
[08:54:45] [main/TRACE] [mixin]: Added class metadata for net/minecraftforge/fml/common/network/simpleimpl/IMessage to metadata cache
[08:54:45] [main/TRACE] [mixin]: Added class metadata for net/minecraftforge/fml/common/network/simpleimpl/IMessageHandler to metadata cache
[08:54:45] [main/TRACE] [mixin]: Added class metadata for java/lang/Byte to metadata cache
[08:54:45] [main/INFO] [ASMUtil]: Transforming class net/minecraft/pathfinding/PathNavigate
[08:54:45] [main/INFO] [ASMUtil]: Transforming class net/minecraft/pathfinding/PathNavigate
[08:54:45] [main/TRACE] [mixin]: Added class metadata for net/minecraft/pathfinding/PathNavigate to metadata cache
[08:54:45] [main/TRACE] [mixin]: Added class metadata for dev/satyrn/wolfarmor/util/OreDictHelper to metadata cache
[08:54:45] [main/TRACE] [mixin]: Added class metadata for dev/satyrn/wolfarmor/api/util/Criteria to metadata cache
[08:54:45] [main/TRACE] [mixin]: Added class metadata for dev/satyrn/wolfarmor/advancements/WolfArmorTrigger to metadata cache
[08:54:45] [main/TRACE] [mixin]: Added class metadata for dev/satyrn/wolfarmor/api/util/Items to metadata cache
[08:54:45] [main/TRACE] [mixin]: Added class metadata for dev/satyrn/wolfarmor/api/item/IItemWolfArmor to metadata cache
[08:54:45] [main/TRACE] [mixin]: Added class metadata for dev/satyrn/wolfarmor/item/ItemWolfArmor to metadata cache
[08:54:45] [main/TRACE] [mixin]: Added class metadata for dev/satyrn/wolfarmor/common/network/packets/RemovePotionEffectMessage to metadata cache
[08:54:45] [main/TRACE] [mixin]: Added class metadata for dev/satyrn/wolfarmor/common/network/packets/UpdatePotionEffectMessage to metadata cache
[08:54:45] [main/TRACE] [mixin]: Added class metadata for net/minecraft/network/datasync/DataSerializers to metadata cache
[08:54:45] [main/TRACE] [mixin]: Added class metadata for dev/satyrn/wolfarmor/common/network/WolfArmorChannel to metadata cache
[08:54:45] [main/TRACE] [mixin]: Added class metadata for net/minecraft/network/datasync/DataParameter to metadata cache
[08:54:45] [main/TRACE] [mixin]: Added class metadata for net/minecraft/entity/EnumCreatureAttribute to metadata cache
[08:54:45] [main/TRACE] [mixin]: Added class metadata for net/minecraft/advancements/ICriterionTrigger to metadata cache
[08:54:45] [main/TRACE] [mixin]: Added class metadata for java/util/function/Consumer to metadata cache
[08:54:45] [main/TRACE] [mixin]: Added class metadata for net/minecraft/network/datasync/DataSerializer to metadata cache
[08:54:45] [main/DEBUG] [mixin]: Mixing MixinEntityTameable from mixins.wolfarmor.core.json into net.minecraft.entity.passive.EntityTameable
[08:54:45] [main/DEBUG] [mixin]: Mixing MixinEntityAISit from mixins.wolfarmor.core.json into net.minecraft.entity.ai.EntityAISit
[08:54:45] [main/TRACE] [mixin]: Added class metadata for net/minecraft/entity/ai/EntityAIBase to metadata cache
[08:54:45] [main/INFO] [STDOUT]: [com.pg85.otg.forge.asm.excluded.OTGClassTransformer:transform:91]: OTG-Core transforming: net.minecraft.entity.projectile.EntityLlamaSpit : aeo
[08:54:45] [main/INFO] [ASMUtil]: Transforming class net/minecraft/entity/passive/EntityVillager$ListEnchantedBookForEmeralds
[08:54:45] [main/INFO] [ASMUtil]: Transforming class net/minecraft/entity/passive/EntityVillager$ListEnchantedBookForEmeralds
[08:54:45] [main/DEBUG] [mixin]: Mixing EntityVillagerListEnchantedBookForEmeraldsMixin from mixins.somanyenchantments.vanilla.json into net.minecraft.entity.passive.EntityVillager$ListEnchantedBookForEmeralds
[08:54:45] [main/DEBUG] [mixin]: Renaming synthetic method lambda$soManyEnchantments_vanillaEntityVillagerListEnchantedBookForEmeralds_addMerchantRecipe$0(Ljava/util/List;Lnet/minecraft/enchantment/Enchantment;)V to md712ceb$lambda$soManyEnchantments_vanillaEntityVillagerListEnchantedBookForEmeralds_addMerchantRecipe$0$0 in mixins.somanyenchantments.vanilla.json:EntityVillagerListEnchantedBookForEmeraldsMixin
[08:54:45] [main/TRACE] [mixin]: Added class metadata for net/minecraft/util/registry/RegistryNamespaced to metadata cache
[08:54:45] [main/TRACE] [mixin]: Added class metadata for com/shultrea/rin/config/ModConfig to metadata cache
[08:54:45] [main/TRACE] [mixin]: Added class metadata for com/shultrea/rin/config/folders/MiscConfig to metadata cache
[08:54:45] [main/DEBUG] [mixin]: Mixing LibrarianMixin from mixins.luckified.vanilla.json into net.minecraft.entity.passive.EntityVillager$ListEnchantedBookForEmeralds
[08:54:45] [main/TRACE] [mixin]: Added class metadata for luckified/ModConfig to metadata cache
[08:54:45] [main/TRACE] [mixin]: Added class metadata for net/minecraft/entity/IMerchant to metadata cache
[08:54:45] [main/TRACE] [mixin]: Added class metadata for net/minecraft/entity/passive/EntityVillager$ITradeList to metadata cache
[08:54:45] [main/DEBUG] [mixin]: Mixing IMixinStyle from fancymenu.general.mixin.json into net.minecraft.util.text.Style
[08:54:45] [main/DEBUG] [VSD ASM]: patching ChunkPrimer as net/minecraft/world/chunk/ChunkPrimer ...
[08:54:45] [main/DEBUG] [VSD ASM]: patching method setBlockState() as func_177855_a(IIILnet/minecraft/block/state/IBlockState;)V
[08:54:45] [main/DEBUG] [VSD ASM]: adding field ingnoredBlock
[08:54:45] [main/DEBUG] [mixin]: Mixing vanilla.IChunkPrimerAccessor from mixins.fermiummixins.early.vanilla.materialcheck.json into net.minecraft.world.chunk.ChunkPrimer
[08:54:45] [main/INFO] [Quark ASM]: Transforming net.minecraft.item.crafting.RecipesBanners$RecipeAddPattern
[08:54:45] [main/INFO] [Quark ASM]: Applying Transformation to method (Names [matches, func_77569_a] Descriptor (Lnet/minecraft/inventory/InventoryCrafting;Lnet/minecraft/world/World;)Z)
[08:54:45] [main/INFO] [Quark ASM]: Located Method, patching...
[08:54:45] [main/INFO] [Quark ASM]: Located patch target node INVOKESTATIC net/minecraft/tileentity/TileEntityBanner.func_175113_c (Lnet/minecraft/item/ItemStack;)I
[08:54:45] [main/INFO] [Quark ASM]: Patch result: true
[08:54:45] [main/DEBUG] [mixin]: Mixing FMLCommonHandlerMixin from mixins.vanities.json into net.minecraftforge.fml.common.FMLCommonHandler
[08:54:45] [main/TRACE] [mixin]: Added class metadata for java/lang/InterruptedException to metadata cache
[08:54:45] [main/TRACE] [mixin]: Added class metadata for java/util/concurrent/ExecutionException to metadata cache
[08:54:45] [main/DEBUG] [mixin]: Mixing ForgeEventFactoryMixin from mixins.forgefixes.json into net.minecraftforge.event.ForgeEventFactory
[08:54:45] [main/TRACE] [mixin]: Added class metadata for net/minecraftforge/event/entity/player/FillBucketEvent to metadata cache
[08:54:45] [main/TRACE] [mixin]: Added class metadata for net/minecraftforge/event/entity/player/PlayerEvent to metadata cache
[08:54:45] [main/TRACE] [mixin]: Added class metadata for net/minecraftforge/event/entity/living/LivingEvent to metadata cache
[08:54:45] [main/TRACE] [mixin]: Added class metadata for net/minecraftforge/event/entity/EntityEvent to metadata cache
[08:54:45] [main/TRACE] [mixin]: Added class metadata for net/minecraftforge/event/terraingen/PopulateChunkEvent$Pre to metadata cache
[08:54:45] [main/TRACE] [mixin]: Added class metadata for net/minecraftforge/event/terraingen/PopulateChunkEvent$Post to metadata cache
[08:54:45] [main/TRACE] [mixin]: Added class metadata for net/minecraftforge/event/terraingen/PopulateChunkEvent to metadata cache
[08:54:45] [main/TRACE] [mixin]: Added class metadata for net/minecraftforge/event/terraingen/ChunkGeneratorEvent to metadata cache
[08:54:46] [main/INFO] [FermiumASM]: Improving FurnaceRecipes. Lookups are now a lot faster.
[08:54:46] [main/DEBUG] [mixin]: Mixing FurnaceRecipesMixin from mixins.furnacexpstorage.json into net.minecraft.item.crafting.FurnaceRecipes
[08:54:46] [main/DEBUG] [mixin]: Mixing FurnaceRecipesMixin from mixins.recipes.json into net.minecraft.item.crafting.FurnaceRecipes
[08:54:46] [main/TRACE] [mixin]: Added class metadata for net/minecraftforge/fml/common/FMLLog to metadata cache
[08:54:46] [main/TRACE] [mixin]: Added class metadata for it/unimi/dsi/fastutil/objects/Object2FloatMap to metadata cache
[08:54:46] [main/TRACE] [mixin]: Added class metadata for it/unimi/dsi/fastutil/objects/Object2FloatFunction to metadata cache
[08:54:46] [main/DEBUG] [FML]: Creating vanilla freeze snapshot
[08:54:46] [main/DEBUG] [FML]: Vanilla freeze snapshot created
[08:54:46] [main/INFO] [Quark ASM]: Transforming net.minecraft.inventory.ContainerMerchant
[08:54:46] [main/INFO] [Quark ASM]: Applying Transformation to method (Names [transferStackInSlot, func_82846_b] Descriptor (Lnet/minecraft/entity/player/EntityPlayer;I)Lnet/minecraft/item/ItemStack;)
[08:54:46] [main/INFO] [Quark ASM]: Located Method, patching...
[08:54:46] [main/INFO] [Quark ASM]: Located patch target node INVOKEVIRTUAL net/minecraft/inventory/ContainerMerchant.func_75135_a (Lnet/minecraft/item/ItemStack;IIZ)Z
[08:54:46] [main/INFO] [Quark ASM]: Located patch target node INVOKEVIRTUAL net/minecraft/inventory/ContainerMerchant.func_75135_a (Lnet/minecraft/item/ItemStack;IIZ)Z
[08:54:46] [main/INFO] [Quark ASM]: Located patch target node INVOKEVIRTUAL net/minecraft/inventory/ContainerMerchant.func_75135_a (Lnet/minecraft/item/ItemStack;IIZ)Z
[08:54:46] [main/INFO] [Quark ASM]: Located patch target node INVOKEVIRTUAL net/minecraft/inventory/ContainerMerchant.func_75135_a (Lnet/minecraft/item/ItemStack;IIZ)Z
[08:54:46] [main/INFO] [Quark ASM]: Patch result: true
[08:54:46] [main/DEBUG] [mixin]: Mixing vanilla.ContainerMerchant_DropsMixin from mixins.fermiummixins.early.vanilla.containerdropfix.json into net.minecraft.inventory.ContainerMerchant
[08:54:46] [main/DEBUG] [mixin]: Mixing AnvilChunkLoaderMixin from mixins.boatdeletebegone.json into net.minecraft.world.chunk.storage.AnvilChunkLoader
[08:54:46] [main/DEBUG] [mixin]: Mixing vanilla.AnvilChunkLoader_DataFixMixin from mixins.fermiummixins.early.vanilla.outdatedchunkdata.json into net.minecraft.world.chunk.storage.AnvilChunkLoader
[08:54:46] [main/TRACE] [mixin]: Added class metadata for java/util/AbstractMap to metadata cache
[08:54:46] [main/TRACE] [mixin]: Added class metadata for net/minecraft/util/math/ChunkPos to metadata cache
[08:54:46] [main/TRACE] [mixin]: Added class metadata for net/minecraft/world/chunk/storage/RegionFileCache to metadata cache
[08:54:46] [main/TRACE] [mixin]: Added class metadata for java/io/File to metadata cache
[08:54:46] [main/DEBUG] [mixin]: Mixing common.MixinAnvilChunkLoader from mixins.phosphor.json into net.minecraft.world.chunk.storage.AnvilChunkLoader
[08:54:46] [main/TRACE] [mixin]: Added class metadata for me/jellysquid/mods/phosphor/mod/world/lighting/LightingHooks to metadata cache
[08:54:46] [main/TRACE] [mixin]: Added class metadata for me/jellysquid/mods/phosphor/api/IChunkLightingData to metadata cache
[08:54:46] [main/TRACE] [mixin]: Added class metadata for net/minecraft/world/chunk/storage/IChunkLoader to metadata cache
[08:54:46] [main/TRACE] [mixin]: Added class metadata for net/minecraft/world/storage/IThreadedFileIO to metadata cache
[08:54:46] [main/INFO] [Meson ASM]: Transforming ContainerFurnace
[08:54:46] [main/INFO] [Meson ASM]: Applying Transformation to method (Names [<init>, <init>, ] Descriptor (Lnet/minecraft/entity/player/InventoryPlayer;Lnet/minecraft/inventory/IInventory;)V / (Laec;Ltv;)V)
[08:54:46] [main/INFO] [Meson ASM]: Located method, patching...
[08:54:46] [main/INFO] [Meson ASM]: Located target NEW agr
[08:54:46] [main/INFO] [Meson ASM]: Patch result: true
[08:54:46] [main/INFO] [Meson ASM]: Applying Transformation to method (Names [<init>, <init>, ] Descriptor (Lnet/minecraft/entity/player/InventoryPlayer;Lnet/minecraft/inventory/IInventory;)V / (Laec;Ltv;)V)
[08:54:46] [main/INFO] [Meson ASM]: Located method, patching...
[08:54:46] [main/INFO] [Meson ASM]: Located target INVOKESPECIAL agr.<init> (Ltv;III)V
[08:54:46] [main/INFO] [Meson ASM]: Patch result: true
[08:54:46] [main/DEBUG] [mixin]: Mixing minecraft.CommandKillMixin from mixins.localizator.core.itementitykill.json into net.minecraft.command.CommandKill
[08:54:46] [main/TRACE] [mixin]: Added class metadata for net/minecraft/command/CommandBase to metadata cache
[08:54:46] [main/TRACE] [mixin]: Added class metadata for net/minecraft/command/ICommand to metadata cache
[08:54:46] [main/INFO] [fermiummixins.FermiumMixins]: FermiumMixins setting Server thread to priority 10 (Max)
[08:54:46] [Server thread/INFO] [net.minecraft.server.dedicated.DedicatedServer]: Starting minecraft server version 1.12.2
[08:54:46] [Server thread/INFO] [FML]: MinecraftForge v14.23.5.2860 Initialized
[08:54:46] [Server thread/DEBUG] [mixin]: Mixing vanilla.OreDictionary_SuppressBrokenMixin from mixins.fermiummixins.early.vanilla.suppressbrokenoredict.json into net.minecraftforge.oredict.OreDictionary
[08:54:46] [Server thread/INFO] [FML]: Starts to replace vanilla recipe ingredients with ore ingredients.
[08:54:46] [Server thread/INFO] [FML]: Invalid recipe found with multiple oredict ingredients in the same ingredient...
[08:54:46] [Server thread/INFO] [FML]: Replaced 1227 ore ingredients
[08:54:46] [Server thread/DEBUG] [mixin]: Mixing FluidRegistryMixin from mixins.misc_fluidregistry.json into net.minecraftforge.fluids.FluidRegistry
[08:54:46] [Server thread/TRACE] [mixin]: Added class metadata for net/minecraftforge/fml/common/LoaderState to metadata cache
[08:54:46] [Server thread/TRACE] [mixin]: Added class metadata for net/minecraft/block/BlockStaticLiquid to metadata cache
[08:54:46] [Server thread/INFO] [ASMUtil]: Transforming class net/minecraftforge/common/ForgeHooks
[08:54:46] [Server thread/INFO] [ASMUtil]: Transforming class net/minecraftforge/common/ForgeHooks
[08:54:46] [Server thread/DEBUG] [mixin]: Mixing ReadLootNameMixin from mixins.srpmixins.vanilla.lootpoolparser.json into net.minecraftforge.common.ForgeHooks
[08:54:46] [Server thread/TRACE] [mixin]: Added class metadata for srpmixins/config/providers/LootPoolProvider to metadata cache
[08:54:46] [Server thread/TRACE] [mixin]: Added class metadata for net/minecraft/util/JsonUtils to metadata cache
[08:54:46] [Server thread/TRACE] [mixin]: Added class metadata for com/google/gson/JsonObject to metadata cache
[08:54:46] [Server thread/TRACE] [mixin]: Added class metadata for net/minecraftforge/event/world/BlockEvent$MultiPlaceEvent to metadata cache
[08:54:46] [Server thread/TRACE] [mixin]: Added class metadata for net/minecraftforge/event/world/BlockEvent$PlaceEvent to metadata cache
[08:54:46] [Server thread/TRACE] [mixin]: Added class metadata for java/util/ArrayDeque to metadata cache
[08:54:46] [Server thread/TRACE] [mixin]: Added class metadata for java/util/Deque to metadata cache
[08:54:46] [Server thread/DEBUG] [mixin]: Mixing CrashReportCategoryMixin from mixins.crashes.json into net.minecraft.crash.CrashReportCategory
[08:54:46] [Server thread/TRACE] [mixin]: Added class metadata for java/lang/StackTraceElement to metadata cache
[08:54:46] [Server thread/DEBUG] [mixin]: Mixing CrashReportCategory_EntryInvoker from mixins.crashes.json into net.minecraft.crash.CrashReportCategory$Entry
[08:54:46] [Server thread/DEBUG] [FermiumASM]: net.minecraftforge.common.MinecraftForge = net.minecraftforge.common.MinecraftForge = jar:file:/home/Minecraft/rlcraft-server/forge-1.12.2-14.23.5.2860.jar!/net/minecraftforge/common/MinecraftForge.class
[08:54:46] [Server thread/DEBUG] [FermiumASM]: net.minecraftforge.fml.common.FMLCommonHandler = net.minecraftforge.fml.common.FMLCommonHandler = jar:file:/home/Minecraft/rlcraft-server/forge-1.12.2-14.23.5.2860.jar!/net/minecraftforge/fml/common/FMLCommonHandler.class
[08:54:46] [Server thread/DEBUG] [FermiumASM]: net.minecraftforge.fml.server.FMLServerHandler = net.minecraftforge.fml.server.FMLServerHandler = jar:file:/home/Minecraft/rlcraft-server/forge-1.12.2-14.23.5.2860.jar!/net/minecraftforge/fml/server/FMLServerHandler.class
[08:54:46] [Server thread/DEBUG] [FermiumASM]: net.minecraft.server.dedicated.DedicatedServer = nz = jar:file:/home/Minecraft/rlcraft-server/minecraft_server.1.12.2.jar!/nz.class
[08:54:46] [Server thread/DEBUG] [FermiumASM]: net.minecraft.server.MinecraftServer = net.minecraft.server.MinecraftServer = jar:file:/home/Minecraft/rlcraft-server/minecraft_server.1.12.2.jar!/net/minecraft/server/MinecraftServer.class
[08:54:46] [Server thread/DEBUG] [FML]: File /home/Minecraft/rlcraft-server/config/injectedDependencies.json not found. No dependencies injected
[08:54:46] [Server thread/DEBUG] [mixin]: Mixing LoadControllerMixin from mixins.internal.json into net.minecraftforge.fml.common.LoadController
[08:54:46] [Server thread/TRACE] [mixin]: Added class metadata for org/apache/logging/log4j/ThreadContext to metadata cache
[08:54:46] [Server thread/TRACE] [mixin]: Added class metadata for com/google/common/base/Strings to metadata cache
[08:54:46] [Server thread/TRACE] [mixin]: Added class metadata for java/lang/InstantiationException to metadata cache
[08:54:46] [Server thread/DEBUG] [FML]: Building injected Mod Containers [net.minecraftforge.fml.common.FMLContainer, net.minecraftforge.common.ForgeModContainer, com.creativemd.creativecore.core.CreativeCoreDummy, com.creativemd.itemphysic.ItemDummyContainer, ivorius.ivtoolkit.IvToolkitCoreContainer, com.pg85.otg.forge.asm.excluded.launch.OTGASMModContainer, pl.asie.foamfix.coremod.FoamFixCoreContainer, git.jbredwards.jsonpaintings.mod.JSONPaintings, ljfa.tntutils.asm.TntuCoremodContainer]
[08:54:46] [Server thread/WARN] [FML]: Enabling removal of erroring Entities - USE AT YOUR OWN RISK
[08:54:46] [Server thread/WARN] [FML]: Enabling removal of erroring Tile Entities - USE AT YOUR OWN RISK
[08:54:46] [Server thread/DEBUG] [FML]: Attempting to load mods contained in the minecraft jar file and associated classes
[08:54:46] [Server thread/DEBUG] [FML]: Found a minecraft related file at /home/Minecraft/rlcraft-server/forge-1.12.2-14.23.5.2860.jar, examining for mod candidates
[08:54:46] [Server thread/TRACE] [FML]: Skipping known library file /home/Minecraft/rlcraft-server/./mods/!mod-director-launchwrapper-1.9.1.jar
[08:54:46] [Server thread/TRACE] [FML]: Skipping known library file /home/Minecraft/rlcraft-server/./mods/`FermiumBooter-1.3.2.jar
[08:54:46] [Server thread/TRACE] [FML]: Skipping known library file /home/Minecraft/rlcraft-server/./mods/Amphithere Mod-1.0.2.jar
[08:54:46] [Server thread/TRACE] [FML]: Skipping known library file /home/Minecraft/rlcraft-server/./mods/AntiqueAtlasAutoMarker-1.4.2.2.jar
[08:54:46] [Server thread/TRACE] [FML]: Skipping known library file /home/Minecraft/rlcraft-server/./mods/Baubley-Elytra-v1.3.3-mc1.12.2.jar
[08:54:46] [Server thread/TRACE] [FML]: Skipping known library file /home/Minecraft/rlcraft-server/./mods/BedBreakBegone-1.0.2.jar
[08:54:46] [Server thread/TRACE] [FML]: Skipping known library file /home/Minecraft/rlcraft-server/./mods/betterbiomeblend-1.12.2-1.1.7-forge.jar
[08:54:46] [Server thread/DEBUG] [FML]: Found a minecraft related file at /home/Minecraft/rlcraft-server/./mods/BHMenu-Forge-1.12.2-2.4.5.jar, examining for mod candidates
[08:54:46] [Server thread/TRACE] [FML]: Skipping known library file /home/Minecraft/rlcraft-server/./mods/Bloodmoon-MC1.12.2-1.5.3.jar
[08:54:46] [Server thread/TRACE] [FML]: Skipping known library file /home/Minecraft/rlcraft-server/./mods/BoatDeleteBegone-1.1.2.jar
[08:54:46] [Server thread/TRACE] [FML]: Skipping known library file /home/Minecraft/rlcraft-server/./mods/Born In A Barn 1.8-1.12-1.2.jar
[08:54:46] [Server thread/TRACE] [FML]: Skipping known library file /home/Minecraft/rlcraft-server/./mods/Bounceable-1.0.1.jar
[08:54:46] [Server thread/TRACE] [FML]: Skipping known library file /home/Minecraft/rlcraft-server/./mods/Charm-1.12.2-1.4.1.jar
[08:54:46] [Server thread/TRACE] [FML]: Skipping known library file /home/Minecraft/rlcraft-server/./mods/ChunkAnimator-1.12.2-1.2.1.jar
[08:54:46] [Server thread/TRACE] [FML]: Skipping known library file /home/Minecraft/rlcraft-server/./mods/ContentCreator-1.3.7-fix2.jar
[08:54:46] [Server thread/TRACE] [FML]: Skipping known library file /home/Minecraft/rlcraft-server/./mods/CreativeCore_v1.10.71_mc1.12.2.jar
[08:54:46] [Server thread/TRACE] [FML]: Skipping known library file /home/Minecraft/rlcraft-server/./mods/DynamicSurroundings-1.12.2-3.6.2.1.jar
[08:54:46] [Server thread/TRACE] [FML]: Skipping known library file /home/Minecraft/rlcraft-server/./mods/EagleMixins-1.1.7.jar
[08:54:46] [Server thread/TRACE] [FML]: Skipping known library file /home/Minecraft/rlcraft-server/./mods/EditableEdibles-1.3.3.jar
[08:54:46] [Server thread/TRACE] [FML]: Skipping known library file /home/Minecraft/rlcraft-server/./mods/fancymenu_forge_2.14.9_MC_1.12-1.12.2.jar
[08:54:46] [Server thread/TRACE] [FML]: Skipping known library file /home/Minecraft/rlcraft-server/./mods/fermiumasm-5.28.jar
[08:54:46] [Server thread/TRACE] [FML]: Skipping known library file /home/Minecraft/rlcraft-server/./mods/FermiumMixins-1.0.9.jar
[08:54:46] [Server thread/TRACE] [FML]: Skipping known library file /home/Minecraft/rlcraft-server/./mods/foamfix-0.10.15-1.12.2.jar
[08:54:46] [Server thread/TRACE] [FML]: Skipping known library file /home/Minecraft/rlcraft-server/./mods/ForgeEndertech-1.12.2-4.5.6.1-build.0648.jar
[08:54:46] [Server thread/TRACE] [FML]: Skipping known library file /home/Minecraft/rlcraft-server/./mods/Forgelin-1.8.4.jar
[08:54:46] [Server thread/TRACE] [FML]: Skipping known library file /home/Minecraft/rlcraft-server/./mods/framevoidpatch-1.0.0.jar
[08:54:46] [Server thread/TRACE] [FML]: Skipping known library file /home/Minecraft/rlcraft-server/./mods/FurnaceXPStorage-1.1.4.jar
[08:54:46] [Server thread/TRACE] [FML]: Skipping known library file /home/Minecraft/rlcraft-server/./mods/Ice and Fire-2.0.9.jar
[08:54:46] [Server thread/TRACE] [FML]: Skipping known library file /home/Minecraft/rlcraft-server/./mods/InventoryTweaks-1.64+dev.151.jar
[08:54:46] [Server thread/TRACE] [FML]: Skipping known library file /home/Minecraft/rlcraft-server/./mods/ItemPhysic_Full_1.4.37_mc1.12.2.jar
[08:54:46] [Server thread/TRACE] [FML]: Skipping known library file /home/Minecraft/rlcraft-server/./mods/IvToolkit-1.3.3-1.12.jar
[08:54:46] [Server thread/TRACE] [FML]: Skipping known library file /home/Minecraft/rlcraft-server/./mods/JSON-Paintings-v1.4.0-mc1.12.2.jar
[08:54:46] [Server thread/TRACE] [FML]: Skipping known library file /home/Minecraft/rlcraft-server/./mods/konkrete_forge_1.6.1_MC_1.12-1.12.2.jar
[08:54:46] [Server thread/TRACE] [FML]: Skipping known library file /home/Minecraft/rlcraft-server/./mods/librarianlib-1.12.2-4.22.jar
[08:54:46] [Server thread/TRACE] [FML]: Skipping known library file /home/Minecraft/rlcraft-server/./mods/Localizator-1.12.2-1.0.14.jar
[08:54:46] [Server thread/TRACE] [FML]: Skipping known library file /home/Minecraft/rlcraft-server/./mods/Locks-1.12.2-3.0.0.jar
[08:54:46] [Server thread/TRACE] [FML]: Skipping known library file /home/Minecraft/rlcraft-server/./mods/MaterialTweaker-1.1.1.jar
[08:54:46] [Server thread/TRACE] [FML]: Skipping known library file /home/Minecraft/rlcraft-server/./mods/MultiMine-1.12.2.jar
[08:54:46] [Server thread/TRACE] [FML]: Skipping known library file /home/Minecraft/rlcraft-server/./mods/NoiseThreader-1.1.1.jar
[08:54:46] [Server thread/TRACE] [FML]: Skipping known library file /home/Minecraft/rlcraft-server/./mods/OptifineCITPatch-1.0.4.jar
[08:54:46] [Server thread/TRACE] [FML]: Skipping known library file /home/Minecraft/rlcraft-server/./mods/1.12.2/OTG-Core.jar
[08:54:46] [Server thread/TRACE] [FML]: Skipping known library file /home/Minecraft/rlcraft-server/./mods/particleculling-1.12.2-v1.4.3.jar
[08:54:46] [Server thread/TRACE] [FML]: Skipping known library file /home/Minecraft/rlcraft-server/./mods/PhosphorCrashFix-1.12.2-1.0.0.jar
[08:54:46] [Server thread/TRACE] [FML]: Skipping known library file /home/Minecraft/rlcraft-server/./mods/Quark-r1.6-179.jar
[08:54:46] [Server thread/TRACE] [FML]: Skipping known library file /home/Minecraft/rlcraft-server/./mods/ReachFix-1.12.2-1.1.3.jar
[08:54:46] [Server thread/TRACE] [FML]: Skipping known library file /home/Minecraft/rlcraft-server/./mods/RealBench-1.12.2-1.3.3.jar
[08:54:46] [Server thread/TRACE] [FML]: Skipping known library file /home/Minecraft/rlcraft-server/./mods/Reskillable-1.12.2-1.13.0.jar
[08:54:46] [Server thread/TRACE] [FML]: Skipping known library file /home/Minecraft/rlcraft-server/./mods/ResourceLoader-MC1.12.1-1.5.3.jar
[08:54:46] [Server thread/TRACE] [FML]: Skipping known library file /home/Minecraft/rlcraft-server/./mods/RLCombat-1.12.2-2.2.4.jar
[08:54:46] [Server thread/TRACE] [FML]: Skipping known library file /home/Minecraft/rlcraft-server/./mods/RLCraftLuckified-1.1.1.jar
[08:54:46] [Server thread/TRACE] [FML]: Skipping known library file /home/Minecraft/rlcraft-server/./mods/RLFoliage-MC1.12-2.4.2.jar
[08:54:46] [Server thread/TRACE] [FML]: Skipping known library file /home/Minecraft/rlcraft-server/./mods/RLMixins-1.4.6.jar
[08:54:46] [Server thread/TRACE] [FML]: Skipping known library file /home/Minecraft/rlcraft-server/./mods/RLTweaker-1.12.2-0.7.5.jar
[08:54:46] [Server thread/TRACE] [FML]: Skipping known library file /home/Minecraft/rlcraft-server/./mods/SereneSeasons-1.12.2-1.2.18-universal.jar
[08:54:46] [Server thread/TRACE] [FML]: Skipping known library file /home/Minecraft/rlcraft-server/./mods/SimpleDifficulty-1.12.2-0.3.9.jar
[08:54:46] [Server thread/TRACE] [FML]: Skipping known library file /home/Minecraft/rlcraft-server/./mods/SnowRealMagic-1.12.2-0.7.4.jar
[08:54:46] [Server thread/TRACE] [FML]: Skipping known library file /home/Minecraft/rlcraft-server/./mods/SoManyEnchantments-1.0.7-1.12.2.jar
[08:54:46] [Server thread/TRACE] [FML]: Skipping known library file /home/Minecraft/rlcraft-server/./mods/spark-unforged-1.11.140-forge.jar
[08:54:46] [Server thread/TRACE] [FML]: Skipping known library file /home/Minecraft/rlcraft-server/./mods/SpartanWeaponry-1.12.2-1.6.1.jar
[08:54:46] [Server thread/TRACE] [FML]: Skipping known library file /home/Minecraft/rlcraft-server/./mods/SRPMixins-2.9.1.1.jar
[08:54:46] [Server thread/TRACE] [FML]: Skipping known library file /home/Minecraft/rlcraft-server/./mods/Surge-1.12.2-2.0.79.jar
[08:54:46] [Server thread/TRACE] [FML]: Skipping known library file /home/Minecraft/rlcraft-server/./mods/tnt_utilities-mc1.12-1.2.3.jar
[08:54:46] [Server thread/TRACE] [FML]: Skipping known library file /home/Minecraft/rlcraft-server/./mods/VCFix-1.0.1.jar
[08:54:46] [Server thread/TRACE] [FML]: Skipping known library file /home/Minecraft/rlcraft-server/./mods/VerticallyStackedDimensions-1.12.2-0.1.9.jar
[08:54:46] [Server thread/TRACE] [FML]: Skipping known library file /home/Minecraft/rlcraft-server/./mods/WolfArmorAndStorage-3.8.1+1.12.2.alpha.1-SNAPSHOT-signed.jar
[08:54:46] [Server thread/TRACE] [FML]: Skipping known library file /home/Minecraft/rlcraft-server/./mods/memory_repo/net/ilexiconn/llibrary-core/1.0.11-1.12.2/llibrary-core-1.0.11-1.12.2.jar
[08:54:46] [Server thread/TRACE] [FML]: Skipping known library file /home/Minecraft/rlcraft-server/./mods/phosphor-1.12.2-0.2.6+build50-universal.jar
[08:54:46] [Server thread/DEBUG] [FML]: Minecraft jar mods loaded successfully
[08:54:46] [Server thread/INFO] [FML]: Searching /home/Minecraft/rlcraft-server/./mods for mods
[08:54:46] [Server thread/DEBUG] [FML]:   Adding carryon-1.12.2-1.12.7.23.jar to the mod list
[08:54:46] [Server thread/DEBUG] [FML]:   Adding BQ_Multiblock_Structure_Integration-1.0.9.jar to the mod list
[08:54:46] [Server thread/DEBUG] [FML]:   Adding defiledlands-1.12.2-1.4.3.jar to the mod list
[08:54:46] [Server thread/DEBUG] [FML]:   Adding Surge-1.12.2-2.0.79.jar to the mod list
[08:54:46] [Server thread/DEBUG] [FML]:   Adding CreativeCore_v1.10.71_mc1.12.2.jar to the mod list
[08:54:46] [Server thread/DEBUG] [FML]:   Adding Aquaculture-1.12.2-1.6.8.jar to the mod list
[08:54:46] [Server thread/DEBUG] [FML]:   Adding XPFromHarvest-1.12.2-1.2.0.jar to the mod list
[08:54:46] [Server thread/DEBUG] [FML]:   Adding trumpetskeleton-1.12-1.0.2.1.jar to the mod list
[08:54:46] [Server thread/DEBUG] [FML]:   Adding BNBGamingLib-1.12.2-2.17.6.jar to the mod list
[08:54:46] [Server thread/DEBUG] [FML]:   Adding ScalingHealth-1.12.2-1.3.42+147.jar to the mod list
[08:54:46] [Server thread/DEBUG] [FML]:   Adding FermiumMixins-1.0.9.jar to the mod list
[08:54:46] [Server thread/DEBUG] [FML]:   Adding FriendlyEndermite_v1.0.1_mc1.12.2.jar to the mod list
[08:54:46] [Server thread/DEBUG] [FML]:   Adding corpsecomplex-1.12.2-1.0.12.0.jar to the mod list
[08:54:46] [Server thread/DEBUG] [FML]:   Adding ItemPhysic_Full_1.4.37_mc1.12.2.jar to the mod list
[08:54:46] [Server thread/DEBUG] [FML]:   Adding firstaid-1.6.22.jar to the mod list
[08:54:46] [Server thread/DEBUG] [FML]:   Adding BattleTowers-1.12.2.jar to the mod list
[08:54:46] [Server thread/DEBUG] [FML]:   Adding PhosphorCrashFix-1.12.2-1.0.0.jar to the mod list
[08:54:46] [Server thread/DEBUG] [FML]:   Adding OpenTerrainGenerator-1.12.2-v9.7.jar to the mod list
[08:54:46] [Server thread/DEBUG] [FML]:   Adding astikorcarts-1.12.2-0.1.2.8.jar to the mod list
[08:54:46] [Server thread/DEBUG] [FML]:   Adding crafttweakerutils-0.7.jar to the mod list
[08:54:46] [Server thread/DEBUG] [FML]:   Adding jei_1.12.2-4.16.1.1012.jar to the mod list
[08:54:46] [Server thread/DEBUG] [FML]:   Adding anvilpatch-1.1.1.jar to the mod list
[08:54:46] [Server thread/DEBUG] [FML]:   Adding DregoraRL-3.5.jar to the mod list
[08:54:46] [Server thread/DEBUG] [FML]:   Adding sit-1.12.2-v1.3.jar to the mod list
[08:54:46] [Server thread/DEBUG] [FML]:   Adding BetterMineshaftsForge-1.12.2-2.2.1.jar to the mod list
[08:54:46] [Server thread/DEBUG] [FML]:   Adding BQTweaker-1.3.5.jar to the mod list
[08:54:46] [Server thread/DEBUG] [FML]:   Adding Ice and Fire-2.0.9.jar to the mod list
[08:54:46] [Server thread/DEBUG] [FML]:   Adding InventoryTweaks-1.64+dev.151.jar to the mod list
[08:54:46] [Server thread/DEBUG] [FML]:   Adding SpartanHUDBaubles-1.12.2-1.0.0.jar to the mod list
[08:54:46] [Server thread/DEBUG] [FML]:   Adding MaterialTweaker-1.1.1.jar to the mod list
[08:54:46] [Server thread/DEBUG] [FML]:   Adding spark-unforged-1.11.140-forge.jar to the mod list
[08:54:46] [Server thread/DEBUG] [FML]:   Adding MTLib-3.0.7.jar to the mod list
[08:54:46] [Server thread/DEBUG] [FML]:   Adding iChunUtil-1.12.2-7.2.2.jar to the mod list
[08:54:46] [Server thread/DEBUG] [FML]:   Adding IvToolkit-1.3.3-1.12.jar to the mod list
[08:54:46] [Server thread/DEBUG] [FML]:   Adding HelpFixer-1.12.1-1.5.18.jar to the mod list
[08:54:46] [Server thread/DEBUG] [FML]:   Adding AutoRegLib-1.3-32.jar to the mod list
[08:54:46] [Server thread/DEBUG] [FML]:   Adding Reskillable-1.12.2-1.13.0.jar to the mod list
[08:54:46] [Server thread/DEBUG] [FML]:   Adding CoralReef-2.5-1.12.2.jar to the mod list
[08:54:46] [Server thread/DEBUG] [FML]:   Adding SRParasites-1.12.2v1.9.21.jar to the mod list
[08:54:46] [Server thread/DEBUG] [FML]:   Adding lycanitesmobs-1.12.2-2.0.8.10.jar to the mod list
[08:54:46] [Server thread/DEBUG] [FML]:   Adding BoatDeleteBegone-1.1.2.jar to the mod list
[08:54:46] [Server thread/DEBUG] [FML]:   Adding Localizator-1.12.2-1.0.14.jar to the mod list
[08:54:46] [Server thread/DEBUG] [FML]:   Adding ElenaiDodge-1.12.2-2.1.jar to the mod list
[08:54:46] [Server thread/DEBUG] [FML]:   Adding MouseTweaks-2.10.1-mc1.12.2.jar to the mod list
[08:54:46] [Server thread/DEBUG] [FML]:   Adding NoiseThreader-1.1.1.jar to the mod list
[08:54:46] [Server thread/DEBUG] [FML]:   Adding RealisticTorches-1.12.2-2.1.2.jar to the mod list
[08:54:46] [Server thread/DEBUG] [FML]:   Adding JSON-Paintings-v1.4.0-mc1.12.2.jar to the mod list
[08:54:46] [Server thread/DEBUG] [FML]:   Adding tumbleweed-1.12-0.4.7.jar to the mod list
[08:54:46] [Server thread/DEBUG] [FML]:   Adding `FermiumBooter-1.3.2.jar to the mod list
[08:54:46] [Server thread/DEBUG] [FML]:   Adding VCFix-1.0.1.jar to the mod list
[08:54:46] [Server thread/DEBUG] [FML]:   Adding RebornCore-1.12.2-3.19.5-universal.jar to the mod list
[08:54:46] [Server thread/DEBUG] [FML]:   Adding Born In A Barn 1.8-1.12-1.2.jar to the mod list
[08:54:46] [Server thread/DEBUG] [FML]:   Adding ChunkAnimator-1.12.2-1.2.1.jar to the mod list
[08:54:46] [Server thread/DEBUG] [FML]:   Adding CD4017BE_lib-1.12.2-6.5.1.jar to the mod list
[08:54:46] [Server thread/DEBUG] [FML]:   Adding potiondescriptions-1.12.2-1.2.4.jar to the mod list
[08:54:46] [Server thread/DEBUG] [FML]:   Adding paintingselgui-PSG Revamed-1.12.2-1.1.0.1.jar to the mod list
[08:54:46] [Server thread/DEBUG] [FML]:   Adding VariedCommodities_1.12.2-(31Mar23).jar to the mod list
[08:54:46] [Server thread/DEBUG] [FML]:   Adding DynamicSurroundings-1.12.2-3.6.2.1.jar to the mod list
[08:54:46] [Server thread/DEBUG] [FML]:   Adding Bounceable-1.0.1.jar to the mod list
[08:54:46] [Server thread/DEBUG] [FML]:   Adding MultiMine-1.12.2.jar to the mod list
[08:54:46] [Server thread/DEBUG] [FML]:   Adding SpawnerControl-1.6.3b.jar to the mod list
[08:54:46] [Server thread/DEBUG] [FML]:   Adding framevoidpatch-1.0.0.jar to the mod list
[08:54:46] [Server thread/DEBUG] [FML]:   Adding tschipplib-1.12.2-1.1.7.jar to the mod list
[08:54:46] [Server thread/DEBUG] [FML]:   Adding LootTweaker-0.3.1+MC1.12.2.jar to the mod list
[08:54:46] [Server thread/DEBUG] [FML]:   Adding Quark-r1.6-179.jar to the mod list
[08:54:46] [Server thread/DEBUG] [FML]:   Adding craftablechainmail-1.0.jar to the mod list
[08:54:46] [Server thread/DEBUG] [FML]:   Adding !mod-director-launchwrapper-1.9.1.jar to the mod list
[08:54:46] [Server thread/DEBUG] [FML]:   Adding RLTweaker-1.12.2-0.7.5.jar to the mod list
[08:54:46] [Server thread/DEBUG] [FML]:   Adding antiqueatlas-1.12.2-4.6.3.jar to the mod list
[08:54:46] [Server thread/DEBUG] [FML]:   Adding FantasticLib-1.12.2.070.jar to the mod list
[08:54:46] [Server thread/DEBUG] [FML]:   Adding betterbiomeblend-1.12.2-1.1.7-forge.jar to the mod list
[08:54:46] [Server thread/DEBUG] [FML]:   Adding foamfix-0.10.15-1.12.2.jar to the mod list
[08:54:46] [Server thread/DEBUG] [FML]:   Adding OptifineCITPatch-1.0.4.jar to the mod list
[08:54:46] [Server thread/DEBUG] [FML]:   Adding VerticallyStackedDimensions-1.12.2-0.1.9.jar to the mod list
[08:54:46] [Server thread/DEBUG] [FML]:   Adding AttributeFix-Forge-1.12.2-1.0.12.jar to the mod list
[08:54:46] [Server thread/DEBUG] [FML]:   Adding CraftTweaker2-1.12-4.1.20.704.jar to the mod list
[08:54:46] [Server thread/DEBUG] [FML]:   Adding Trinkets and Baubles-0.32.5.jar to the mod list
[08:54:46] [Server thread/DEBUG] [FML]:   Adding OreLib-1.12.2-3.6.0.1.jar to the mod list
[08:54:46] [Server thread/DEBUG] [FML]:   Adding classyhats-1.6.0.jar to the mod list
[08:54:46] [Server thread/DEBUG] [FML]:   Adding bettercaves-1.12.2-2.0.4.jar to the mod list
[08:54:46] [Server thread/DEBUG] [FML]:   Adding switchbow-1.6.8.jar to the mod list
[08:54:46] [Server thread/DEBUG] [FML]:   Adding SilentLib-1.12.2-3.0.14+168.jar to the mod list
[08:54:46] [Server thread/DEBUG] [FML]:   Adding WearableBackpacks-RLCraft-1.12.2-3.2.6.jar to the mod list
[08:54:46] [Server thread/DEBUG] [FML]:   Adding DoomlikeDungeons-1.14.12-MC1.12.2.jar to the mod list
[08:54:46] [Server thread/DEBUG] [FML]:   Adding SRPMixins-2.9.1.1.jar to the mod list
[08:54:46] [Server thread/DEBUG] [FML]:   Adding EditableEdibles-1.3.3.jar to the mod list
[08:54:46] [Server thread/DEBUG] [FML]:   Adding alcatrazcore-1.0.4.jar to the mod list
[08:54:46] [Server thread/DEBUG] [FML]:   Adding BedBreakBegone-1.0.2.jar to the mod list
[08:54:46] [Server thread/DEBUG] [FML]:   Adding Charm-1.12.2-1.4.1.jar to the mod list
[08:54:46] [Server thread/DEBUG] [FML]:   Adding LegendaryTooltips-1.12.2-1.1.11.jar to the mod list
[08:54:46] [Server thread/DEBUG] [FML]:   Adding SoManyEnchantments-1.0.7-1.12.2.jar to the mod list
[08:54:46] [Server thread/DEBUG] [FML]:   Adding FoodExpansion1.3.3-1.12.2.jar to the mod list
[08:54:46] [Server thread/DEBUG] [FML]:   Adding RLFoliage-MC1.12-2.4.2.jar to the mod list
[08:54:46] [Server thread/DEBUG] [FML]:   Adding dynamictreesdefiledlands-1.12.2-1.0.0.jar to the mod list
[08:54:46] [Server thread/DEBUG] [FML]:   Adding llibrary-1.7.20-1.12.2.jar to the mod list
[08:54:46] [Server thread/DEBUG] [FML]:   Adding RecurrentComplex-1.4.8.6.jar to the mod list
[08:54:46] [Server thread/DEBUG] [FML]:   Adding ContentCreator-1.3.7-fix2.jar to the mod list
[08:54:46] [Server thread/DEBUG] [FML]:   Adding WolfArmorAndStorage-3.8.1+1.12.2.alpha.1-SNAPSHOT-signed.jar to the mod list
[08:54:46] [Server thread/DEBUG] [FML]:   Adding incontrol-1.12-3.9.18.jar to the mod list
[08:54:46] [Server thread/DEBUG] [FML]:   Adding base-1.12.2-3.14.0.jar to the mod list
[08:54:46] [Server thread/DEBUG] [FML]:   Adding DynamicTrees-1.12.2-0.9.29.jar to the mod list
[08:54:46] [Server thread/DEBUG] [FML]:   Adding ctintegration-1.8.0.jar to the mod list
[08:54:46] [Server thread/DEBUG] [FML]:   Adding BetterTabs-1.0.4.jar to the mod list
[08:54:46] [Server thread/DEBUG] [FML]:   Adding Inspirations-1.12.2-0.2.9.jar to the mod list
[08:54:46] [Server thread/DEBUG] [FML]:   Adding FancyBlockParticles-1.12.x-2.4.1.jar to the mod list
[08:54:46] [Server thread/DEBUG] [FML]:   Adding FishingMadeBetter-1.12.2-2.2.7.jar to the mod list
[08:54:46] [Server thread/DEBUG] [FML]:   Adding fancymenu_forge_2.14.9_MC_1.12-1.12.2.jar to the mod list
[08:54:46] [Server thread/DEBUG] [FML]:   Adding SetBonus-1.12.2.040.jar to the mod list
[08:54:46] [Server thread/DEBUG] [FML]:   Adding Locks-1.12.2-3.0.0.jar to the mod list
[08:54:46] [Server thread/DEBUG] [FML]:   Adding GooglyEyes-1.12.2-7.1.1.jar to the mod list
[08:54:46] [Server thread/DEBUG] [FML]:   Adding better_survival-1.5.4.jar to the mod list
[08:54:46] [Server thread/DEBUG] [FML]:   Adding mcw-bridges-1.0.6b-mc1.12.2.jar to the mod list
[08:54:46] [Server thread/DEBUG] [FML]:   Adding spartanfire_rlcraft-1.3.3.jar to the mod list
[08:54:46] [Server thread/DEBUG] [FML]:   Adding carrotslib-mc1.12.2-1.0.0b1.jar to the mod list
[08:54:46] [Server thread/DEBUG] [FML]:   Adding champions-1.12.2-1.0.11.10.jar to the mod list
[08:54:46] [Server thread/DEBUG] [FML]:   Adding GlobalGameRules-1.12.2-2.2.7.jar to the mod list
[08:54:46] [Server thread/DEBUG] [FML]:   Adding Neat 1.4-17.jar to the mod list
[08:54:46] [Server thread/DEBUG] [FML]:   Adding ToolBelt-1.12.2-1.9.14.jar to the mod list
[08:54:46] [Server thread/DEBUG] [FML]:   Adding Toast Control-1.12.2-1.8.1.jar to the mod list
[08:54:46] [Server thread/DEBUG] [FML]:   Adding DynamicTreesQuark-1.12.2-1.0.6.jar to the mod list
[08:54:46] [Server thread/DEBUG] [FML]:   Adding pigstep-1.12.jar to the mod list
[08:54:46] [Server thread/DEBUG] [FML]:   Adding antiquecities-1.2.1.jar to the mod list
[08:54:46] [Server thread/DEBUG] [FML]:   Adding SimpleDifficulty-1.12.2-0.3.9.jar to the mod list
[08:54:46] [Server thread/DEBUG] [FML]:   Adding AntiqueAtlasAutoMarker-1.4.2.2.jar to the mod list
[08:54:46] [Server thread/DEBUG] [FML]:   Adding disenchanter[1.12]1.8.jar to the mod list
[08:54:46] [Server thread/DEBUG] [FML]:   Adding SereneSeasons-1.12.2-1.2.18-universal.jar to the mod list
[08:54:46] [Server thread/DEBUG] [FML]:   Adding armorunder-mc1.12.2-1.0.0.jar to the mod list
[08:54:46] [Server thread/DEBUG] [FML]:   Adding Forgelin-1.8.4.jar to the mod list
[08:54:46] [Server thread/DEBUG] [FML]:   Adding CollisionDamage-1.2.2.jar to the mod list
[08:54:46] [Server thread/DEBUG] [FML]:   Adding Amphithere Mod-1.0.2.jar to the mod list
[08:54:46] [Server thread/DEBUG] [FML]:   Adding ForgeEndertech-1.12.2-4.5.6.1-build.0648.jar to the mod list
[08:54:46] [Server thread/DEBUG] [FML]:   Adding RLCombat-1.12.2-2.2.4.jar to the mod list
[08:54:46] [Server thread/DEBUG] [FML]:   Adding roughTweaks0.2.4-1.12.2.jar to the mod list
[08:54:46] [Server thread/DEBUG] [FML]:   Adding StandardExpansion-3.4.173.jar to the mod list
[08:54:46] [Server thread/DEBUG] [FML]:   Adding BiomesOPlenty-1.12.2-7.0.1.2445-universal.jar to the mod list
[08:54:46] [Server thread/DEBUG] [FML]:   Adding BlockOverlayFix-1.12.2-1.0.0.jar to the mod list
[08:54:46] [Server thread/DEBUG] [FML]:   Adding RealBench-1.12.2-1.3.3.jar to the mod list
[08:54:46] [Server thread/DEBUG] [FML]:   Adding particleculling-1.12.2-v1.4.3.jar to the mod list
[08:54:46] [Server thread/DEBUG] [FML]:   Adding SpartanShields-1.12.2-1.5.5.jar to the mod list
[08:54:46] [Server thread/DEBUG] [FML]:   Adding RLMixins-1.4.6.jar to the mod list
[08:54:46] [Server thread/DEBUG] [FML]:   Adding tnt_utilities-mc1.12-1.2.3.jar to the mod list
[08:54:46] [Server thread/DEBUG] [FML]:   Adding RoguelikeDungeonsFnarEdition-1.12.2-2.4.6.jar to the mod list
[08:54:46] [Server thread/DEBUG] [FML]:   Adding itlt-1.12.x-1.0.4.jar to the mod list
[08:54:46] [Server thread/DEBUG] [FML]:   Adding PotionFingers-r1.0-8.jar to the mod list
[08:54:46] [Server thread/DEBUG] [FML]:   Adding BHMenu-Forge-1.12.2-2.4.5.jar to the mod list
[08:54:46] [Server thread/DEBUG] [FML]:   Adding Bountiful Baubles-1.12.2-0.1.8.jar to the mod list
[08:54:46] [Server thread/DEBUG] [FML]:   Adding Advanced-Fishing-1.12.2-1.3.3.jar to the mod list
[08:54:46] [Server thread/DEBUG] [FML]:   Adding QualityTools-1.0.7_for_1.12.2.jar to the mod list
[08:54:46] [Server thread/DEBUG] [FML]:   Adding Kiwi-1.12.2-0.5.3.32.jar to the mod list
[08:54:46] [Server thread/DEBUG] [FML]:   Adding fxcontrol-1.12-0.1.15.jar to the mod list
[08:54:46] [Server thread/DEBUG] [FML]:   Adding RLCraftLuckified-1.1.1.jar to the mod list
[08:54:46] [Server thread/DEBUG] [FML]:   Adding DynamicSurroundingsHuds-1.12.2-3.6.0.0.jar to the mod list
[08:54:46] [Server thread/DEBUG] [FML]:   Adding betternether-0.1.8.6.jar to the mod list
[08:54:46] [Server thread/DEBUG] [FML]:   Adding Placebo-1.12.2-1.6.1.jar to the mod list
[08:54:46] [Server thread/DEBUG] [FML]:   Adding BetterQuesting-3.5.329.jar to the mod list
[08:54:46] [Server thread/DEBUG] [FML]:   Adding DynamicTreesTraverse-1.12.2-2.1.jar to the mod list
[08:54:46] [Server thread/DEBUG] [FML]:   Adding konkrete_forge_1.6.1_MC_1.12-1.12.2.jar to the mod list
[08:54:46] [Server thread/DEBUG] [FML]:   Adding DynamicTreesBOP-1.12.2-1.5.2.jar to the mod list
[08:54:46] [Server thread/DEBUG] [FML]:   Adding AIReducer-1.12.2-0.3.0.jar to the mod list
[08:54:46] [Server thread/DEBUG] [FML]:   Adding Baubley-Elytra-v1.3.3-mc1.12.2.jar to the mod list
[08:54:46] [Server thread/DEBUG] [FML]:   Adding ReachFix-1.12.2-1.1.3.jar to the mod list
[08:54:46] [Server thread/DEBUG] [FML]:   Adding AdHooks-1.12.2-3.3.1.0-build.0626.jar to the mod list
[08:54:46] [Server thread/DEBUG] [FML]:   Adding phosphor-1.12.2-0.2.6+build50-universal.jar to the mod list
[08:54:46] [Server thread/DEBUG] [FML]:   Adding grapplemod-1.12.2-v12.3.jar to the mod list
[08:54:46] [Server thread/DEBUG] [FML]:   Adding Baubles-1.12-1.5.2.jar to the mod list
[08:54:46] [Server thread/DEBUG] [FML]:   Adding notreepunching-2.0.21.jar to the mod list
[08:54:46] [Server thread/DEBUG] [FML]:   Adding EpicSiegeMod-13.167.jar to the mod list
[08:54:46] [Server thread/DEBUG] [FML]:   Adding forgottenitems-1.12.2-1.3.1.4.jar to the mod list
[08:54:46] [Server thread/DEBUG] [FML]:   Adding xptome-1.12.2-v1.1.6.jar to the mod list
[08:54:46] [Server thread/DEBUG] [FML]:   Adding AARCAddon-1.0.1.jar to the mod list
[08:54:46] [Server thread/DEBUG] [FML]:   Adding Level Up! 2-1.1.23-1.12.jar to the mod list
[08:54:46] [Server thread/DEBUG] [FML]:   Adding comforts-1.12.2-1.4.1.3.jar to the mod list
[08:54:46] [Server thread/DEBUG] [FML]:   Adding PotionCore-1.9_for_1.12.2.jar to the mod list
[08:54:46] [Server thread/DEBUG] [FML]:   Adding PortalDupeBegone-1.0.0.jar to the mod list
[08:54:46] [Server thread/DEBUG] [FML]:   Adding Bountiful-1.12.2-2.2.3.jar to the mod list
[08:54:46] [Server thread/DEBUG] [FML]:   Adding Mantle-1.12-1.3.3.55.jar to the mod list
[08:54:46] [Server thread/DEBUG] [FML]:   Adding FamiliarFauna-1.12.2-1.0.11.jar to the mod list
[08:54:46] [Server thread/DEBUG] [FML]:   Adding LoadingScreens-1.12.2-0.3.1.jar to the mod list
[08:54:46] [Server thread/DEBUG] [FML]:   Adding Traverse-1.12.2-1.6.0-69.jar to the mod list
[08:54:46] [Server thread/DEBUG] [FML]:   Adding RenderLib-1.12.2-1.4.5.jar to the mod list
[08:54:46] [Server thread/DEBUG] [FML]:   Adding lostcities-1.12-2.0.22.jar to the mod list
[08:54:46] [Server thread/DEBUG] [FML]:   Adding DelightfulCuisineForWoodheads_1.12.2-1.1.0.jar to the mod list
[08:54:46] [Server thread/DEBUG] [FML]:   Adding RLArtifacts-1.1.2.jar to the mod list
[08:54:46] [Server thread/DEBUG] [FML]:   Adding CompatSkills-1.12.2-1.17.0.jar to the mod list
[08:54:46] [Server thread/DEBUG] [FML]:   Adding Fish's Undead Rising-1.4.2.jar to the mod list
[08:54:46] [Server thread/DEBUG] [FML]:   Adding SoundFilters-0.12.1_for_1.12.jar to the mod list
[08:54:46] [Server thread/DEBUG] [FML]:   Adding nuclearcraft-1.12.2-2.19a.jar to the mod list
[08:54:46] [Server thread/DEBUG] [FML]:   Adding FoodFix-1.12.2.001.jar to the mod list
[08:54:46] [Server thread/DEBUG] [FML]:   Adding SnowRealMagic-1.12.2-0.7.4.jar to the mod list
[08:54:46] [Server thread/DEBUG] [FML]:   Adding lagbgonrevived-1.1.0.jar to the mod list
[08:54:46] [Server thread/DEBUG] [FML]:   Adding FurnaceXPStorage-1.1.4.jar to the mod list
[08:54:46] [Server thread/DEBUG] [FML]:   Adding modtweaker-4.0.20.11.jar to the mod list
[08:54:46] [Server thread/DEBUG] [FML]:   Adding EnchantmentDescriptions-1.12.2-1.1.20.jar to the mod list
[08:54:46] [Server thread/DEBUG] [FML]:   Adding callablehorses-1.12.2-1.1.1.jar to the mod list
[08:54:46] [Server thread/DEBUG] [FML]:   Adding EnhancedVisuals_v1.4.4_mc1.12.2.jar to the mod list
[08:54:46] [Server thread/DEBUG] [FML]:   Adding librarianlib-1.12.2-4.22.jar to the mod list
[08:54:46] [Server thread/DEBUG] [FML]:   Adding MoBends_1.12.2-1.2.1-19.12.21.jar to the mod list
[08:54:46] [Server thread/DEBUG] [FML]:   Adding EntityCulling-1.12.2-6.5.0.jar to the mod list
[08:54:46] [Server thread/DEBUG] [FML]:   Adding Bloodmoon-MC1.12.2-1.5.3.jar to the mod list
[08:54:46] [Server thread/DEBUG] [FML]:   Adding MmmMmmMmmMmm-1.12-2.0.5.jar to the mod list
[08:54:46] [Server thread/DEBUG] [FML]:   Adding YungsLaw-1.12.2-1.0.4.jar to the mod list
[08:54:46] [Server thread/DEBUG] [FML]:   Adding fermiumasm-5.28.jar to the mod list
[08:54:46] [Server thread/DEBUG] [FML]:   Adding EagleMixins-1.1.7.jar to the mod list
[08:54:46] [Server thread/DEBUG] [FML]:   Adding ResourceLoader-MC1.12.1-1.5.3.jar to the mod list
[08:54:46] [Server thread/DEBUG] [FML]:   Adding InfernalMobs-1.12.2.jar to the mod list
[08:54:46] [Server thread/DEBUG] [FML]:   Adding Waystones_1.12.2-4.1.0.jar to the mod list
[08:54:46] [Server thread/DEBUG] [FML]:   Adding Controlling-3.0.12.4.jar to the mod list
[08:54:46] [Server thread/DEBUG] [FML]:   Adding playerbosses-1.12.2-1.1.0.jar to the mod list
[08:54:46] [Server thread/DEBUG] [FML]:   Adding ContentTweaker-1.12.2-4.10.0.jar to the mod list
[08:54:46] [Server thread/DEBUG] [FML]:   Adding Underneath-1.9.jar to the mod list
[08:54:46] [Server thread/DEBUG] [FML]:   Adding spartandefiled-1.12.2-1.2.jar to the mod list
[08:54:46] [Server thread/DEBUG] [FML]:   Adding ShieldBreak-1.1.3.jar to the mod list
[08:54:46] [Server thread/DEBUG] [FML]:   Adding rustic-1.1.7.jar to the mod list
[08:54:46] [Server thread/DEBUG] [FML]:   Adding SpartanWeaponry-1.12.2-1.6.1.jar to the mod list
[08:54:46] [Server thread/INFO] [FML]: Searching /home/Minecraft/rlcraft-server/./mods/1.12.2 for mods
[08:54:46] [Server thread/DEBUG] [FML]:   Adding OTG-Core.jar to the mod list
[08:54:46] [Server thread/TRACE] [FML]: Skipping already parsed coremod or tweaker !mod-director-launchwrapper-1.9.1.jar
[08:54:46] [Server thread/DEBUG] [FML]: Found a candidate zip or jar file `FermiumBooter-1.3.2.jar
[08:54:46] [Server thread/DEBUG] [FML]: Found a candidate zip or jar file AARCAddon-1.0.1.jar
[08:54:46] [Server thread/DEBUG] [FML]: Found a candidate zip or jar file AdHooks-1.12.2-3.3.1.0-build.0626.jar
[08:54:46] [Server thread/DEBUG] [FML]: Found a candidate zip or jar file Advanced-Fishing-1.12.2-1.3.3.jar
[08:54:46] [Server thread/DEBUG] [FML]: Found a candidate zip or jar file AIReducer-1.12.2-0.3.0.jar
[08:54:46] [Server thread/DEBUG] [FML]: Found a candidate zip or jar file alcatrazcore-1.0.4.jar
[08:54:46] [Server thread/DEBUG] [FML]: Found a candidate zip or jar file Amphithere Mod-1.0.2.jar
[08:54:46] [Server thread/DEBUG] [FML]: Found a candidate zip or jar file antiqueatlas-1.12.2-4.6.3.jar
[08:54:46] [Server thread/DEBUG] [FML]: Found a candidate zip or jar file AntiqueAtlasAutoMarker-1.4.2.2.jar
[08:54:46] [Server thread/DEBUG] [FML]: Found a candidate zip or jar file antiquecities-1.2.1.jar
[08:54:46] [Server thread/DEBUG] [FML]: Found a candidate zip or jar file anvilpatch-1.1.1.jar
[08:54:46] [Server thread/DEBUG] [FML]: Found a candidate zip or jar file Aquaculture-1.12.2-1.6.8.jar
[08:54:46] [Server thread/DEBUG] [FML]: Found a candidate zip or jar file armorunder-mc1.12.2-1.0.0.jar
[08:54:46] [Server thread/DEBUG] [FML]: Found a candidate zip or jar file astikorcarts-1.12.2-0.1.2.8.jar
[08:54:46] [Server thread/DEBUG] [FML]: Found a candidate zip or jar file AttributeFix-Forge-1.12.2-1.0.12.jar
[08:54:46] [Server thread/DEBUG] [FML]: Found a candidate zip or jar file AutoRegLib-1.3-32.jar
[08:54:46] [Server thread/DEBUG] [FML]: Found a candidate zip or jar file base-1.12.2-3.14.0.jar
[08:54:46] [Server thread/DEBUG] [FML]: Found a candidate zip or jar file BattleTowers-1.12.2.jar
[08:54:46] [Server thread/DEBUG] [FML]: Found a candidate zip or jar file Baubles-1.12-1.5.2.jar
[08:54:46] [Server thread/DEBUG] [FML]: Found a candidate zip or jar file Baubley-Elytra-v1.3.3-mc1.12.2.jar
[08:54:46] [Server thread/DEBUG] [FML]: Found a candidate zip or jar file BedBreakBegone-1.0.2.jar
[08:54:46] [Server thread/DEBUG] [FML]: Found a candidate zip or jar file better_survival-1.5.4.jar
[08:54:46] [Server thread/DEBUG] [FML]: Found a candidate zip or jar file betterbiomeblend-1.12.2-1.1.7-forge.jar
[08:54:46] [Server thread/DEBUG] [FML]: Found a candidate zip or jar file bettercaves-1.12.2-2.0.4.jar
[08:54:46] [Server thread/DEBUG] [FML]: Found a candidate zip or jar file BetterMineshaftsForge-1.12.2-2.2.1.jar
[08:54:46] [Server thread/DEBUG] [FML]: Found a candidate zip or jar file betternether-0.1.8.6.jar
[08:54:46] [Server thread/DEBUG] [FML]: Found a candidate zip or jar file BetterQuesting-3.5.329.jar
[08:54:46] [Server thread/DEBUG] [FML]: Found a candidate zip or jar file BetterTabs-1.0.4.jar
[08:54:46] [Server thread/DEBUG] [FML]: Found a candidate zip or jar file BHMenu-Forge-1.12.2-2.4.5.jar
[08:54:46] [Server thread/DEBUG] [FML]: Found a candidate zip or jar file BiomesOPlenty-1.12.2-7.0.1.2445-universal.jar
[08:54:46] [Server thread/TRACE] [FML]: Skipping already parsed coremod or tweaker BlockOverlayFix-1.12.2-1.0.0.jar
[08:54:46] [Server thread/DEBUG] [FML]: Found a candidate zip or jar file Bloodmoon-MC1.12.2-1.5.3.jar
[08:54:46] [Server thread/DEBUG] [FML]: Found a candidate zip or jar file BNBGamingLib-1.12.2-2.17.6.jar
[08:54:46] [Server thread/DEBUG] [FML]: Found a candidate zip or jar file BoatDeleteBegone-1.1.2.jar
[08:54:46] [Server thread/DEBUG] [FML]: Found a candidate zip or jar file Born In A Barn 1.8-1.12-1.2.jar
[08:54:46] [Server thread/DEBUG] [FML]: Found a candidate zip or jar file Bounceable-1.0.1.jar
[08:54:46] [Server thread/DEBUG] [FML]: Found a candidate zip or jar file Bountiful Baubles-1.12.2-0.1.8.jar
[08:54:46] [Server thread/DEBUG] [FML]: Found a candidate zip or jar file Bountiful-1.12.2-2.2.3.jar
[08:54:46] [Server thread/DEBUG] [FML]: Found a candidate zip or jar file BQ_Multiblock_Structure_Integration-1.0.9.jar
[08:54:46] [Server thread/DEBUG] [FML]: Found a candidate zip or jar file BQTweaker-1.3.5.jar
[08:54:46] [Server thread/DEBUG] [FML]: Found a candidate zip or jar file callablehorses-1.12.2-1.1.1.jar
[08:54:46] [Server thread/DEBUG] [FML]: Found a candidate zip or jar file carrotslib-mc1.12.2-1.0.0b1.jar
[08:54:46] [Server thread/DEBUG] [FML]: Found a candidate zip or jar file carryon-1.12.2-1.12.7.23.jar
[08:54:46] [Server thread/DEBUG] [FML]: Found a candidate zip or jar file CD4017BE_lib-1.12.2-6.5.1.jar
[08:54:46] [Server thread/DEBUG] [FML]: Found a candidate zip or jar file champions-1.12.2-1.0.11.10.jar
[08:54:46] [Server thread/DEBUG] [FML]: Found a candidate zip or jar file Charm-1.12.2-1.4.1.jar
[08:54:46] [Server thread/DEBUG] [FML]: Found a candidate zip or jar file ChunkAnimator-1.12.2-1.2.1.jar
[08:54:46] [Server thread/DEBUG] [FML]: Found a candidate zip or jar file classyhats-1.6.0.jar
[08:54:46] [Server thread/DEBUG] [FML]: Found a candidate zip or jar file CollisionDamage-1.2.2.jar
[08:54:46] [Server thread/DEBUG] [FML]: Found a candidate zip or jar file comforts-1.12.2-1.4.1.3.jar
[08:54:46] [Server thread/DEBUG] [FML]: Found a candidate zip or jar file CompatSkills-1.12.2-1.17.0.jar
[08:54:46] [Server thread/DEBUG] [FML]: Found a candidate zip or jar file ContentCreator-1.3.7-fix2.jar
[08:54:46] [Server thread/DEBUG] [FML]: Found a candidate zip or jar file ContentTweaker-1.12.2-4.10.0.jar
[08:54:46] [Server thread/DEBUG] [FML]: Found a candidate zip or jar file Controlling-3.0.12.4.jar
[08:54:46] [Server thread/DEBUG] [FML]: Found a candidate zip or jar file CoralReef-2.5-1.12.2.jar
[08:54:46] [Server thread/DEBUG] [FML]: Found a candidate zip or jar file corpsecomplex-1.12.2-1.0.12.0.jar
[08:54:46] [Server thread/DEBUG] [FML]: Found a candidate zip or jar file craftablechainmail-1.0.jar
[08:54:46] [Server thread/DEBUG] [FML]: Found a candidate zip or jar file CraftTweaker2-1.12-4.1.20.704.jar
[08:54:46] [Server thread/DEBUG] [FML]: Found a candidate zip or jar file crafttweakerutils-0.7.jar
[08:54:46] [Server thread/DEBUG] [FML]: Found a candidate zip or jar file CreativeCore_v1.10.71_mc1.12.2.jar
[08:54:46] [Server thread/DEBUG] [FML]: Found a candidate zip or jar file ctintegration-1.8.0.jar
[08:54:46] [Server thread/DEBUG] [FML]: Found a candidate zip or jar file defiledlands-1.12.2-1.4.3.jar
[08:54:46] [Server thread/DEBUG] [FML]: Found a candidate zip or jar file DelightfulCuisineForWoodheads_1.12.2-1.1.0.jar
[08:54:46] [Server thread/DEBUG] [FML]: Found a candidate zip or jar file disenchanter[1.12]1.8.jar
[08:54:46] [Server thread/DEBUG] [FML]: Found a candidate zip or jar file DoomlikeDungeons-1.14.12-MC1.12.2.jar
[08:54:46] [Server thread/DEBUG] [FML]: Found a candidate zip or jar file DregoraRL-3.5.jar
[08:54:46] [Server thread/DEBUG] [FML]: Found a candidate zip or jar file DynamicSurroundings-1.12.2-3.6.2.1.jar
[08:54:46] [Server thread/DEBUG] [FML]: Found a candidate zip or jar file DynamicTrees-1.12.2-0.9.29.jar
[08:54:46] [Server thread/DEBUG] [FML]: Found a candidate zip or jar file DynamicTreesBOP-1.12.2-1.5.2.jar
[08:54:46] [Server thread/DEBUG] [FML]: Found a candidate zip or jar file dynamictreesdefiledlands-1.12.2-1.0.0.jar
[08:54:46] [Server thread/DEBUG] [FML]: Found a candidate zip or jar file DynamicTreesQuark-1.12.2-1.0.6.jar
[08:54:46] [Server thread/DEBUG] [FML]: Found a candidate zip or jar file DynamicTreesTraverse-1.12.2-2.1.jar
[08:54:46] [Server thread/DEBUG] [FML]: Found a candidate zip or jar file EagleMixins-1.1.7.jar
[08:54:46] [Server thread/DEBUG] [FML]: Found a candidate zip or jar file EditableEdibles-1.3.3.jar
[08:54:46] [Server thread/DEBUG] [FML]: Found a candidate zip or jar file ElenaiDodge-1.12.2-2.1.jar
[08:54:46] [Server thread/DEBUG] [FML]: Found a candidate zip or jar file EnchantmentDescriptions-1.12.2-1.1.20.jar
[08:54:46] [Server thread/DEBUG] [FML]: Found a candidate zip or jar file EnhancedVisuals_v1.4.4_mc1.12.2.jar
[08:54:46] [Server thread/TRACE] [FML]: Skipping already parsed coremod or tweaker EntityCulling-1.12.2-6.5.0.jar
[08:54:46] [Server thread/DEBUG] [FML]: Found a candidate zip or jar file EpicSiegeMod-13.167.jar
[08:54:46] [Server thread/DEBUG] [FML]: Found a candidate zip or jar file FamiliarFauna-1.12.2-1.0.11.jar
[08:54:46] [Server thread/DEBUG] [FML]: Found a candidate zip or jar file FancyBlockParticles-1.12.x-2.4.1.jar
[08:54:46] [Server thread/DEBUG] [FML]: Found a candidate zip or jar file fancymenu_forge_2.14.9_MC_1.12-1.12.2.jar
[08:54:46] [Server thread/DEBUG] [FML]: Found a candidate zip or jar file FantasticLib-1.12.2.070.jar
[08:54:46] [Server thread/DEBUG] [FML]: Found a candidate zip or jar file fermiumasm-5.28.jar
[08:54:46] [Server thread/DEBUG] [FML]: Found a candidate zip or jar file FermiumMixins-1.0.9.jar
[08:54:46] [Server thread/DEBUG] [FML]: Found a candidate zip or jar file firstaid-1.6.22.jar
[08:54:46] [Server thread/DEBUG] [FML]: Found a candidate zip or jar file Fish's Undead Rising-1.4.2.jar
[08:54:46] [Server thread/DEBUG] [FML]: Found a candidate zip or jar file FishingMadeBetter-1.12.2-2.2.7.jar
[08:54:46] [Server thread/DEBUG] [FML]: Found a candidate zip or jar file foamfix-0.10.15-1.12.2.jar
[08:54:46] [Server thread/DEBUG] [FML]: Found a candidate zip or jar file FoodExpansion1.3.3-1.12.2.jar
[08:54:46] [Server thread/DEBUG] [FML]: Found a candidate zip or jar file FoodFix-1.12.2.001.jar
[08:54:46] [Server thread/DEBUG] [FML]: Found a candidate zip or jar file ForgeEndertech-1.12.2-4.5.6.1-build.0648.jar
[08:54:46] [Server thread/DEBUG] [FML]: Found a candidate zip or jar file Forgelin-1.8.4.jar
[08:54:46] [Server thread/DEBUG] [FML]: Found a candidate zip or jar file forgottenitems-1.12.2-1.3.1.4.jar
[08:54:46] [Server thread/DEBUG] [FML]: Found a candidate zip or jar file framevoidpatch-1.0.0.jar
[08:54:46] [Server thread/DEBUG] [FML]: Found a candidate zip or jar file FriendlyEndermite_v1.0.1_mc1.12.2.jar
[08:54:46] [Server thread/DEBUG] [FML]: Found a candidate zip or jar file FurnaceXPStorage-1.1.4.jar
[08:54:46] [Server thread/DEBUG] [FML]: Found a candidate zip or jar file fxcontrol-1.12-0.1.15.jar
[08:54:46] [Server thread/DEBUG] [FML]: Found a candidate zip or jar file GlobalGameRules-1.12.2-2.2.7.jar
[08:54:46] [Server thread/DEBUG] [FML]: Found a candidate zip or jar file GooglyEyes-1.12.2-7.1.1.jar
[08:54:46] [Server thread/DEBUG] [FML]: Found a candidate zip or jar file grapplemod-1.12.2-v12.3.jar
[08:54:46] [Server thread/DEBUG] [FML]: Found a candidate zip or jar file HelpFixer-1.12.1-1.5.18.jar
[08:54:46] [Server thread/DEBUG] [FML]: Found a candidate zip or jar file Ice and Fire-2.0.9.jar
[08:54:46] [Server thread/DEBUG] [FML]: Found a candidate zip or jar file iChunUtil-1.12.2-7.2.2.jar
[08:54:46] [Server thread/DEBUG] [FML]: Found a candidate zip or jar file incontrol-1.12-3.9.18.jar
[08:54:46] [Server thread/DEBUG] [FML]: Found a candidate zip or jar file InfernalMobs-1.12.2.jar
[08:54:46] [Server thread/DEBUG] [FML]: Found a candidate zip or jar file Inspirations-1.12.2-0.2.9.jar
[08:54:46] [Server thread/DEBUG] [FML]: Found a candidate zip or jar file InventoryTweaks-1.64+dev.151.jar
[08:54:46] [Server thread/TRACE] [FML]: Skipping already parsed coremod or tweaker ItemPhysic_Full_1.4.37_mc1.12.2.jar
[08:54:46] [Server thread/DEBUG] [FML]: Found a candidate zip or jar file itlt-1.12.x-1.0.4.jar
[08:54:46] [Server thread/TRACE] [FML]: Skipping already parsed coremod or tweaker IvToolkit-1.3.3-1.12.jar
[08:54:46] [Server thread/DEBUG] [FML]: Found a candidate zip or jar file jei_1.12.2-4.16.1.1012.jar
[08:54:46] [Server thread/DEBUG] [FML]: Found a candidate zip or jar file JSON-Paintings-v1.4.0-mc1.12.2.jar
[08:54:46] [Server thread/DEBUG] [FML]: Found a candidate zip or jar file konkrete_forge_1.6.1_MC_1.12-1.12.2.jar
[08:54:46] [Server thread/DEBUG] [FML]: Found a candidate zip or jar file lagbgonrevived-1.1.0.jar
[08:54:46] [Server thread/DEBUG] [FML]: Found a candidate zip or jar file LegendaryTooltips-1.12.2-1.1.11.jar
[08:54:46] [Server thread/DEBUG] [FML]: Found a candidate zip or jar file Level Up! 2-1.1.23-1.12.jar
[08:54:46] [Server thread/DEBUG] [FML]: Found a candidate zip or jar file librarianlib-1.12.2-4.22.jar
[08:54:46] [Server thread/DEBUG] [FML]: Found a candidate zip or jar file LoadingScreens-1.12.2-0.3.1.jar
[08:54:46] [Server thread/DEBUG] [FML]: Found a candidate zip or jar file Localizator-1.12.2-1.0.14.jar
[08:54:46] [Server thread/DEBUG] [FML]: Found a candidate zip or jar file Locks-1.12.2-3.0.0.jar
[08:54:46] [Server thread/DEBUG] [FML]: Found a candidate zip or jar file LootTweaker-0.3.1+MC1.12.2.jar
[08:54:46] [Server thread/DEBUG] [FML]: Found a candidate zip or jar file lostcities-1.12-2.0.22.jar
[08:54:46] [Server thread/DEBUG] [FML]: Found a candidate zip or jar file lycanitesmobs-1.12.2-2.0.8.10.jar
[08:54:46] [Server thread/DEBUG] [FML]: Found a candidate zip or jar file Mantle-1.12-1.3.3.55.jar
[08:54:46] [Server thread/DEBUG] [FML]: Found a candidate zip or jar file MaterialTweaker-1.1.1.jar
[08:54:46] [Server thread/DEBUG] [FML]: Found a candidate zip or jar file mcw-bridges-1.0.6b-mc1.12.2.jar
[08:54:46] [Server thread/DEBUG] [FML]: Found a candidate zip or jar file MmmMmmMmmMmm-1.12-2.0.5.jar
[08:54:46] [Server thread/DEBUG] [FML]: Found a candidate zip or jar file MoBends_1.12.2-1.2.1-19.12.21.jar
[08:54:46] [Server thread/DEBUG] [FML]: Found a candidate zip or jar file modtweaker-4.0.20.11.jar
[08:54:46] [Server thread/DEBUG] [FML]: Found a candidate zip or jar file MouseTweaks-2.10.1-mc1.12.2.jar
[08:54:46] [Server thread/DEBUG] [FML]: Found a candidate zip or jar file MTLib-3.0.7.jar
[08:54:46] [Server thread/DEBUG] [FML]: Found a candidate zip or jar file MultiMine-1.12.2.jar
[08:54:46] [Server thread/DEBUG] [FML]: Found a candidate zip or jar file Neat 1.4-17.jar
[08:54:46] [Server thread/DEBUG] [FML]: Found a candidate zip or jar file NoiseThreader-1.1.1.jar
[08:54:46] [Server thread/DEBUG] [FML]: Found a candidate zip or jar file notreepunching-2.0.21.jar
[08:54:46] [Server thread/DEBUG] [FML]: Found a candidate zip or jar file nuclearcraft-1.12.2-2.19a.jar
[08:54:46] [Server thread/DEBUG] [FML]: Found a candidate zip or jar file OpenTerrainGenerator-1.12.2-v9.7.jar
[08:54:46] [Server thread/DEBUG] [FML]: Found a candidate zip or jar file OptifineCITPatch-1.0.4.jar
[08:54:46] [Server thread/TRACE] [FML]: Skipping already parsed coremod or tweaker OTG-Core.jar
[08:54:46] [Server thread/DEBUG] [FML]: Found a candidate zip or jar file paintingselgui-PSG Revamed-1.12.2-1.1.0.1.jar
[08:54:46] [Server thread/DEBUG] [FML]: Found a candidate zip or jar file particleculling-1.12.2-v1.4.3.jar
[08:54:46] [Server thread/DEBUG] [FML]: Found a candidate zip or jar file PhosphorCrashFix-1.12.2-1.0.0.jar
[08:54:46] [Server thread/DEBUG] [FML]: Found a candidate zip or jar file pigstep-1.12.jar
[08:54:46] [Server thread/DEBUG] [FML]: Found a candidate zip or jar file Placebo-1.12.2-1.6.1.jar
[08:54:46] [Server thread/DEBUG] [FML]: Found a candidate zip or jar file playerbosses-1.12.2-1.1.0.jar
[08:54:46] [Server thread/DEBUG] [FML]: Found a candidate zip or jar file PortalDupeBegone-1.0.0.jar
[08:54:46] [Server thread/DEBUG] [FML]: Found a candidate zip or jar file PotionCore-1.9_for_1.12.2.jar
[08:54:46] [Server thread/DEBUG] [FML]: Found a candidate zip or jar file potiondescriptions-1.12.2-1.2.4.jar
[08:54:46] [Server thread/DEBUG] [FML]: Found a candidate zip or jar file PotionFingers-r1.0-8.jar
[08:54:46] [Server thread/DEBUG] [FML]: Found a candidate zip or jar file QualityTools-1.0.7_for_1.12.2.jar
[08:54:46] [Server thread/DEBUG] [FML]: Found a candidate zip or jar file Quark-r1.6-179.jar
[08:54:46] [Server thread/DEBUG] [FML]: Found a candidate zip or jar file ReachFix-1.12.2-1.1.3.jar
[08:54:46] [Server thread/TRACE] [FML]: Skipping already parsed coremod or tweaker RealBench-1.12.2-1.3.3.jar
[08:54:46] [Server thread/DEBUG] [FML]: Found a candidate zip or jar file RealisticTorches-1.12.2-2.1.2.jar
[08:54:46] [Server thread/DEBUG] [FML]: Found a candidate zip or jar file RebornCore-1.12.2-3.19.5-universal.jar
[08:54:46] [Server thread/DEBUG] [FML]: Found a candidate zip or jar file RecurrentComplex-1.4.8.6.jar
[08:54:46] [Server thread/TRACE] [FML]: Skipping already parsed coremod or tweaker RenderLib-1.12.2-1.4.5.jar
[08:54:46] [Server thread/DEBUG] [FML]: Found a candidate zip or jar file Reskillable-1.12.2-1.13.0.jar
[08:54:46] [Server thread/DEBUG] [FML]: Found a candidate zip or jar file ResourceLoader-MC1.12.1-1.5.3.jar
[08:54:46] [Server thread/DEBUG] [FML]: Found a candidate zip or jar file RLArtifacts-1.1.2.jar
[08:54:46] [Server thread/DEBUG] [FML]: Found a candidate zip or jar file RLCombat-1.12.2-2.2.4.jar
[08:54:46] [Server thread/DEBUG] [FML]: Found a candidate zip or jar file RLCraftLuckified-1.1.1.jar
[08:54:46] [Server thread/DEBUG] [FML]: Found a candidate zip or jar file RLFoliage-MC1.12-2.4.2.jar
[08:54:46] [Server thread/DEBUG] [FML]: Found a candidate zip or jar file RLMixins-1.4.6.jar
[08:54:46] [Server thread/DEBUG] [FML]: Found a candidate zip or jar file RLTweaker-1.12.2-0.7.5.jar
[08:54:46] [Server thread/DEBUG] [FML]: Found a candidate zip or jar file RoguelikeDungeonsFnarEdition-1.12.2-2.4.6.jar
[08:54:46] [Server thread/DEBUG] [FML]: Found a candidate zip or jar file roughTweaks0.2.4-1.12.2.jar
[08:54:46] [Server thread/DEBUG] [FML]: Found a candidate zip or jar file rustic-1.1.7.jar
[08:54:46] [Server thread/DEBUG] [FML]: Found a candidate zip or jar file ScalingHealth-1.12.2-1.3.42+147.jar
[08:54:46] [Server thread/DEBUG] [FML]: Found a candidate zip or jar file SereneSeasons-1.12.2-1.2.18-universal.jar
[08:54:46] [Server thread/DEBUG] [FML]: Found a candidate zip or jar file SetBonus-1.12.2.040.jar
[08:54:46] [Server thread/DEBUG] [FML]: Found a candidate zip or jar file ShieldBreak-1.1.3.jar
[08:54:46] [Server thread/DEBUG] [FML]: Found a candidate zip or jar file SilentLib-1.12.2-3.0.14+168.jar
[08:54:46] [Server thread/DEBUG] [FML]: Found a candidate zip or jar file SimpleDifficulty-1.12.2-0.3.9.jar
[08:54:46] [Server thread/DEBUG] [FML]: Found a candidate zip or jar file sit-1.12.2-v1.3.jar
[08:54:46] [Server thread/DEBUG] [FML]: Found a candidate zip or jar file SnowRealMagic-1.12.2-0.7.4.jar
[08:54:46] [Server thread/DEBUG] [FML]: Found a candidate zip or jar file SoManyEnchantments-1.0.7-1.12.2.jar
[08:54:46] [Server thread/DEBUG] [FML]: Found a candidate zip or jar file SoundFilters-0.12.1_for_1.12.jar
[08:54:46] [Server thread/DEBUG] [FML]: Found a candidate zip or jar file spark-unforged-1.11.140-forge.jar
[08:54:46] [Server thread/DEBUG] [FML]: Found a candidate zip or jar file spartandefiled-1.12.2-1.2.jar
[08:54:46] [Server thread/DEBUG] [FML]: Found a candidate zip or jar file spartanfire_rlcraft-1.3.3.jar
[08:54:46] [Server thread/DEBUG] [FML]: Found a candidate zip or jar file SpartanHUDBaubles-1.12.2-1.0.0.jar
[08:54:46] [Server thread/DEBUG] [FML]: Found a candidate zip or jar file SpartanShields-1.12.2-1.5.5.jar
[08:54:46] [Server thread/DEBUG] [FML]: Found a candidate zip or jar file SpartanWeaponry-1.12.2-1.6.1.jar
[08:54:46] [Server thread/DEBUG] [FML]: Found a candidate zip or jar file SpawnerControl-1.6.3b.jar
[08:54:46] [Server thread/DEBUG] [FML]: Found a candidate zip or jar file SRParasites-1.12.2v1.9.21.jar
[08:54:46] [Server thread/DEBUG] [FML]: Found a candidate zip or jar file SRPMixins-2.9.1.1.jar
[08:54:46] [Server thread/DEBUG] [FML]: Found a candidate zip or jar file StandardExpansion-3.4.173.jar
[08:54:46] [Server thread/DEBUG] [FML]: Found a candidate zip or jar file Surge-1.12.2-2.0.79.jar
[08:54:46] [Server thread/DEBUG] [FML]: Found a candidate zip or jar file switchbow-1.6.8.jar
[08:54:46] [Server thread/DEBUG] [FML]: Found a candidate zip or jar file tnt_utilities-mc1.12-1.2.3.jar
[08:54:46] [Server thread/DEBUG] [FML]: Found a candidate zip or jar file Toast Control-1.12.2-1.8.1.jar
[08:54:46] [Server thread/DEBUG] [FML]: Found a candidate zip or jar file ToolBelt-1.12.2-1.9.14.jar
[08:54:46] [Server thread/DEBUG] [FML]: Found a candidate zip or jar file Traverse-1.12.2-1.6.0-69.jar
[08:54:46] [Server thread/DEBUG] [FML]: Found a candidate zip or jar file Trinkets and Baubles-0.32.5.jar
[08:54:46] [Server thread/DEBUG] [FML]: Found a candidate zip or jar file trumpetskeleton-1.12-1.0.2.1.jar
[08:54:46] [Server thread/DEBUG] [FML]: Found a candidate zip or jar file tschipplib-1.12.2-1.1.7.jar
[08:54:46] [Server thread/DEBUG] [FML]: Found a candidate zip or jar file tumbleweed-1.12-0.4.7.jar
[08:54:46] [Server thread/DEBUG] [FML]: Found a candidate zip or jar file Underneath-1.9.jar
[08:54:46] [Server thread/DEBUG] [FML]: Found a candidate zip or jar file VariedCommodities_1.12.2-(31Mar23).jar
[08:54:46] [Server thread/DEBUG] [FML]: Found a candidate zip or jar file VCFix-1.0.1.jar
[08:54:46] [Server thread/DEBUG] [FML]: Found a candidate zip or jar file VerticallyStackedDimensions-1.12.2-0.1.9.jar
[08:54:46] [Server thread/DEBUG] [FML]: Found a candidate zip or jar file Waystones_1.12.2-4.1.0.jar
[08:54:46] [Server thread/DEBUG] [FML]: Found a candidate zip or jar file WearableBackpacks-RLCraft-1.12.2-3.2.6.jar
[08:54:46] [Server thread/DEBUG] [FML]: Found a candidate zip or jar file WolfArmorAndStorage-3.8.1+1.12.2.alpha.1-SNAPSHOT-signed.jar
[08:54:46] [Server thread/DEBUG] [FML]: Found a candidate zip or jar file XPFromHarvest-1.12.2-1.2.0.jar
[08:54:46] [Server thread/DEBUG] [FML]: Found a candidate zip or jar file xptome-1.12.2-v1.1.6.jar
[08:54:46] [Server thread/DEBUG] [FML]: Found a candidate zip or jar file YungsLaw-1.12.2-1.0.4.jar
[08:54:46] [Server thread/DEBUG] [FML]: Found a candidate zip or jar file OreLib-1.12.2-3.6.0.1.jar
[08:54:46] [Server thread/TRACE] [FML]: Skipping already parsed coremod or tweaker llibrary-core-1.0.11-1.12.2.jar
[08:54:46] [Server thread/DEBUG] [FML]: Found a candidate zip or jar file llibrary-1.7.20-1.12.2.jar
[08:54:46] [Server thread/DEBUG] [FML]: Found a candidate zip or jar file mcjtytools-0.0.21.jar
[08:54:46] [Server thread/DEBUG] [FML]: Found a candidate zip or jar file Kiwi-1.12.2-0.5.3.32.jar
[08:54:46] [Server thread/DEBUG] [FML]: Found a candidate zip or jar file DynamicSurroundingsHuds-1.12.2-3.6.0.0.jar
[08:54:46] [Server thread/DEBUG] [FML]: Found a candidate zip or jar file phosphor-1.12.2-0.2.6+build50-universal.jar
[08:54:46] [Server thread/DEBUG] [FML]: Examining file forge-1.12.2-14.23.5.2860.jar for potential mods
[08:54:46] [Server thread/DEBUG] [FML]: The mod container forge-1.12.2-14.23.5.2860.jar appears to be missing an mcmod.info file
[08:54:46] [Server thread/DEBUG] [FML]: Examining file BHMenu-Forge-1.12.2-2.4.5.jar for potential mods
[08:54:46] [Server thread/TRACE] [FML]: Located mcmod.info file in file BHMenu-Forge-1.12.2-2.4.5.jar
[08:54:46] [Server thread/DEBUG] [FML]: Identified a mod of type Lnet/minecraftforge/fml/common/Mod; (com.bisecthosting.mods.bhmenu.ModRoot) - loading
[08:54:46] [Server thread/INFO] [FML]: Disabling mod bhmenu it is client side only.
[08:54:46] [Server thread/DEBUG] [FML]: Skipping mod com.bisecthosting.mods.bhmenu.ModRoot, container opted to not load.
[08:54:46] [Server thread/DEBUG] [FML]: Examining file `FermiumBooter-1.3.2.jar for potential mods
[08:54:46] [Server thread/TRACE] [FML]: Located mcmod.info file in file `FermiumBooter-1.3.2.jar
[08:54:46] [Server thread/DEBUG] [FML]: Identified a mod of type Lnet/minecraftforge/fml/common/Mod; (fermiumbooter.FermiumBooter) - loading
[08:54:46] [Server thread/TRACE] [FML]: Parsed dependency info for fermiumbooter: Requirements: [] After:[] Before:[]
[08:54:47] [Server thread/DEBUG] [FML]: Examining file AARCAddon-1.0.1.jar for potential mods
[08:54:47] [Server thread/TRACE] [FML]: Located mcmod.info file in file AARCAddon-1.0.1.jar
[08:54:47] [Server thread/DEBUG] [FML]: Identified a mod of type Lnet/minecraftforge/fml/common/Mod; (aarcaddon.core.AARCAddon) - loading
[08:54:47] [Server thread/TRACE] [FML]: Parsed dependency info for aarcaddon: Requirements: [] After:[antiqueatlas, reccomplex] Before:[]
[08:54:47] [Server thread/DEBUG] [FML]: Examining file AdHooks-1.12.2-3.3.1.0-build.0626.jar for potential mods
[08:54:47] [Server thread/TRACE] [FML]: Located mcmod.info file in file AdHooks-1.12.2-3.3.1.0-build.0626.jar
[08:54:47] [Server thread/DEBUG] [FML]: Identified a mod of type Lnet/minecraftforge/fml/common/Mod; (com.endertech.minecraft.mods.adhooks.Main) - loading
[08:54:47] [Server thread/TRACE] [FML]: Parsed dependency info for adhooks: Requirements: [forgeendertech@[1.12.2-4.5.6.0,)] After:[forgeendertech@[1.12.2-4.5.6.0,)] Before:[]
[08:54:47] [Server thread/DEBUG] [FML]: Examining file Advanced-Fishing-1.12.2-1.3.3.jar for potential mods
[08:54:47] [Server thread/TRACE] [FML]: Located mcmod.info file in file Advanced-Fishing-1.12.2-1.3.3.jar
[08:54:47] [Server thread/DEBUG] [FML]: Identified a mod of type Lnet/minecraftforge/fml/common/Mod; (nightkosh.advanced_fishing.ModAdvancedFishing) - loading
[08:54:47] [Server thread/TRACE] [FML]: Parsed dependency info for advanced-fishing: Requirements: [] After:[] Before:[]
[08:54:47] [Server thread/DEBUG] [FML]: Examining file AIReducer-1.12.2-0.3.0.jar for potential mods
[08:54:47] [Server thread/TRACE] [FML]: Located mcmod.info file in file AIReducer-1.12.2-0.3.0.jar
[08:54:47] [Server thread/DEBUG] [FML]: Identified a mod of type Lnet/minecraftforge/fml/common/Mod; (com.charles445.aireducer.AIReducer) - loading
[08:54:47] [Server thread/TRACE] [FML]: Parsed dependency info for aireducer: Requirements: [] After:[] Before:[]
[08:54:47] [Server thread/DEBUG] [FML]: Examining file alcatrazcore-1.0.4.jar for potential mods
[08:54:47] [Server thread/TRACE] [FML]: Located mcmod.info file in file alcatrazcore-1.0.4.jar
[08:54:47] [Server thread/DEBUG] [FML]: Identified a mod of type Lnet/minecraftforge/fml/common/Mod; (com.alcatrazescapee.alcatrazcore.AlcatrazCore) - loading
[08:54:47] [Server thread/TRACE] [FML]: Parsed dependency info for alcatrazcore: Requirements: [forge@[14.23.4.2705,15.0.0.0)] After:[forge@[14.23.4.2705,15.0.0.0)] Before:[]
[08:54:47] [Server thread/DEBUG] [FML]: Examining file Amphithere Mod-1.0.2.jar for potential mods
[08:54:47] [Server thread/TRACE] [FML]: Located mcmod.info file in file Amphithere Mod-1.0.2.jar
[08:54:47] [Server thread/DEBUG] [FML]: Identified a mod of type Lnet/minecraftforge/fml/common/Mod; (amphitheremod.AmphithereMod) - loading
[08:54:47] [Server thread/TRACE] [FML]: Parsed dependency info for amphitheremod: Requirements: [fermiumbooter@[1.3.0,)] After:[fermiumbooter@[1.3.0,)] Before:[]
[08:54:47] [Server thread/DEBUG] [FML]: Examining file antiqueatlas-1.12.2-4.6.3.jar for potential mods
[08:54:47] [Server thread/TRACE] [FML]: Located mcmod.info file in file antiqueatlas-1.12.2-4.6.3.jar
[08:54:47] [Server thread/DEBUG] [FML]: Identified a mod of type Lnet/minecraftforge/fml/common/Mod; (hunternif.mc.atlas.AntiqueAtlasMod) - loading
[08:54:47] [Server thread/TRACE] [FML]: Parsed dependency info for antiqueatlas: Requirements: [] After:[forge@[14.23.2.2611,)] Before:[]
[08:54:47] [Server thread/DEBUG] [FML]: Identified a mod of type Lnet/minecraftforge/fml/common/Mod; (kenkron.antiqueatlasoverlay.AntiqueAtlasOverlayMod) - loading
[08:54:47] [Server thread/INFO] [FML]: Disabling mod antiqueatlasoverlay it is client side only.
[08:54:47] [Server thread/DEBUG] [FML]: Skipping mod kenkron.antiqueatlasoverlay.AntiqueAtlasOverlayMod, container opted to not load.
[08:54:47] [Server thread/DEBUG] [FML]: Examining file AntiqueAtlasAutoMarker-1.4.2.2.jar for potential mods
[08:54:47] [Server thread/TRACE] [FML]: Located mcmod.info file in file AntiqueAtlasAutoMarker-1.4.2.2.jar
[08:54:47] [Server thread/DEBUG] [FML]: Identified a mod of type Lnet/minecraftforge/fml/common/Mod; (antiqueatlasautomarker.AntiqueAtlasAutoMarker) - loading
[08:54:47] [Server thread/TRACE] [FML]: Parsed dependency info for antiqueatlasautomarker: Requirements: [antiqueatlas, fermiumbooter@[1.3.2,)] After:[fermiumbooter@[1.3.2,), antiqueatlas] Before:[]
[08:54:47] [Server thread/DEBUG] [FML]: Examining file antiquecities-1.2.1.jar for potential mods
[08:54:47] [Server thread/TRACE] [FML]: Located mcmod.info file in file antiquecities-1.2.1.jar
[08:54:47] [Server thread/DEBUG] [FML]: Identified a mod of type Lnet/minecraftforge/fml/common/Mod; (org.esotericist.antiquecities.AntiqueCities) - loading
[08:54:47] [Server thread/TRACE] [FML]: Parsed dependency info for antiquecities: Requirements: [antiqueatlas@[1.12.2-4.4.9,), lostcities@1.12-2.0.10,)] After:[antiqueatlas@[1.12.2-4.4.9,), lostcities@1.12-2.0.10,)] Before:[]
[08:54:47] [Server thread/DEBUG] [FML]: Examining file anvilpatch-1.1.1.jar for potential mods
[08:54:47] [Server thread/TRACE] [FML]: Located mcmod.info file in file anvilpatch-1.1.1.jar
[08:54:47] [Server thread/DEBUG] [FML]: Identified a mod of type Lnet/minecraftforge/fml/common/Mod; (lumberwizard.anvilpatch.AnvilPatch) - loading
[08:54:47] [Server thread/TRACE] [FML]: Parsed dependency info for anvilpatch: Requirements: [] After:[] Before:[]
[08:54:47] [Server thread/DEBUG] [FML]: Examining file Aquaculture-1.12.2-1.6.8.jar for potential mods
[08:54:47] [Server thread/TRACE] [FML]: Located mcmod.info file in file Aquaculture-1.12.2-1.6.8.jar
[08:54:47] [Server thread/DEBUG] [FML]: Identified a mod of type Lnet/minecraftforge/fml/common/Mod; (com.teammetallurgy.aquaculture.Aquaculture) - loading
[08:54:47] [Server thread/TRACE] [FML]: Parsed dependency info for aquaculture: Requirements: [] After:[] Before:[]
[08:54:47] [Server thread/DEBUG] [FML]: Examining file armorunder-mc1.12.2-1.0.0.jar for potential mods
[08:54:47] [Server thread/TRACE] [FML]: Located mcmod.info file in file armorunder-mc1.12.2-1.0.0.jar
[08:54:47] [Server thread/DEBUG] [FML]: Identified a mod of type Lnet/minecraftforge/fml/common/Mod; (org.jwaresoftware.mcmods.armorunder.ArmorUnderwear) - loading
[08:54:47] [Server thread/TRACE] [FML]: Parsed dependency info for armorunder: Requirements: [carrots@[1.0.0b1,1.0.0b1], forge@[14.23.4.2705,)] After:[forge@[14.23.4.2705,), carrots@[1.0.0b1,1.0.0b1]] Before:[]
[08:54:47] [Server thread/DEBUG] [FML]: Examining file astikorcarts-1.12.2-0.1.2.8.jar for potential mods
[08:54:47] [Server thread/TRACE] [FML]: Located mcmod.info file in file astikorcarts-1.12.2-0.1.2.8.jar
[08:54:47] [Server thread/DEBUG] [FML]: Identified a mod of type Lnet/minecraftforge/fml/common/Mod; (de.mennomax.astikorcarts.AstikorCarts) - loading
[08:54:47] [Server thread/TRACE] [FML]: Parsed dependency info for astikorcarts: Requirements: [] After:[] Before:[]
[08:54:47] [Server thread/DEBUG] [FML]: Examining file AttributeFix-Forge-1.12.2-1.0.12.jar for potential mods
[08:54:47] [Server thread/TRACE] [FML]: Located mcmod.info file in file AttributeFix-Forge-1.12.2-1.0.12.jar
[08:54:47] [Server thread/DEBUG] [FML]: Identified a mod of type Lnet/minecraftforge/fml/common/Mod; (net.darkhax.attributefix.AttributeFix) - loading
[08:54:47] [Server thread/TRACE] [FML]: Parsed dependency info for attributefix: Requirements: [] After:[] Before:[]
[08:54:47] [Server thread/DEBUG] [FML]: Examining file AutoRegLib-1.3-32.jar for potential mods
[08:54:47] [Server thread/TRACE] [FML]: Located mcmod.info file in file AutoRegLib-1.3-32.jar
[08:54:47] [Server thread/DEBUG] [FML]: Identified a mod of type Lnet/minecraftforge/fml/common/Mod; (vazkii.arl.AutoRegLib) - loading
[08:54:47] [Server thread/TRACE] [FML]: Parsed dependency info for autoreglib: Requirements: [forge@[14.21.1.2387,)] After:[forge@[14.21.1.2387,)] Before:[]
[08:54:47] [Server thread/DEBUG] [FML]: Examining file base-1.12.2-3.14.0.jar for potential mods
[08:54:47] [Server thread/TRACE] [FML]: Located mcmod.info file in file base-1.12.2-3.14.0.jar
[08:54:47] [Server thread/DEBUG] [FML]: Identified a mod of type Lnet/minecraftforge/fml/common/Mod; (com.teamacronymcoders.base.Base) - loading
[08:54:47] [Server thread/TRACE] [FML]: Parsed dependency info for base: Requirements: [] After:[crafttweaker, jei] Before:[]
[08:54:47] [Server thread/DEBUG] [FML]: Examining file BattleTowers-1.12.2.jar for potential mods
[08:54:47] [Server thread/TRACE] [FML]: Located mcmod.info file in file BattleTowers-1.12.2.jar
[08:54:47] [Server thread/DEBUG] [FML]: Identified a mod of type Lnet/minecraftforge/fml/common/Mod; (atomicstryker.battletowers.common.AS_BattleTowersCore) - loading
[08:54:47] [Server thread/TRACE] [FML]: Parsed dependency info for battletowers: Requirements: [] After:[] Before:[]
[08:54:47] [Server thread/DEBUG] [FML]: Examining file Baubles-1.12-1.5.2.jar for potential mods
[08:54:47] [Server thread/TRACE] [FML]: Located mcmod.info file in file Baubles-1.12-1.5.2.jar
[08:54:47] [Server thread/DEBUG] [FML]: Identified a mod of type Lnet/minecraftforge/fml/common/Mod; (baubles.common.Baubles) - loading
[08:54:47] [Server thread/TRACE] [FML]: Parsed dependency info for baubles: Requirements: [forge@[14.21.0.2348,)] After:[forge@[14.21.0.2348,)] Before:[]
[08:54:47] [Server thread/DEBUG] [FML]: Examining file Baubley-Elytra-v1.3.3-mc1.12.2.jar for potential mods
[08:54:47] [Server thread/TRACE] [FML]: Located mcmod.info file in file Baubley-Elytra-v1.3.3-mc1.12.2.jar
[08:54:47] [Server thread/DEBUG] [FML]: Identified a mod of type Lnet/minecraftforge/fml/common/Mod; (git.jbredwards.baubleye.BaubleyElytra) - loading
[08:54:47] [Server thread/TRACE] [FML]: Parsed dependency info for baubleye: Requirements: [baubles] After:[baubles] Before:[]
[08:54:47] [Server thread/DEBUG] [FML]: Examining file BedBreakBegone-1.0.2.jar for potential mods
[08:54:47] [Server thread/TRACE] [FML]: Located mcmod.info file in file BedBreakBegone-1.0.2.jar
[08:54:47] [Server thread/DEBUG] [FML]: Identified a mod of type Lnet/minecraftforge/fml/common/Mod; (bedbreakbegone.core.BedBreakBegone) - loading
[08:54:47] [Server thread/TRACE] [FML]: Parsed dependency info for bedbreakbegone: Requirements: [] After:[] Before:[]
[08:54:47] [Server thread/DEBUG] [FML]: Examining file better_survival-1.5.4.jar for potential mods
[08:54:47] [Server thread/TRACE] [FML]: Located mcmod.info file in file better_survival-1.5.4.jar
[08:54:47] [Server thread/DEBUG] [FML]: Identified a mod of type Lnet/minecraftforge/fml/common/Mod; (com.mujmajnkraft.bettersurvival.BetterSurvival) - loading
[08:54:47] [Server thread/TRACE] [FML]: Parsed dependency info for mujmajnkraftsbettersurvival: Requirements: [reachfix] After:[reachfix, bettercombatmod, iceandfire, somanyenchantments, inspirations] Before:[]
[08:54:47] [Server thread/DEBUG] [FML]: Examining file betterbiomeblend-1.12.2-1.1.7-forge.jar for potential mods
[08:54:47] [Server thread/TRACE] [FML]: Located mcmod.info file in file betterbiomeblend-1.12.2-1.1.7-forge.jar
[08:54:47] [Server thread/DEBUG] [FML]: Identified a mod of type Lnet/minecraftforge/fml/common/Mod; (fionathemortal.betterbiomeblend.BetterBiomeBlend) - loading
[08:54:47] [Server thread/INFO] [FML]: Disabling mod betterbiomeblend it is client side only.
[08:54:47] [Server thread/DEBUG] [FML]: Skipping mod fionathemortal.betterbiomeblend.BetterBiomeBlend, container opted to not load.
[08:54:47] [Server thread/DEBUG] [FML]: Examining file bettercaves-1.12.2-2.0.4.jar for potential mods
[08:54:47] [Server thread/TRACE] [FML]: Located mcmod.info file in file bettercaves-1.12.2-2.0.4.jar
[08:54:47] [Server thread/DEBUG] [FML]: Identified a mod of type Lnet/minecraftforge/fml/common/Mod; (com.yungnickyoung.minecraft.bettercaves.BetterCaves) - loading
[08:54:47] [Server thread/TRACE] [FML]: Parsed dependency info for bettercaves: Requirements: [] After:[] Before:[]
[08:54:47] [Server thread/DEBUG] [FML]: Examining file BetterMineshaftsForge-1.12.2-2.2.1.jar for potential mods
[08:54:47] [Server thread/TRACE] [FML]: Located mcmod.info file in file BetterMineshaftsForge-1.12.2-2.2.1.jar
[08:54:47] [Server thread/DEBUG] [FML]: Identified a mod of type Lnet/minecraftforge/fml/common/Mod; (com.yungnickyoung.minecraft.bettermineshafts.BetterMineshafts) - loading
[08:54:47] [Server thread/TRACE] [FML]: Parsed dependency info for bettermineshafts: Requirements: [] After:[] Before:[]
[08:54:47] [Server thread/DEBUG] [FML]: Attempting to load the file version.properties from BetterMineshaftsForge-1.12.2-2.2.1.jar to locate a version number for mod bettermineshafts
[08:54:47] [Server thread/WARN] [FML]: Mod bettermineshafts is missing the required element 'version' and a version.properties file could not be found. Falling back to metadata version 1.12.2-2.2.1
[08:54:47] [Server thread/DEBUG] [FML]: Examining file betternether-0.1.8.6.jar for potential mods
[08:54:47] [Server thread/TRACE] [FML]: Located mcmod.info file in file betternether-0.1.8.6.jar
[08:54:47] [Server thread/DEBUG] [FML]: Identified a mod of type Lnet/minecraftforge/fml/common/Mod; (paulevs.betternether.BetterNether) - loading
[08:54:47] [Server thread/TRACE] [FML]: Using mcmod dependency info for betternether: [forge@[14.23.4.2705,)] [forge@[14.23.4.2705,)] []
[08:54:47] [Server thread/DEBUG] [FML]: Examining file BetterQuesting-3.5.329.jar for potential mods
[08:54:47] [Server thread/TRACE] [FML]: Located mcmod.info file in file BetterQuesting-3.5.329.jar
[08:54:47] [Server thread/DEBUG] [FML]: Identified a mod of type Lnet/minecraftforge/fml/common/Mod; (betterquesting.core.BetterQuesting) - loading
[08:54:47] [Server thread/TRACE] [FML]: Parsed dependency info for betterquesting: Requirements: [] After:[] Before:[]
[08:54:47] [Server thread/DEBUG] [FML]: Examining file BetterTabs-1.0.4.jar for potential mods
[08:54:47] [Server thread/TRACE] [FML]: Located mcmod.info file in file BetterTabs-1.0.4.jar
[08:54:47] [Server thread/DEBUG] [FML]: Identified a mod of type Lnet/minecraftforge/fml/common/Mod; (bettertabs.core.BetterTabs) - loading
[08:54:47] [Server thread/TRACE] [FML]: Parsed dependency info for bettertabs: Requirements: [] After:[betterquesting, levelup2, lycanitesmobs, levelup, classyhats, librarianlib] Before:[]
[08:54:47] [Server thread/DEBUG] [FML]: Examining file BHMenu-Forge-1.12.2-2.4.5.jar for potential mods
[08:54:47] [Server thread/TRACE] [FML]: Located mcmod.info file in file BHMenu-Forge-1.12.2-2.4.5.jar
[08:54:47] [Server thread/DEBUG] [FML]: Identified a mod of type Lnet/minecraftforge/fml/common/Mod; (com.bisecthosting.mods.bhmenu.ModRoot) - loading
[08:54:47] [Server thread/INFO] [FML]: Disabling mod bhmenu it is client side only.
[08:54:47] [Server thread/DEBUG] [FML]: Skipping mod com.bisecthosting.mods.bhmenu.ModRoot, container opted to not load.
[08:54:47] [Server thread/DEBUG] [FML]: Examining file BiomesOPlenty-1.12.2-7.0.1.2445-universal.jar for potential mods
[08:54:47] [Server thread/TRACE] [FML]: Located mcmod.info file in file BiomesOPlenty-1.12.2-7.0.1.2445-universal.jar
[08:54:47] [Server thread/DEBUG] [FML]: Identified a mod of type Lnet/minecraftforge/fml/common/Mod; (biomesoplenty.core.BiomesOPlenty) - loading
[08:54:47] [Server thread/TRACE] [FML]: Parsed dependency info for biomesoplenty: Requirements: [forge@[14.23.5.2858,)] After:[forge@[14.23.5.2858,)] Before:[]
[08:54:47] [Server thread/DEBUG] [FML]: Examining file Bloodmoon-MC1.12.2-1.5.3.jar for potential mods
[08:54:47] [Server thread/TRACE] [FML]: Located mcmod.info file in file Bloodmoon-MC1.12.2-1.5.3.jar
[08:54:47] [Server thread/DEBUG] [FML]: Identified a mod of type Lnet/minecraftforge/fml/common/Mod; (lumien.bloodmoon.Bloodmoon) - loading
[08:54:47] [Server thread/TRACE] [FML]: Parsed dependency info for bloodmoon: Requirements: [] After:[] Before:[]
[08:54:47] [Server thread/DEBUG] [FML]: Examining file BNBGamingLib-1.12.2-2.17.6.jar for potential mods
[08:54:47] [Server thread/TRACE] [FML]: Located mcmod.info file in file BNBGamingLib-1.12.2-2.17.6.jar
[08:54:47] [Server thread/DEBUG] [FML]: Identified a mod of type Lnet/minecraftforge/fml/common/Mod; (com.bloodnbonesgaming.lib.BNBGamingLib) - loading
[08:54:47] [Server thread/TRACE] [FML]: Parsed dependency info for bnbgaminglib: Requirements: [] After:[bnbgamingcore] Before:[]
[08:54:47] [Server thread/DEBUG] [FML]: Examining file BoatDeleteBegone-1.1.2.jar for potential mods
[08:54:47] [Server thread/TRACE] [FML]: Located mcmod.info file in file BoatDeleteBegone-1.1.2.jar
[08:54:47] [Server thread/DEBUG] [FML]: Identified a mod of type Lnet/minecraftforge/fml/common/Mod; (boatdeletebegone.BoatDeleteBegone) - loading
[08:54:47] [Server thread/TRACE] [FML]: Parsed dependency info for boatdeletebegone: Requirements: [fermiumbooter] After:[fermiumbooter] Before:[]
[08:54:47] [Server thread/DEBUG] [FML]: Examining file Born In A Barn 1.8-1.12-1.2.jar for potential mods
[08:54:47] [Server thread/TRACE] [FML]: Located mcmod.info file in file Born In A Barn 1.8-1.12-1.2.jar
[08:54:47] [Server thread/DEBUG] [FML]: Examining file Bounceable-1.0.1.jar for potential mods
[08:54:47] [Server thread/TRACE] [FML]: Located mcmod.info file in file Bounceable-1.0.1.jar
[08:54:47] [Server thread/DEBUG] [FML]: Identified a mod of type Lnet/minecraftforge/fml/common/Mod; (bounceable.Bounceable) - loading
[08:54:47] [Server thread/TRACE] [FML]: Parsed dependency info for bounceable: Requirements: [fermiumbooter] After:[fermiumbooter] Before:[]
[08:54:47] [Server thread/DEBUG] [FML]: Examining file Bountiful Baubles-1.12.2-0.1.8.jar for potential mods
[08:54:47] [Server thread/TRACE] [FML]: Located mcmod.info file in file Bountiful Baubles-1.12.2-0.1.8.jar
[08:54:47] [Server thread/DEBUG] [FML]: Identified a mod of type Lnet/minecraftforge/fml/common/Mod; (cursedflames.bountifulbaubles.BountifulBaubles) - loading
[08:54:47] [Server thread/TRACE] [FML]: Using mcmod dependency info for bountifulbaubles: [baubles@[1.5.1,)] [baubles, albedo] []
[08:54:47] [Server thread/DEBUG] [FML]: Examining file Bountiful-1.12.2-2.2.3.jar for potential mods
[08:54:47] [Server thread/TRACE] [FML]: Located mcmod.info file in file Bountiful-1.12.2-2.2.3.jar
[08:54:47] [Server thread/DEBUG] [FML]: Identified a mod of type Lnet/minecraftforge/fml/common/Mod; (ejektaflex.bountiful.Bountiful) - loading
[08:54:47] [Server thread/TRACE] [FML]: Using custom language adapter net.shadowfacts.forgelin.KotlinAdapter for ejektaflex.bountiful.Bountiful (modid: bountiful)
[08:54:47] [Server thread/TRACE] [FML]: Parsed dependency info for bountiful: Requirements: [forgelin@[1.8.0,1.9.0), forge@[14.23.4.2768,15.0.0.0)] After:[forge@[14.23.4.2768,15.0.0.0), forgelin@[1.8.0,1.9.0)] Before:[]
[08:54:47] [Server thread/DEBUG] [FML]: Examining file BQ_Multiblock_Structure_Integration-1.0.9.jar for potential mods
[08:54:47] [Server thread/TRACE] [FML]: Located mcmod.info file in file BQ_Multiblock_Structure_Integration-1.0.9.jar
[08:54:47] [Server thread/DEBUG] [FML]: Identified a mod of type Lnet/minecraftforge/fml/common/Mod; (bq_msi.core.BQMSI) - loading
[08:54:47] [Server thread/TRACE] [FML]: Parsed dependency info for bq_msi: Requirements: [] After:[betterquesting, reccomplex, gamestages] Before:[]
[08:54:47] [Server thread/DEBUG] [FML]: Examining file BQTweaker-1.3.5.jar for potential mods
[08:54:47] [Server thread/TRACE] [FML]: Located mcmod.info file in file BQTweaker-1.3.5.jar
[08:54:47] [Server thread/DEBUG] [FML]: Identified a mod of type Lnet/minecraftforge/fml/common/Mod; (bqtweaker.core.BQTweaker) - loading
[08:54:47] [Server thread/TRACE] [FML]: Parsed dependency info for bqtweaker: Requirements: [] After:[betterquesting] Before:[]
[08:54:47] [Server thread/DEBUG] [FML]: Examining file callablehorses-1.12.2-1.1.1.jar for potential mods
[08:54:47] [Server thread/TRACE] [FML]: Located mcmod.info file in file callablehorses-1.12.2-1.1.1.jar
[08:54:47] [Server thread/DEBUG] [FML]: Identified a mod of type Lnet/minecraftforge/fml/common/Mod; (tschipp.callablehorses.CallableHorses) - loading
[08:54:47] [Server thread/TRACE] [FML]: Parsed dependency info for callablehorses: Requirements: [forge@[13.20.1.2386,)] After:[forge@[13.20.1.2386,)] Before:[]
[08:54:47] [Server thread/DEBUG] [FML]: Examining file carrotslib-mc1.12.2-1.0.0b1.jar for potential mods
[08:54:47] [Server thread/TRACE] [FML]: Located mcmod.info file in file carrotslib-mc1.12.2-1.0.0b1.jar
[08:54:47] [Server thread/DEBUG] [FML]: Identified a mod of type Lnet/minecraftforge/fml/common/Mod; (org.jwaresoftware.mcmods.lib.CarrotsLib) - loading
[08:54:47] [Server thread/TRACE] [FML]: Parsed dependency info for carrots: Requirements: [forge@[14.23.4.2705,)] After:[forge@[14.23.4.2705,)] Before:[]
[08:54:47] [Server thread/DEBUG] [FML]: Examining file carryon-1.12.2-1.12.7.23.jar for potential mods
[08:54:47] [Server thread/TRACE] [FML]: Located mcmod.info file in file carryon-1.12.2-1.12.7.23.jar
[08:54:47] [Server thread/DEBUG] [FML]: Identified a mod of type Lnet/minecraftforge/fml/common/Mod; (tschipp.carryon.CarryOn) - loading
[08:54:47] [Server thread/TRACE] [FML]: Parsed dependency info for carryon: Requirements: [forge@[13.20.1.2386,)] After:[forge@[13.20.1.2386,), gamestages] Before:[]
[08:54:47] [Server thread/DEBUG] [FML]: Examining file CD4017BE_lib-1.12.2-6.5.1.jar for potential mods
[08:54:47] [Server thread/TRACE] [FML]: Located mcmod.info file in file CD4017BE_lib-1.12.2-6.5.1.jar
[08:54:47] [Server thread/DEBUG] [FML]: Identified a mod of type Lnet/minecraftforge/fml/common/Mod; (cd4017be.lib.Lib) - loading
[08:54:47] [Server thread/TRACE] [FML]: Parsed dependency info for cd4017be_lib: Requirements: [] After:[] Before:[]
[08:54:47] [Server thread/DEBUG] [FML]: Attempting to load the file version.properties from CD4017BE_lib-1.12.2-6.5.1.jar to locate a version number for mod cd4017be_lib
[08:54:47] [Server thread/WARN] [FML]: Mod cd4017be_lib is missing the required element 'version' and a version.properties file could not be found. Falling back to metadata version 6.5.1
[08:54:47] [Server thread/DEBUG] [FML]: Examining file champions-1.12.2-1.0.11.10.jar for potential mods
[08:54:47] [Server thread/TRACE] [FML]: Located mcmod.info file in file champions-1.12.2-1.0.11.10.jar
[08:54:47] [Server thread/DEBUG] [FML]: Identified a mod of type Lnet/minecraftforge/fml/common/Mod; (c4.champions.Champions) - loading
[08:54:47] [Server thread/TRACE] [FML]: Parsed dependency info for champions: Requirements: [forge@[14.23.5.2768,)] After:[forge@[14.23.5.2768,)] Before:[]
[08:54:47] [Server thread/DEBUG] [FML]: Examining file Charm-1.12.2-1.4.1.jar for potential mods
[08:54:47] [Server thread/TRACE] [FML]: Located mcmod.info file in file Charm-1.12.2-1.4.1.jar
[08:54:47] [Server thread/DEBUG] [FML]: Identified a mod of type Lnet/minecraftforge/fml/common/Mod; (svenhjol.charm.Charm) - loading
[08:54:47] [Server thread/TRACE] [FML]: Parsed dependency info for charm: Requirements: [] After:[jei@[4.14.3,), redstoneplusplus, quark] Before:[]
[08:54:47] [Server thread/DEBUG] [FML]: Examining file ChunkAnimator-1.12.2-1.2.1.jar for potential mods
[08:54:47] [Server thread/TRACE] [FML]: Located mcmod.info file in file ChunkAnimator-1.12.2-1.2.1.jar
[08:54:47] [Server thread/DEBUG] [FML]: Identified a mod of type Lnet/minecraftforge/fml/common/Mod; (lumien.chunkanimator.ChunkAnimator) - loading
[08:54:47] [Server thread/INFO] [FML]: Disabling mod chunkanimator it is client side only.
[08:54:47] [Server thread/DEBUG] [FML]: Skipping mod lumien.chunkanimator.ChunkAnimator, container opted to not load.
[08:54:47] [Server thread/DEBUG] [FML]: Examining file classyhats-1.6.0.jar for potential mods
[08:54:47] [Server thread/TRACE] [FML]: Located mcmod.info file in file classyhats-1.6.0.jar
[08:54:47] [Server thread/DEBUG] [FML]: Identified a mod of type Lnet/minecraftforge/fml/common/Mod; (wiresegal.classyhats.ClassyHats) - loading
[08:54:47] [Server thread/TRACE] [FML]: Using mcmod dependency info for classyhats: [librarianlib] [librarianlib] []
[08:54:47] [Server thread/DEBUG] [FML]: Examining file CollisionDamage-1.2.2.jar for potential mods
[08:54:47] [Server thread/TRACE] [FML]: Located mcmod.info file in file CollisionDamage-1.2.2.jar
[08:54:47] [Server thread/DEBUG] [FML]: Identified a mod of type Lnet/minecraftforge/fml/common/Mod; (collisiondamage.core.CollisionDamage) - loading
[08:54:47] [Server thread/TRACE] [FML]: Parsed dependency info for collisiondamage: Requirements: [] After:[] Before:[]
[08:54:47] [Server thread/DEBUG] [FML]: Examining file comforts-1.12.2-1.4.1.3.jar for potential mods
[08:54:47] [Server thread/TRACE] [FML]: Located mcmod.info file in file comforts-1.12.2-1.4.1.3.jar
[08:54:47] [Server thread/DEBUG] [FML]: Identified a mod of type Lnet/minecraftforge/fml/common/Mod; (c4.comforts.Comforts) - loading
[08:54:47] [Server thread/TRACE] [FML]: Parsed dependency info for comforts: Requirements: [forge@[14.23.5.2776,)] After:[forge@[14.23.5.2776,), morpheus, toughasnails] Before:[]
[08:54:47] [Server thread/DEBUG] [FML]: Examining file CompatSkills-1.12.2-1.17.0.jar for potential mods
[08:54:47] [Server thread/TRACE] [FML]: Located mcmod.info file in file CompatSkills-1.12.2-1.17.0.jar
[08:54:47] [Server thread/DEBUG] [FML]: Identified a mod of type Lnet/minecraftforge/fml/common/Mod; (codersafterdark.compatskills.CompatSkills) - loading
[08:54:47] [Server thread/TRACE] [FML]: Parsed dependency info for compatskills: Requirements: [reskillable@[1.12.2-1.13.0,)] After:[reskillable@[1.12.2-1.13.0,), baubles, bloodmagic@[1.12.2-2.3.0-98,), gamestages, immersiveengineering@[0.12-92,), magneticraft, tconstruct, theoneprobe, projecte@[1.12-PE1.3.1B,), thaumcraft@[1.12.2-6.1.BETA20,), betterquesting@[3.5.311,), astralsorcery] Before:[]
[08:54:47] [Server thread/DEBUG] [FML]: Examining file ContentCreator-1.3.7-fix2.jar for potential mods
[08:54:47] [Server thread/TRACE] [FML]: Located mcmod.info file in file ContentCreator-1.3.7-fix2.jar
[08:54:47] [Server thread/DEBUG] [FML]: Identified a mod of type Lnet/minecraftforge/fml/common/Mod; (surreal.contentcreator.ContentCreator) - loading
[08:54:47] [Server thread/TRACE] [FML]: Parsed dependency info for contentcreator: Requirements: [crafttweaker] After:[crafttweaker, applecore] Before:[]
[08:54:47] [Server thread/DEBUG] [FML]: Examining file ContentTweaker-1.12.2-4.10.0.jar for potential mods
[08:54:47] [Server thread/TRACE] [FML]: Located mcmod.info file in file ContentTweaker-1.12.2-4.10.0.jar
[08:54:47] [Server thread/DEBUG] [FML]: Identified a mod of type Lnet/minecraftforge/fml/common/Mod; (com.teamacronymcoders.contenttweaker.ContentTweaker) - loading
[08:54:47] [Server thread/TRACE] [FML]: Parsed dependency info for contenttweaker: Requirements: [base@[3.11.0,), crafttweaker] After:[base@[3.11.0,), crafttweaker, chickens, tconstruct] Before:[]
[08:54:47] [Server thread/DEBUG] [FML]: Examining file Controlling-3.0.12.4.jar for potential mods
[08:54:47] [Server thread/TRACE] [FML]: Located mcmod.info file in file Controlling-3.0.12.4.jar
[08:54:47] [Server thread/DEBUG] [FML]: Identified a mod of type Lnet/minecraftforge/fml/common/Mod; (us.getfluxed.controlsearch.Control) - loading
[08:54:47] [Server thread/INFO] [FML]: Disabling mod controlling it is client side only.
[08:54:47] [Server thread/DEBUG] [FML]: Skipping mod us.getfluxed.controlsearch.Control, container opted to not load.
[08:54:47] [Server thread/DEBUG] [FML]: Examining file CoralReef-2.5-1.12.2.jar for potential mods
[08:54:47] [Server thread/TRACE] [FML]: Located mcmod.info file in file CoralReef-2.5-1.12.2.jar
[08:54:47] [Server thread/DEBUG] [FML]: Identified a mod of type Lnet/minecraftforge/fml/common/Mod; (primetoxinz.coralreef.CoralReef) - loading
[08:54:47] [Server thread/TRACE] [FML]: Parsed dependency info for coralreef: Requirements: [] After:[] Before:[]
[08:54:47] [Server thread/DEBUG] [FML]: Examining file corpsecomplex-1.12.2-1.0.12.0.jar for potential mods
[08:54:47] [Server thread/TRACE] [FML]: Located mcmod.info file in file corpsecomplex-1.12.2-1.0.12.0.jar
[08:54:47] [Server thread/DEBUG] [FML]: Identified a mod of type Lnet/minecraftforge/fml/common/Mod; (c4.corpsecomplex.CorpseComplex) - loading
[08:54:47] [Server thread/TRACE] [FML]: Parsed dependency info for corpsecomplex: Requirements: [forge@[14.21.1.2387,)] After:[forge@[14.21.1.2387,), toughasnails, wearablebackpacks, powerinventory, thut_wearables, baubles, rpginventory, cosmeticarmorreworked, galacticraftcore, thebetweenlands, tombstone, advinv] Before:[]
[08:54:47] [Server thread/DEBUG] [FML]: Examining file craftablechainmail-1.0.jar for potential mods
[08:54:47] [Server thread/TRACE] [FML]: Located mcmod.info file in file craftablechainmail-1.0.jar
[08:54:47] [Server thread/DEBUG] [FML]: Identified a mod of type Lnet/minecraftforge/fml/common/Mod; (moddy10.craftablechainmail.CraftableChainmail) - loading
[08:54:47] [Server thread/TRACE] [FML]: Parsed dependency info for craftablechainmail: Requirements: [] After:[] Before:[]
[08:54:47] [Server thread/DEBUG] [FML]: Attempting to load the file version.properties from craftablechainmail-1.0.jar to locate a version number for mod craftablechainmail
[08:54:47] [Server thread/WARN] [FML]: Mod craftablechainmail is missing the required element 'version' and a version.properties file could not be found. Falling back to metadata version 1.0
[08:54:47] [Server thread/DEBUG] [FML]: Examining file CraftTweaker2-1.12-4.1.20.704.jar for potential mods
[08:54:47] [Server thread/TRACE] [FML]: Located mcmod.info file in file CraftTweaker2-1.12-4.1.20.704.jar
[08:54:47] [Server thread/DEBUG] [FML]: Identified a mod of type Lnet/minecraftforge/fml/common/Mod; (com.blamejared.ctgui.MTRecipe) - loading
[08:54:47] [Server thread/INFO] [FML]: Disabling mod ctgui it is client side only.
[08:54:47] [Server thread/DEBUG] [FML]: Skipping mod com.blamejared.ctgui.MTRecipe, container opted to not load.
[08:54:47] [Server thread/DEBUG] [FML]: Identified a mod of type Lnet/minecraftforge/fml/common/Mod; (crafttweaker.mc1120.CraftTweaker) - loading
[08:54:47] [Server thread/TRACE] [FML]: Parsed dependency info for crafttweaker: Requirements: [] After:[] Before:[jei]
[08:54:47] [Server thread/DEBUG] [FML]: Identified a mod of type Lnet/minecraftforge/fml/common/Mod; (crafttweaker.mods.jei.JEIMod) - loading
[08:54:47] [Server thread/TRACE] [FML]: Parsed dependency info for crafttweakerjei: Requirements: [] After:[jei@[4.12.0,)] Before:[]
[08:54:47] [Server thread/DEBUG] [FML]: Examining file crafttweakerutils-0.7.jar for potential mods
[08:54:47] [Server thread/TRACE] [FML]: Located mcmod.info file in file crafttweakerutils-0.7.jar
[08:54:47] [Server thread/DEBUG] [FML]: Identified a mod of type Lnet/minecraftforge/fml/common/Mod; (crafttweakerutils.CraftTweakerUtils) - loading
[08:54:47] [Server thread/TRACE] [FML]: Parsed dependency info for crafttweakerutils: Requirements: [crafttweaker] After:[crafttweaker] Before:[]
[08:54:47] [Server thread/DEBUG] [FML]: Examining file CreativeCore_v1.10.71_mc1.12.2.jar for potential mods
[08:54:47] [Server thread/TRACE] [FML]: Located mcmod.info file in file CreativeCore_v1.10.71_mc1.12.2.jar
[08:54:47] [Server thread/DEBUG] [FML]: Identified a mod of type Lnet/minecraftforge/fml/common/Mod; (com.creativemd.creativecore.CreativeCore) - loading
[08:54:47] [Server thread/TRACE] [FML]: Parsed dependency info for creativecore: Requirements: [] After:[] Before:[]
[08:54:47] [Server thread/DEBUG] [FML]: Examining file ctintegration-1.8.0.jar for potential mods
[08:54:47] [Server thread/TRACE] [FML]: Located mcmod.info file in file ctintegration-1.8.0.jar
[08:54:47] [Server thread/DEBUG] [FML]: Identified a mod of type Lnet/minecraftforge/fml/common/Mod; (xyz.tcreopargh.ctintegration.CTIntegrationMod) - loading
[08:54:47] [Server thread/TRACE] [FML]: Parsed dependency info for ctintegration: Requirements: [crafttweaker] After:[crafttweaker] Before:[]
[08:54:47] [Server thread/DEBUG] [FML]: Examining file defiledlands-1.12.2-1.4.3.jar for potential mods
[08:54:47] [Server thread/TRACE] [FML]: Located mcmod.info file in file defiledlands-1.12.2-1.4.3.jar
[08:54:47] [Server thread/DEBUG] [FML]: Identified a mod of type Lnet/minecraftforge/fml/common/Mod; (lykrast.defiledlands.core.DefiledLands) - loading
[08:54:47] [Server thread/TRACE] [FML]: Parsed dependency info for defiledlands: Requirements: [baubles] After:[baubles, tconstruct] Before:[]
[08:54:47] [Server thread/DEBUG] [FML]: Examining file DelightfulCuisineForWoodheads_1.12.2-1.1.0.jar for potential mods
[08:54:47] [Server thread/TRACE] [FML]: Located mcmod.info file in file DelightfulCuisineForWoodheads_1.12.2-1.1.0.jar
[08:54:47] [Server thread/DEBUG] [FML]: Identified a mod of type Lnet/minecraftforge/fml/common/Mod; (net.blay09.mods.cookingforblockheads.CookingForBlockheads) - loading
[08:54:47] [Server thread/TRACE] [FML]: Parsed dependency info for cookingforblockheads: Requirements: [] After:[mousetweaks[2.8,), crafttweaker] Before:[]
[08:54:47] [Server thread/DEBUG] [FML]: Attempting to load the file version.properties from DelightfulCuisineForWoodheads_1.12.2-1.1.0.jar to locate a version number for mod cookingforblockheads
[08:54:47] [Server thread/WARN] [FML]: Mod cookingforblockheads is missing the required element 'version' and a version.properties file could not be found. Falling back to metadata version 1.1.0
[08:54:47] [Server thread/DEBUG] [FML]: Examining file disenchanter[1.12]1.8.jar for potential mods
[08:54:47] [Server thread/TRACE] [FML]: Located mcmod.info file in file disenchanter[1.12]1.8.jar
[08:54:47] [Server thread/DEBUG] [FML]: Identified a mod of type Lnet/minecraftforge/fml/common/Mod; (de.impelon.disenchanter.DisenchanterMain) - loading
[08:54:47] [Server thread/TRACE] [FML]: Parsed dependency info for disenchanter: Requirements: [] After:[] Before:[]
[08:54:47] [Server thread/DEBUG] [FML]: Examining file DoomlikeDungeons-1.14.12-MC1.12.2.jar for potential mods
[08:54:47] [Server thread/TRACE] [FML]: Located mcmod.info file in file DoomlikeDungeons-1.14.12-MC1.12.2.jar
[08:54:47] [Server thread/DEBUG] [FML]: Identified a mod of type Lnet/minecraftforge/fml/common/Mod; (jaredbgreat.dldungeons.DoomlikeDungeons) - loading
[08:54:47] [Server thread/TRACE] [FML]: Parsed dependency info for dldungeonsjbg: Requirements: [] After:[] Before:[]
[08:54:47] [Server thread/DEBUG] [FML]: Examining file DregoraRL-3.5.jar for potential mods
[08:54:47] [Server thread/WARN] [FML]: Zip file DregoraRL-3.5.jar failed to read properly, it will be ignored
java.util.zip.ZipException: error in opening zip file
	at java.util.zip.ZipFile.open(Native Method) ~[?:1.8.0_492]
	at java.util.zip.ZipFile.<init>(ZipFile.java:231) ~[?:1.8.0_492]
	at java.util.zip.ZipFile.<init>(ZipFile.java:157) ~[?:1.8.0_492]
	at java.util.jar.JarFile.<init>(JarFile.java:169) ~[?:1.8.0_492]
	at java.util.jar.JarFile.<init>(JarFile.java:133) ~[?:1.8.0_492]
	at net.minecraftforge.fml.common.discovery.JarDiscoverer.discover(JarDiscoverer.java:56) [JarDiscoverer.class:?]
	at net.minecraftforge.fml.common.discovery.ContainerType.findMods(ContainerType.java:47) [ContainerType.class:?]
	at net.minecraftforge.fml.common.discovery.ModCandidate.explore(ModCandidate.java:74) [ModCandidate.class:?]
	at net.minecraftforge.fml.common.discovery.ModDiscoverer.identifyMods(ModDiscoverer.java:93) [ModDiscoverer.class:?]
	at net.minecraftforge.fml.common.Loader.identifyMods(Loader.java:427) [Loader.class:?]
	at net.minecraftforge.fml.common.Loader.loadMods(Loader.java:568) [Loader.class:?]
	at net.minecraftforge.fml.server.FMLServerHandler.beginServerLoading(FMLServerHandler.java:98) [FMLServerHandler.class:?]
	at net.minecraftforge.fml.common.FMLCommonHandler.onServerStart(FMLCommonHandler.java:333) [FMLCommonHandler.class:?]
	at net.minecraft.server.dedicated.DedicatedServer.init(DedicatedServer.java:125) [nz.class:?]
	at net.minecraft.server.MinecraftServer.run(MinecraftServer.java:486) [MinecraftServer.class:?]
	at java.lang.Thread.run(Thread.java:750) [?:1.8.0_492]
[08:54:47] [Server thread/DEBUG] [FML]: Examining file DynamicSurroundings-1.12.2-3.6.2.1.jar for potential mods
[08:54:47] [Server thread/TRACE] [FML]: Located mcmod.info file in file DynamicSurroundings-1.12.2-3.6.2.1.jar
[08:54:47] [Server thread/DEBUG] [FML]: Identified a mod of type Lnet/minecraftforge/fml/common/Mod; (org.orecruncher.dsurround.ModBase) - loading
[08:54:47] [Server thread/TRACE] [FML]: Parsed dependency info for dsurround: Requirements: [forge@[14.23.5.2779,), orelib@[3.6.0.1,)] After:[forge@[14.23.5.2779,), orelib@[3.6.0.1,), sereneseasons@[1.2.18,), animania@[2.0.0,), galacticraftcore, ambientsounds] Before:[]
[08:54:47] [Server thread/DEBUG] [FML]: Examining file DynamicTrees-1.12.2-0.9.29.jar for potential mods
[08:54:47] [Server thread/TRACE] [FML]: Located mcmod.info file in file DynamicTrees-1.12.2-0.9.29.jar
[08:54:47] [Server thread/DEBUG] [FML]: Identified a mod of type Lnet/minecraftforge/fml/common/Mod; (com.ferreusveritas.dynamictrees.DynamicTrees) - loading
[08:54:47] [Server thread/TRACE] [FML]: Parsed dependency info for dynamictrees: Requirements: [forge@[14.23.5.2859,)] After:[forge@[14.23.5.2859,), reccomplex] Before:[rustic@(1.0.14,), dynamictreesbop@[1.12.2-1.4.3,), dynamictreestc@[1.12.2-1.4.2,), [1.12.2-2.0.3,)@[1.12.2-2.0.3,), dttraverse@[1.12.2-2.0,), dynamictreeshnc@(1.1,)]
[08:54:47] [Server thread/DEBUG] [FML]: Examining file DynamicTreesBOP-1.12.2-1.5.2.jar for potential mods
[08:54:47] [Server thread/TRACE] [FML]: Located mcmod.info file in file DynamicTreesBOP-1.12.2-1.5.2.jar
[08:54:47] [Server thread/DEBUG] [FML]: Identified a mod of type Lnet/minecraftforge/fml/common/Mod; (dynamictreesbop.DynamicTreesBOP) - loading
[08:54:47] [Server thread/TRACE] [FML]: Parsed dependency info for dynamictreesbop: Requirements: [dynamictrees@[1.12.2-0.9.27,), biomesoplenty@[7.0.1.2422,)] After:[dynamictrees@[1.12.2-0.9.27,), biomesoplenty@[7.0.1.2422,)] Before:[rustic, dynamictreestc]
[08:54:47] [Server thread/DEBUG] [FML]: Examining file dynamictreesdefiledlands-1.12.2-1.0.0.jar for potential mods
[08:54:47] [Server thread/TRACE] [FML]: Located mcmod.info file in file dynamictreesdefiledlands-1.12.2-1.0.0.jar
[08:54:47] [Server thread/DEBUG] [FML]: Identified a mod of type Lnet/minecraftforge/fml/common/Mod; (maxhyper.dynamictreesdefiledlands.DynamicTreesDefiledLands) - loading
[08:54:47] [Server thread/TRACE] [FML]: Parsed dependency info for dynamictreesdefiledlands: Requirements: [dynamictrees@[1.12.2-0.9.21,), defiledlands] After:[dynamictrees@[1.12.2-0.9.21,), defiledlands] Before:[]
[08:54:47] [Server thread/DEBUG] [FML]: Attempting to load the file version.properties from dynamictreesdefiledlands-1.12.2-1.0.0.jar to locate a version number for mod dynamictreesdefiledlands
[08:54:47] [Server thread/WARN] [FML]: Mod dynamictreesdefiledlands is missing the required element 'version' and a version.properties file could not be found. Falling back to metadata version 1.12.2-1.0.0
[08:54:47] [Server thread/DEBUG] [FML]: Examining file DynamicTreesQuark-1.12.2-1.0.6.jar for potential mods
[08:54:47] [Server thread/TRACE] [FML]: Located mcmod.info file in file DynamicTreesQuark-1.12.2-1.0.6.jar
[08:54:47] [Server thread/DEBUG] [FML]: Identified a mod of type Lnet/minecraftforge/fml/common/Mod; (maxhyper.dynamictreesquark.DynamicTreesQuark) - loading
[08:54:47] [Server thread/TRACE] [FML]: Parsed dependency info for dynamictreesquark: Requirements: [quark, dynamictrees@[1.12.2-0.9.19,)] After:[dynamictrees@[1.12.2-0.9.19,), quark] Before:[]
[08:54:47] [Server thread/DEBUG] [FML]: Attempting to load the file version.properties from DynamicTreesQuark-1.12.2-1.0.6.jar to locate a version number for mod dynamictreesquark
[08:54:47] [Server thread/WARN] [FML]: Mod dynamictreesquark is missing the required element 'version' and a version.properties file could not be found. Falling back to metadata version 1.12.2-1.0.6
[08:54:47] [Server thread/DEBUG] [FML]: Examining file DynamicTreesTraverse-1.12.2-2.1.jar for potential mods
[08:54:47] [Server thread/TRACE] [FML]: Located mcmod.info file in file DynamicTreesTraverse-1.12.2-2.1.jar
[08:54:47] [Server thread/DEBUG] [FML]: Identified a mod of type Lnet/minecraftforge/fml/common/Mod; (dttraverse.DynamicTreesTraverse) - loading
[08:54:47] [Server thread/TRACE] [FML]: Parsed dependency info for dttraverse: Requirements: [dynamictrees@[1.12.2-0.9.18,), traverse] After:[dynamictrees@[1.12.2-0.9.18,), traverse] Before:[]
[08:54:47] [Server thread/DEBUG] [FML]: Examining file EagleMixins-1.1.7.jar for potential mods
[08:54:47] [Server thread/TRACE] [FML]: Located mcmod.info file in file EagleMixins-1.1.7.jar
[08:54:47] [Server thread/DEBUG] [FML]: Identified a mod of type Lnet/minecraftforge/fml/common/Mod; (eaglemixins.EagleMixins) - loading
[08:54:47] [Server thread/TRACE] [FML]: Parsed dependency info for eaglemixins: Requirements: [fermiumbooter] After:[fermiumbooter] Before:[]
[08:54:47] [Server thread/DEBUG] [FML]: Examining file EditableEdibles-1.3.3.jar for potential mods
[08:54:47] [Server thread/TRACE] [FML]: Located mcmod.info file in file EditableEdibles-1.3.3.jar
[08:54:47] [Server thread/DEBUG] [FML]: Identified a mod of type Lnet/minecraftforge/fml/common/Mod; (editableedibles.EditableEdibles) - loading
[08:54:47] [Server thread/TRACE] [FML]: Parsed dependency info for editableedibles: Requirements: [fermiumbooter] After:[fermiumbooter] Before:[]
[08:54:47] [Server thread/DEBUG] [FML]: Examining file ElenaiDodge-1.12.2-2.1.jar for potential mods
[08:54:47] [Server thread/TRACE] [FML]: Located mcmod.info file in file ElenaiDodge-1.12.2-2.1.jar
[08:54:47] [Server thread/DEBUG] [FML]: Identified a mod of type Lnet/minecraftforge/fml/common/Mod; (com.elenai.elenaidodge.ElenaiDodge) - loading
[08:54:47] [Server thread/TRACE] [FML]: Parsed dependency info for elenaidodge: Requirements: [] After:[quark] Before:[rustic]
[08:54:47] [Server thread/DEBUG] [FML]: Examining file EnchantmentDescriptions-1.12.2-1.1.20.jar for potential mods
[08:54:47] [Server thread/TRACE] [FML]: Located mcmod.info file in file EnchantmentDescriptions-1.12.2-1.1.20.jar
[08:54:47] [Server thread/DEBUG] [FML]: Identified a mod of type Lnet/minecraftforge/fml/common/Mod; (net.darkhax.enchdesc.EnchantmentDescriptions) - loading
[08:54:47] [Server thread/INFO] [FML]: Disabling mod enchdesc it is client side only.
[08:54:47] [Server thread/DEBUG] [FML]: Skipping mod net.darkhax.enchdesc.EnchantmentDescriptions, container opted to not load.
[08:54:47] [Server thread/DEBUG] [FML]: Examining file EnhancedVisuals_v1.4.4_mc1.12.2.jar for potential mods
[08:54:47] [Server thread/TRACE] [FML]: Located mcmod.info file in file EnhancedVisuals_v1.4.4_mc1.12.2.jar
[08:54:47] [Server thread/DEBUG] [FML]: Identified a mod of type Lnet/minecraftforge/fml/common/Mod; (team.creative.enhancedvisuals.EnhancedVisuals) - loading
[08:54:47] [Server thread/TRACE] [FML]: Parsed dependency info for enhancedvisuals: Requirements: [creativecore] After:[creativecore] Before:[]
[08:54:47] [Server thread/DEBUG] [FML]: Examining file EpicSiegeMod-13.167.jar for potential mods
[08:54:47] [Server thread/TRACE] [FML]: Located mcmod.info file in file EpicSiegeMod-13.167.jar
[08:54:47] [Server thread/DEBUG] [FML]: Identified a mod of type Lnet/minecraftforge/fml/common/Mod; (funwayguy.epicsiegemod.core.ESM) - loading
[08:54:47] [Server thread/TRACE] [FML]: Parsed dependency info for epicsiegemod: Requirements: [] After:[] Before:[]
[08:54:47] [Server thread/DEBUG] [FML]: Examining file FamiliarFauna-1.12.2-1.0.11.jar for potential mods
[08:54:47] [Server thread/TRACE] [FML]: Located mcmod.info file in file FamiliarFauna-1.12.2-1.0.11.jar
[08:54:47] [Server thread/DEBUG] [FML]: Identified a mod of type Lnet/minecraftforge/fml/common/Mod; (familiarfauna.core.FamiliarFauna) - loading
[08:54:47] [Server thread/TRACE] [FML]: Parsed dependency info for familiarfauna: Requirements: [forge@[14.23.5.2768,)] After:[forge@[14.23.5.2768,), biomesoplenty] Before:[]
[08:54:47] [Server thread/DEBUG] [FML]: Examining file FancyBlockParticles-1.12.x-2.4.1.jar for potential mods
[08:54:47] [Server thread/TRACE] [FML]: Located mcmod.info file in file FancyBlockParticles-1.12.x-2.4.1.jar
[08:54:47] [Server thread/DEBUG] [FML]: Identified a mod of type Lnet/minecraftforge/fml/common/Mod; (com.TominoCZ.FBP.FBP) - loading
[08:54:47] [Server thread/INFO] [FML]: Disabling mod fbp it is client side only.
[08:54:47] [Server thread/DEBUG] [FML]: Skipping mod com.TominoCZ.FBP.FBP, container opted to not load.
[08:54:47] [Server thread/DEBUG] [FML]: Examining file fancymenu_forge_2.14.9_MC_1.12-1.12.2.jar for potential mods
[08:54:47] [Server thread/TRACE] [FML]: Located mcmod.info file in file fancymenu_forge_2.14.9_MC_1.12-1.12.2.jar
[08:54:47] [Server thread/DEBUG] [FML]: Identified a mod of type Lnet/minecraftforge/fml/common/Mod; (de.keksuccino.fancymenu.FancyMenu) - loading
[08:54:47] [Server thread/TRACE] [FML]: Parsed dependency info for fancymenu: Requirements: [konkrete@[1.6.0,], forge@[14.23.5.2855,]] After:[randompatches, findme, konkrete@[1.6.0,]] Before:[]
[08:54:47] [Server thread/DEBUG] [FML]: Attempting to load the file version.properties from fancymenu_forge_2.14.9_MC_1.12-1.12.2.jar to locate a version number for mod fancymenu
[08:54:47] [Server thread/WARN] [FML]: Mod fancymenu is missing the required element 'version' and a version.properties file could not be found. Falling back to metadata version 2.14.9
[08:54:47] [Server thread/DEBUG] [FML]: Examining file FantasticLib-1.12.2.070.jar for potential mods
[08:54:47] [Server thread/TRACE] [FML]: Located mcmod.info file in file FantasticLib-1.12.2.070.jar
[08:54:47] [Server thread/DEBUG] [FML]: Identified a mod of type Lnet/minecraftforge/fml/common/Mod; (com.fantasticsource.fantasticlib.FantasticLib) - loading
[08:54:47] [Server thread/TRACE] [FML]: Parsed dependency info for fantasticlib: Requirements: [] After:[] Before:[]
[08:54:47] [Server thread/DEBUG] [FML]: Examining file fermiumasm-5.28.jar for potential mods
[08:54:47] [Server thread/TRACE] [FML]: Located mcmod.info file in file fermiumasm-5.28.jar
[08:54:47] [Server thread/DEBUG] [FML]: Identified a mod of type Lnet/minecraftforge/fml/common/Mod; (mirror.normalasm.NormalASM) - loading
[08:54:47] [Server thread/TRACE] [FML]: Parsed dependency info for normalasm: Requirements: [fermiumbooter] After:[fermiumbooter, jei] Before:[]
[08:54:47] [Server thread/DEBUG] [FML]: Examining file FermiumMixins-1.0.9.jar for potential mods
[08:54:47] [Server thread/TRACE] [FML]: Located mcmod.info file in file FermiumMixins-1.0.9.jar
[08:54:47] [Server thread/DEBUG] [FML]: Identified a mod of type Lnet/minecraftforge/fml/common/Mod; (fermiummixins.FermiumMixins) - loading
[08:54:47] [Server thread/TRACE] [FML]: Parsed dependency info for fermiummixins: Requirements: [fermiumbooter] After:[] Before:[]
[08:54:47] [Server thread/DEBUG] [FML]: Examining file firstaid-1.6.22.jar for potential mods
[08:54:47] [Server thread/TRACE] [FML]: Located mcmod.info file in file firstaid-1.6.22.jar
[08:54:47] [Server thread/DEBUG] [FML]: Identified a mod of type Lnet/minecraftforge/fml/common/Mod; (ichttt.mods.firstaid.FirstAid) - loading
[08:54:47] [Server thread/TRACE] [FML]: Parsed dependency info for firstaid: Requirements: [forge@[14.23.5.2803,)] After:[forge@[14.23.5.2803,)] Before:[]
[08:54:47] [Server thread/DEBUG] [FML]: Examining file Fish's Undead Rising-1.4.2.jar for potential mods
[08:54:47] [Server thread/TRACE] [FML]: Located mcmod.info file in file Fish's Undead Rising-1.4.2.jar
[08:54:47] [Server thread/DEBUG] [FML]: Identified a mod of type Lnet/minecraftforge/fml/common/Mod; (com.Fishmod.mod_LavaCow.mod_LavaCow) - loading
[08:54:47] [Server thread/TRACE] [FML]: Parsed dependency info for mod_lavacow: Requirements: [] After:[] Before:[]
[08:54:47] [Server thread/DEBUG] [FML]: Examining file FishingMadeBetter-1.12.2-2.2.7.jar for potential mods
[08:54:47] [Server thread/TRACE] [FML]: Located mcmod.info file in file FishingMadeBetter-1.12.2-2.2.7.jar
[08:54:47] [Server thread/DEBUG] [FML]: Identified a mod of type Lnet/minecraftforge/fml/common/Mod; (net.theawesomegem.fishingmadebetter.Primary) - loading
[08:54:47] [Server thread/TRACE] [FML]: Parsed dependency info for fishingmadebetter: Requirements: [] After:[advanced-fishing, aquaculture, levelup2] Before:[]
[08:54:47] [Server thread/DEBUG] [FML]: Examining file foamfix-0.10.15-1.12.2.jar for potential mods
[08:54:47] [Server thread/TRACE] [FML]: Located mcmod.info file in file foamfix-0.10.15-1.12.2.jar
[08:54:47] [Server thread/DEBUG] [FML]: Identified a mod of type Lnet/minecraftforge/fml/common/Mod; (pl.asie.foamfix.FoamFix) - loading
[08:54:47] [Server thread/TRACE] [FML]: Parsed dependency info for foamfix: Requirements: [forge@[14.23.3.2673,)] After:[] Before:[]
[08:54:47] [Server thread/DEBUG] [FML]: Examining file FoodExpansion1.3.3-1.12.2.jar for potential mods
[08:54:47] [Server thread/TRACE] [FML]: Located mcmod.info file in file FoodExpansion1.3.3-1.12.2.jar
[08:54:47] [Server thread/DEBUG] [FML]: Identified a mod of type Lnet/minecraftforge/fml/common/Mod; (lellson.foodexpansion.FoodExpansion) - loading
[08:54:47] [Server thread/TRACE] [FML]: Parsed dependency info for foodexpansion: Requirements: [] After:[] Before:[]
[08:54:47] [Server thread/DEBUG] [FML]: Examining file FoodFix-1.12.2.001.jar for potential mods
[08:54:47] [Server thread/TRACE] [FML]: Located mcmod.info file in file FoodFix-1.12.2.001.jar
[08:54:47] [Server thread/DEBUG] [FML]: Identified a mod of type Lnet/minecraftforge/fml/common/Mod; (com.fantasticsource.foodfix.FoodFix) - loading
[08:54:47] [Server thread/TRACE] [FML]: Parsed dependency info for foodfix: Requirements: [] After:[] Before:[]
[08:54:47] [Server thread/DEBUG] [FML]: Examining file ForgeEndertech-1.12.2-4.5.6.1-build.0648.jar for potential mods
[08:54:47] [Server thread/TRACE] [FML]: Located mcmod.info file in file ForgeEndertech-1.12.2-4.5.6.1-build.0648.jar
[08:54:47] [Server thread/DEBUG] [FML]: Identified a mod of type Lnet/minecraftforge/fml/common/Mod; (com.endertech.minecraft.forge.ForgeMain) - loading
[08:54:47] [Server thread/TRACE] [FML]: Parsed dependency info for forgeendertech: Requirements: [] After:[] Before:[]
[08:54:47] [Server thread/DEBUG] [FML]: Examining file Forgelin-1.8.4.jar for potential mods
[08:54:47] [Server thread/TRACE] [FML]: Located mcmod.info file in file Forgelin-1.8.4.jar
[08:54:47] [Server thread/DEBUG] [FML]: Identified a mod of type Lnet/minecraftforge/fml/common/Mod; (net.shadowfacts.forgelin.Forgelin) - loading
[08:54:47] [Server thread/TRACE] [FML]: Using custom language adapter net.shadowfacts.forgelin.KotlinAdapter for net.shadowfacts.forgelin.Forgelin (modid: forgelin)
[08:54:47] [Server thread/TRACE] [FML]: Parsed dependency info for forgelin: Requirements: [] After:[] Before:[]
[08:54:48] [Server thread/DEBUG] [FML]: Examining file forgottenitems-1.12.2-1.3.1.4.jar for potential mods
[08:54:48] [Server thread/TRACE] [FML]: Located mcmod.info file in file forgottenitems-1.12.2-1.3.1.4.jar
[08:54:48] [Server thread/DEBUG] [FML]: Identified a mod of type Lnet/minecraftforge/fml/common/Mod; (tschipp.forgottenitems.FIM) - loading
[08:54:48] [Server thread/TRACE] [FML]: Parsed dependency info for forgottenitems: Requirements: [tschipplib] After:[tschipplib] Before:[]
[08:54:48] [Server thread/DEBUG] [FML]: Examining file framevoidpatch-1.0.0.jar for potential mods
[08:54:48] [Server thread/TRACE] [FML]: Located mcmod.info file in file framevoidpatch-1.0.0.jar
[08:54:48] [Server thread/DEBUG] [FML]: Identified a mod of type Lnet/minecraftforge/fml/common/Mod; (framevoidpatch.core.FrameVoidPatch) - loading
[08:54:48] [Server thread/TRACE] [FML]: Parsed dependency info for framevoidpatch: Requirements: [] After:[] Before:[]
[08:54:48] [Server thread/DEBUG] [FML]: Examining file FriendlyEndermite_v1.0.1_mc1.12.2.jar for potential mods
[08:54:48] [Server thread/TRACE] [FML]: Located mcmod.info file in file FriendlyEndermite_v1.0.1_mc1.12.2.jar
[08:54:48] [Server thread/DEBUG] [FML]: Identified a mod of type Lnet/minecraftforge/fml/common/Mod; (com.creativemd.friendlyendermite.FriendlyEndermite) - loading
[08:54:48] [Server thread/TRACE] [FML]: Parsed dependency info for friendlyendermite: Requirements: [] After:[] Before:[]
[08:54:48] [Server thread/DEBUG] [FML]: Examining file FurnaceXPStorage-1.1.4.jar for potential mods
[08:54:48] [Server thread/TRACE] [FML]: Located mcmod.info file in file FurnaceXPStorage-1.1.4.jar
[08:54:48] [Server thread/DEBUG] [FML]: Identified a mod of type Lnet/minecraftforge/fml/common/Mod; (furnacexpstorage.FurnaceXPStorage) - loading
[08:54:48] [Server thread/TRACE] [FML]: Parsed dependency info for furnacexpstorage: Requirements: [fermiumbooter] After:[fermiumbooter] Before:[]
[08:54:48] [Server thread/DEBUG] [FML]: Examining file fxcontrol-1.12-0.1.15.jar for potential mods
[08:54:48] [Server thread/TRACE] [FML]: Located mcmod.info file in file fxcontrol-1.12-0.1.15.jar
[08:54:48] [Server thread/DEBUG] [FML]: Identified a mod of type Lnet/minecraftforge/fml/common/Mod; (mcjty.fxcontrol.FxControl) - loading
[08:54:48] [Server thread/TRACE] [FML]: Parsed dependency info for fxcontrol: Requirements: [] After:[forge@[13.19.0.2176,)] Before:[]
[08:54:48] [Server thread/DEBUG] [FML]: Examining file GlobalGameRules-1.12.2-2.2.7.jar for potential mods
[08:54:48] [Server thread/TRACE] [FML]: Located mcmod.info file in file GlobalGameRules-1.12.2-2.2.7.jar
[08:54:48] [Server thread/DEBUG] [FML]: Identified a mod of type Lnet/minecraftforge/fml/common/Mod; (se.gory_moon.globalgamerules.GlobalGR) - loading
[08:54:48] [Server thread/TRACE] [FML]: Parsed dependency info for globalgamerules: Requirements: [] After:[] Before:[]
[08:54:48] [Server thread/DEBUG] [FML]: Examining file GooglyEyes-1.12.2-7.1.1.jar for potential mods
[08:54:48] [Server thread/TRACE] [FML]: Located mcmod.info file in file GooglyEyes-1.12.2-7.1.1.jar
[08:54:48] [Server thread/DEBUG] [FML]: Identified a mod of type Lnet/minecraftforge/fml/common/Mod; (me.ichun.mods.googlyeyes.common.GooglyEyes) - loading
[08:54:48] [Server thread/INFO] [FML]: Disabling mod googlyeyes it is client side only.
[08:54:48] [Server thread/DEBUG] [FML]: Skipping mod me.ichun.mods.googlyeyes.common.GooglyEyes, container opted to not load.
[08:54:48] [Server thread/DEBUG] [FML]: Examining file grapplemod-1.12.2-v12.3.jar for potential mods
[08:54:48] [Server thread/TRACE] [FML]: Located mcmod.info file in file grapplemod-1.12.2-v12.3.jar
[08:54:48] [Server thread/DEBUG] [FML]: Identified a mod of type Lnet/minecraftforge/fml/common/Mod; (com.yyon.grapplinghook.grapplemod) - loading
[08:54:48] [Server thread/TRACE] [FML]: Parsed dependency info for grapplemod: Requirements: [] After:[] Before:[]
[08:54:48] [Server thread/DEBUG] [FML]: Examining file HelpFixer-1.12.1-1.5.18.jar for potential mods
[08:54:48] [Server thread/TRACE] [FML]: Located mcmod.info file in file HelpFixer-1.12.1-1.5.18.jar
[08:54:48] [Server thread/DEBUG] [FML]: Identified a mod of type Lnet/minecraftforge/fml/common/Mod; (com.matthewprenger.helpfixer.HelpFixer) - loading
[08:54:48] [Server thread/TRACE] [FML]: Parsed dependency info for helpfixer: Requirements: [] After:[] Before:[]
[08:54:48] [Server thread/DEBUG] [FML]: Attempting to load the file version.properties from HelpFixer-1.12.1-1.5.18.jar to locate a version number for mod helpfixer
[08:54:48] [Server thread/DEBUG] [FML]: Found version null for mod helpfixer in version.properties, using
[08:54:48] [Server thread/WARN] [FML]: Mod helpfixer is missing the required element 'version' and a version.properties file could not be found. Falling back to metadata version 1.12.1-1.5.18
[08:54:48] [Server thread/DEBUG] [FML]: Examining file Ice and Fire-2.0.9.jar for potential mods
[08:54:48] [Server thread/TRACE] [FML]: Located mcmod.info file in file Ice and Fire-2.0.9.jar
[08:54:48] [Server thread/DEBUG] [FML]: Identified a mod of type Lnet/minecraftforge/fml/common/Mod; (com.github.alexthe666.iceandfire.IceAndFire) - loading
[08:54:48] [Server thread/TRACE] [FML]: Using mcmod dependency info for iceandfire: [llibrary, forge] [llibrary, forge] []
[08:54:48] [Server thread/DEBUG] [FML]: Examining file iChunUtil-1.12.2-7.2.2.jar for potential mods
[08:54:48] [Server thread/TRACE] [FML]: Located mcmod.info file in file iChunUtil-1.12.2-7.2.2.jar
[08:54:48] [Server thread/DEBUG] [FML]: Identified a mod of type Lnet/minecraftforge/fml/common/Mod; (me.ichun.mods.ichunutil.common.iChunUtil) - loading
[08:54:48] [Server thread/TRACE] [FML]: Parsed dependency info for ichunutil: Requirements: [forge@[14.23.5.2781,99999.24.0.0)] After:[forge@[14.23.5.2781,99999.24.0.0)] Before:[]
[08:54:48] [Server thread/DEBUG] [FML]: Examining file incontrol-1.12-3.9.18.jar for potential mods
[08:54:48] [Server thread/TRACE] [FML]: Located mcmod.info file in file incontrol-1.12-3.9.18.jar
[08:54:48] [Server thread/DEBUG] [FML]: Identified a mod of type Lnet/minecraftforge/fml/common/Mod; (mcjty.incontrol.InControl) - loading
[08:54:48] [Server thread/TRACE] [FML]: Parsed dependency info for incontrol: Requirements: [] After:[forge@[13.19.0.2176,)] Before:[]
[08:54:48] [Server thread/DEBUG] [FML]: Examining file InfernalMobs-1.12.2.jar for potential mods
[08:54:48] [Server thread/TRACE] [FML]: Located mcmod.info file in file InfernalMobs-1.12.2.jar
[08:54:48] [Server thread/DEBUG] [FML]: Identified a mod of type Lnet/minecraftforge/fml/common/Mod; (atomicstryker.infernalmobs.common.InfernalMobsCore) - loading
[08:54:48] [Server thread/TRACE] [FML]: Parsed dependency info for infernalmobs: Requirements: [] After:[] Before:[]
[08:54:48] [Server thread/DEBUG] [FML]: Examining file Inspirations-1.12.2-0.2.9.jar for potential mods
[08:54:48] [Server thread/TRACE] [FML]: Located mcmod.info file in file Inspirations-1.12.2-0.2.9.jar
[08:54:48] [Server thread/DEBUG] [FML]: Identified a mod of type Lnet/minecraftforge/fml/common/Mod; (knightminer.inspirations.Inspirations) - loading
[08:54:48] [Server thread/TRACE] [FML]: Parsed dependency info for inspirations: Requirements: [mantle, forge@[14.23.1.2571,]] After:[forge@[14.23.1.2571,], mantle, toughasnails@[3.1.0,]] Before:[]
[08:54:48] [Server thread/DEBUG] [FML]: Examining file InventoryTweaks-1.64+dev.151.jar for potential mods
[08:54:48] [Server thread/TRACE] [FML]: Located mcmod.info file in file InventoryTweaks-1.64+dev.151.jar
[08:54:48] [Server thread/DEBUG] [FML]: Identified a mod of type Lnet/minecraftforge/fml/common/Mod; (invtweaks.forge.InvTweaksMod) - loading
[08:54:48] [Server thread/TRACE] [FML]: Parsed dependency info for inventorytweaks: Requirements: [forge@[14.21.0,)] After:[forge@[14.21.0,)] Before:[]
[08:54:48] [Server thread/DEBUG] [FML]: Attempting to load the file version.properties from InventoryTweaks-1.64+dev.151.jar to locate a version number for mod inventorytweaks
[08:54:48] [Server thread/DEBUG] [FML]: Found version 1.64+dev.151.822d839 for mod inventorytweaks in version.properties, using
[08:54:48] [Server thread/DEBUG] [FML]: Examining file itlt-1.12.x-1.0.4.jar for potential mods
[08:54:48] [Server thread/TRACE] [FML]: Located mcmod.info file in file itlt-1.12.x-1.0.4.jar
[08:54:48] [Server thread/DEBUG] [FML]: Identified a mod of type Lnet/minecraftforge/fml/common/Mod; (dk.zlepper.itlt.Itlt) - loading
[08:54:48] [Server thread/TRACE] [FML]: Parsed dependency info for itlt: Requirements: [] After:[] Before:[]
[08:54:48] [Server thread/DEBUG] [FML]: Examining file jei_1.12.2-4.16.1.1012.jar for potential mods
[08:54:48] [Server thread/TRACE] [FML]: Located mcmod.info file in file jei_1.12.2-4.16.1.1012.jar
[08:54:48] [Server thread/DEBUG] [FML]: Identified a mod of type Lnet/minecraftforge/fml/common/Mod; (mezz.jei.JustEnoughItems) - loading
[08:54:48] [Server thread/TRACE] [FML]: Parsed dependency info for jei: Requirements: [forge@[14.23.5.2816,)] After:[forge@[14.23.5.2816,)] Before:[]
[08:54:48] [Server thread/DEBUG] [FML]: Examining file JSON-Paintings-v1.4.0-mc1.12.2.jar for potential mods
[08:54:48] [Server thread/DEBUG] [FML]: The mod container JSON-Paintings-v1.4.0-mc1.12.2.jar appears to be missing an mcmod.info file
[08:54:48] [Server thread/DEBUG] [FML]: Examining file konkrete_forge_1.6.1_MC_1.12-1.12.2.jar for potential mods
[08:54:48] [Server thread/TRACE] [FML]: Located mcmod.info file in file konkrete_forge_1.6.1_MC_1.12-1.12.2.jar
[08:54:48] [Server thread/DEBUG] [FML]: Identified a mod of type Lnet/minecraftforge/fml/common/Mod; (de.keksuccino.konkrete.Konkrete) - loading
[08:54:48] [Server thread/TRACE] [FML]: Parsed dependency info for konkrete: Requirements: [] After:[] Before:[]
[08:54:48] [Server thread/DEBUG] [FML]: Attempting to load the file version.properties from konkrete_forge_1.6.1_MC_1.12-1.12.2.jar to locate a version number for mod konkrete
[08:54:48] [Server thread/WARN] [FML]: Mod konkrete is missing the required element 'version' and a version.properties file could not be found. Falling back to metadata version 1.6.1
[08:54:48] [Server thread/DEBUG] [FML]: Examining file lagbgonrevived-1.1.0.jar for potential mods
[08:54:48] [Server thread/TRACE] [FML]: Located mcmod.info file in file lagbgonrevived-1.1.0.jar
[08:54:48] [Server thread/DEBUG] [FML]: Identified a mod of type Lnet/minecraftforge/fml/common/Mod; (ftblag.lagbgonrevived.LagBGonRevived) - loading
[08:54:48] [Server thread/TRACE] [FML]: Parsed dependency info for lagbgonrevived: Requirements: [] After:[] Before:[]
[08:54:48] [Server thread/DEBUG] [FML]: Examining file LegendaryTooltips-1.12.2-1.1.11.jar for potential mods
[08:54:48] [Server thread/TRACE] [FML]: Located mcmod.info file in file LegendaryTooltips-1.12.2-1.1.11.jar
[08:54:48] [Server thread/DEBUG] [FML]: Identified a mod of type Lnet/minecraftforge/fml/common/Mod; (com.anthonyhilyard.legendarytooltips.LegendaryTooltips) - loading
[08:54:48] [Server thread/INFO] [FML]: Disabling mod legendarytooltips it is client side only.
[08:54:48] [Server thread/DEBUG] [FML]: Skipping mod com.anthonyhilyard.legendarytooltips.LegendaryTooltips, container opted to not load.
[08:54:48] [Server thread/DEBUG] [FML]: Examining file Level Up! 2-1.1.23-1.12.jar for potential mods
[08:54:48] [Server thread/TRACE] [FML]: Located mcmod.info file in file Level Up! 2-1.1.23-1.12.jar
[08:54:48] [Server thread/DEBUG] [FML]: Identified a mod of type Lnet/minecraftforge/fml/common/Mod; (levelup2.LevelUp2) - loading
[08:54:48] [Server thread/TRACE] [FML]: Parsed dependency info for levelup2: Requirements: [] After:[] Before:[]
[08:54:48] [Server thread/DEBUG] [FML]: Examining file librarianlib-1.12.2-4.22.jar for potential mods
[08:54:48] [Server thread/TRACE] [FML]: Located mcmod.info file in file librarianlib-1.12.2-4.22.jar
[08:54:48] [Server thread/DEBUG] [FML]: Identified a mod of type Lnet/minecraftforge/fml/common/Mod; (com.teamwizardry.librarianlib.core.LateLoader) - loading
[08:54:48] [Server thread/TRACE] [FML]: Using custom language adapter net.shadowfacts.forgelin.KotlinAdapter for com.teamwizardry.librarianlib.core.LateLoader (modid: librarianliblate)
[08:54:48] [Server thread/TRACE] [FML]: Parsed dependency info for librarianliblate: Requirements: [] After:[*] Before:[]
[08:54:48] [Server thread/DEBUG] [FML]: Identified a mod of type Lnet/minecraftforge/fml/common/Mod; (com.teamwizardry.librarianlib.core.LibrarianLib) - loading
[08:54:48] [Server thread/TRACE] [FML]: Using custom language adapter net.shadowfacts.forgelin.KotlinAdapter for com.teamwizardry.librarianlib.core.LibrarianLib (modid: librarianlib)
[08:54:48] [Server thread/TRACE] [FML]: Parsed dependency info for librarianlib: Requirements: [forge@[13.19.1.2195,), forgelin@[1.8.0,)] After:[forgelin@[1.8.0,), forge@[13.19.1.2195,)] Before:[]
[08:54:49] [Server thread/DEBUG] [FML]: Examining file LoadingScreens-1.12.2-0.3.1.jar for potential mods
[08:54:49] [Server thread/TRACE] [FML]: Located mcmod.info file in file LoadingScreens-1.12.2-0.3.1.jar
[08:54:49] [Server thread/DEBUG] [FML]: Identified a mod of type Lnet/minecraftforge/fml/common/Mod; (com.bloodnbonesgaming.loadingscreens.LoadingScreens) - loading
[08:54:49] [Server thread/INFO] [FML]: Disabling mod loadingscreens it is client side only.
[08:54:49] [Server thread/DEBUG] [FML]: Skipping mod com.bloodnbonesgaming.loadingscreens.LoadingScreens, container opted to not load.
[08:54:49] [Server thread/DEBUG] [FML]: Examining file Localizator-1.12.2-1.0.14.jar for potential mods
[08:54:49] [Server thread/TRACE] [FML]: Located mcmod.info file in file Localizator-1.12.2-1.0.14.jar
[08:54:49] [Server thread/DEBUG] [FML]: Identified a mod of type Lnet/minecraftforge/fml/common/Mod; (kameib.localizator.Localizator) - loading
[08:54:49] [Server thread/TRACE] [FML]: Using mcmod dependency info for localizator: [fermiumbooter] [fermiumbooter] []
[08:54:49] [Server thread/DEBUG] [FML]: Examining file Locks-1.12.2-3.0.0.jar for potential mods
[08:54:49] [Server thread/TRACE] [FML]: Located mcmod.info file in file Locks-1.12.2-3.0.0.jar
[08:54:49] [Server thread/DEBUG] [FML]: Identified a mod of type Lnet/minecraftforge/fml/common/Mod; (melonslise.locks.Locks) - loading
[08:54:49] [Server thread/TRACE] [FML]: Parsed dependency info for locks: Requirements: [] After:[] Before:[]
[08:54:49] [Server thread/DEBUG] [FML]: Examining file LootTweaker-0.3.1+MC1.12.2.jar for potential mods
[08:54:49] [Server thread/TRACE] [FML]: Located mcmod.info file in file LootTweaker-0.3.1+MC1.12.2.jar
[08:54:49] [Server thread/DEBUG] [FML]: Identified a mod of type Lnet/minecraftforge/fml/common/Mod; (leviathan143.loottweaker.common.LootTweaker) - loading
[08:54:49] [Server thread/TRACE] [FML]: Parsed dependency info for loottweaker: Requirements: [forge@[14.23.5.2779,), crafttweaker@[4.1.20,)] After:[crafttweaker@[4.1.20,)] Before:[jeresources]
[08:54:49] [Server thread/DEBUG] [FML]: Examining file lostcities-1.12-2.0.22.jar for potential mods
[08:54:49] [Server thread/TRACE] [FML]: Located mcmod.info file in file lostcities-1.12-2.0.22.jar
[08:54:49] [Server thread/DEBUG] [FML]: Identified a mod of type Lnet/minecraftforge/fml/common/Mod; (mcjty.lostcities.LostCities) - loading
[08:54:49] [Server thread/TRACE] [FML]: Parsed dependency info for lostcities: Requirements: [] After:[forge@[13.19.0.2176,)] Before:[]
[08:54:49] [Server thread/DEBUG] [FML]: Examining file lycanitesmobs-1.12.2-2.0.8.10.jar for potential mods
[08:54:49] [Server thread/TRACE] [FML]: Located mcmod.info file in file lycanitesmobs-1.12.2-2.0.8.10.jar
[08:54:49] [Server thread/DEBUG] [FML]: Identified a mod of type Lnet/minecraftforge/fml/common/Mod; (com.lycanitesmobs.LycanitesMobs) - loading
[08:54:49] [Server thread/TRACE] [FML]: Parsed dependency info for lycanitesmobs: Requirements: [] After:[thaumcraft] Before:[]
[08:54:49] [Server thread/DEBUG] [FML]: Examining file Mantle-1.12-1.3.3.55.jar for potential mods
[08:54:49] [Server thread/TRACE] [FML]: Located mcmod.info file in file Mantle-1.12-1.3.3.55.jar
[08:54:49] [Server thread/DEBUG] [FML]: Identified a mod of type Lnet/minecraftforge/fml/common/Mod; (slimeknights.mantle.Mantle) - loading
[08:54:49] [Server thread/TRACE] [FML]: Parsed dependency info for mantle: Requirements: [forge@[14.21.1.2387,)] After:[forge@[14.21.1.2387,)] Before:[]
[08:54:49] [Server thread/DEBUG] [FML]: Examining file MaterialTweaker-1.1.1.jar for potential mods
[08:54:49] [Server thread/TRACE] [FML]: Located mcmod.info file in file MaterialTweaker-1.1.1.jar
[08:54:49] [Server thread/DEBUG] [FML]: Identified a mod of type Lnet/minecraftforge/fml/common/Mod; (materialtweaker.core.MaterialTweaker) - loading
[08:54:49] [Server thread/TRACE] [FML]: Parsed dependency info for materialtweaker: Requirements: [] After:[] Before:[]
[08:54:49] [Server thread/DEBUG] [FML]: Examining file mcw-bridges-1.0.6b-mc1.12.2.jar for potential mods
[08:54:49] [Server thread/TRACE] [FML]: Located mcmod.info file in file mcw-bridges-1.0.6b-mc1.12.2.jar
[08:54:49] [Server thread/DEBUG] [FML]: Identified a mod of type Lnet/minecraftforge/fml/common/Mod; (com.mcwbridges.kikoz.Mcwbridges) - loading
[08:54:49] [Server thread/TRACE] [FML]: Parsed dependency info for mcwbridges: Requirements: [] After:[] Before:[]
[08:54:49] [Server thread/DEBUG] [FML]: Examining file MmmMmmMmmMmm-1.12-2.0.5.jar for potential mods
[08:54:49] [Server thread/TRACE] [FML]: Located mcmod.info file in file MmmMmmMmmMmm-1.12-2.0.5.jar
[08:54:49] [Server thread/DEBUG] [FML]: Identified a mod of type Lnet/minecraftforge/fml/common/Mod; (testdummy.TestDummy) - loading
[08:54:49] [Server thread/TRACE] [FML]: Parsed dependency info for testdummy: Requirements: [] After:[] Before:[]
[08:54:49] [Server thread/DEBUG] [FML]: Examining file MoBends_1.12.2-1.2.1-19.12.21.jar for potential mods
[08:54:49] [Server thread/TRACE] [FML]: Located mcmod.info file in file MoBends_1.12.2-1.2.1-19.12.21.jar
[08:54:49] [Server thread/DEBUG] [FML]: Identified a mod of type Lnet/minecraftforge/fml/common/Mod; (goblinbob.mobends.standard.main.MoBends) - loading
[08:54:49] [Server thread/TRACE] [FML]: Parsed dependency info for mobends: Requirements: [] After:[] Before:[]
[08:54:49] [Server thread/DEBUG] [FML]: Attempting to load the file version.properties from MoBends_1.12.2-1.2.1-19.12.21.jar to locate a version number for mod mobends
[08:54:49] [Server thread/WARN] [FML]: Mod mobends is missing the required element 'version' and a version.properties file could not be found. Falling back to metadata version 1.2.1
[08:54:49] [Server thread/DEBUG] [FML]: Examining file modtweaker-4.0.20.11.jar for potential mods
[08:54:49] [Server thread/TRACE] [FML]: Located mcmod.info file in file modtweaker-4.0.20.11.jar
[08:54:49] [Server thread/DEBUG] [FML]: Identified a mod of type Lnet/minecraftforge/fml/common/Mod; (com.blamejared.ModTweaker) - loading
[08:54:49] [Server thread/TRACE] [FML]: Parsed dependency info for modtweaker: Requirements: [crafttweaker, mtlib] After:[crafttweaker, mtlib] Before:[jei]
[08:54:49] [Server thread/DEBUG] [FML]: Examining file MouseTweaks-2.10.1-mc1.12.2.jar for potential mods
[08:54:49] [Server thread/TRACE] [FML]: Located mcmod.info file in file MouseTweaks-2.10.1-mc1.12.2.jar
[08:54:49] [Server thread/DEBUG] [FML]: Identified a mod of type Lnet/minecraftforge/fml/common/Mod; (yalter.mousetweaks.forge.MouseTweaksForge) - loading
[08:54:49] [Server thread/INFO] [FML]: Disabling mod mousetweaks it is client side only.
[08:54:49] [Server thread/DEBUG] [FML]: Skipping mod yalter.mousetweaks.forge.MouseTweaksForge, container opted to not load.
[08:54:49] [Server thread/DEBUG] [FML]: Examining file MTLib-3.0.7.jar for potential mods
[08:54:49] [Server thread/TRACE] [FML]: Located mcmod.info file in file MTLib-3.0.7.jar
[08:54:49] [Server thread/DEBUG] [FML]: Identified a mod of type Lnet/minecraftforge/fml/common/Mod; (com.blamejared.mtlib.MTLib) - loading
[08:54:49] [Server thread/TRACE] [FML]: Parsed dependency info for mtlib: Requirements: [] After:[] Before:[]
[08:54:49] [Server thread/DEBUG] [FML]: Examining file MultiMine-1.12.2.jar for potential mods
[08:54:49] [Server thread/TRACE] [FML]: Located mcmod.info file in file MultiMine-1.12.2.jar
[08:54:49] [Server thread/DEBUG] [FML]: Identified a mod of type Lnet/minecraftforge/fml/common/Mod; (atomicstryker.multimine.common.MultiMine) - loading
[08:54:49] [Server thread/TRACE] [FML]: Parsed dependency info for multimine: Requirements: [] After:[] Before:[]
[08:54:49] [Server thread/DEBUG] [FML]: Examining file Neat 1.4-17.jar for potential mods
[08:54:49] [Server thread/TRACE] [FML]: Located mcmod.info file in file Neat 1.4-17.jar
[08:54:49] [Server thread/DEBUG] [FML]: Identified a mod of type Lnet/minecraftforge/fml/common/Mod; (vazkii.neat.Neat) - loading
[08:54:49] [Server thread/INFO] [FML]: Disabling mod neat it is client side only.
[08:54:49] [Server thread/DEBUG] [FML]: Skipping mod vazkii.neat.Neat, container opted to not load.
[08:54:49] [Server thread/DEBUG] [FML]: Examining file NoiseThreader-1.1.1.jar for potential mods
[08:54:49] [Server thread/TRACE] [FML]: Located mcmod.info file in file NoiseThreader-1.1.1.jar
[08:54:49] [Server thread/DEBUG] [FML]: Identified a mod of type Lnet/minecraftforge/fml/common/Mod; (noisethreader.NoiseThreader) - loading
[08:54:49] [Server thread/TRACE] [FML]: Parsed dependency info for noisethreader: Requirements: [fermiumbooter] After:[fermiumbooter, openterraingenerator] Before:[]
[08:54:49] [Server thread/DEBUG] [FML]: Examining file notreepunching-2.0.21.jar for potential mods
[08:54:49] [Server thread/TRACE] [FML]: Located mcmod.info file in file notreepunching-2.0.21.jar
[08:54:49] [Server thread/DEBUG] [FML]: Identified a mod of type Lnet/minecraftforge/fml/common/Mod; (com.alcatrazescapee.notreepunching.NoTreePunching) - loading
[08:54:49] [Server thread/TRACE] [FML]: Parsed dependency info for notreepunching: Requirements: [alcatrazcore@[1.0.0,2.0.0), forge@[14.23.4.2705,15.0.0.0)] After:[forge@[14.23.4.2705,15.0.0.0), alcatrazcore@[1.0.0,2.0.0)] Before:[]
[08:54:49] [Server thread/DEBUG] [FML]: Examining file nuclearcraft-1.12.2-2.19a.jar for potential mods
[08:54:49] [Server thread/TRACE] [FML]: Located mcmod.info file in file nuclearcraft-1.12.2-2.19a.jar
[08:54:49] [Server thread/DEBUG] [FML]: Identified a mod of type Lnet/minecraftforge/fml/common/Mod; (nc.NuclearCraft) - loading
[08:54:49] [Server thread/TRACE] [FML]: Parsed dependency info for nuclearcraft: Requirements: [forge] After:[forge, tconstruct, conarm, openterraingenerator, alchemistry] Before:[]
[08:54:49] [Server thread/DEBUG] [FML]: Examining file OpenTerrainGenerator-1.12.2-v9.7.jar for potential mods
[08:54:49] [Server thread/TRACE] [FML]: Located mcmod.info file in file OpenTerrainGenerator-1.12.2-v9.7.jar
[08:54:49] [Server thread/DEBUG] [FML]: Identified a mod of type Lnet/minecraftforge/fml/common/Mod; (com.pg85.otg.forge.OTGPlugin) - loading
[08:54:49] [Server thread/TRACE] [FML]: Parsed dependency info for openterraingenerator: Requirements: [otgcore@[1.12.2-v9.5-R2,1.12.2-v9.5-R2]] After:[otgcore@[1.12.2-v9.5-R2,1.12.2-v9.5-R2]] Before:[]
[08:54:49] [Server thread/DEBUG] [FML]: Examining file OptifineCITPatch-1.0.4.jar for potential mods
[08:54:49] [Server thread/TRACE] [FML]: Located mcmod.info file in file OptifineCITPatch-1.0.4.jar
[08:54:49] [Server thread/DEBUG] [FML]: Identified a mod of type Lnet/minecraftforge/fml/common/Mod; (optifinecitpatch.OptiFineCITPatch) - loading
[08:54:49] [Server thread/TRACE] [FML]: Parsed dependency info for optifinecitpatch: Requirements: [fermiumbooter@[1.3.0,)] After:[fermiumbooter@[1.3.0,)] Before:[]
[08:54:49] [Server thread/DEBUG] [FML]: Examining file paintingselgui-PSG Revamed-1.12.2-1.1.0.1.jar for potential mods
[08:54:49] [Server thread/TRACE] [FML]: Located mcmod.info file in file paintingselgui-PSG Revamed-1.12.2-1.1.0.1.jar
[08:54:49] [Server thread/DEBUG] [FML]: Identified a mod of type Lnet/minecraftforge/fml/common/Mod; (com.mcf.davidee.guilib.GuiLibrary) - loading
[08:54:49] [Server thread/TRACE] [FML]: Parsed dependency info for guilib: Requirements: [] After:[] Before:[]
[08:54:49] [Server thread/DEBUG] [FML]: Identified a mod of type Lnet/minecraftforge/fml/common/Mod; (com.mcf.davidee.paintinggui.mod.PaintingSelection) - loading
[08:54:49] [Server thread/TRACE] [FML]: Parsed dependency info for paintingselgui: Requirements: [] After:[guilib] Before:[]
[08:54:49] [Server thread/DEBUG] [FML]: Examining file particleculling-1.12.2-v1.4.3.jar for potential mods
[08:54:49] [Server thread/TRACE] [FML]: Located mcmod.info file in file particleculling-1.12.2-v1.4.3.jar
[08:54:49] [Server thread/DEBUG] [FML]: Identified a mod of type Lnet/minecraftforge/fml/common/Mod; (bl4ckscor3.mod.particleculling.ParticleCulling) - loading
[08:54:49] [Server thread/INFO] [FML]: Disabling mod particleculling it is client side only.
[08:54:49] [Server thread/DEBUG] [FML]: Skipping mod bl4ckscor3.mod.particleculling.ParticleCulling, container opted to not load.
[08:54:49] [Server thread/DEBUG] [FML]: Examining file PhosphorCrashFix-1.12.2-1.0.0.jar for potential mods
[08:54:49] [Server thread/TRACE] [FML]: Located mcmod.info file in file PhosphorCrashFix-1.12.2-1.0.0.jar
[08:54:49] [Server thread/DEBUG] [FML]: Identified a mod of type Lnet/minecraftforge/fml/common/Mod; (nathan.phosphorcrashfix.PhosphorCrashFix) - loading
[08:54:49] [Server thread/TRACE] [FML]: Parsed dependency info for phosphorcrashfix: Requirements: [] After:[] Before:[]
[08:54:49] [Server thread/DEBUG] [FML]: Examining file pigstep-1.12.jar for potential mods
[08:54:49] [Server thread/TRACE] [FML]: Located mcmod.info file in file pigstep-1.12.jar
[08:54:49] [Server thread/DEBUG] [FML]: Identified a mod of type Lnet/minecraftforge/fml/common/Mod; (com.daposeidonguy.pigstep.PigstepMod) - loading
[08:54:49] [Server thread/TRACE] [FML]: Parsed dependency info for pigstep: Requirements: [] After:[] Before:[]
[08:54:49] [Server thread/DEBUG] [FML]: Examining file Placebo-1.12.2-1.6.1.jar for potential mods
[08:54:49] [Server thread/TRACE] [FML]: Located mcmod.info file in file Placebo-1.12.2-1.6.1.jar
[08:54:49] [Server thread/DEBUG] [FML]: Identified a mod of type Lnet/minecraftforge/fml/common/Mod; (shadows.placebo.Placebo) - loading
[08:54:49] [Server thread/TRACE] [FML]: Parsed dependency info for placebo: Requirements: [] After:[] Before:[]
[08:54:49] [Server thread/DEBUG] [FML]: Examining file playerbosses-1.12.2-1.1.0.jar for potential mods
[08:54:49] [Server thread/TRACE] [FML]: Located mcmod.info file in file playerbosses-1.12.2-1.1.0.jar
[08:54:49] [Server thread/DEBUG] [FML]: Identified a mod of type Lnet/minecraftforge/fml/common/Mod; (com.lothrazar.playerbosses.ModBosses) - loading
[08:54:49] [Server thread/TRACE] [FML]: Parsed dependency info for playerbosses: Requirements: [] After:[] Before:[]
[08:54:49] [Server thread/INFO] [FML]: Mod playerbosses is missing the required element 'name'. Substituting playerbosses
[08:54:49] [Server thread/DEBUG] [FML]: Attempting to load the file version.properties from playerbosses-1.12.2-1.1.0.jar to locate a version number for mod playerbosses
[08:54:49] [Server thread/WARN] [FML]: Mod playerbosses is missing the required element 'version' and no fallback can be found. Substituting '1.0'.
[08:54:49] [Server thread/DEBUG] [FML]: Examining file PortalDupeBegone-1.0.0.jar for potential mods
[08:54:49] [Server thread/TRACE] [FML]: Located mcmod.info file in file PortalDupeBegone-1.0.0.jar
[08:54:49] [Server thread/DEBUG] [FML]: Identified a mod of type Lnet/minecraftforge/fml/common/Mod; (fonnymunkey.portaldupebegone.PortalDupeBegone) - loading
[08:54:49] [Server thread/TRACE] [FML]: Parsed dependency info for portaldupebegone: Requirements: [] After:[] Before:[]
[08:54:49] [Server thread/DEBUG] [FML]: Examining file PotionCore-1.9_for_1.12.2.jar for potential mods
[08:54:49] [Server thread/TRACE] [FML]: Located mcmod.info file in file PotionCore-1.9_for_1.12.2.jar
[08:54:49] [Server thread/DEBUG] [FML]: Identified a mod of type Lnet/minecraftforge/fml/common/Mod; (com.tmtravlr.potioncore.PotionCore) - loading
[08:54:49] [Server thread/TRACE] [FML]: Parsed dependency info for potioncore: Requirements: [forge@[14.23.0.2524,)] After:[forge@[14.23.0.2524,)] Before:[]
[08:54:49] [Server thread/DEBUG] [FML]: Examining file potiondescriptions-1.12.2-1.2.4.jar for potential mods
[08:54:49] [Server thread/TRACE] [FML]: Located mcmod.info file in file potiondescriptions-1.12.2-1.2.4.jar
[08:54:49] [Server thread/DEBUG] [FML]: Identified a mod of type Lnet/minecraftforge/fml/common/Mod; (azmalent.potiondescriptions.PotionDescriptions) - loading
[08:54:49] [Server thread/INFO] [FML]: Disabling mod potiondescriptions it is client side only.
[08:54:49] [Server thread/DEBUG] [FML]: Skipping mod azmalent.potiondescriptions.PotionDescriptions, container opted to not load.
[08:54:49] [Server thread/DEBUG] [FML]: Examining file PotionFingers-r1.0-8.jar for potential mods
[08:54:49] [Server thread/TRACE] [FML]: Located mcmod.info file in file PotionFingers-r1.0-8.jar
[08:54:49] [Server thread/DEBUG] [FML]: Identified a mod of type Lnet/minecraftforge/fml/common/Mod; (vazkii.potionfingers.PotionFingers) - loading
[08:54:49] [Server thread/TRACE] [FML]: Parsed dependency info for potionfingers: Requirements: [baubles, autoreglib] After:[autoreglib, baubles] Before:[]
[08:54:49] [Server thread/DEBUG] [FML]: Examining file QualityTools-1.0.7_for_1.12.2.jar for potential mods
[08:54:49] [Server thread/TRACE] [FML]: Located mcmod.info file in file QualityTools-1.0.7_for_1.12.2.jar
[08:54:49] [Server thread/DEBUG] [FML]: Identified a mod of type Lnet/minecraftforge/fml/common/Mod; (com.tmtravlr.qualitytools.QualityToolsMod) - loading
[08:54:49] [Server thread/TRACE] [FML]: Parsed dependency info for qualitytools: Requirements: [potioncore] After:[potioncore, baubles] Before:[]
[08:54:49] [Server thread/DEBUG] [FML]: Examining file Quark-r1.6-179.jar for potential mods
[08:54:49] [Server thread/TRACE] [FML]: Located mcmod.info file in file Quark-r1.6-179.jar
[08:54:49] [Server thread/DEBUG] [FML]: Identified a mod of type Lnet/minecraftforge/fml/common/Mod; (vazkii.quark.base.Quark) - loading
[08:54:49] [Server thread/TRACE] [FML]: Parsed dependency info for quark: Requirements: [autoreglib@[1.3-32,), forge@[14.23.5.2831,)] After:[forge@[14.23.5.2831,), jei@[4.6.0,)] Before:[autoreglib@[1.3-32,)]
[08:54:49] [Server thread/DEBUG] [FML]: Examining file ReachFix-1.12.2-1.1.3.jar for potential mods
[08:54:49] [Server thread/TRACE] [FML]: Located mcmod.info file in file ReachFix-1.12.2-1.1.3.jar
[08:54:49] [Server thread/DEBUG] [FML]: Identified a mod of type Lnet/minecraftforge/fml/common/Mod; (meldexun.reachfix.ReachFix) - loading
[08:54:49] [Server thread/TRACE] [FML]: Parsed dependency info for reachfix: Requirements: [] After:[] Before:[]
[08:54:49] [Server thread/DEBUG] [FML]: Attempting to load the file version.properties from ReachFix-1.12.2-1.1.3.jar to locate a version number for mod reachfix
[08:54:49] [Server thread/WARN] [FML]: Mod reachfix is missing the required element 'version' and a version.properties file could not be found. Falling back to metadata version 1.1.3
[08:54:49] [Server thread/DEBUG] [FML]: Examining file RealisticTorches-1.12.2-2.1.2.jar for potential mods
[08:54:49] [Server thread/TRACE] [FML]: Located mcmod.info file in file RealisticTorches-1.12.2-2.1.2.jar
[08:54:49] [Server thread/DEBUG] [FML]: Identified a mod of type Lnet/minecraftforge/fml/common/Mod; (com.chaosthedude.realistictorches.RealisticTorches) - loading
[08:54:49] [Server thread/TRACE] [FML]: Parsed dependency info for realistictorches: Requirements: [] After:[] Before:[]
[08:54:49] [Server thread/DEBUG] [FML]: Examining file RebornCore-1.12.2-3.19.5-universal.jar for potential mods
[08:54:49] [Server thread/TRACE] [FML]: Located mcmod.info file in file RebornCore-1.12.2-3.19.5-universal.jar
[08:54:49] [Server thread/DEBUG] [FML]: Identified a mod of type Lnet/minecraftforge/fml/common/Mod; (reborncore.RebornCore) - loading
[08:54:49] [Server thread/TRACE] [FML]: Parsed dependency info for reborncore: Requirements: [forge@[14.23.5.2796,)] After:[forge@[14.23.5.2796,)] Before:[]
[08:54:49] [Server thread/DEBUG] [FML]: Examining file RecurrentComplex-1.4.8.6.jar for potential mods
[08:54:49] [Server thread/TRACE] [FML]: Located mcmod.info file in file RecurrentComplex-1.4.8.6.jar
[08:54:49] [Server thread/DEBUG] [FML]: Identified a mod of type Lnet/minecraftforge/fml/common/Mod; (ivorius.reccomplex.RecurrentComplex) - loading
[08:54:49] [Server thread/TRACE] [FML]: Parsed dependency info for reccomplex: Requirements: [ivtoolkit] After:[ivtoolkit] Before:[]
[08:54:49] [Server thread/DEBUG] [FML]: Examining file Reskillable-1.12.2-1.13.0.jar for potential mods
[08:54:49] [Server thread/TRACE] [FML]: Located mcmod.info file in file Reskillable-1.12.2-1.13.0.jar
[08:54:49] [Server thread/DEBUG] [FML]: Identified a mod of type Lnet/minecraftforge/fml/common/Mod; (codersafterdark.reskillable.Reskillable) - loading
[08:54:49] [Server thread/TRACE] [FML]: Parsed dependency info for reskillable: Requirements: [] After:[] Before:[]
[08:54:49] [Server thread/DEBUG] [FML]: Examining file ResourceLoader-MC1.12.1-1.5.3.jar for potential mods
[08:54:49] [Server thread/TRACE] [FML]: Located mcmod.info file in file ResourceLoader-MC1.12.1-1.5.3.jar
[08:54:49] [Server thread/DEBUG] [FML]: Identified a mod of type Lnet/minecraftforge/fml/common/Mod; (lumien.resourceloader.ResourceLoader) - loading
[08:54:49] [Server thread/INFO] [FML]: Disabling mod resourceloader it is client side only.
[08:54:49] [Server thread/DEBUG] [FML]: Skipping mod lumien.resourceloader.ResourceLoader, container opted to not load.
[08:54:49] [Server thread/DEBUG] [FML]: Examining file RLArtifacts-1.1.2.jar for potential mods
[08:54:49] [Server thread/TRACE] [FML]: Located mcmod.info file in file RLArtifacts-1.1.2.jar
[08:54:49] [Server thread/DEBUG] [FML]: Identified a mod of type Lnet/minecraftforge/fml/common/Mod; (artifacts.Artifacts) - loading
[08:54:49] [Server thread/TRACE] [FML]: Parsed dependency info for artifacts: Requirements: [baubles] After:[baubles] Before:[]
[08:54:49] [Server thread/DEBUG] [FML]: Examining file RLCombat-1.12.2-2.2.4.jar for potential mods
[08:54:49] [Server thread/TRACE] [FML]: Located mcmod.info file in file RLCombat-1.12.2-2.2.4.jar
[08:54:49] [Server thread/DEBUG] [FML]: Identified a mod of type Lnet/minecraftforge/fml/common/Mod; (bettercombat.mod.util.BetterCombatMod) - loading
[08:54:49] [Server thread/TRACE] [FML]: Parsed dependency info for bettercombatmod: Requirements: [reachfix, fermiumbooter] After:[reachfix, fermiumbooter, qualitytools, iceandfire] Before:[]
[08:54:49] [Server thread/DEBUG] [FML]: Examining file RLCraftLuckified-1.1.1.jar for potential mods
[08:54:49] [Server thread/TRACE] [FML]: Located mcmod.info file in file RLCraftLuckified-1.1.1.jar
[08:54:49] [Server thread/DEBUG] [FML]: Identified a mod of type Lnet/minecraftforge/fml/common/Mod; (luckified.Luckified) - loading
[08:54:49] [Server thread/TRACE] [FML]: Parsed dependency info for luckified: Requirements: [fermiumbooter] After:[fermiumbooter] Before:[]
[08:54:49] [Server thread/DEBUG] [FML]: Examining file RLFoliage-MC1.12-2.4.2.jar for potential mods
[08:54:49] [Server thread/TRACE] [FML]: Located mcmod.info file in file RLFoliage-MC1.12-2.4.2.jar
[08:54:49] [Server thread/DEBUG] [FML]: Identified a mod of type Lnet/minecraftforge/fml/common/Mod; (mods.betterfoliage.BetterFoliageMod) - loading
[08:54:49] [Server thread/TRACE] [FML]: Using custom language adapter net.shadowfacts.forgelin.KotlinAdapter for mods.betterfoliage.BetterFoliageMod (modid: betterfoliage)
[08:54:49] [Server thread/INFO] [FML]: Disabling mod betterfoliage it is client side only.
[08:54:49] [Server thread/DEBUG] [FML]: Skipping mod mods.betterfoliage.BetterFoliageMod, container opted to not load.
[08:54:49] [Server thread/DEBUG] [FML]: Examining file RLMixins-1.4.6.jar for potential mods
[08:54:49] [Server thread/TRACE] [FML]: Located mcmod.info file in file RLMixins-1.4.6.jar
[08:54:49] [Server thread/DEBUG] [FML]: Identified a mod of type Lnet/minecraftforge/fml/common/Mod; (rlmixins.RLMixins) - loading
[08:54:49] [Server thread/TRACE] [FML]: Parsed dependency info for rlmixins: Requirements: [fermiumbooter] After:[] Before:[]
[08:54:49] [Server thread/DEBUG] [FML]: Examining file RLTweaker-1.12.2-0.7.5.jar for potential mods
[08:54:49] [Server thread/TRACE] [FML]: Located mcmod.info file in file RLTweaker-1.12.2-0.7.5.jar
[08:54:49] [Server thread/DEBUG] [FML]: Identified a mod of type Lnet/minecraftforge/fml/common/Mod; (com.charles445.rltweaker.RLTweaker) - loading
[08:54:49] [Server thread/TRACE] [FML]: Parsed dependency info for rltweaker: Requirements: [forge@[14.23.5.2859,)] After:[forge@[14.23.5.2859,)] Before:[]
[08:54:49] [Server thread/DEBUG] [FML]: Examining file RoguelikeDungeonsFnarEdition-1.12.2-2.4.6.jar for potential mods
[08:54:49] [Server thread/TRACE] [FML]: Located mcmod.info file in file RoguelikeDungeonsFnarEdition-1.12.2-2.4.6.jar
[08:54:49] [Server thread/DEBUG] [FML]: Identified a mod of type Lnet/minecraftforge/fml/common/Mod; (com.github.fnar.roguelike.Roguelike) - loading
[08:54:49] [Server thread/TRACE] [FML]: Parsed dependency info for roguelike: Requirements: [] After:[] Before:[]
[08:54:49] [Server thread/DEBUG] [FML]: Examining file roughTweaks0.2.4-1.12.2.jar for potential mods
[08:54:49] [Server thread/TRACE] [FML]: Located mcmod.info file in file roughTweaks0.2.4-1.12.2.jar
[08:54:49] [Server thread/DEBUG] [FML]: Identified a mod of type Lnet/minecraftforge/fml/common/Mod; (lellson.roughTweaks.RoughTweaks) - loading
[08:54:49] [Server thread/TRACE] [FML]: Parsed dependency info for roughtweaks: Requirements: [] After:[] Before:[]
[08:54:49] [Server thread/DEBUG] [FML]: Examining file rustic-1.1.7.jar for potential mods
[08:54:49] [Server thread/TRACE] [FML]: Located mcmod.info file in file rustic-1.1.7.jar
[08:54:50] [Server thread/DEBUG] [FML]: Identified a mod of type Lnet/minecraftforge/fml/common/Mod; (rustic.core.Rustic) - loading
[08:54:50] [Server thread/TRACE] [FML]: Parsed dependency info for rustic: Requirements: [] After:[dynamictrees@[1.12.2-0.9.1e,), dynamictreesbop] Before:[dynamictreestc]
[08:54:50] [Server thread/DEBUG] [FML]: Examining file ScalingHealth-1.12.2-1.3.42+147.jar for potential mods
[08:54:50] [Server thread/TRACE] [FML]: Located mcmod.info file in file ScalingHealth-1.12.2-1.3.42+147.jar
[08:54:50] [Server thread/DEBUG] [FML]: Identified a mod of type Lnet/minecraftforge/fml/common/Mod; (net.silentchaos512.scalinghealth.ScalingHealth) - loading
[08:54:50] [Server thread/TRACE] [FML]: Parsed dependency info for scalinghealth: Requirements: [forge@[14.23.5.2779,), silentlib@[3.0.13,)] After:[forge@[14.23.5.2779,), silentlib@[3.0.13,), morpheus] Before:[]
[08:54:50] [Server thread/DEBUG] [FML]: Examining file SereneSeasons-1.12.2-1.2.18-universal.jar for potential mods
[08:54:50] [Server thread/TRACE] [FML]: Located mcmod.info file in file SereneSeasons-1.12.2-1.2.18-universal.jar
[08:54:50] [Server thread/DEBUG] [FML]: Identified a mod of type Lnet/minecraftforge/fml/common/Mod; (sereneseasons.core.SereneSeasons) - loading
[08:54:50] [Server thread/TRACE] [FML]: Parsed dependency info for sereneseasons: Requirements: [forge@[14.23.5.2768,)] After:[forge@[14.23.5.2768,)] Before:[]
[08:54:50] [Server thread/DEBUG] [FML]: Examining file SetBonus-1.12.2.040.jar for potential mods
[08:54:50] [Server thread/TRACE] [FML]: Located mcmod.info file in file SetBonus-1.12.2.040.jar
[08:54:50] [Server thread/DEBUG] [FML]: Identified a mod of type Lnet/minecraftforge/fml/common/Mod; (com.fantasticsource.setbonus.SetBonus) - loading
[08:54:50] [Server thread/TRACE] [FML]: Parsed dependency info for setbonus: Requirements: [fantasticlib@[1.12.2.066,)] After:[fantasticlib@[1.12.2.066,)] Before:[]
[08:54:50] [Server thread/DEBUG] [FML]: Examining file ShieldBreak-1.1.3.jar for potential mods
[08:54:50] [Server thread/TRACE] [FML]: Located mcmod.info file in file ShieldBreak-1.1.3.jar
[08:54:50] [Server thread/DEBUG] [FML]: Identified a mod of type Lnet/minecraftforge/fml/common/Mod; (shieldbreak.core.ShieldBreak) - loading
[08:54:50] [Server thread/TRACE] [FML]: Parsed dependency info for shieldbreak: Requirements: [] After:[] Before:[]
[08:54:50] [Server thread/DEBUG] [FML]: Examining file SilentLib-1.12.2-3.0.14+168.jar for potential mods
[08:54:50] [Server thread/TRACE] [FML]: Located mcmod.info file in file SilentLib-1.12.2-3.0.14+168.jar
[08:54:50] [Server thread/DEBUG] [FML]: Identified a mod of type Lnet/minecraftforge/fml/common/Mod; (net.silentchaos512.lib.SilentLib) - loading
[08:54:50] [Server thread/TRACE] [FML]: Parsed dependency info for silentlib: Requirements: [forge@[14.23.3.2669,)] After:[forge@[14.23.3.2669,)] Before:[]
[08:54:50] [Server thread/DEBUG] [FML]: Examining file SimpleDifficulty-1.12.2-0.3.9.jar for potential mods
[08:54:50] [Server thread/TRACE] [FML]: Located mcmod.info file in file SimpleDifficulty-1.12.2-0.3.9.jar
[08:54:50] [Server thread/DEBUG] [FML]: Identified a mod of type Lnet/minecraftforge/fml/common/Mod; (com.charles445.simpledifficulty.SimpleDifficulty) - loading
[08:54:50] [Server thread/TRACE] [FML]: Parsed dependency info for simpledifficulty: Requirements: [forge@[14.23.5.2859,)] After:[forge@[14.23.5.2859,)] Before:[]
[08:54:50] [Server thread/DEBUG] [FML]: Examining file sit-1.12.2-v1.3.jar for potential mods
[08:54:50] [Server thread/DEBUG] [FML]: The mod container sit-1.12.2-v1.3.jar appears to be missing an mcmod.info file
[08:54:50] [Server thread/DEBUG] [FML]: Identified a mod of type Lnet/minecraftforge/fml/common/Mod; (bl4ckscor3.mod.sit.Sit) - loading
[08:54:50] [Server thread/TRACE] [FML]: Parsed dependency info for sit: Requirements: [] After:[] Before:[]
[08:54:50] [Server thread/DEBUG] [FML]: Examining file SnowRealMagic-1.12.2-0.7.4.jar for potential mods
[08:54:50] [Server thread/TRACE] [FML]: Located mcmod.info file in file SnowRealMagic-1.12.2-0.7.4.jar
[08:54:50] [Server thread/DEBUG] [FML]: Identified a mod of type Lnet/minecraftforge/fml/common/Mod; (snownee.snow.SnowRealMagic) - loading
[08:54:50] [Server thread/TRACE] [FML]: Parsed dependency info for snowrealmagic: Requirements: [] After:[] Before:[]
[08:54:50] [Server thread/DEBUG] [FML]: Examining file SoManyEnchantments-1.0.7-1.12.2.jar for potential mods
[08:54:50] [Server thread/TRACE] [FML]: Located mcmod.info file in file SoManyEnchantments-1.0.7-1.12.2.jar
[08:54:50] [Server thread/DEBUG] [FML]: Identified a mod of type Lnet/minecraftforge/fml/common/Mod; (com.shultrea.rin.SoManyEnchantments) - loading
[08:54:50] [Server thread/TRACE] [FML]: Parsed dependency info for somanyenchantments: Requirements: [fermiumbooter@[1.3.2,)] After:[fermiumbooter@[1.3.2,)] Before:[]
[08:54:50] [Server thread/DEBUG] [FML]: Examining file SoundFilters-0.12.1_for_1.12.jar for potential mods
[08:54:50] [Server thread/TRACE] [FML]: Located mcmod.info file in file SoundFilters-0.12.1_for_1.12.jar
[08:54:50] [Server thread/DEBUG] [FML]: Identified a mod of type Lnet/minecraftforge/fml/common/Mod; (com.tmtravlr.soundfilters.SoundFiltersMod) - loading
[08:54:50] [Server thread/INFO] [FML]: Disabling mod soundfilters it is client side only.
[08:54:50] [Server thread/DEBUG] [FML]: Skipping mod com.tmtravlr.soundfilters.SoundFiltersMod, container opted to not load.
[08:54:50] [Server thread/DEBUG] [FML]: Examining file spark-unforged-1.11.140-forge.jar for potential mods
[08:54:50] [Server thread/TRACE] [FML]: Located mcmod.info file in file spark-unforged-1.11.140-forge.jar
[08:54:50] [Server thread/DEBUG] [FML]: Identified a mod of type Lnet/minecraftforge/fml/common/Mod; (me.lucko.spark.forge.ForgeSparkMod) - loading
[08:54:50] [Server thread/TRACE] [FML]: Parsed dependency info for spark: Requirements: [] After:[] Before:[]
[08:54:50] [Server thread/DEBUG] [FML]: Examining file spartandefiled-1.12.2-1.2.jar for potential mods
[08:54:50] [Server thread/TRACE] [FML]: Located mcmod.info file in file spartandefiled-1.12.2-1.2.jar
[08:54:50] [Server thread/DEBUG] [FML]: Identified a mod of type Lnet/minecraftforge/fml/common/Mod; (fr.samlegamer.spartandefiled.SpartanDefiled) - loading
[08:54:50] [Server thread/TRACE] [FML]: Parsed dependency info for spartandefiled: Requirements: [] After:[] Before:[]
[08:54:50] [Server thread/DEBUG] [FML]: Examining file spartanfire_rlcraft-1.3.3.jar for potential mods
[08:54:50] [Server thread/TRACE] [FML]: Located mcmod.info file in file spartanfire_rlcraft-1.3.3.jar
[08:54:50] [Server thread/DEBUG] [FML]: Identified a mod of type Lnet/minecraftforge/fml/common/Mod; (com.chaosbuffalo.spartanfire.SpartanFire) - loading
[08:54:50] [Server thread/TRACE] [FML]: Parsed dependency info for spartanfire: Requirements: [iceandfire, spartanweaponry@[1.6.0,), llibrary@[1.7.19,)] After:[iceandfire, spartanweaponry@[1.6.0,), llibrary@[1.7.19,)] Before:[]
[08:54:50] [Server thread/DEBUG] [FML]: Examining file SpartanHUDBaubles-1.12.2-1.0.0.jar for potential mods
[08:54:50] [Server thread/TRACE] [FML]: Located mcmod.info file in file SpartanHUDBaubles-1.12.2-1.0.0.jar
[08:54:50] [Server thread/DEBUG] [FML]: Identified a mod of type Lnet/minecraftforge/fml/common/Mod; (com.oblivioussp.spartanhudbaubles.ModSpartanHUDBaubles) - loading
[08:54:50] [Server thread/INFO] [FML]: Disabling mod spartanhudbaubles it is client side only.
[08:54:50] [Server thread/DEBUG] [FML]: Skipping mod com.oblivioussp.spartanhudbaubles.ModSpartanHUDBaubles, container opted to not load.
[08:54:50] [Server thread/DEBUG] [FML]: Examining file SpartanShields-1.12.2-1.5.5.jar for potential mods
[08:54:50] [Server thread/TRACE] [FML]: Located mcmod.info file in file SpartanShields-1.12.2-1.5.5.jar
[08:54:50] [Server thread/DEBUG] [FML]: Identified a mod of type Lnet/minecraftforge/fml/common/Mod; (com.oblivioussp.spartanshields.ModSpartanShields) - loading
[08:54:50] [Server thread/TRACE] [FML]: Parsed dependency info for spartanshields: Requirements: [] After:[redstoneflux, enderio, rftools, botania, redstonearsenal, abyssalcraft, betterwithmods, thaumcraft] Before:[]
[08:54:50] [Server thread/DEBUG] [FML]: Examining file SpartanWeaponry-1.12.2-1.6.1.jar for potential mods
[08:54:50] [Server thread/TRACE] [FML]: Located mcmod.info file in file SpartanWeaponry-1.12.2-1.6.1.jar
[08:54:50] [Server thread/DEBUG] [FML]: Identified a mod of type Lnet/minecraftforge/fml/common/Mod; (com.oblivioussp.spartanweaponry.ModSpartanWeaponry) - loading
[08:54:50] [Server thread/TRACE] [FML]: Parsed dependency info for spartanweaponry: Requirements: [] After:[xat@[0.31,), bettercombatmod@[2.0.5,), somanyenchantments@[1.0.0,)] Before:[]
[08:54:50] [Server thread/DEBUG] [FML]: Examining file SpawnerControl-1.6.3b.jar for potential mods
[08:54:50] [Server thread/TRACE] [FML]: Located mcmod.info file in file SpawnerControl-1.6.3b.jar
[08:54:50] [Server thread/DEBUG] [FML]: Identified a mod of type Lnet/minecraftforge/fml/common/Mod; (ladysnake.spawnercontrol.SpawnerControl) - loading
[08:54:50] [Server thread/TRACE] [FML]: Parsed dependency info for spawnercontrol: Requirements: [forge@[14.23.2.2596,)] After:[forge@[14.23.2.2596,)] Before:[]
[08:54:50] [Server thread/DEBUG] [FML]: Examining file SRParasites-1.12.2v1.9.21.jar for potential mods
[08:54:50] [Server thread/TRACE] [FML]: Located mcmod.info file in file SRParasites-1.12.2v1.9.21.jar
[08:54:50] [Server Shutdown Thread/INFO] [net.minecraft.server.MinecraftServer]: Stopping server
[08:54:50] [Server Shutdown Thread/INFO] [net.minecraft.server.MinecraftServer]: Saving worlds
