[08:54:33] [main/INFO] [LaunchWrapper]: Loading tweak class name net.minecraftforge.fml.common.launcher.FMLServerTweaker
[08:54:33] [main/INFO] [LaunchWrapper]: Using primary tweak class name net.minecraftforge.fml.common.launcher.FMLServerTweaker
[08:54:33] [main/INFO] [LaunchWrapper]: Calling tweak class net.minecraftforge.fml.common.launcher.FMLServerTweaker
[08:54:33] [main/INFO] [FML]: Forge Mod Loader version 14.23.5.2860 for Minecraft 1.12.2 loading
[08:54:33] [main/INFO] [FML]: Java is OpenJDK 64-Bit Server VM, version 1.8.0_492, running on Linux:amd64:6.12.86+deb13-cloud-amd64, installed at /usr/lib/jvm/temurin-8-jdk-amd64/jre
[08:54:34] [main/ERROR] [FML]: Unable to read the jar file DregoraRL-3.5.jar - ignoring
java.util.zip.ZipException: error in opening zip file
	at java.util.zip.ZipFile.open(Native Method) ~[?:1.8.0_492]
	at java.util.zip.ZipFile.<init>(ZipFile.java:231) ~[?:1.8.0_492]
	at java.util.zip.ZipFile.<init>(ZipFile.java:157) ~[?:1.8.0_492]
	at java.util.jar.JarFile.<init>(JarFile.java:169) ~[?:1.8.0_492]
	at java.util.jar.JarFile.<init>(JarFile.java:133) ~[?:1.8.0_492]
	at net.minecraftforge.fml.relauncher.libraries.LibraryManager.extractPacked(LibraryManager.java:200) [forge-1.12.2-14.23.5.2860.jar:?]
	at net.minecraftforge.fml.relauncher.libraries.LibraryManager.cleanDirectory(LibraryManager.java:169) [forge-1.12.2-14.23.5.2860.jar:?]
	at net.minecraftforge.fml.relauncher.libraries.LibraryManager.setup(LibraryManager.java:97) [forge-1.12.2-14.23.5.2860.jar:?]
	at net.minecraftforge.fml.relauncher.FMLLaunchHandler.setupHome(FMLLaunchHandler.java:106) [forge-1.12.2-14.23.5.2860.jar:?]
	at net.minecraftforge.fml.relauncher.FMLLaunchHandler.setupServer(FMLLaunchHandler.java:87) [forge-1.12.2-14.23.5.2860.jar:?]
	at net.minecraftforge.fml.relauncher.FMLLaunchHandler.configureForServerLaunch(FMLLaunchHandler.java:47) [forge-1.12.2-14.23.5.2860.jar:?]
	at net.minecraftforge.fml.common.launcher.FMLServerTweaker.injectIntoClassLoader(FMLServerTweaker.java:62) [forge-1.12.2-14.23.5.2860.jar:?]
	at net.minecraft.launchwrapper.Launch.launch(Launch.java:115) [launchwrapper-1.12.jar:?]
	at net.minecraft.launchwrapper.Launch.main(Launch.java:28) [launchwrapper-1.12.jar:?]
	at sun.reflect.NativeMethodAccessorImpl.invoke0(Native Method) ~[?:1.8.0_492]
	at sun.reflect.NativeMethodAccessorImpl.invoke(NativeMethodAccessorImpl.java:62) ~[?:1.8.0_492]
	at sun.reflect.DelegatingMethodAccessorImpl.invoke(DelegatingMethodAccessorImpl.java:43) ~[?:1.8.0_492]
	at java.lang.reflect.Method.invoke(Method.java:498) ~[?:1.8.0_492]
	at net.minecraftforge.fml.relauncher.ServerLaunchWrapper.run(ServerLaunchWrapper.java:70) [forge-1.12.2-14.23.5.2860.jar:?]
	at net.minecraftforge.fml.relauncher.ServerLaunchWrapper.main(ServerLaunchWrapper.java:34) [forge-1.12.2-14.23.5.2860.jar:?]
[08:54:34] [main/INFO] [FML]: Searching /home/Minecraft/rlcraft-server/./mods for mods
[08:54:34] [main/INFO] [FML]: Searching /home/Minecraft/rlcraft-server/./mods/1.12.2 for mods
[08:54:34] [main/INFO] [FML]: Loading tweaker net.jan.moddirector.launchwrapper.ModDirectorTweaker from !mod-director-launchwrapper-1.9.1.jar
[08:54:34] [main/INFO] [FML]: Loading tweaker org.spongepowered.asm.launch.MixinTweaker from `FermiumBooter-1.3.2.jar
[08:54:34] [main/INFO] [FML]: Loading tweaker org.spongepowered.asm.launch.MixinTweaker from Amphithere Mod-1.0.2.jar
[08:54:34] [main/INFO] [FML]: Loading tweaker org.spongepowered.asm.launch.MixinTweaker from AntiqueAtlasAutoMarker-1.4.2.2.jar
[08:54:34] [main/WARN] [FML]: Found FMLCorePluginContainsFMLMod marker in Baubley-Elytra-v1.3.3-mc1.12.2.jar. This is not recommended, @Mods should be in a separate jar from the coremod.
[08:54:34] [main/WARN] [FML]: The coremod Baubley Elytra Plugin (git.jbredwards.baubleye.BaubleyElytra) is not signed!
[08:54:34] [main/INFO] [FML]: Loading tweaker org.spongepowered.asm.launch.MixinTweaker from BedBreakBegone-1.0.2.jar
[08:54:34] [main/WARN] [FML]: Found FMLCorePluginContainsFMLMod marker in betterbiomeblend-1.12.2-1.1.7-forge.jar. This is not recommended, @Mods should be in a separate jar from the coremod.
[08:54:34] [main/WARN] [FML]: The coremod Better Biome Blend (fionathemortal.betterbiomeblend.core.CoreMod) is not signed!
[08:54:34] [main/INFO] [FML]: Loading tweaker org.spongepowered.asm.launch.MixinTweaker from BHMenu-Forge-1.12.2-2.4.5.jar
[08:54:34] [main/WARN] [FML]: Found FMLCorePluginContainsFMLMod marker in Bloodmoon-MC1.12.2-1.5.3.jar. This is not recommended, @Mods should be in a separate jar from the coremod.
[08:54:34] [main/WARN] [FML]: The coremod lumien.bloodmoon.asm.LoadingPlugin does not have a MCVersion annotation, it may cause issues with this version of Minecraft
[08:54:34] [main/INFO] [FML]: Loading tweaker org.spongepowered.asm.launch.MixinTweaker from BoatDeleteBegone-1.1.2.jar
[08:54:34] [main/WARN] [FML]: Found FMLCorePluginContainsFMLMod marker in Born In A Barn 1.8-1.12-1.2.jar. This is not recommended, @Mods should be in a separate jar from the coremod.
[08:54:34] [main/WARN] [FML]: The coremod com.chocohead.biab.BornInABarn does not have a MCVersion annotation, it may cause issues with this version of Minecraft
[08:54:34] [main/WARN] [FML]: The coremod Born in a Barn (com.chocohead.biab.BornInABarn) is not signed!
[08:54:34] [main/INFO] [FML]: Loading tweaker org.spongepowered.asm.launch.MixinTweaker from Bounceable-1.0.1.jar
[08:54:34] [main/WARN] [FML]: Found FMLCorePluginContainsFMLMod marker in Charm-1.12.2-1.4.1.jar. This is not recommended, @Mods should be in a separate jar from the coremod.
[08:54:34] [main/WARN] [FML]: The coremod svenhjol.charm.base.CharmLoadingPlugin does not have a MCVersion annotation, it may cause issues with this version of Minecraft
[08:54:34] [main/WARN] [FML]: The coremod CharmLoadingPlugin (svenhjol.charm.base.CharmLoadingPlugin) is not signed!
[08:54:34] [main/WARN] [FML]: Found FMLCorePluginContainsFMLMod marker in ChunkAnimator-1.12.2-1.2.1.jar. This is not recommended, @Mods should be in a separate jar from the coremod.
[08:54:34] [main/WARN] [FML]: The coremod lumien.chunkanimator.asm.LoadingPlugin does not have a MCVersion annotation, it may cause issues with this version of Minecraft
[08:54:34] [main/WARN] [FML]: The coremod LoadingPlugin (lumien.chunkanimator.asm.LoadingPlugin) is not signed!
[08:54:34] [main/WARN] [FML]: Found FMLCorePluginContainsFMLMod marker in ContentCreator-1.3.7-fix2.jar. This is not recommended, @Mods should be in a separate jar from the coremod.
[08:54:34] [main/WARN] [FML]: The coremod Content Creator (surreal.contentcreator.core.CCLoadingPlugin) is not signed!
[08:54:34] [main/WARN] [FML]: Found FMLCorePluginContainsFMLMod marker in CreativeCore_v1.10.71_mc1.12.2.jar. This is not recommended, @Mods should be in a separate jar from the coremod.
[08:54:34] [main/WARN] [FML]: The coremod com.creativemd.creativecore.core.CreativePatchingLoader does not have a MCVersion annotation, it may cause issues with this version of Minecraft
[08:54:34] [main/WARN] [FML]: The coremod CreativePatchingLoader (com.creativemd.creativecore.core.CreativePatchingLoader) is not signed!
[08:54:34] [main/ERROR] [FML]: Unable to read the jar file DregoraRL-3.5.jar - ignoring
java.util.zip.ZipException: error in opening zip file
	at java.util.zip.ZipFile.open(Native Method) ~[?:1.8.0_492]
	at java.util.zip.ZipFile.<init>(ZipFile.java:231) ~[?:1.8.0_492]
	at java.util.zip.ZipFile.<init>(ZipFile.java:157) ~[?:1.8.0_492]
	at java.util.jar.JarFile.<init>(JarFile.java:169) ~[?:1.8.0_492]
	at java.util.jar.JarFile.<init>(JarFile.java:133) ~[?:1.8.0_492]
	at net.minecraftforge.fml.relauncher.CoreModManager.discoverCoreMods(CoreModManager.java:366) [forge-1.12.2-14.23.5.2860.jar:?]
	at net.minecraftforge.fml.relauncher.CoreModManager.handleLaunch(CoreModManager.java:265) [forge-1.12.2-14.23.5.2860.jar:?]
	at net.minecraftforge.fml.relauncher.FMLLaunchHandler.setupHome(FMLLaunchHandler.java:107) [forge-1.12.2-14.23.5.2860.jar:?]
	at net.minecraftforge.fml.relauncher.FMLLaunchHandler.setupServer(FMLLaunchHandler.java:87) [forge-1.12.2-14.23.5.2860.jar:?]
	at net.minecraftforge.fml.relauncher.FMLLaunchHandler.configureForServerLaunch(FMLLaunchHandler.java:47) [forge-1.12.2-14.23.5.2860.jar:?]
	at net.minecraftforge.fml.common.launcher.FMLServerTweaker.injectIntoClassLoader(FMLServerTweaker.java:62) [forge-1.12.2-14.23.5.2860.jar:?]
	at net.minecraft.launchwrapper.Launch.launch(Launch.java:115) [launchwrapper-1.12.jar:?]
	at net.minecraft.launchwrapper.Launch.main(Launch.java:28) [launchwrapper-1.12.jar:?]
	at sun.reflect.NativeMethodAccessorImpl.invoke0(Native Method) ~[?:1.8.0_492]
	at sun.reflect.NativeMethodAccessorImpl.invoke(NativeMethodAccessorImpl.java:62) ~[?:1.8.0_492]
	at sun.reflect.DelegatingMethodAccessorImpl.invoke(DelegatingMethodAccessorImpl.java:43) ~[?:1.8.0_492]
	at java.lang.reflect.Method.invoke(Method.java:498) ~[?:1.8.0_492]
	at net.minecraftforge.fml.relauncher.ServerLaunchWrapper.run(ServerLaunchWrapper.java:70) [forge-1.12.2-14.23.5.2860.jar:?]
	at net.minecraftforge.fml.relauncher.ServerLaunchWrapper.main(ServerLaunchWrapper.java:34) [forge-1.12.2-14.23.5.2860.jar:?]
[08:54:34] [main/INFO] [FML]: Loading tweaker org.spongepowered.asm.launch.MixinTweaker from DynamicSurroundings-1.12.2-3.6.2.1.jar
[08:54:34] [main/INFO] [FML]: Loading tweaker org.spongepowered.asm.launch.MixinTweaker from EagleMixins-1.1.7.jar
[08:54:34] [main/INFO] [FML]: Loading tweaker org.spongepowered.asm.launch.MixinTweaker from EditableEdibles-1.3.3.jar
[08:54:34] [main/INFO] [FML]: Loading tweaker org.spongepowered.asm.launch.MixinTweaker from fancymenu_forge_2.14.9_MC_1.12-1.12.2.jar
[08:54:34] [main/WARN] [FML]: Found FMLCorePluginContainsFMLMod marker in fermiumasm-5.28.jar. This is not recommended, @Mods should be in a separate jar from the coremod.
[08:54:34] [main/WARN] [FML]: The coremod FermiumASM (mirror.normalasm.core.NormalLoadingPlugin) is not signed!
[08:54:34] [main/INFO] [FermiumASM]: FermiumASM is on the server-side.
[08:54:34] [main/INFO] [FermiumASM]: FermiumASM is preparing and loading in mixins
[08:54:34] [main/WARN] [FermiumASM]: Replacing CA Certs with an updated one...
[08:54:34] [main/WARN] [FermiumASM]: Detaching FMLSecurityManager.
[08:54:34] [main/INFO] [FermiumASM]: Initializing StacktraceDeobfuscator...
[08:54:34] [main/INFO] [FermiumASM]: Found MCP stable-39 method mappings: methods-stable_39.csv
[08:54:34] [main/INFO] [FermiumASM]: Initialized StacktraceDeobfuscator.
[08:54:34] [main/INFO] [FermiumASM]: Installing DeobfuscatingRewritePolicy...
[08:54:34] [main/INFO] [FermiumASM]: Installed DeobfuscatingRewritePolicy.
[08:54:34] [main/INFO] [FermiumASM]: FermiumASM enqueueing early mixins
[08:54:34] [main/INFO] [FermiumRegistryAPI]: FermiumRegistryAPI supplied "mixins.devenv.json" for early mixin enqueue, adding.
[08:54:34] [main/INFO] [FermiumRegistryAPI]: FermiumRegistryAPI supplied "mixins.internal.json" for early mixin enqueue, adding.
[08:54:34] [main/INFO] [FermiumRegistryAPI]: FermiumRegistryAPI supplied "mixins.vanities.json" for early mixin enqueue, adding.
[08:54:34] [main/INFO] [FermiumRegistryAPI]: FermiumRegistryAPI supplied "mixins.registries.json" for early mixin enqueue, adding.
[08:54:34] [main/INFO] [FermiumRegistryAPI]: FermiumRegistryAPI supplied "mixins.stripitemstack.json" for early mixin enqueue, adding.
[08:54:34] [main/INFO] [FermiumRegistryAPI]: FermiumRegistryAPI supplied "mixins.lockcode.json" for early mixin enqueue, adding.
[08:54:34] [main/INFO] [FermiumRegistryAPI]: FermiumRegistryAPI supplied "mixins.recipes.json" for early mixin enqueue, adding.
[08:54:34] [main/INFO] [FermiumRegistryAPI]: FermiumRegistryAPI supplied "mixins.misc_fluidregistry.json" for early mixin enqueue, adding.
[08:54:34] [main/INFO] [FermiumRegistryAPI]: FermiumRegistryAPI supplied "mixins.forgefixes.json" for early mixin enqueue, adding.
[08:54:34] [main/INFO] [FermiumRegistryAPI]: FermiumRegistryAPI supplied "mixins.capability.json" for early mixin enqueue, adding.
[08:54:34] [main/INFO] [FermiumRegistryAPI]: FermiumRegistryAPI supplied "mixins.singletonevents.json" for early mixin enqueue, adding.
[08:54:34] [main/INFO] [FermiumRegistryAPI]: FermiumRegistryAPI supplied "mixins.efficienthashing.json" for early mixin enqueue, adding.
[08:54:34] [main/INFO] [FermiumRegistryAPI]: FermiumRegistryAPI supplied "mixins.crashes.json" for early mixin enqueue, adding.
[08:54:34] [main/INFO] [FermiumRegistryAPI]: FermiumRegistryAPI supplied "mixins.fix_mc129057.json" for early mixin enqueue, adding.
[08:54:34] [main/INFO] [FermiumRegistryAPI]: FermiumRegistryAPI supplied "mixins.priorities.json" for early mixin enqueue, adding.
[08:54:34] [main/INFO] [FermiumRegistryAPI]: FermiumRegistryAPI supplied "mixins.bucket.json" for early mixin enqueue, adding.
[08:54:34] [main/INFO] [FermiumRegistryAPI]: FermiumRegistryAPI supplied "mixins.rendering.json" for early mixin enqueue, adding.
[08:54:34] [main/INFO] [FermiumRegistryAPI]: FermiumRegistryAPI supplied "mixins.datastructures_modelmanager.json" for early mixin enqueue, adding.
[08:54:34] [main/INFO] [FermiumRegistryAPI]: FermiumRegistryAPI supplied "mixins.screenshot.json" for early mixin enqueue, adding.
[08:54:34] [main/INFO] [FermiumRegistryAPI]: FermiumRegistryAPI supplied "mixins.ondemand_sprites.json" for early mixin enqueue, adding.
[08:54:34] [main/INFO] [FermiumRegistryAPI]: FermiumRegistryAPI supplied "mixins.searchtree_vanilla.json" for early mixin enqueue, adding.
[08:54:34] [main/INFO] [FermiumRegistryAPI]: FermiumRegistryAPI supplied "mixins.resolve_mc2071.json" for early mixin enqueue, adding.
[08:54:34] [main/INFO] [FermiumRegistryAPI]: FermiumRegistryAPI supplied "mixins.fix_mc_skindownloading.json" for early mixin enqueue, adding.
[08:54:34] [main/INFO] [FermiumRegistryAPI]: FermiumRegistryAPI supplied "mixins.fix_mc186052.json" for early mixin enqueue, adding.
[08:54:34] [main/INFO] [FermiumRegistryAPI]: FermiumRegistryAPI supplied "mixins.vfix_bugfixes.json" for early mixin enqueue, adding.
[08:54:34] [main/INFO] [FermiumASM]: FermiumASM enqueueing late mixins
[08:54:34] [main/INFO] [FermiumRegistryAPI]: FermiumRegistryAPI supplied "mixins.bakedquadsquasher.json" for late mixin enqueue, adding.
[08:54:34] [main/INFO] [FermiumRegistryAPI]: FermiumRegistryAPI supplied "mixins.modfixes_immersiveengineering.json" for late mixin enqueue, adding.
[08:54:34] [main/INFO] [FermiumRegistryAPI]: FermiumRegistryAPI supplied "mixins.modfixes_evilcraftcompat.json" for late mixin enqueue, adding.
[08:54:34] [main/INFO] [FermiumRegistryAPI]: FermiumRegistryAPI supplied "mixins.modfixes_ebwizardry.json" for late mixin enqueue, adding.
[08:54:34] [main/INFO] [FermiumRegistryAPI]: FermiumRegistryAPI supplied "mixins.modfixes_xu2.json" for late mixin enqueue, adding.
[08:54:34] [main/INFO] [FermiumRegistryAPI]: FermiumRegistryAPI supplied "mixins.searchtree_mod.json" for late mixin enqueue, adding.
[08:54:34] [main/INFO] [FermiumRegistryAPI]: FermiumRegistryAPI supplied "mixins.modfixes_astralsorcery.json" for late mixin enqueue, adding.
[08:54:34] [main/INFO] [FermiumRegistryAPI]: FermiumRegistryAPI supplied "mixins.capability_astralsorcery.json" for late mixin enqueue, adding.
[08:54:34] [main/INFO] [FermiumRegistryAPI]: FermiumRegistryAPI supplied "mixins.modfixes_b3m.json" for late mixin enqueue, adding.
[08:54:34] [main/INFO] [FermiumRegistryAPI]: FermiumRegistryAPI supplied "mixins.modfixes_railcraft.json" for late mixin enqueue, adding.
[08:54:34] [main/INFO] [FermiumRegistryAPI]: FermiumRegistryAPI supplied "mixins.modfixes_disable_broken_particles.json" for late mixin enqueue, adding.
[08:54:34] [main/INFO] [FermiumASM]: FermiumASM finished mixin enqueue
[08:54:34] [main/INFO] [FML]: Loading tweaker org.spongepowered.asm.launch.MixinTweaker from FermiumMixins-1.0.9.jar
[08:54:34] [main/WARN] [FML]: Found FMLCorePluginContainsFMLMod marker in foamfix-0.10.15-1.12.2.jar. This is not recommended, @Mods should be in a separate jar from the coremod.
[08:54:34] [main/WARN] [FML]: The coremod pl.asie.foamfix.coremod.FoamFixCore does not have a MCVersion annotation, it may cause issues with this version of Minecraft
[08:54:34] [main/WARN] [FML]: The coremod Do not report to Forge! (If you haven't disabled the FoamFix coremod, try disabling it in the config! Note that this bit of text will still appear.) (pl.asie.foamfix.coremod.FoamFixCore) is not signed!
[08:54:34] [main/WARN] [FML]: Found FMLCorePluginContainsFMLMod marker in ForgeEndertech-1.12.2-4.5.6.1-build.0648.jar. This is not recommended, @Mods should be in a separate jar from the coremod.
[08:54:34] [main/WARN] [FML]: The coremod com.endertech.minecraft.forge.coremod.CorePlugin does not have a MCVersion annotation, it may cause issues with this version of Minecraft
[08:54:34] [main/WARN] [FML]: The coremod CorePlugin (com.endertech.minecraft.forge.coremod.CorePlugin) is not signed!
[08:54:34] [main/WARN] [FML]: Found FMLCorePluginContainsFMLMod marker in Forgelin-1.8.4.jar. This is not recommended, @Mods should be in a separate jar from the coremod.
[08:54:34] [main/WARN] [FML]: The coremod net.shadowfacts.forgelin.preloader.ForgelinPlugin does not have a MCVersion annotation, it may cause issues with this version of Minecraft
[08:54:34] [main/WARN] [FML]: The coremod ForgelinPlugin (net.shadowfacts.forgelin.preloader.ForgelinPlugin) is not signed!
[08:54:34] [main/INFO] [FML]: Loading tweaker org.spongepowered.asm.launch.MixinTweaker from framevoidpatch-1.0.0.jar
[08:54:34] [main/INFO] [FML]: Loading tweaker org.spongepowered.asm.launch.MixinTweaker from FurnaceXPStorage-1.1.4.jar
[08:54:34] [main/WARN] [FML]: Found FMLCorePluginContainsFMLMod marker in Ice and Fire-2.0.9.jar. This is not recommended, @Mods should be in a separate jar from the coremod.
[08:54:34] [main/WARN] [FML]: The coremod IceAndFirePlugin (com.github.alexthe666.iceandfire.asm.IceAndFirePlugin) is not signed!
[08:54:34] [main/WARN] [FML]: Found FMLCorePluginContainsFMLMod marker in InventoryTweaks-1.64+dev.151.jar. This is not recommended, @Mods should be in a separate jar from the coremod.
[08:54:34] [main/WARN] [FML]: The coremod invtweaks.forge.asm.FMLPlugin does not have a MCVersion annotation, it may cause issues with this version of Minecraft
[08:54:34] [main/WARN] [FML]: The coremod com.creativemd.itemphysic.ItemPatchingLoader does not have a MCVersion annotation, it may cause issues with this version of Minecraft
[08:54:34] [main/WARN] [FML]: The coremod ItemPatchingLoader (com.creativemd.itemphysic.ItemPatchingLoader) is not signed!
[08:54:34] [main/WARN] [FML]: The coremod ivorius.ivtoolkit.IvToolkitLoadingPlugin does not have a MCVersion annotation, it may cause issues with this version of Minecraft
[08:54:34] [main/WARN] [FML]: The coremod IvToolkit (ivorius.ivtoolkit.IvToolkitLoadingPlugin) is not signed!
[08:54:34] [main/WARN] [FML]: Found FMLCorePluginContainsFMLMod marker in JSON-Paintings-v1.4.0-mc1.12.2.jar. This is not recommended, @Mods should be in a separate jar from the coremod.
[08:54:34] [main/WARN] [FML]: The coremod JSON Paintings Plugin (git.jbredwards.jsonpaintings.mod.asm.ASMHandler) is not signed!
[08:54:34] [main/INFO] [FML]: Loading tweaker org.spongepowered.asm.launch.MixinTweaker from konkrete_forge_1.6.1_MC_1.12-1.12.2.jar
[08:54:34] [main/WARN] [FML]: Found FMLCorePluginContainsFMLMod marker in librarianlib-1.12.2-4.22.jar. This is not recommended, @Mods should be in a separate jar from the coremod.
[08:54:34] [main/WARN] [FML]: The coremod com.teamwizardry.librarianlib.asm.LibLibCorePlugin does not have a MCVersion annotation, it may cause issues with this version of Minecraft
[08:54:34] [main/WARN] [FML]: The coremod LibrarianLib Plugin (com.teamwizardry.librarianlib.asm.LibLibCorePlugin) is not signed!
[08:54:34] [main/INFO] [FML]: Loading tweaker org.spongepowered.asm.launch.MixinTweaker from Localizator-1.12.2-1.0.14.jar
[08:54:34] [main/INFO] [FML]: Loading tweaker org.spongepowered.asm.launch.MixinTweaker from Locks-1.12.2-3.0.0.jar
[08:54:34] [main/INFO] [FML]: Loading tweaker org.spongepowered.asm.launch.MixinTweaker from MaterialTweaker-1.1.1.jar
[08:54:34] [main/WARN] [FML]: Found FMLCorePluginContainsFMLMod marker in MultiMine-1.12.2.jar. This is not recommended, @Mods should be in a separate jar from the coremod.
[08:54:34] [main/WARN] [FML]: The coremod atomicstryker.multimine.common.fmlmagic.MMFMLCorePlugin does not have a MCVersion annotation, it may cause issues with this version of Minecraft
[08:54:34] [main/WARN] [FML]: The coremod MMFMLCorePlugin (atomicstryker.multimine.common.fmlmagic.MMFMLCorePlugin) is not signed!
[08:54:34] [main/INFO] [FML]: Loading tweaker org.spongepowered.asm.launch.MixinTweaker from NoiseThreader-1.1.1.jar
[08:54:34] [main/INFO] [FML]: Loading tweaker org.spongepowered.asm.launch.MixinTweaker from OptifineCITPatch-1.0.4.jar
[08:54:34] [main/WARN] [FML]: The coremod OTGCorePlugin (com.pg85.otg.forge.asm.excluded.launch.OTGCorePlugin) is not signed!
[08:54:34] [main/INFO] [FML]: Loading tweaker org.spongepowered.asm.launch.MixinTweaker from particleculling-1.12.2-v1.4.3.jar
[08:54:34] [main/WARN] [FML]: Found FMLCorePluginContainsFMLMod marker in PhosphorCrashFix-1.12.2-1.0.0.jar. This is not recommended, @Mods should be in a separate jar from the coremod.
[08:54:34] [main/WARN] [FML]: The coremod PCF Core Mod (nathan.phosphorcrashfix.core.PCFCoreMod) is not signed!
[08:54:34] [main/WARN] [FML]: Found FMLCorePluginContainsFMLMod marker in Quark-r1.6-179.jar. This is not recommended, @Mods should be in a separate jar from the coremod.
[08:54:34] [main/WARN] [FML]: The coremod Quark Plugin (vazkii.quark.base.asm.LoadingPlugin) is not signed!
[08:54:34] [main/WARN] [FML]: Found FMLCorePluginContainsFMLMod marker in ReachFix-1.12.2-1.1.3.jar. This is not recommended, @Mods should be in a separate jar from the coremod.
[08:54:34] [main/WARN] [FML]: The coremod ReachFixPlugin (meldexun.reachfix.asm.ReachFixPlugin) is not signed!
[08:54:34] [main/WARN] [FML]: The coremod RBLoadingPlugin (pw.prok.realbench.asm.RBLoadingPlugin) is not signed!
[08:54:34] [main/WARN] [FML]: Found FMLCorePluginContainsFMLMod marker in Reskillable-1.12.2-1.13.0.jar. This is not recommended, @Mods should be in a separate jar from the coremod.
[08:54:34] [main/WARN] [FML]: The coremod codersafterdark.reskillable.base.asm.LoadingPlugin does not have a MCVersion annotation, it may cause issues with this version of Minecraft
[08:54:34] [main/WARN] [FML]: The coremod LoadingPlugin (codersafterdark.reskillable.base.asm.LoadingPlugin) is not signed!
[08:54:34] [main/WARN] [FML]: Found FMLCorePluginContainsFMLMod marker in ResourceLoader-MC1.12.1-1.5.3.jar. This is not recommended, @Mods should be in a separate jar from the coremod.
[08:54:34] [main/WARN] [FML]: The coremod lumien.resourceloader.asm.LoadingPlugin does not have a MCVersion annotation, it may cause issues with this version of Minecraft
[08:54:34] [main/INFO] [FML]: Loading tweaker org.spongepowered.asm.launch.MixinTweaker from RLCombat-1.12.2-2.2.4.jar
[08:54:34] [main/INFO] [FML]: Loading tweaker org.spongepowered.asm.launch.MixinTweaker from RLCraftLuckified-1.1.1.jar
[08:54:34] [main/WARN] [FML]: Found FMLCorePluginContainsFMLMod marker in RLFoliage-MC1.12-2.4.2.jar. This is not recommended, @Mods should be in a separate jar from the coremod.
[08:54:34] [main/WARN] [FML]: The coremod BetterFoliageLoader (mods.betterfoliage.loader.BetterFoliageLoader) is not signed!
[08:54:34] [main/INFO] [FML]: Loading tweaker org.spongepowered.asm.launch.MixinTweaker from RLMixins-1.4.6.jar
[08:54:34] [main/WARN] [FML]: Found FMLCorePluginContainsFMLMod marker in RLTweaker-1.12.2-0.7.5.jar. This is not recommended, @Mods should be in a separate jar from the coremod.
[08:54:34] [main/WARN] [FML]: The coremod RLTweaker ASM (com.charles445.rltweaker.asm.RLTweakerPlugin) is not signed!
[08:54:34] [main/WARN] [FML]: Found FMLCorePluginContainsFMLMod marker in SereneSeasons-1.12.2-1.2.18-universal.jar. This is not recommended, @Mods should be in a separate jar from the coremod.
[08:54:34] [main/WARN] [FML]: The coremod sereneseasons.asm.SSLoadingPlugin does not have a MCVersion annotation, it may cause issues with this version of Minecraft
[08:54:34] [main/WARN] [FML]: The coremod SSLoadingPlugin (sereneseasons.asm.SSLoadingPlugin) is not signed!
[08:54:34] [main/WARN] [FML]: Found FMLCorePluginContainsFMLMod marker in SimpleDifficulty-1.12.2-0.3.9.jar. This is not recommended, @Mods should be in a separate jar from the coremod.
[08:54:34] [main/WARN] [FML]: The coremod com.charles445.simpledifficulty.asm.CoreLoader does not have a MCVersion annotation, it may cause issues with this version of Minecraft
[08:54:34] [main/WARN] [FML]: The coremod SimpleDifficulty ASM (com.charles445.simpledifficulty.asm.CoreLoader) is not signed!
[08:54:34] [main/INFO] [FML]: Loading tweaker org.spongepowered.asm.launch.MixinTweaker from SnowRealMagic-1.12.2-0.7.4.jar
[08:54:34] [main/INFO] [FML]: Loading tweaker org.spongepowered.asm.launch.MixinTweaker from SoManyEnchantments-1.0.7-1.12.2.jar
[08:54:34] [main/INFO] [FML]: Loading tweaker org.spongepowered.asm.launch.MixinTweaker from spark-unforged-1.11.140-forge.jar
[08:54:34] [main/INFO] [FML]: Loading tweaker org.spongepowered.asm.launch.MixinTweaker from SpartanWeaponry-1.12.2-1.6.1.jar
[08:54:34] [main/INFO] [FML]: Loading tweaker org.spongepowered.asm.launch.MixinTweaker from SRPMixins-2.9.1.1.jar
[08:54:34] [main/INFO] [FML]: Loading tweaker org.spongepowered.asm.launch.MixinTweaker from Surge-1.12.2-2.0.79.jar
[08:54:34] [main/WARN] [FML]: Found FMLCorePluginContainsFMLMod marker in tnt_utilities-mc1.12-1.2.3.jar. This is not recommended, @Mods should be in a separate jar from the coremod.
[08:54:34] [main/WARN] [FML]: The coremod ljfa.tntutils.asm.TntuPlugin does not have a MCVersion annotation, it may cause issues with this version of Minecraft
[08:54:34] [main/INFO] [FML]: Loading tweaker org.spongepowered.asm.launch.MixinTweaker from VCFix-1.0.1.jar
[08:54:34] [main/WARN] [FML]: Found FMLCorePluginContainsFMLMod marker in VerticallyStackedDimensions-1.12.2-0.1.9.jar. This is not recommended, @Mods should be in a separate jar from the coremod.
[08:54:34] [main/WARN] [FML]: The coremod Vertically Stacked Dimensions ASM (cd4017be.dimstack.asm.CorePlugin) is not signed!
[08:54:34] [main/INFO] [FML]: Loading tweaker org.spongepowered.asm.launch.MixinTweaker from WolfArmorAndStorage-3.8.1+1.12.2.alpha.1-SNAPSHOT-signed.jar
[08:54:34] [main/INFO] [FML]: Loading tweaker org.spongepowered.asm.launch.MixinTweaker from phosphor-1.12.2-0.2.6+build50-universal.jar
[08:54:34] [main/INFO] [LaunchWrapper]: Loading tweak class name net.minecraftforge.fml.common.launcher.FMLInjectionAndSortingTweaker
[08:54:34] [main/INFO] [LaunchWrapper]: Loading tweak class name net.jan.moddirector.launchwrapper.ModDirectorTweaker
[08:54:34] [main/WARN] [ModDirector[CORE]]: Successfully replaced CA certificates with updated ones!
[08:54:34] [main/INFO] [ModDirector[CORE]]: Mod director loaded!
[08:54:34] [main/INFO] [ModDirector/Tweaker[Launchwrapper]]: ModDirector bootstrapped from Launchwrapper!
[08:54:34] [main/INFO] [LaunchWrapper]: Loading tweak class name org.spongepowered.asm.launch.MixinTweaker
[08:54:34] [main/INFO] [mixin]: SpongePowered MIXIN Subsystem Version=0.8.7 Source=file:/home/Minecraft/rlcraft-server/./mods/%60FermiumBooter-1.3.2.jar Service=LaunchWrapper Env=SERVER
[08:54:34] [main/INFO] [FermiumBooter]: FermiumBooter beginning forced mixin config handling.
[08:54:34] [main/INFO] [FermiumBooter]: FermiumBooter finished forced mixin config handling, removed 0 mixin configs.
[08:54:34] [main/WARN] [FML]: The coremod FermiumBooter (fermiumbooter.FermiumPlugin) is not signed!
[08:54:34] [main/INFO] [mixin]: Compatibility level set to JAVA_8
[08:54:34] [main/WARN] [FML]: The coremod AmphithereModPlugin (amphitheremod.AmphithereModPlugin) is not signed!
[08:54:34] [main/INFO] [FermiumRegistryAPI]: FermiumRegistryAPI supplied "mixins.amphitheremod.renderlayers.json" for late mixin enqueue, adding.
[08:54:34] [main/WARN] [FML]: The coremod AntiqueAtlasAutoMarkerPlugin (antiqueatlasautomarker.AntiqueAtlasAutoMarkerPlugin) is not signed!
[08:54:34] [main/INFO] [FermiumRegistryAPI]: FermiumRegistryAPI supplied "mixins.aaam.vanilla.json" for early mixin enqueue, adding.
[08:54:34] [main/INFO] [FermiumRegistryAPI]: FermiumRegistryAPI supplied "mixins.aaam.antiqueatlas.structuremarkers.json" for late mixin enqueue, adding.
[08:54:34] [main/INFO] [FermiumRegistryAPI]: FermiumRegistryAPI supplied "mixins.aaam.antiqueatlas.overhaul.structurewatchers.json" for late mixin enqueue, adding.
[08:54:34] [main/INFO] [FermiumRegistryAPI]: FermiumRegistryAPI supplied "mixins.aaam.antiqueatlas.tiles.customvillagetiles.json" for late mixin enqueue, adding.
[08:54:34] [main/INFO] [FermiumRegistryAPI]: FermiumRegistryAPI supplied "mixins.aaam.antiqueatlas.tiles.autobiomerules.json" for late mixin enqueue, adding.
[08:54:34] [main/INFO] [FermiumRegistryAPI]: FermiumRegistryAPI supplied "mixins.aaam.antiqueatlas.tiles.stitchtonull.json" for late mixin enqueue, adding.
[08:54:34] [main/INFO] [FermiumRegistryAPI]: FermiumRegistryAPI supplied "mixins.aaam.antiqueatlas.tiles.custom_nether_end_biomes.json" for late mixin enqueue, adding.
[08:54:34] [main/INFO] [FermiumRegistryAPI]: FermiumRegistryAPI supplied "mixins.aaam.infrotn.json" for late mixin enqueue, adding.
[08:54:34] [main/INFO] [FermiumRegistryAPI]: FermiumRegistryAPI supplied "mixins.aaam.infrl.json" for late mixin enqueue, adding.
[08:54:34] [main/INFO] [FermiumRegistryAPI]: FermiumRegistryAPI supplied "mixins.aaam.infbase.json" for late mixin enqueue, adding.
[08:54:34] [main/INFO] [FermiumRegistryAPI]: FermiumRegistryAPI supplied "mixins.aaam.infbase191.json" for late mixin enqueue, adding.
[08:54:34] [main/INFO] [FermiumRegistryAPI]: FermiumRegistryAPI supplied "mixins.aaam.inf.easter.json" for late mixin enqueue, adding.
[08:54:34] [main/WARN] [FML]: The coremod MixinLoader (bedbreakbegone.mixin.MixinLoader) is not signed!
[08:54:34] [main/WARN] [FML]: The coremod BoatDeleteBegonePlugin (boatdeletebegone.BoatDeleteBegonePlugin) is not signed!
[08:54:34] [main/INFO] [FermiumRegistryAPI]: FermiumRegistryAPI supplied "mixins.boatdeletebegone.json" for early mixin enqueue, adding.
[08:54:34] [main/WARN] [FML]: The coremod BounceablePlugin (bounceable.BounceablePlugin) is not signed!
[08:54:34] [main/INFO] [FermiumRegistryAPI]: FermiumRegistryAPI supplied "mixins.bounceable.vanilla.json" for early mixin enqueue, adding.
[08:54:34] [main/INFO] [FermiumRegistryAPI]: FermiumRegistryAPI supplied "mixins.bounceable.potioncore.json" for late mixin enqueue, adding.
[08:54:34] [main/WARN] [FML]: The coremod EagleMixinsPlugin (eaglemixins.EagleMixinsPlugin) is not signed!
[08:54:34] [main/INFO] [FermiumRegistryAPI]: FermiumRegistryAPI supplied "mixins.eaglemixins.vanilla.json" for early mixin enqueue, adding.
[08:54:34] [main/INFO] [FermiumRegistryAPI]: FermiumRegistryAPI supplied "mixins.eaglemixins.reskillable.json" for late mixin enqueue, adding.
[08:54:34] [main/INFO] [FermiumRegistryAPI]: FermiumRegistryAPI supplied "mixins.eaglemixins.simpledifficulty.json" for late mixin enqueue, adding.
[08:54:34] [main/INFO] [FermiumRegistryAPI]: FermiumRegistryAPI supplied "mixins.eaglemixins.legendarytooltips.json" for late mixin enqueue, adding.
[08:54:34] [main/INFO] [FermiumRegistryAPI]: FermiumRegistryAPI supplied "mixins.eaglemixins.nuclearcraft.json" for late mixin enqueue, adding.
[08:54:34] [main/INFO] [FermiumRegistryAPI]: FermiumRegistryAPI supplied "mixins.eaglemixins.rlartifacts.json" for late mixin enqueue, adding.
[08:54:34] [main/INFO] [FermiumRegistryAPI]: FermiumRegistryAPI supplied "mixins.eaglemixins.srparasites.json" for late mixin enqueue, adding.
[08:54:34] [main/INFO] [FermiumRegistryAPI]: FermiumRegistryAPI supplied "mixins.eaglemixins.fishsundeadrising.json" for late mixin enqueue, adding.
[08:54:34] [main/INFO] [FermiumRegistryAPI]: FermiumRegistryAPI supplied "mixins.eaglemixins.loadingscreens.json" for late mixin enqueue, adding.
[08:54:34] [main/INFO] [FermiumRegistryAPI]: FermiumRegistryAPI supplied "mixins.eaglemixins.bettersurvival.json" for late mixin enqueue, adding.
[08:54:34] [main/INFO] [FermiumRegistryAPI]: FermiumRegistryAPI supplied "mixins.eaglemixins.somanyenchantments.json" for late mixin enqueue, adding.
[08:54:34] [main/INFO] [FermiumRegistryAPI]: FermiumRegistryAPI supplied "mixins.eaglemixins.cookingforblockheads.json" for late mixin enqueue, adding.
[08:54:34] [main/INFO] [FermiumRegistryAPI]: FermiumRegistryAPI supplied "mixins.eaglemixins.playerbosses.json" for late mixin enqueue, adding.
[08:54:34] [main/INFO] [FermiumRegistryAPI]: FermiumRegistryAPI supplied "mixins.eaglemixins.dregorarl.json" for late mixin enqueue, adding.
[08:54:34] [main/INFO] [FermiumRegistryAPI]: FermiumRegistryAPI supplied "mixins.eaglemixins.otg.json" for late mixin enqueue, adding.
[08:54:34] [main/INFO] [FermiumRegistryAPI]: FermiumRegistryAPI supplied "mixins.eaglemixins.vc.json" for late mixin enqueue, adding.
[08:54:34] [main/INFO] [FermiumRegistryAPI]: FermiumRegistryAPI supplied "mixins.eaglemixins.xat.json" for late mixin enqueue, adding.
[08:54:34] [main/INFO] [FermiumRegistryAPI]: FermiumRegistryAPI supplied "mixins.eaglemixins.furold.json" for late mixin enqueue, adding.
[08:54:34] [main/WARN] [FML]: The coremod EditableEdiblesPlugin (editableedibles.EditableEdiblesPlugin) is not signed!
[08:54:34] [main/INFO] [FermiumRegistryAPI]: FermiumRegistryAPI supplied "mixins.editableedibles.vanilla.json" for early mixin enqueue, adding.
[08:54:34] [main/INFO] [FermiumRegistryAPI]: FermiumRegistryAPI supplied "mixins.editableedibles.foodexpansion.json" for late mixin enqueue, adding.
[08:54:34] [main/WARN] [FML]: The coremod de.keksuccino.fancymenu.core.FMCore does not have a MCVersion annotation, it may cause issues with this version of Minecraft
[08:54:34] [main/WARN] [FML]: The coremod FMCore (de.keksuccino.fancymenu.core.FMCore) is not signed!
[08:54:34] [main/WARN] [FML]: The coremod FermiumMixins (fermiummixins.FermiumMixinsPlugin) is not signed!
[08:54:34] [main/WARN] [FML]: The coremod MixinLoader (framevoidpatch.mixin.MixinLoader) is not signed!
[08:54:34] [main/WARN] [FML]: The coremod FurnaceXPStoragePlugin (furnacexpstorage.FurnaceXPStoragePlugin) is not signed!
[08:54:34] [main/INFO] [FermiumRegistryAPI]: FermiumRegistryAPI supplied "mixins.furnacexpstorage.json" for early mixin enqueue, adding.
[08:54:34] [main/INFO] [FermiumRegistryAPI]: FermiumRegistryAPI supplied "mixins.furnacexpstorage.nethercraft.json" for late mixin enqueue, adding.
[08:54:34] [main/INFO] [FermiumRegistryAPI]: FermiumRegistryAPI supplied "mixins.furnacexpstorage.betternether.json" for late mixin enqueue, adding.
[08:54:34] [main/INFO] [FermiumRegistryAPI]: FermiumRegistryAPI supplied "mixins.furnacexpstorage.crafttweaker.json" for late mixin enqueue, adding.
[08:54:34] [main/INFO] [FermiumRegistryAPI]: FermiumRegistryAPI supplied "mixins.furnacexpstorage.jei.json" for late mixin enqueue, adding.
[08:54:34] [main/INFO] [FermiumRegistryAPI]: FermiumRegistryAPI supplied "mixins.furnacexpstorage.hei.json" for late mixin enqueue, adding.
[08:54:34] [main/WARN] [FML]: The coremod de.keksuccino.konkrete.core.KonkreteCore does not have a MCVersion annotation, it may cause issues with this version of Minecraft
[08:54:34] [main/WARN] [FML]: The coremod KonkreteCore (de.keksuccino.konkrete.core.KonkreteCore) is not signed!
[08:54:34] [main/INFO] [de.keksuccino.konkrete.core.KonkreteCore]: [KONKRETE] LOADING CORE PLUGIN!
[08:54:34] [main/INFO] [STDOUT]: [de.keksuccino.konkrete.core.MixinConfigLoader:loadConfigs:29]: [KONKRETE] Loading Mixin Config: fancymenu.general.mixin.json
[08:54:35] [main/WARN] [FML]: The coremod LocalizatorPlugin (kameib.localizator.LocalizatorPlugin) is not signed!
[08:54:35] [main/INFO] [kameib.localizator.Localizator]: [Localizator] Early Enqueue Start!
[08:54:35] [main/INFO] [kameib.localizator.Localizator]: [Localizator] Early Enqueue: (Minecraft) Mob Custom Names Mixin
[08:54:35] [main/INFO] [FermiumRegistryAPI]: FermiumRegistryAPI supplied "mixins.localizator.core.entityname.json" for early mixin enqueue, adding.
[08:54:35] [main/INFO] [kameib.localizator.Localizator]: [Localizator] Early Enqueue: (Minecraft) Boss Custom Names Mixin
[08:54:35] [main/INFO] [FermiumRegistryAPI]: FermiumRegistryAPI supplied "mixins.localizator.core.bossoverlay.json" for early mixin enqueue, adding.
[08:54:35] [main/INFO] [kameib.localizator.Localizator]: [Localizator] Early Enqueue: (Minecraft) Localized Lore Mixin
[08:54:35] [main/INFO] [FermiumRegistryAPI]: FermiumRegistryAPI supplied "mixins.localizator.core.loclore.json" for early mixin enqueue, adding.
[08:54:35] [main/INFO] [kameib.localizator.Localizator]: [Localizator] Early Enqueue: (Minecraft) Localized Written Book Mixin
[08:54:35] [main/INFO] [FermiumRegistryAPI]: FermiumRegistryAPI supplied "mixins.localizator.core.writtenbooks.json" for early mixin enqueue, adding.
[08:54:35] [main/INFO] [kameib.localizator.Localizator]: [Localizator] Early Enqueue: (Minecraft) Better Localized Name Mixin
[08:54:35] [main/INFO] [FermiumRegistryAPI]: FermiumRegistryAPI supplied "mixins.localizator.core.locname.json" for early mixin enqueue, adding.
[08:54:35] [main/INFO] [kameib.localizator.Localizator]: [Localizator] Early Enqueue: (Minecraft) Localized Writable Book Mixin
[08:54:35] [main/INFO] [FermiumRegistryAPI]: FermiumRegistryAPI supplied "mixins.localizator.core.writablebooks.json" for early mixin enqueue, adding.
[08:54:35] [main/INFO] [kameib.localizator.Localizator]: [Localizator] Early Enqueue: (Minecraft) Localized Container Name Mixin
[08:54:35] [main/INFO] [FermiumRegistryAPI]: FermiumRegistryAPI supplied "mixins.localizator.core.containername.json" for early mixin enqueue, adding.
[08:54:35] [main/INFO] [kameib.localizator.Localizator]: [Localizator] Early Enqueue: (Minecraft) Item Names on Kill Command Mixin
[08:54:35] [main/INFO] [FermiumRegistryAPI]: FermiumRegistryAPI supplied "mixins.localizator.core.itementitykill.json" for early mixin enqueue, adding.
[08:54:35] [main/INFO] [kameib.localizator.Localizator]: [Localizator] Early Enqueue: (Minecraft) Prevent Novelties Placement Mixin
[08:54:35] [main/INFO] [FermiumRegistryAPI]: FermiumRegistryAPI supplied "mixins.localizator.core.noveltyplacement.json" for early mixin enqueue, adding.
[08:54:35] [main/INFO] [kameib.localizator.Localizator]: [Localizator] Early Enqueue: (Minecraft) Entity.isInWeb Accessor for BountifulBaubles Mixins
[08:54:35] [main/INFO] [FermiumRegistryAPI]: FermiumRegistryAPI supplied "mixins.localizator.core.entityaccessor.json" for early mixin enqueue, adding.
[08:54:35] [main/INFO] [kameib.localizator.Localizator]: [Localizator] Late Enqueue Start!
[08:54:35] [main/INFO] [kameib.localizator.Localizator]: [Localizator] Late Enqueue: (LevelUp2) Localized Keybinds Mixin
[08:54:35] [main/INFO] [FermiumRegistryAPI]: FermiumRegistryAPI supplied "mixins.localizator.levelup2.keybinds.json" for late mixin enqueue, adding.
[08:54:35] [main/INFO] [kameib.localizator.Localizator]: [Localizator] Late Enqueue: (DSHUDs) Localized Biome Name Mixin
[08:54:35] [main/INFO] [FermiumRegistryAPI]: FermiumRegistryAPI supplied "mixins.localizator.dshuds.biomename.json" for late mixin enqueue, adding.
[08:54:35] [main/INFO] [kameib.localizator.Localizator]: [Localizator] Late Enqueue: (RoughTweaks) Localized Names and Better Tooltip Mixin
[08:54:35] [main/INFO] [FermiumRegistryAPI]: FermiumRegistryAPI supplied "mixins.localizator.roughtweaks.langkeys.json" for late mixin enqueue, adding.
[08:54:35] [main/INFO] [kameib.localizator.Localizator]: [Localizator] Late Enqueue: (BountifulBaubles) Tooltip fixes Mixin
[08:54:35] [main/INFO] [FermiumRegistryAPI]: FermiumRegistryAPI supplied "mixins.localizator.bountifulbaubles.tooltips.json" for late mixin enqueue, adding.
[08:54:35] [main/INFO] [kameib.localizator.Localizator]: [Localizator] Late Enqueue: (BountifulBaubles) Ankh Charm Web Immune Mixin
[08:54:35] [main/INFO] [FermiumRegistryAPI]: FermiumRegistryAPI supplied "mixins.localizator.bountifulbaubles.ankhcharmcobweb.json" for late mixin enqueue, adding.
[08:54:35] [main/INFO] [kameib.localizator.Localizator]: [Localizator] Late Enqueue: (BountifulBaubles) Ankh Shield Web Immune Mixin
[08:54:35] [main/INFO] [FermiumRegistryAPI]: FermiumRegistryAPI supplied "mixins.localizator.bountifulbaubles.ankhshieldcobweb.json" for late mixin enqueue, adding.
[08:54:35] [main/INFO] [kameib.localizator.Localizator]: [Localizator] Late Enqueue: (BountifulBaubles) Localized Wormhole Messages Mixin
[08:54:35] [main/INFO] [FermiumRegistryAPI]: FermiumRegistryAPI supplied "mixins.localizator.bountifulbaubles.wormholemessages.json" for late mixin enqueue, adding.
[08:54:35] [main/INFO] [kameib.localizator.Localizator]: [Localizator] Late Enqueue: (FishingMadeBetter) Localized Fishes Mixin
[08:54:35] [main/INFO] [FermiumRegistryAPI]: FermiumRegistryAPI supplied "mixins.localizator.fmb.fishes.etc.json" for late mixin enqueue, adding.
[08:54:35] [main/INFO] [kameib.localizator.Localizator]: [Localizator] Late Enqueue: (FishingMadeBetter) Instructions on Minigame Mixin
[08:54:35] [main/INFO] [FermiumRegistryAPI]: FermiumRegistryAPI supplied "mixins.localizator.fmb.minigame.json" for late mixin enqueue, adding.
[08:54:35] [main/INFO] [kameib.localizator.Localizator]: [Localizator] Late Enqueue: (BattleTowers) Golem Defeated Message Mixin
[08:54:35] [main/INFO] [FermiumRegistryAPI]: FermiumRegistryAPI supplied "mixins.localizator.battletowers.messages.json" for late mixin enqueue, adding.
[08:54:35] [main/INFO] [kameib.localizator.Localizator]: [Localizator] Late Enqueue: (RecComplex) Artifact Names Mixin
[08:54:35] [main/INFO] [FermiumRegistryAPI]: FermiumRegistryAPI supplied "mixins.localizator.reccomplex.artifacts.json" for late mixin enqueue, adding.
[08:54:35] [main/INFO] [kameib.localizator.Localizator]: [Localizator] Late Enqueue: (Callable Horses) Horse Messages Mixin
[08:54:35] [main/INFO] [FermiumRegistryAPI]: FermiumRegistryAPI supplied "mixins.localizator.callablehorses.messages.json" for late mixin enqueue, adding.
[08:54:35] [main/INFO] [kameib.localizator.Localizator]: [Localizator] Late Enqueue: (CorpseComplex) Grave Scroll Description Mixin
[08:54:35] [main/INFO] [FermiumRegistryAPI]: FermiumRegistryAPI supplied "mixins.localizator.corpsecomplex.scroll.json" for late mixin enqueue, adding.
[08:54:35] [main/INFO] [kameib.localizator.Localizator]: [Localizator] Late Enqueue: (ArmorUnder) Ozzy Liner text Mixin
[08:54:35] [main/INFO] [FermiumRegistryAPI]: FermiumRegistryAPI supplied "mixins.localizator.armorunder.ozzyliner.json" for late mixin enqueue, adding.
[08:54:35] [main/INFO] [kameib.localizator.Localizator]: [Localizator] Late Enqueue: (Lycanites) Client-side Translated Messages Mixin
[08:54:35] [main/INFO] [FermiumRegistryAPI]: FermiumRegistryAPI supplied "mixins.localizator.lycanites.messages.json" for late mixin enqueue, adding.
[08:54:35] [main/INFO] [kameib.localizator.Localizator]: [Localizator] Late Enqueue: (BetterSurvival) Potion-Imbued Weapons Tooltip Mixin
[08:54:35] [main/INFO] [FermiumRegistryAPI]: FermiumRegistryAPI supplied "mixins.localizator.bettersurvival.tooltip.json" for late mixin enqueue, adding.
[08:54:35] [main/INFO] [kameib.localizator.Localizator]: [Localizator] Late Enqueue: (Neat) Health Bar Mixin
[08:54:35] [main/INFO] [FermiumRegistryAPI]: FermiumRegistryAPI supplied "mixins.localizator.neat.healthbar.json" for late mixin enqueue, adding.
[08:54:35] [main/INFO] [kameib.localizator.Localizator]: [Localizator] Late Enqueue: (EnhancedVisuals) Localized Death Message Mixin
[08:54:35] [main/INFO] [FermiumRegistryAPI]: FermiumRegistryAPI supplied "mixins.localizator.enhancedvisuals.deathmessage.json" for late mixin enqueue, adding.
[08:54:35] [main/INFO] [kameib.localizator.Localizator]: [Localizator] Late Enqueue: (ForgottenItems) Tooltips Mixin
[08:54:35] [main/INFO] [FermiumRegistryAPI]: FermiumRegistryAPI supplied "mixins.localizator.forgottenitems.descriptions.json" for late mixin enqueue, adding.
[08:54:35] [main/INFO] [kameib.localizator.Localizator]: [Localizator] Late Enqueue: (DynaOres) Correctly Localized Ore Names
[08:54:35] [main/INFO] [FermiumRegistryAPI]: FermiumRegistryAPI supplied "mixins.localizator.dynaores.orenames.json" for late mixin enqueue, adding.
[08:54:35] [main/INFO] [kameib.localizator.Localizator]: [Localizator] Late Enqueue: (SereneSeasons) Localized Crop Fertility Tooltip Mixin
[08:54:35] [main/INFO] [FermiumRegistryAPI]: FermiumRegistryAPI supplied "mixins.localizator.sereneseasons.tooltip.json" for late mixin enqueue, adding.
[08:54:35] [main/INFO] [kameib.localizator.Localizator]: [Localizator] Late Enqueue: (FML) Localized Mod List GUI Mixin
[08:54:35] [main/INFO] [FermiumRegistryAPI]: FermiumRegistryAPI supplied "mixins.localizator.forge.modlist.json" for late mixin enqueue, adding.
[08:54:35] [main/INFO] [kameib.localizator.Localizator]: [Localizator] Late Enqueue: (SRParasites) Armor Tooltips Mixin
[08:54:35] [main/INFO] [FermiumRegistryAPI]: FermiumRegistryAPI supplied "mixins.localizator.srparasites.armortooltip.json" for late mixin enqueue, adding.
[08:54:35] [main/INFO] [kameib.localizator.Localizator]: [Localizator] Late Enqueue: (SRParasites) Localized Messages Mixin
[08:54:35] [main/INFO] [FermiumRegistryAPI]: FermiumRegistryAPI supplied "mixins.localizator.srparasites.messages.json" for late mixin enqueue, adding.
[08:54:35] [main/INFO] [kameib.localizator.Localizator]: [Localizator] Late Enqueue: (SpartanWeaponry) Localized Material Bonus Tooltip Mixin
[08:54:35] [main/INFO] [FermiumRegistryAPI]: FermiumRegistryAPI supplied "mixins.localizator.spartanweaponry.tooltip.json" for late mixin enqueue, adding.
[08:54:35] [main/INFO] [kameib.localizator.Localizator]: [Localizator] Late Enqueue: (T&B) Localized Ender Queen messages Mixin
[08:54:35] [main/INFO] [FermiumRegistryAPI]: FermiumRegistryAPI supplied "mixins.localizator.xat.messages.json" for late mixin enqueue, adding.
[08:54:35] [main/INFO] [kameib.localizator.Localizator]: [Localizator] Late Enqueue: (T&B) Localized Armor Weight Tooltip Mixin
[08:54:35] [main/INFO] [FermiumRegistryAPI]: FermiumRegistryAPI supplied "mixins.localizator.xat.weighttooltip.json" for late mixin enqueue, adding.
[08:54:35] [main/INFO] [kameib.localizator.Localizator]: [Localizator] Late Enqueue: (Morpheus) Localized Messages Mixin
[08:54:35] [main/INFO] [FermiumRegistryAPI]: FermiumRegistryAPI supplied "mixins.localizator.morpheus.messages.json" for late mixin enqueue, adding.
[08:54:35] [main/INFO] [kameib.localizator.Localizator]: [Localizator] Late Enqueue: (WAILA) Entity Name Mixin
[08:54:35] [main/INFO] [FermiumRegistryAPI]: FermiumRegistryAPI supplied "mixins.localizator.waila.entityname.json" for late mixin enqueue, adding.
[08:54:35] [main/INFO] [kameib.localizator.Localizator]: [Localizator] Late Enqueue: (ItemPhysic) Power: Status Message Mixin
[08:54:35] [main/INFO] [FermiumRegistryAPI]: FermiumRegistryAPI supplied "mixins.localizator.itemphysic.message.json" for late mixin enqueue, adding.
[08:54:35] [main/INFO] [kameib.localizator.Localizator]: [Localizator] Late Enqueue: (ItemPhysic) ERRORED patch Mixin
[08:54:35] [main/INFO] [FermiumRegistryAPI]: FermiumRegistryAPI supplied "mixins.localizator.itemphysic.erroredpatch.json" for late mixin enqueue, adding.
[08:54:35] [main/INFO] [kameib.localizator.Localizator]: [Localizator] Late Enqueue: (ItemPhysic) Reverse Description Mixin
[08:54:35] [main/INFO] [FermiumRegistryAPI]: FermiumRegistryAPI supplied "mixins.localizator.itemphysic.reversedescription.json" for late mixin enqueue, adding.
[08:54:35] [main/INFO] [kameib.localizator.Localizator]: [Localizator] Late Enqueue: (iChunUtil) Fix Patrons and Version URL Mixin
[08:54:35] [main/INFO] [FermiumRegistryAPI]: FermiumRegistryAPI supplied "mixins.localizator.ichunutil.urls.json" for late mixin enqueue, adding.
[08:54:35] [main/INFO] [kameib.localizator.Localizator]: [Localizator] Late Enqueue: (Charm) Localized Cake Name Mixin
[08:54:35] [main/INFO] [FermiumRegistryAPI]: FermiumRegistryAPI supplied "mixins.localizator.charm.cakename.json" for late mixin enqueue, adding.
[08:54:35] [main/INFO] [kameib.localizator.Localizator]: [Localizator] Late Enqueue: (Charm) Localized Composter JEI Mixin
[08:54:35] [main/INFO] [FermiumRegistryAPI]: FermiumRegistryAPI supplied "mixins.localizator.charm.compostergui.json" for late mixin enqueue, adding.
[08:54:35] [main/INFO] [kameib.localizator.Localizator]: [Localizator] Late Enqueue: (Charm) Localized Container Name Mixin
[08:54:35] [main/INFO] [FermiumRegistryAPI]: FermiumRegistryAPI supplied "mixins.localizator.charm.containername.json" for late mixin enqueue, adding.
[08:54:35] [main/INFO] [kameib.localizator.Localizator]: [Localizator] Late Enqueue: (Charm) Localized World Crates Name Mixin
[08:54:35] [main/INFO] [FermiumRegistryAPI]: FermiumRegistryAPI supplied "mixins.localizator.charm.worldcratesname.json" for late mixin enqueue, adding.
[08:54:35] [main/INFO] [kameib.localizator.Localizator]: [Localizator] Late Enqueue: (FBP) Localized Keybinds Mixin
[08:54:35] [main/INFO] [FermiumRegistryAPI]: FermiumRegistryAPI supplied "mixins.localizator.fbp.keybinds.json" for late mixin enqueue, adding.
[08:54:35] [main/INFO] [kameib.localizator.Localizator]: [Localizator] Late Enqueue: (ScalingHealth) Localized Keybinds Mixin
[08:54:35] [main/INFO] [FermiumRegistryAPI]: FermiumRegistryAPI supplied "mixins.localizator.scalinghealth.keybinds.json" for late mixin enqueue, adding.
[08:54:35] [main/INFO] [kameib.localizator.Localizator]: [Localizator] Late Enqueue: (ScalingHealth) Localized Messages Mixin
[08:54:35] [main/INFO] [FermiumRegistryAPI]: FermiumRegistryAPI supplied "mixins.localizator.scalinghealth.messages.json" for late mixin enqueue, adding.
[08:54:35] [main/INFO] [kameib.localizator.Localizator]: [Localizator] Late Enqueue: (DyamicTrees) Staff Mixin
[08:54:35] [main/INFO] [FermiumRegistryAPI]: FermiumRegistryAPI supplied "mixins.localizator.dynamictrees.staff.json" for late mixin enqueue, adding.
[08:54:35] [main/INFO] [kameib.localizator.Localizator]: [Localizator] Late Enqueue: (SetBonus) Tooltip Mixin
[08:54:35] [main/INFO] [FermiumRegistryAPI]: FermiumRegistryAPI supplied "mixins.localizator.setbonus.tooltip.json" for late mixin enqueue, adding.
[08:54:35] [main/INFO] [kameib.localizator.Localizator]: [Localizator] Late Enqueue: (VariedCommodities) Localized Book Mixin
[08:54:35] [main/INFO] [FermiumRegistryAPI]: FermiumRegistryAPI supplied "mixins.localizator.variedcommodities.book.json" for late mixin enqueue, adding.
[08:54:35] [main/INFO] [kameib.localizator.Localizator]: [Localizator] Late Enqueue: (Mo'Bends) Localized Keybinds Mixin
[08:54:35] [main/INFO] [FermiumRegistryAPI]: FermiumRegistryAPI supplied "mixins.localizator.mobends.keybinds.json" for late mixin enqueue, adding.
[08:54:35] [main/WARN] [FML]: The coremod MixinLoader (melonslise.locks.mixin.MixinLoader) is not signed!
[08:54:35] [main/WARN] [FML]: The coremod MaterialTweakerPlugin (materialtweaker.MaterialTweakerPlugin) is not signed!
[08:54:35] [main/WARN] [FML]: The coremod NoiseThreaderPlugin (noisethreader.NoiseThreaderPlugin) is not signed!
[08:54:35] [main/INFO] [FermiumRegistryAPI]: FermiumRegistryAPI supplied "mixins.noisethreader.vanilla.json" for early mixin enqueue, adding.
[08:54:35] [main/INFO] [FermiumRegistryAPI]: FermiumRegistryAPI supplied "mixins.noisethreader.otg.json" for late mixin enqueue, adding.
[08:54:35] [main/INFO] [FermiumRegistryAPI]: FermiumRegistryAPI supplied "mixins.noisethreader.bettercaves.json" for late mixin enqueue, adding.
[08:54:35] [main/WARN] [FML]: The coremod OptiFineCITPatchPlugin (optifinecitpatch.OptiFineCITPatchPlugin) is not signed!
[08:54:35] [main/WARN] [FML]: The coremod ParticleCullingLoadingPlugin (bl4ckscor3.mod.particleculling.ParticleCullingLoadingPlugin) is not signed!
[08:54:35] [main/WARN] [FML]: The coremod BetterCombat (bettercombat.mod.util.BetterCombatPlugin) is not signed!
[08:54:35] [main/INFO] [FermiumRegistryAPI]: FermiumRegistryAPI supplied "mixins.bettercombatmod.json" for early mixin enqueue, adding.
[08:54:35] [main/WARN] [FML]: The coremod LuckifiedPlugin (luckified.LuckifiedPlugin) is not signed!
[08:54:35] [main/INFO] [FermiumRegistryAPI]: FermiumRegistryAPI supplied "mixins.luckified.vanilla.json" for early mixin enqueue, adding.
[08:54:35] [main/INFO] [FermiumRegistryAPI]: FermiumRegistryAPI supplied "mixins.luckified.infernalmobs.json" for late mixin enqueue, adding.
[08:54:35] [main/INFO] [FermiumRegistryAPI]: FermiumRegistryAPI supplied "mixins.luckified.bountifulbaubles.json" for late mixin enqueue, adding.
[08:54:35] [main/INFO] [FermiumRegistryAPI]: FermiumRegistryAPI supplied "mixins.luckified.qualitytools.json" for late mixin enqueue, adding.
[08:54:35] [main/INFO] [FermiumRegistryAPI]: FermiumRegistryAPI supplied "mixins.luckified.rlartifacts.json" for late mixin enqueue, adding.
[08:54:35] [main/INFO] [FermiumRegistryAPI]: FermiumRegistryAPI supplied "mixins.luckified.defiledlands.json" for late mixin enqueue, adding.
[08:54:35] [main/WARN] [FML]: The coremod RLMixins (rlmixins.RLMixinsPlugin) is not signed!
[08:54:35] [main/WARN] [FML]: The coremod snownee.snow.core.CoreMod does not have a MCVersion annotation, it may cause issues with this version of Minecraft
[08:54:35] [main/WARN] [FML]: The coremod Snow! Real Magic! (snownee.snow.core.CoreMod) is not signed!
[08:54:35] [main/WARN] [FML]: The coremod SoManyEnchantmentsPlugin (com.shultrea.rin.SoManyEnchantmentsPlugin) is not signed!
[08:54:35] [main/INFO] [FermiumRegistryAPI]: FermiumRegistryAPI supplied "mixins.somanyenchantments.vanilla.json" for early mixin enqueue, adding.
[08:54:35] [main/WARN] [FML]: The coremod Spark (me.lucko.spark.forge.mixin.SparkMixinPlugin) is not signed!
[08:54:35] [main/WARN] [FML]: The coremod SpartanWeaponry-MixinLoader (com.oblivioussp.spartanweaponry.mixin.MixinLoader) is not signed!
[08:54:35] [main/WARN] [FML]: The coremod SRPMixinsPlugin (srpmixins.SRPMixinsPlugin) is not signed!
[08:54:35] [main/INFO] [FermiumRegistryAPI]: FermiumRegistryAPI supplied "mixins.srpmixins.srp.scentperformance.json" for late mixin enqueue, adding.
[08:54:35] [main/INFO] [FermiumRegistryAPI]: FermiumRegistryAPI supplied "mixins.srpmixins.oe.json" for late mixin enqueue, adding.
[08:54:35] [main/INFO] [FermiumRegistryAPI]: FermiumRegistryAPI supplied "mixins.srpmixins.srp.biomespawnblacklist.json" for late mixin enqueue, adding.
[08:54:35] [main/INFO] [FermiumRegistryAPI]: FermiumRegistryAPI supplied "mixins.srpmixins.srp.deterrentlowphasedmg.json" for late mixin enqueue, adding.
[08:54:35] [main/INFO] [FermiumRegistryAPI]: FermiumRegistryAPI supplied "mixins.srpmixins.srp.infestedgrassrarity.json" for late mixin enqueue, adding.
[08:54:35] [main/INFO] [FermiumRegistryAPI]: FermiumRegistryAPI supplied "mixins.srpmixins.srp.simmermantp.json" for late mixin enqueue, adding.
[08:54:35] [main/INFO] [FermiumRegistryAPI]: FermiumRegistryAPI supplied "mixins.srpmixins.minmaxphasedays.json" for late mixin enqueue, adding.
[08:54:35] [main/INFO] [FermiumRegistryAPI]: FermiumRegistryAPI supplied "mixins.srpmixins.conversionpathways.json" for late mixin enqueue, adding.
[08:54:35] [main/INFO] [FermiumRegistryAPI]: FermiumRegistryAPI supplied "mixins.srpmixins.variantrules.json" for late mixin enqueue, adding.
[08:54:35] [main/INFO] [FermiumRegistryAPI]: FermiumRegistryAPI supplied "mixins.srpmixins.despawntimer.json" for late mixin enqueue, adding.
[08:54:35] [main/INFO] [FermiumRegistryAPI]: FermiumRegistryAPI supplied "mixins.srpmixins.srp.blockbreakblacklist.json" for late mixin enqueue, adding.
[08:54:35] [main/INFO] [FermiumRegistryAPI]: FermiumRegistryAPI supplied "mixins.srpmixins.srp.foodstealblacklist.json" for late mixin enqueue, adding.
[08:54:35] [main/INFO] [FermiumRegistryAPI]: FermiumRegistryAPI supplied "mixins.srpmixins.srp.minferalisations.json" for late mixin enqueue, adding.
[08:54:35] [main/INFO] [FermiumRegistryAPI]: FermiumRegistryAPI supplied "mixins.srpmixins.srp.nodecompassfix.json" for late mixin enqueue, adding.
[08:54:35] [main/INFO] [FermiumRegistryAPI]: FermiumRegistryAPI supplied "mixins.srpmixins.srp.summoningoverhaul.json" for late mixin enqueue, adding.
[08:54:35] [main/INFO] [FermiumRegistryAPI]: FermiumRegistryAPI supplied "mixins.srpmixins.srp.adapteddespawnlock.json" for late mixin enqueue, adding.
[08:54:35] [main/INFO] [FermiumRegistryAPI]: FermiumRegistryAPI supplied "mixins.srpmixins.srp.stackcollidingviralslower.json" for late mixin enqueue, adding.
[08:54:35] [main/INFO] [FermiumRegistryAPI]: FermiumRegistryAPI supplied "mixins.srpmixins.srp.infsquidcap.json" for late mixin enqueue, adding.
[08:54:35] [main/INFO] [FermiumRegistryAPI]: FermiumRegistryAPI supplied "mixins.srpmixins.srp.nexuscap.json" for late mixin enqueue, adding.
[08:54:35] [main/INFO] [FermiumRegistryAPI]: FermiumRegistryAPI supplied "mixins.srpmixins.srp.nodecolonyreset.json" for late mixin enqueue, adding.
[08:54:35] [main/INFO] [FermiumRegistryAPI]: FermiumRegistryAPI supplied "mixins.srpmixins.srp.simbigspiderassimfix.json" for late mixin enqueue, adding.
[08:54:35] [main/INFO] [FermiumRegistryAPI]: FermiumRegistryAPI supplied "mixins.srpmixins.srp.simmermancap.json" for late mixin enqueue, adding.
[08:54:35] [main/INFO] [FermiumRegistryAPI]: FermiumRegistryAPI supplied "mixins.srpmixins.srp.spawninglight.json" for late mixin enqueue, adding.
[08:54:35] [main/INFO] [FermiumRegistryAPI]: FermiumRegistryAPI supplied "mixins.srpmixins.overlast.json" for late mixin enqueue, adding.
[08:54:35] [main/INFO] [FermiumRegistryAPI]: FermiumRegistryAPI supplied "mixins.srpmixins.overlast_customphases.json" for late mixin enqueue, adding.
[08:54:35] [main/INFO] [FermiumRegistryAPI]: FermiumRegistryAPI supplied "mixins.srpmixins.overlastlite_customphases.json" for late mixin enqueue, adding.
[08:54:35] [main/INFO] [FermiumRegistryAPI]: FermiumRegistryAPI supplied "mixins.srpmixins.deepseadanger_customphases.json" for late mixin enqueue, adding.
[08:54:35] [main/INFO] [FermiumRegistryAPI]: FermiumRegistryAPI supplied "mixins.srpmixins.srpextra_customphases.json" for late mixin enqueue, adding.
[08:54:35] [main/INFO] [FermiumRegistryAPI]: FermiumRegistryAPI supplied "mixins.srpmixins.bloodmoon.entirespawnfix.json" for late mixin enqueue, adding.
[08:54:35] [main/INFO] [FermiumRegistryAPI]: FermiumRegistryAPI supplied "mixins.srpmixins.srp.mobcapmulti.json" for late mixin enqueue, adding.
[08:54:35] [main/INFO] [FermiumRegistryAPI]: FermiumRegistryAPI supplied "mixins.srpmixins.srp.infestationpenalty.json" for late mixin enqueue, adding.
[08:54:35] [main/INFO] [FermiumRegistryAPI]: FermiumRegistryAPI supplied "mixins.srpmixins.srp.beckoninfestationlimit.json" for late mixin enqueue, adding.
[08:54:35] [main/INFO] [FermiumRegistryAPI]: FermiumRegistryAPI supplied "mixins.srpmixins.srp.circularinfestationarea.json" for late mixin enqueue, adding.
[08:54:35] [main/INFO] [FermiumRegistryAPI]: FermiumRegistryAPI supplied "mixins.srpmixins.customphasesnoinfestationoverhaul.json" for late mixin enqueue, adding.
[08:54:35] [main/INFO] [FermiumRegistryAPI]: FermiumRegistryAPI supplied "mixins.srpmixins.srp.biomespreadpenalty.json" for late mixin enqueue, adding.
[08:54:35] [main/INFO] [FermiumRegistryAPI]: FermiumRegistryAPI supplied "mixins.srpmixins.srp.biomespreadlimit.json" for late mixin enqueue, adding.
[08:54:35] [main/INFO] [FermiumRegistryAPI]: FermiumRegistryAPI supplied "mixins.srpmixins.customphasesnobiomespreadoverhaul.json" for late mixin enqueue, adding.
[08:54:35] [main/WARN] [FML]: The coremod VCFixPlugin (vcfix.VCFixPlugin) is not signed!
[08:54:35] [main/WARN] [LaunchWrapper]: Tweak class name org.spongepowered.asm.launch.MixinTweaker has already been visited -- skipping
[08:54:35] [main/WARN] [LaunchWrapper]: Tweak class name org.spongepowered.asm.launch.MixinTweaker has already been visited -- skipping
[08:54:35] [main/WARN] [LaunchWrapper]: Tweak class name org.spongepowered.asm.launch.MixinTweaker has already been visited -- skipping
[08:54:35] [main/WARN] [LaunchWrapper]: Tweak class name org.spongepowered.asm.launch.MixinTweaker has already been visited -- skipping
[08:54:35] [main/WARN] [LaunchWrapper]: Tweak class name org.spongepowered.asm.launch.MixinTweaker has already been visited -- skipping
[08:54:35] [main/WARN] [LaunchWrapper]: Tweak class name org.spongepowered.asm.launch.MixinTweaker has already been visited -- skipping
[08:54:35] [main/WARN] [LaunchWrapper]: Tweak class name org.spongepowered.asm.launch.MixinTweaker has already been visited -- skipping
[08:54:35] [main/WARN] [LaunchWrapper]: Tweak class name org.spongepowered.asm.launch.MixinTweaker has already been visited -- skipping
[08:54:35] [main/WARN] [LaunchWrapper]: Tweak class name org.spongepowered.asm.launch.MixinTweaker has already been visited -- skipping
[08:54:35] [main/WARN] [LaunchWrapper]: Tweak class name org.spongepowered.asm.launch.MixinTweaker has already been visited -- skipping
[08:54:35] [main/WARN] [LaunchWrapper]: Tweak class name org.spongepowered.asm.launch.MixinTweaker has already been visited -- skipping
[08:54:35] [main/WARN] [LaunchWrapper]: Tweak class name org.spongepowered.asm.launch.MixinTweaker has already been visited -- skipping
[08:54:35] [main/WARN] [LaunchWrapper]: Tweak class name org.spongepowered.asm.launch.MixinTweaker has already been visited -- skipping
[08:54:35] [main/WARN] [LaunchWrapper]: Tweak class name org.spongepowered.asm.launch.MixinTweaker has already been visited -- skipping
[08:54:35] [main/WARN] [LaunchWrapper]: Tweak class name org.spongepowered.asm.launch.MixinTweaker has already been visited -- skipping
[08:54:35] [main/WARN] [LaunchWrapper]: Tweak class name org.spongepowered.asm.launch.MixinTweaker has already been visited -- skipping
[08:54:35] [main/WARN] [LaunchWrapper]: Tweak class name org.spongepowered.asm.launch.MixinTweaker has already been visited -- skipping
[08:54:35] [main/WARN] [LaunchWrapper]: Tweak class name org.spongepowered.asm.launch.MixinTweaker has already been visited -- skipping
[08:54:35] [main/WARN] [LaunchWrapper]: Tweak class name org.spongepowered.asm.launch.MixinTweaker has already been visited -- skipping
[08:54:35] [main/WARN] [LaunchWrapper]: Tweak class name org.spongepowered.asm.launch.MixinTweaker has already been visited -- skipping
[08:54:35] [main/WARN] [LaunchWrapper]: Tweak class name org.spongepowered.asm.launch.MixinTweaker has already been visited -- skipping
[08:54:35] [main/WARN] [LaunchWrapper]: Tweak class name org.spongepowered.asm.launch.MixinTweaker has already been visited -- skipping
[08:54:35] [main/WARN] [LaunchWrapper]: Tweak class name org.spongepowered.asm.launch.MixinTweaker has already been visited -- skipping
[08:54:35] [main/WARN] [LaunchWrapper]: Tweak class name org.spongepowered.asm.launch.MixinTweaker has already been visited -- skipping
[08:54:35] [main/WARN] [LaunchWrapper]: Tweak class name org.spongepowered.asm.launch.MixinTweaker has already been visited -- skipping
[08:54:35] [main/WARN] [LaunchWrapper]: Tweak class name org.spongepowered.asm.launch.MixinTweaker has already been visited -- skipping
[08:54:35] [main/WARN] [LaunchWrapper]: Tweak class name org.spongepowered.asm.launch.MixinTweaker has already been visited -- skipping
[08:54:35] [main/WARN] [LaunchWrapper]: Tweak class name org.spongepowered.asm.launch.MixinTweaker has already been visited -- skipping
[08:54:35] [main/WARN] [LaunchWrapper]: Tweak class name org.spongepowered.asm.launch.MixinTweaker has already been visited -- skipping
[08:54:35] [main/WARN] [LaunchWrapper]: Tweak class name org.spongepowered.asm.launch.MixinTweaker has already been visited -- skipping
[08:54:35] [main/WARN] [LaunchWrapper]: Tweak class name org.spongepowered.asm.launch.MixinTweaker has already been visited -- skipping
[08:54:35] [main/WARN] [LaunchWrapper]: Tweak class name org.spongepowered.asm.launch.MixinTweaker has already been visited -- skipping
[08:54:35] [main/INFO] [LaunchWrapper]: Loading tweak class name net.minecraftforge.fml.common.launcher.FMLDeobfTweaker
[08:54:35] [main/INFO] [LaunchWrapper]: Calling tweak class net.minecraftforge.fml.common.launcher.FMLInjectionAndSortingTweaker
[08:54:35] [main/INFO] [LaunchWrapper]: Calling tweak class net.minecraftforge.fml.common.launcher.FMLInjectionAndSortingTweaker
[08:54:35] [main/INFO] [LaunchWrapper]: Calling tweak class net.jan.moddirector.launchwrapper.ModDirectorTweaker
[08:54:35] [main/INFO] [ModDirector/ConfigurationController[CORE]]: Loading config config/mod-director/jsonpaintings.url.json
[08:54:35] [main/INFO] [ModDirector/ConfigurationController[CORE]]: Loading config config/mod-director/optifine.url.json
[08:54:35] [pool-2-thread-1/INFO] [ModDirector/InstallController[CORE]]: Skipping download of /home/Minecraft/rlcraft-server/mods/JSON-Paintings-v1.4.0-mc1.12.2.jar as the hashes match
[08:54:35] [main/INFO] [ModDirector/ForgeLateLoader[Launchwrapper]]: Found new CoreModManager at net.minecraftforge.fml.relauncher.CoreModManager!
[08:54:35] [main/INFO] [ModDirector/ForgeLateLoader[Launchwrapper]]: Found new ModAccessTransformer at net.minecraftforge.fml.common.asm.transformers.ModAccessTransformer!
[08:54:35] [main/INFO] [ModDirector/ForgeLateLoader[Launchwrapper]]: Trying to late load 0 mods
[08:54:35] [main/WARN] [ModDirector/ForgeLateLoader[Launchwrapper]]: Failed to find deobf tweaker, injecting after deobf tweaker at first place
[08:54:35] [main/INFO] [LaunchWrapper]: Calling tweak class net.minecraftforge.fml.relauncher.CoreModManager$FMLPluginWrapper
[08:54:36] [main/INFO] [FML]: Found valid fingerprint for Minecraft Forge. Certificate fingerprint e3c3d50c7c986df74c645c0ac54639741c90a557
[08:54:36] [main/INFO] [LaunchWrapper]: Calling tweak class net.minecraftforge.fml.relauncher.CoreModManager$FMLPluginWrapper
[08:54:36] [main/INFO] [LaunchWrapper]: Calling tweak class net.minecraftforge.fml.relauncher.CoreModManager$FMLPluginWrapper
[08:54:36] [main/INFO] [betterbiomeblend]: Found valid Mixin framework! Proceeding to load.
[08:54:36] [main/INFO] [LaunchWrapper]: Calling tweak class net.minecraftforge.fml.relauncher.CoreModManager$FMLPluginWrapper
[08:54:36] [main/INFO] [LaunchWrapper]: Calling tweak class net.minecraftforge.fml.relauncher.CoreModManager$FMLPluginWrapper
[08:54:36] [main/INFO] [LaunchWrapper]: Calling tweak class net.minecraftforge.fml.relauncher.CoreModManager$FMLPluginWrapper
[08:54:36] [main/INFO] [LaunchWrapper]: Calling tweak class net.minecraftforge.fml.relauncher.CoreModManager$FMLPluginWrapper
[08:54:36] [main/INFO] [LaunchWrapper]: Calling tweak class net.minecraftforge.fml.relauncher.CoreModManager$FMLPluginWrapper
[08:54:36] [main/INFO] [LaunchWrapper]: Calling tweak class net.minecraftforge.fml.relauncher.CoreModManager$FMLPluginWrapper
[08:54:36] [main/INFO] [LaunchWrapper]: Calling tweak class net.minecraftforge.fml.relauncher.CoreModManager$FMLPluginWrapper
[08:54:36] [main/INFO] [LaunchWrapper]: Calling tweak class net.minecraftforge.fml.relauncher.CoreModManager$FMLPluginWrapper
[08:54:36] [main/INFO] [LaunchWrapper]: Calling tweak class net.minecraftforge.fml.relauncher.CoreModManager$FMLPluginWrapper
[08:54:36] [main/INFO] [LaunchWrapper]: Calling tweak class net.minecraftforge.fml.relauncher.CoreModManager$FMLPluginWrapper
[08:54:36] [main/INFO] [LaunchWrapper]: Calling tweak class net.minecraftforge.fml.relauncher.CoreModManager$FMLPluginWrapper
[08:54:36] [main/INFO] [LaunchWrapper]: Calling tweak class net.minecraftforge.fml.relauncher.CoreModManager$FMLPluginWrapper
[08:54:36] [main/INFO] [LaunchWrapper]: Calling tweak class net.minecraftforge.fml.relauncher.CoreModManager$FMLPluginWrapper
[08:54:36] [main/INFO] [LaunchWrapper]: Calling tweak class net.minecraftforge.fml.relauncher.CoreModManager$FMLPluginWrapper
[08:54:36] [main/INFO] [LaunchWrapper]: Calling tweak class org.spongepowered.asm.launch.MixinTweaker
[08:54:36] [main/INFO] [mixin]: Initialised Mixin FML Remapper Adapter with net.minecraftforge.fml.common.asm.transformers.deobf.FMLDeobfuscatingRemapper@3e36b7a0
[08:54:37] [main/INFO] [FermiumJarScanner]: FermiumJarScanner beginning jar searching.
[08:54:37] [main/INFO] [FML]: Searching /home/Minecraft/rlcraft-server/./mods for mods
[08:54:37] [main/INFO] [FML]: Searching /home/Minecraft/rlcraft-server/./mods/1.12.2 for mods
[08:54:37] [main/ERROR] [FermiumJarScanner]: FermiumJarScanner failed to search jar file DregoraRL-3.5.jar.
[08:54:38] [main/INFO] [FermiumJarScanner]: FermiumJarScanner finished jar searching, found 224 ModIDs.
[08:54:38] [main/INFO] [FermiumJarScanner]: FermiumMixinConfig beginning MixinConfig parsing.
[08:54:38] [main/INFO] [FermiumJarScanner]: FermiumMixinConfig enqueueing mixin(s) parsed from annotated config Enable New Variants from amphitheremod.
[08:54:38] [main/INFO] [FermiumRegistryAPI]: FermiumRegistryAPI supplied "mixins.amphitheremod.newvariants.json" for late mixin enqueue, adding.
[08:54:38] [main/INFO] [FermiumJarScanner]: FermiumMixinConfig enqueueing mixin(s) parsed from annotated config Only send to all holding the atlas from antiqueatlasautomarker.
[08:54:38] [main/INFO] [FermiumRegistryAPI]: FermiumRegistryAPI supplied "mixins.aaam.antiqueatlas.overhaul.sendtoallholding.json" for late mixin enqueue, adding.
[08:54:38] [main/INFO] [FermiumJarScanner]: FermiumMixinConfig enqueueing mixin(s) parsed from annotated config Fix Crash with Short/IntDimensionUpdatePacket from antiqueatlasautomarker.
[08:54:38] [main/INFO] [FermiumRegistryAPI]: FermiumRegistryAPI supplied "mixins.aaam.antiqueatlas.overhaul.bytebufcrashfix.json" for late mixin enqueue, adding.
[08:54:38] [main/INFO] [FermiumJarScanner]: FermiumMixinConfig enqueueing mixin(s) parsed from annotated config Also check player offhand for atlases from antiqueatlasautomarker.
[08:54:38] [main/INFO] [FermiumRegistryAPI]: FermiumRegistryAPI supplied "mixins.aaam.antiqueatlas.overhaul.offhand.json" for late mixin enqueue, adding.
[08:54:38] [main/INFO] [FermiumJarScanner]: FermiumMixinConfig enqueueing mixin(s) parsed from annotated config Fix Atlas Marker Lang Keys from antiqueatlasautomarker.
[08:54:38] [main/INFO] [FermiumRegistryAPI]: FermiumRegistryAPI supplied "mixins.aaam.antiqueatlas.overhaul.langkey.json" for late mixin enqueue, adding.
[08:54:38] [main/INFO] [FermiumJarScanner]: FermiumMixinConfig enqueueing mixin(s) parsed from annotated config Fix Atlas Combining Recipe Dupe from antiqueatlasautomarker.
[08:54:38] [main/INFO] [FermiumRegistryAPI]: FermiumRegistryAPI supplied "mixins.aaam.antiqueatlas.overhaul.recipedupe.json" for late mixin enqueue, adding.
[08:54:38] [main/INFO] [FermiumJarScanner]: FermiumMixinConfig enqueueing mixin(s) parsed from annotated config Marker data in smaller packets from antiqueatlasautomarker.
[08:54:38] [main/INFO] [FermiumRegistryAPI]: FermiumRegistryAPI supplied "mixins.aaam.antiqueatlas.overhaul.markerpacketchunking.json" for late mixin enqueue, adding.
[08:54:38] [main/INFO] [FermiumJarScanner]: FermiumMixinConfig enqueueing mixin(s) parsed from annotated config Allow hiding specific markers from antiqueatlasautomarker.
[08:54:38] [main/INFO] [FermiumRegistryAPI]: FermiumRegistryAPI supplied "mixins.aaam.antiqueatlas.displaydisablemarkertypes.json" for late mixin enqueue, adding.
[08:54:38] [main/INFO] [FermiumJarScanner]: FermiumMixinConfig enqueueing mixin(s) parsed from annotated config Scroll Marker Types Vertically from antiqueatlasautomarker.
[08:54:38] [main/INFO] [FermiumRegistryAPI]: FermiumRegistryAPI supplied "mixins.aaam.antiqueatlas.selectmarkersvertically.json" for late mixin enqueue, adding.
[08:54:38] [main/INFO] [FermiumJarScanner]: FermiumMixinConfig enqueueing mixin(s) parsed from annotated config AARC Enabled from antiqueatlasautomarker.
[08:54:38] [main/INFO] [FermiumRegistryAPI]: FermiumRegistryAPI supplied "mixins.aaam.aarc.json" for late mixin enqueue, adding.
[08:54:38] [main/INFO] [FermiumJarScanner]: FermiumMixinConfig enqueueing mixin(s) parsed from annotated config Activated - Enabled from antiqueatlasautomarker.
[08:54:38] [main/INFO] [FermiumRegistryAPI]: FermiumRegistryAPI supplied "mixins.aaam.waystones.activated.json" for late mixin enqueue, adding.
[08:54:38] [main/INFO] [FermiumJarScanner]: FermiumMixinConfig enqueueing mixin(s) parsed from annotated config Allow selecting waystone on map from antiqueatlasautomarker.
[08:54:38] [main/INFO] [FermiumRegistryAPI]: FermiumRegistryAPI supplied "mixins.aaam.mapselect.json" for late mixin enqueue, adding.
[08:54:38] [main/INFO] [FermiumJarScanner]: FermiumMixinConfig enqueueing mixin(s) parsed from annotated config Anvil Too Expensive Fix (AnvilPatch) from fermiummixins.
[08:54:38] [main/INFO] [FermiumRegistryAPI]: FermiumRegistryAPI supplied "mixins.fermiummixins.early.anvilpatch.tooexpensivefix.json" for early mixin enqueue, adding.
[08:54:38] [main/INFO] [FermiumJarScanner]: FermiumMixinConfig enqueueing mixin(s) parsed from annotated config Cart Distance Fix (AstikorCarts) from fermiummixins.
[08:54:38] [main/INFO] [FermiumRegistryAPI]: FermiumRegistryAPI supplied "mixins.fermiummixins.late.astikorcarts.cartdistance.json" for late mixin enqueue, adding.
[08:54:38] [main/INFO] [FermiumJarScanner]: FermiumMixinConfig enqueueing mixin(s) parsed from annotated config Boss Cart Prevention (AstikorCarts) from fermiummixins.
[08:54:38] [main/INFO] [FermiumRegistryAPI]: FermiumRegistryAPI supplied "mixins.fermiummixins.late.astikorcarts.bosscart.json" for late mixin enqueue, adding.
[08:54:38] [main/INFO] [FermiumJarScanner]: FermiumMixinConfig enqueueing mixin(s) parsed from annotated config Config Load Spam Fix (Battletowers) from fermiummixins.
[08:54:38] [main/INFO] [FermiumRegistryAPI]: FermiumRegistryAPI supplied "mixins.fermiummixins.late.battletowers.configperformance.json" for late mixin enqueue, adding.
[08:54:38] [main/INFO] [FermiumJarScanner]: FermiumMixinConfig enqueueing mixin(s) parsed from annotated config BetterFoliage Whitelist/Blacklist Cache (BetterFoliage) from fermiummixins.
[08:54:38] [main/INFO] [FermiumRegistryAPI]: FermiumRegistryAPI supplied "mixins.fermiummixins.late.betterfoliage.cache.json" for late mixin enqueue, adding.
[08:54:38] [main/INFO] [FermiumJarScanner]: FermiumMixinConfig enqueueing mixin(s) parsed from annotated config BetterFoliage Geometry Offset (BetterFoliage) from fermiummixins.
[08:54:38] [main/INFO] [FermiumRegistryAPI]: FermiumRegistryAPI supplied "mixins.fermiummixins.late.betterfoliage.offset.json" for late mixin enqueue, adding.
[08:54:38] [main/INFO] [FermiumJarScanner]: FermiumMixinConfig enqueueing mixin(s) parsed from annotated config Excess Mineshaft Chunk Generation Fix (BetterMineshafts) from fermiummixins.
[08:54:38] [main/INFO] [FermiumRegistryAPI]: FermiumRegistryAPI supplied "mixins.fermiummixins.late.bettermineshafts.performance.json" for late mixin enqueue, adding.
[08:54:38] [main/INFO] [FermiumJarScanner]: FermiumMixinConfig enqueueing mixin(s) parsed from annotated config Mineshaft Biome Blacklist Patch (BetterMineshafts) from fermiummixins.
[08:54:38] [main/INFO] [FermiumRegistryAPI]: FermiumRegistryAPI supplied "mixins.fermiummixins.late.bettermineshafts.blacklist.json" for late mixin enqueue, adding.
[08:54:38] [main/INFO] [FermiumJarScanner]: FermiumMixinConfig enqueueing mixin(s) parsed from annotated config BetterNether Memory Leak Fix (BetterNether) from fermiummixins.
[08:54:38] [main/INFO] [FermiumRegistryAPI]: FermiumRegistryAPI supplied "mixins.fermiummixins.late.betternether.memoryleak.json" for late mixin enqueue, adding.
[08:54:38] [main/INFO] [FermiumJarScanner]: FermiumMixinConfig enqueueing mixin(s) parsed from annotated config BetterNether Double Slab Drop Fix (BetterNether) from fermiummixins.
[08:54:38] [main/INFO] [FermiumRegistryAPI]: FermiumRegistryAPI supplied "mixins.fermiummixins.late.betternether.slabdrop.json" for late mixin enqueue, adding.
[08:54:38] [main/INFO] [FermiumJarScanner]: FermiumMixinConfig enqueueing mixin(s) parsed from annotated config BetterNether Door Dupe Fix (BetterNether) from fermiummixins.
[08:54:38] [main/INFO] [FermiumRegistryAPI]: FermiumRegistryAPI supplied "mixins.fermiummixins.late.betternether.doordupe.json" for late mixin enqueue, adding.
[08:54:38] [main/INFO] [FermiumJarScanner]: FermiumMixinConfig enqueueing mixin(s) parsed from annotated config Stalagnate Bowl Fix (BetterNether) from fermiummixins.
[08:54:38] [main/INFO] [FermiumRegistryAPI]: FermiumRegistryAPI supplied "mixins.fermiummixins.late.betternether.soupbowl.json" for late mixin enqueue, adding.
[08:54:38] [main/INFO] [FermiumJarScanner]: FermiumMixinConfig enqueueing mixin(s) parsed from annotated config BetterQuesting Memory Leak Fix (BetterQuestingStandardExpansion) from fermiummixins.
[08:54:38] [main/INFO] [FermiumRegistryAPI]: FermiumRegistryAPI supplied "mixins.fermiummixins.late.betterquesting.memoryleak.json" for late mixin enqueue, adding.
[08:54:38] [main/INFO] [FermiumJarScanner]: FermiumMixinConfig enqueueing mixin(s) parsed from annotated config Prevent Nether Wasp Farming (BiomesOPlenty) from fermiummixins.
[08:54:38] [main/INFO] [FermiumRegistryAPI]: FermiumRegistryAPI supplied "mixins.fermiummixins.early.biomesoplenty.waspfarm.json" for early mixin enqueue, adding.
[08:54:38] [main/INFO] [FermiumJarScanner]: FermiumMixinConfig enqueueing mixin(s) parsed from annotated config Bloodmoon Loot Pickup Fix (Bloodmoon) from fermiummixins.
[08:54:38] [main/INFO] [FermiumRegistryAPI]: FermiumRegistryAPI supplied "mixins.fermiummixins.early.bloodmoon.lootpickup.json" for early mixin enqueue, adding.
[08:54:38] [main/INFO] [FermiumJarScanner]: FermiumMixinConfig enqueueing mixin(s) parsed from annotated config Bloodmoon Spawner Performance (Bloodmoon) from fermiummixins.
[08:54:38] [main/INFO] [FermiumRegistryAPI]: FermiumRegistryAPI supplied "mixins.fermiummixins.late.bloodmoon.spawnerperformance.json" for late mixin enqueue, adding.
[08:54:38] [main/INFO] [FermiumJarScanner]: FermiumMixinConfig enqueueing mixin(s) parsed from annotated config Bloodmoon Optifine Compat Patch (Bloodmoon) from fermiummixins.
[08:54:38] [main/INFO] [FermiumRegistryAPI]: FermiumRegistryAPI supplied "mixins.fermiummixins.early.bloodmoon.optifinerender.json" for early mixin enqueue, adding.
[08:54:38] [main/INFO] [FermiumJarScanner]: FermiumMixinConfig enqueueing mixin(s) parsed from annotated config Flare Gun Rework (BountifulBaubles) from fermiummixins.
[08:54:38] [main/INFO] [FermiumRegistryAPI]: FermiumRegistryAPI supplied "mixins.fermiummixins.early.bountifulbaubles.flaregun.json" for early mixin enqueue, adding.
[08:54:38] [main/INFO] [FermiumRegistryAPI]: FermiumRegistryAPI supplied "mixins.fermiummixins.late.bountifulbaubles.flaregun.json" for late mixin enqueue, adding.
[08:54:38] [main/INFO] [FermiumJarScanner]: FermiumMixinConfig enqueueing mixin(s) parsed from annotated config Enchantment isShield Fix (BountifulBaubles) from fermiummixins.
[08:54:38] [main/INFO] [FermiumRegistryAPI]: FermiumRegistryAPI supplied "mixins.fermiummixins.late.bountifulbaubles.isshield.json" for late mixin enqueue, adding.
[08:54:38] [main/INFO] [FermiumJarScanner]: FermiumMixinConfig enqueueing mixin(s) parsed from annotated config Cobalt Shield Increased Resistance (BountifulBaubles) from fermiummixins.
[08:54:38] [main/INFO] [FermiumRegistryAPI]: FermiumRegistryAPI supplied "mixins.fermiummixins.late.bountifulbaubles.knockback.json" for late mixin enqueue, adding.
[08:54:38] [main/INFO] [FermiumJarScanner]: FermiumMixinConfig enqueueing mixin(s) parsed from annotated config Reforging Binding Fix (BountifulBaubles) from fermiummixins.
[08:54:38] [main/INFO] [FermiumRegistryAPI]: FermiumRegistryAPI supplied "mixins.fermiummixins.late.bountifulbaubles.binding.json" for late mixin enqueue, adding.
[08:54:38] [main/INFO] [FermiumJarScanner]: FermiumMixinConfig enqueueing mixin(s) parsed from annotated config Fire Resistance Baubles Rework (BountifulBaubles) from fermiummixins.
[08:54:38] [main/INFO] [FermiumRegistryAPI]: FermiumRegistryAPI supplied "mixins.fermiummixins.late.bountifulbaubles.fireresistance.json" for late mixin enqueue, adding.
[08:54:38] [main/INFO] [FermiumJarScanner]: FermiumMixinConfig enqueueing mixin(s) parsed from annotated config Gluttony Eating Speed Only (BountifulBaubles) from fermiummixins.
[08:54:38] [main/INFO] [FermiumRegistryAPI]: FermiumRegistryAPI supplied "mixins.fermiummixins.late.bountifulbaubles.drink.json" for late mixin enqueue, adding.
[08:54:38] [main/INFO] [FermiumJarScanner]: FermiumMixinConfig enqueueing mixin(s) parsed from annotated config Gluttony Ignore Trumpet Fix (BountifulBaubles/TrumpetSkeleton) from fermiummixins.
[08:54:38] [main/INFO] [FermiumRegistryAPI]: FermiumRegistryAPI supplied "mixins.fermiummixins.late.bountifulbaubles.trumpet.json" for late mixin enqueue, adding.
[08:54:38] [main/INFO] [FermiumJarScanner]: FermiumMixinConfig enqueueing mixin(s) parsed from annotated config Broken Heart First Aid Fix (BountifulBaubles/FirstAid) from fermiummixins.
[08:54:38] [main/INFO] [FermiumRegistryAPI]: FermiumRegistryAPI supplied "mixins.fermiummixins.late.bountifulbaubles.brokenheart.json" for late mixin enqueue, adding.
[08:54:38] [main/INFO] [FermiumJarScanner]: FermiumMixinConfig enqueueing mixin(s) parsed from annotated config Ungenerated Chest Patch (CarryOn) from fermiummixins.
[08:54:38] [main/INFO] [FermiumRegistryAPI]: FermiumRegistryAPI supplied "mixins.fermiummixins.late.carryon.chest.json" for late mixin enqueue, adding.
[08:54:38] [main/INFO] [FermiumJarScanner]: FermiumMixinConfig enqueueing mixin(s) parsed from annotated config Passenger Rider Death Fix (CarryOn) from fermiummixins.
[08:54:38] [main/INFO] [FermiumRegistryAPI]: FermiumRegistryAPI supplied "mixins.fermiummixins.late.carryon.position.json" for late mixin enqueue, adding.
[08:54:38] [main/INFO] [FermiumJarScanner]: FermiumMixinConfig enqueueing mixin(s) parsed from annotated config Saddled Pig Fix (CarryOn) from fermiummixins.
[08:54:38] [main/INFO] [FermiumRegistryAPI]: FermiumRegistryAPI supplied "mixins.fermiummixins.late.carryon.pig.json" for late mixin enqueue, adding.
[08:54:38] [main/INFO] [FermiumJarScanner]: FermiumMixinConfig enqueueing mixin(s) parsed from annotated config Pack Animal Inventory Fix (CarryOn) from fermiummixins.
[08:54:38] [main/INFO] [FermiumRegistryAPI]: FermiumRegistryAPI supplied "mixins.fermiummixins.late.carryon.chesthorse.json" for late mixin enqueue, adding.
[08:54:38] [main/INFO] [FermiumJarScanner]: FermiumMixinConfig enqueueing mixin(s) parsed from annotated config Prevent Infested Farming (Champions) from fermiummixins.
[08:54:38] [main/INFO] [FermiumRegistryAPI]: FermiumRegistryAPI supplied "mixins.fermiummixins.late.champions.infested.json" for late mixin enqueue, adding.
[08:54:38] [main/INFO] [FermiumJarScanner]: FermiumMixinConfig enqueueing mixin(s) parsed from annotated config Jailer Time Fix (Champions) from fermiummixins.
[08:54:38] [main/INFO] [FermiumRegistryAPI]: FermiumRegistryAPI supplied "mixins.fermiummixins.late.champions.jailer.json" for late mixin enqueue, adding.
[08:54:38] [main/INFO] [FermiumJarScanner]: FermiumMixinConfig enqueueing mixin(s) parsed from annotated config Death Message Tweak (Champions) from fermiummixins.
[08:54:38] [main/INFO] [FermiumRegistryAPI]: FermiumRegistryAPI supplied "mixins.fermiummixins.late.champions.deathmessage.json" for late mixin enqueue, adding.
[08:54:38] [main/INFO] [FermiumJarScanner]: FermiumMixinConfig enqueueing mixin(s) parsed from annotated config Potion Particle Visibility (Champions) from fermiummixins.
[08:54:38] [main/INFO] [FermiumRegistryAPI]: FermiumRegistryAPI supplied "mixins.fermiummixins.late.champions.particle.json" for late mixin enqueue, adding.
[08:54:38] [main/INFO] [FermiumJarScanner]: FermiumMixinConfig enqueueing mixin(s) parsed from annotated config Reflecting Damage Fix (Champions) from fermiummixins.
[08:54:38] [main/INFO] [FermiumRegistryAPI]: FermiumRegistryAPI supplied "mixins.fermiummixins.late.champions.reflecting.json" for late mixin enqueue, adding.
[08:54:38] [main/INFO] [FermiumJarScanner]: FermiumMixinConfig enqueueing mixin(s) parsed from annotated config Prevent Ownable Champions (Champions) from fermiummixins.
[08:54:38] [main/INFO] [FermiumRegistryAPI]: FermiumRegistryAPI supplied "mixins.fermiummixins.late.champions.ownable.json" for late mixin enqueue, adding.
[08:54:38] [main/INFO] [FermiumJarScanner]: FermiumMixinConfig enqueueing mixin(s) parsed from annotated config Prevent Infernal Champions (Champions/InfernalMobs) from fermiummixins.
[08:54:38] [main/INFO] [FermiumRegistryAPI]: FermiumRegistryAPI supplied "mixins.fermiummixins.late.champions.infernals.json" for late mixin enqueue, adding.
[08:54:38] [main/INFO] [FermiumJarScanner]: FermiumMixinConfig enqueueing mixin(s) parsed from annotated config Prevent Shulker Crate Insertion (Charm) from fermiummixins.
[08:54:38] [main/INFO] [FermiumRegistryAPI]: FermiumRegistryAPI supplied "mixins.fermiummixins.early.charm.shulkerinsertion.json" for early mixin enqueue, adding.
[08:54:38] [main/INFO] [FermiumJarScanner]: FermiumMixinConfig enqueueing mixin(s) parsed from annotated config Magnetic Enchant Dupe Patch (Charm) from fermiummixins.
[08:54:38] [main/INFO] [FermiumRegistryAPI]: FermiumRegistryAPI supplied "mixins.fermiummixins.late.charm.magneticdupe.json" for late mixin enqueue, adding.
[08:54:38] [main/INFO] [FermiumJarScanner]: FermiumMixinConfig enqueueing mixin(s) parsed from annotated config Rusting Curse Negative Durability Patch (Charm) from fermiummixins.
[08:54:38] [main/INFO] [FermiumRegistryAPI]: FermiumRegistryAPI supplied "mixins.fermiummixins.late.charm.rustingdurability.json" for late mixin enqueue, adding.
[08:54:38] [main/INFO] [FermiumJarScanner]: FermiumMixinConfig enqueueing mixin(s) parsed from annotated config Colored Rune Portal Player Only (Charm) from fermiummixins.
[08:54:38] [main/INFO] [FermiumRegistryAPI]: FermiumRegistryAPI supplied "mixins.fermiummixins.late.charm.runeportalplayeronly.json" for late mixin enqueue, adding.
[08:54:38] [main/INFO] [FermiumJarScanner]: FermiumMixinConfig enqueueing mixin(s) parsed from annotated config Hat Stand Crash (ClassyHats) from fermiummixins.
[08:54:38] [main/INFO] [FermiumRegistryAPI]: FermiumRegistryAPI supplied "mixins.fermiummixins.late.classyhats.pickblock.json" for late mixin enqueue, adding.
[08:54:38] [main/INFO] [FermiumJarScanner]: FermiumMixinConfig enqueueing mixin(s) parsed from annotated config XP Return Fix (CorpseComplex) from fermiummixins.
[08:54:38] [main/INFO] [FermiumRegistryAPI]: FermiumRegistryAPI supplied "mixins.fermiummixins.late.corpsecomplex.xpreturn.json" for late mixin enqueue, adding.
[08:54:38] [main/INFO] [FermiumJarScanner]: FermiumMixinConfig enqueueing mixin(s) parsed from annotated config Corruption Performance Improvements (DefiledLands) from fermiummixins.
[08:54:38] [main/INFO] [FermiumRegistryAPI]: FermiumRegistryAPI supplied "mixins.fermiummixins.late.defiledlands.corruption.json" for late mixin enqueue, adding.
[08:54:38] [main/INFO] [FermiumJarScanner]: FermiumMixinConfig enqueueing mixin(s) parsed from annotated config Modify BookWyrm Max Level (DefiledLands) from fermiummixins.
[08:54:38] [main/INFO] [FermiumRegistryAPI]: FermiumRegistryAPI supplied "mixins.fermiummixins.late.defiledlands.bookwyrms.json" for late mixin enqueue, adding.
[08:54:38] [main/INFO] [FermiumJarScanner]: FermiumMixinConfig enqueueing mixin(s) parsed from annotated config Table GUI Crash Fix (Disenchanter) from fermiummixins.
[08:54:38] [main/INFO] [FermiumRegistryAPI]: FermiumRegistryAPI supplied "mixins.fermiummixins.late.disenchanter.crash.json" for late mixin enqueue, adding.
[08:54:38] [main/INFO] [FermiumJarScanner]: FermiumMixinConfig enqueueing mixin(s) parsed from annotated config Dungeon Theme Error (DoomlikeDungeons) from fermiummixins.
[08:54:38] [main/INFO] [FermiumRegistryAPI]: FermiumRegistryAPI supplied "mixins.fermiummixins.late.doomlikedungeons.themeerror.json" for late mixin enqueue, adding.
[08:54:38] [main/INFO] [FermiumJarScanner]: FermiumMixinConfig enqueueing mixin(s) parsed from annotated config WorldGen Leaves Lighting Lag Fix (DramaticTrees) from fermiummixins.
[08:54:38] [main/INFO] [FermiumRegistryAPI]: FermiumRegistryAPI supplied "mixins.fermiummixins.late.dramatictrees.lighting.json" for late mixin enqueue, adding.
[08:54:38] [main/INFO] [FermiumJarScanner]: FermiumMixinConfig enqueueing mixin(s) parsed from annotated config Collision Box Cache (DramaticTrees) from fermiummixins.
[08:54:38] [main/INFO] [FermiumRegistryAPI]: FermiumRegistryAPI supplied "mixins.fermiummixins.late.dramatictrees.aabbcache.json" for late mixin enqueue, adding.
[08:54:38] [main/INFO] [FermiumJarScanner]: FermiumMixinConfig enqueueing mixin(s) parsed from annotated config Custom Entity Chat Bubbles (DynamicSurroundings) from fermiummixins.
[08:54:38] [main/INFO] [FermiumRegistryAPI]: FermiumRegistryAPI supplied "mixins.fermiummixins.late.dynamicsurroundings.customchat.json" for late mixin enqueue, adding.
[08:54:38] [main/INFO] [FermiumJarScanner]: FermiumMixinConfig enqueueing mixin(s) parsed from annotated config Entity Chat Bubble Shaders Patch (DynamicSurroundings/Optifine) from fermiummixins.
[08:54:38] [main/INFO] [FermiumRegistryAPI]: FermiumRegistryAPI supplied "mixins.fermiummixins.late.dynamicsurroundings.chatrender.json" for late mixin enqueue, adding.
[08:54:38] [main/INFO] [FermiumJarScanner]: FermiumMixinConfig enqueueing mixin(s) parsed from annotated config Potion Amplifier Visibility (DynamicSurroundings/DSHuds) from fermiummixins.
[08:54:38] [main/INFO] [FermiumRegistryAPI]: FermiumRegistryAPI supplied "mixins.fermiummixins.late.dynamicsurroundings.potionamplifier.json" for late mixin enqueue, adding.
[08:54:38] [main/INFO] [FermiumJarScanner]: FermiumMixinConfig enqueueing mixin(s) parsed from annotated config Display Barometer/Photometer Information (DynamicSurroundings/DSHuds/Inspirations) from fermiummixins.
[08:54:38] [main/INFO] [FermiumRegistryAPI]: FermiumRegistryAPI supplied "mixins.fermiummixins.late.dynamicsurroundings.barophotometer.json" for late mixin enqueue, adding.
[08:54:38] [main/INFO] [FermiumJarScanner]: FermiumMixinConfig enqueueing mixin(s) parsed from annotated config Tick Performance Improvement (ElenaiDodge) from fermiummixins.
[08:54:38] [main/INFO] [FermiumRegistryAPI]: FermiumRegistryAPI supplied "mixins.fermiummixins.late.elenaidodge.performance.json" for late mixin enqueue, adding.
[08:54:38] [main/INFO] [FermiumJarScanner]: FermiumMixinConfig enqueueing mixin(s) parsed from annotated config FancyMenu Server Crash (FancyMenu) from fermiummixins.
[08:54:38] [main/INFO] [FermiumRegistryAPI]: FermiumRegistryAPI supplied "mixins.fermiummixins.early.fancymenu.servercrash.json" for early mixin enqueue, adding.
[08:54:38] [main/INFO] [FermiumJarScanner]: FermiumMixinConfig enqueueing mixin(s) parsed from annotated config Fix Health Display (FirstAid) from fermiummixins.
[08:54:38] [main/INFO] [FermiumRegistryAPI]: FermiumRegistryAPI supplied "mixins.fermiummixins.late.firstaid.heartrender.json" for late mixin enqueue, adding.
[08:54:38] [main/INFO] [FermiumJarScanner]: FermiumMixinConfig enqueueing mixin(s) parsed from annotated config Horse Meat From Llamas Fix (FoodExpansion) from fermiummixins.
[08:54:38] [main/INFO] [FermiumRegistryAPI]: FermiumRegistryAPI supplied "mixins.fermiummixins.late.foodexpansion.llama.json" for late mixin enqueue, adding.
[08:54:38] [main/INFO] [FermiumJarScanner]: FermiumMixinConfig enqueueing mixin(s) parsed from annotated config Vein Pickaxe Abuse Patch (ForgottenItems) from fermiummixins.
[08:54:38] [main/INFO] [FermiumRegistryAPI]: FermiumRegistryAPI supplied "mixins.fermiummixins.late.forgottenitems.veinpick.json" for late mixin enqueue, adding.
[08:54:38] [main/INFO] [FermiumJarScanner]: FermiumMixinConfig enqueueing mixin(s) parsed from annotated config Broken Rune Fix (ForgottenItems) from fermiummixins.
[08:54:38] [main/INFO] [FermiumRegistryAPI]: FermiumRegistryAPI supplied "mixins.fermiummixins.late.forgottenitems.rune.json" for late mixin enqueue, adding.
[08:54:38] [main/INFO] [FermiumJarScanner]: FermiumMixinConfig enqueueing mixin(s) parsed from annotated config Bound Tools Lost NBT Fix (ForgottenItems) from fermiummixins.
[08:54:38] [main/INFO] [FermiumRegistryAPI]: FermiumRegistryAPI supplied "mixins.fermiummixins.late.forgottenitems.bound.json" for late mixin enqueue, adding.
[08:54:38] [main/ERROR] [FermiumJarScanner]: FermiumMixinConfig config Fix Spawn Rule Repetition (InControl/Optifine) from fermiummixins disabled as incompatible without optifine: Issue only arises if OptiFine is present.
[08:54:38] [main/INFO] [FermiumJarScanner]: FermiumMixinConfig enqueueing mixin(s) parsed from annotated config Infernal Particle Spam (InfernalMobs) from fermiummixins.
[08:54:38] [main/INFO] [FermiumRegistryAPI]: FermiumRegistryAPI supplied "mixins.fermiummixins.late.infernalmobs.particle.json" for late mixin enqueue, adding.
[08:54:38] [main/INFO] [FermiumJarScanner]: FermiumMixinConfig enqueueing mixin(s) parsed from annotated config Config Load Spam Fix (InfernalMobs) from fermiummixins.
[08:54:38] [main/INFO] [FermiumRegistryAPI]: FermiumRegistryAPI supplied "mixins.fermiummixins.late.infernalmobs.configperformance.json" for late mixin enqueue, adding.
[08:54:38] [main/INFO] [FermiumJarScanner]: FermiumMixinConfig enqueueing mixin(s) parsed from annotated config Remove Shield Protection Enchants (Inspirations) from fermiummixins.
[08:54:38] [main/INFO] [FermiumRegistryAPI]: FermiumRegistryAPI supplied "mixins.fermiummixins.late.inspirations.protection.json" for late mixin enqueue, adding.
[08:54:38] [main/INFO] [FermiumJarScanner]: FermiumMixinConfig enqueueing mixin(s) parsed from annotated config Bookshelf Color Crash Fix (Inspirations) from fermiummixins.
[08:54:38] [main/INFO] [FermiumRegistryAPI]: FermiumRegistryAPI supplied "mixins.fermiummixins.late.inspirations.colorcrash.json" for late mixin enqueue, adding.
[08:54:38] [main/INFO] [FermiumJarScanner]: FermiumMixinConfig enqueueing mixin(s) parsed from annotated config Server Crash Fix (ItemPhysics) from fermiummixins.
[08:54:38] [main/INFO] [FermiumRegistryAPI]: FermiumRegistryAPI supplied "mixins.fermiummixins.early.itemphysics.servercrash.json" for early mixin enqueue, adding.
[08:54:38] [main/INFO] [FermiumRegistryAPI]: FermiumRegistryAPI supplied "mixins.fermiummixins.late.itemphysics.servercrash.json" for late mixin enqueue, adding.
[08:54:38] [main/INFO] [FermiumJarScanner]: FermiumMixinConfig enqueueing mixin(s) parsed from annotated config Item Pickup Reach Attribute (ItemPhysics/ReachFix) from fermiummixins.
[08:54:38] [main/INFO] [FermiumRegistryAPI]: FermiumRegistryAPI supplied "mixins.fermiummixins.late.itemphysics.reach.json" for late mixin enqueue, adding.
[08:54:38] [main/INFO] [FermiumJarScanner]: FermiumMixinConfig enqueueing mixin(s) parsed from annotated config CarryOn Q Fix (ItemPhysics/CarryOn) from fermiummixins.
[08:54:38] [main/INFO] [FermiumRegistryAPI]: FermiumRegistryAPI supplied "mixins.fermiummixins.late.itemphysics.carryonq.json" for late mixin enqueue, adding.
[08:54:38] [main/INFO] [FermiumJarScanner]: FermiumMixinConfig enqueueing mixin(s) parsed from annotated config Ignore Anvil Enchantment Recipes (JEI) from fermiummixins.
[08:54:38] [main/INFO] [FermiumRegistryAPI]: FermiumRegistryAPI supplied "mixins.fermiummixins.late.jei.enchant.json" for late mixin enqueue, adding.
[08:54:38] [main/INFO] [FermiumJarScanner]: FermiumMixinConfig enqueueing mixin(s) parsed from annotated config Keyring Dupe Patch (Locks) from fermiummixins.
[08:54:38] [main/INFO] [FermiumRegistryAPI]: FermiumRegistryAPI supplied "mixins.fermiummixins.late.locks.dupe.json" for late mixin enqueue, adding.
[08:54:38] [main/INFO] [FermiumJarScanner]: FermiumMixinConfig enqueueing mixin(s) parsed from annotated config Render Box Resize (LycanitesMobs) from fermiummixins.
[08:54:38] [main/INFO] [FermiumRegistryAPI]: FermiumRegistryAPI supplied "mixins.fermiummixins.late.lycanitesmobs.render.json" for late mixin enqueue, adding.
[08:54:38] [main/INFO] [FermiumJarScanner]: FermiumMixinConfig enqueueing mixin(s) parsed from annotated config Spriggan Growth Rate Override Patch (LycanitesMobs) from fermiummixins.
[08:54:38] [main/INFO] [FermiumRegistryAPI]: FermiumRegistryAPI supplied "mixins.fermiummixins.late.lycanitesmobs.spriggan.json" for late mixin enqueue, adding.
[08:54:38] [main/INFO] [FermiumJarScanner]: FermiumMixinConfig enqueueing mixin(s) parsed from annotated config Asmodeus Minion Patch (LycanitesMobs) from fermiummixins.
[08:54:38] [main/INFO] [FermiumRegistryAPI]: FermiumRegistryAPI supplied "mixins.fermiummixins.late.lycanitesmobs.minion.json" for late mixin enqueue, adding.
[08:54:38] [main/INFO] [FermiumJarScanner]: FermiumMixinConfig enqueueing mixin(s) parsed from annotated config Allow Charges In Item Frames (LycanitesMobs) from fermiummixins.
[08:54:38] [main/INFO] [FermiumRegistryAPI]: FermiumRegistryAPI supplied "mixins.fermiummixins.late.lycanitesmobs.itemframe.json" for late mixin enqueue, adding.
[08:54:38] [main/INFO] [FermiumJarScanner]: FermiumMixinConfig enqueueing mixin(s) parsed from annotated config Fix Duplicate Render ID Crash (MoBends) from fermiummixins.
[08:54:38] [main/INFO] [FermiumRegistryAPI]: FermiumRegistryAPI supplied "mixins.fermiummixins.early.mobends.idcrash.json" for early mixin enqueue, adding.
[08:54:38] [main/INFO] [FermiumRegistryAPI]: FermiumRegistryAPI supplied "mixins.fermiummixins.late.mobends.idcrash.json" for late mixin enqueue, adding.
[08:54:38] [main/INFO] [FermiumJarScanner]: FermiumMixinConfig enqueueing mixin(s) parsed from annotated config MoBends Memory Leak Patches (MoBends) from fermiummixins.
[08:54:38] [main/INFO] [FermiumRegistryAPI]: FermiumRegistryAPI supplied "mixins.fermiummixins.early.mobends.memleak.json" for early mixin enqueue, adding.
[08:54:38] [main/INFO] [FermiumRegistryAPI]: FermiumRegistryAPI supplied "mixins.fermiummixins.late.mobends.memleak.json" for late mixin enqueue, adding.
[08:54:38] [main/INFO] [FermiumJarScanner]: FermiumMixinConfig enqueueing mixin(s) parsed from annotated config Health Bar Shaders Patch (Neat) from fermiummixins.
[08:54:38] [main/INFO] [FermiumRegistryAPI]: FermiumRegistryAPI supplied "mixins.fermiummixins.late.neat.optifinerender.json" for late mixin enqueue, adding.
[08:54:38] [main/INFO] [FermiumJarScanner]: FermiumMixinConfig enqueueing mixin(s) parsed from annotated config Clay Tool Enchant Patch (NoTreePunching) from fermiummixins.
[08:54:38] [main/INFO] [FermiumRegistryAPI]: FermiumRegistryAPI supplied "mixins.fermiummixins.late.notreepunching.claytool.json" for late mixin enqueue, adding.
[08:54:38] [main/INFO] [FermiumJarScanner]: FermiumMixinConfig enqueueing mixin(s) parsed from annotated config Mattock Durability Patch (NoTreePunching) from fermiummixins.
[08:54:38] [main/INFO] [FermiumRegistryAPI]: FermiumRegistryAPI supplied "mixins.fermiummixins.late.notreepunching.mattock.json" for late mixin enqueue, adding.
[08:54:38] [main/INFO] [FermiumJarScanner]: FermiumMixinConfig enqueueing mixin(s) parsed from annotated config Force Vanilla Spawning (OpenTerrainGenerator) from fermiummixins.
[08:54:38] [main/INFO] [FermiumRegistryAPI]: FermiumRegistryAPI supplied "mixins.fermiummixins.late.openterraingenerator.respawn.json" for late mixin enqueue, adding.
[08:54:38] [main/INFO] [FermiumJarScanner]: FermiumMixinConfig enqueueing mixin(s) parsed from annotated config Force Disable Pregenerator (OpenTerrainGenerator) from fermiummixins.
[08:54:38] [main/INFO] [FermiumRegistryAPI]: FermiumRegistryAPI supplied "mixins.fermiummixins.late.openterraingenerator.pregen.json" for late mixin enqueue, adding.
[08:54:38] [main/INFO] [FermiumJarScanner]: FermiumMixinConfig enqueueing mixin(s) parsed from annotated config Save To Disk Crash Improvement (OpenTerrainGenerator) from fermiummixins.
[08:54:38] [main/INFO] [FermiumRegistryAPI]: FermiumRegistryAPI supplied "mixins.fermiummixins.late.openterraingenerator.savetodiskcrash.json" for late mixin enqueue, adding.
[08:54:38] [main/INFO] [FermiumJarScanner]: FermiumMixinConfig enqueueing mixin(s) parsed from annotated config World Gen Crash Improvement (OpenTerrainGenerator) from fermiummixins.
[08:54:38] [main/INFO] [FermiumRegistryAPI]: FermiumRegistryAPI supplied "mixins.fermiummixins.late.openterraingenerator.worldgencrash.json" for late mixin enqueue, adding.
[08:54:38] [main/INFO] [FermiumJarScanner]: FermiumMixinConfig enqueueing mixin(s) parsed from annotated config CustomStructureCache Improve Load Speed (OpenTerrainGenerator) from fermiummixins.
[08:54:38] [main/INFO] [FermiumRegistryAPI]: FermiumRegistryAPI supplied "mixins.fermiummixins.late.openterraingenerator.cacheloadspeed.json" for late mixin enqueue, adding.
[08:54:38] [main/INFO] [FermiumJarScanner]: FermiumMixinConfig enqueueing mixin(s) parsed from annotated config Invert Debuff Only (PotionCore) from fermiummixins.
[08:54:38] [main/INFO] [FermiumRegistryAPI]: FermiumRegistryAPI supplied "mixins.fermiummixins.late.potioncore.invert.json" for late mixin enqueue, adding.
[08:54:38] [main/INFO] [FermiumJarScanner]: FermiumMixinConfig enqueueing mixin(s) parsed from annotated config Revival Player Only (PotionCore) from fermiummixins.
[08:54:38] [main/INFO] [FermiumRegistryAPI]: FermiumRegistryAPI supplied "mixins.fermiummixins.late.potioncore.revival.json" for late mixin enqueue, adding.
[08:54:38] [main/INFO] [FermiumJarScanner]: FermiumMixinConfig enqueueing mixin(s) parsed from annotated config Limit Modifier Checks (QualityTools) from fermiummixins.
[08:54:38] [main/INFO] [FermiumRegistryAPI]: FermiumRegistryAPI supplied "mixins.fermiummixins.late.qualitytools.performance.json" for late mixin enqueue, adding.
[08:54:38] [main/INFO] [FermiumJarScanner]: FermiumMixinConfig enqueueing mixin(s) parsed from annotated config Optifine Rune Render Fix (Quark) from fermiummixins.
[08:54:38] [main/INFO] [FermiumRegistryAPI]: FermiumRegistryAPI supplied "mixins.fermiummixins.early.quark.runeoptifine.json" for early mixin enqueue, adding.
[08:54:38] [main/INFO] [FermiumJarScanner]: FermiumMixinConfig enqueueing mixin(s) parsed from annotated config Stoneling Dupe Patch (Quark) from fermiummixins.
[08:54:38] [main/INFO] [FermiumRegistryAPI]: FermiumRegistryAPI supplied "mixins.fermiummixins.late.quark.stonelingdupe.json" for late mixin enqueue, adding.
[08:54:38] [main/INFO] [FermiumJarScanner]: FermiumMixinConfig enqueueing mixin(s) parsed from annotated config Sync Sign Edit Config (Quark) from fermiummixins.
[08:54:38] [main/INFO] [FermiumRegistryAPI]: FermiumRegistryAPI supplied "mixins.fermiummixins.late.quark.signeditsync.json" for late mixin enqueue, adding.
[08:54:38] [main/INFO] [FermiumJarScanner]: FermiumMixinConfig enqueueing mixin(s) parsed from annotated config Chest Boat Dupe (Quark) from fermiummixins.
[08:54:38] [main/INFO] [FermiumRegistryAPI]: FermiumRegistryAPI supplied "mixins.fermiummixins.late.quark.chestboatdupe.json" for late mixin enqueue, adding.
[08:54:38] [main/INFO] [FermiumJarScanner]: FermiumMixinConfig enqueueing mixin(s) parsed from annotated config Chat Link NBT Crash (Quark) from fermiummixins.
[08:54:38] [main/INFO] [FermiumRegistryAPI]: FermiumRegistryAPI supplied "mixins.fermiummixins.late.quark.chatlinkcrash.json" for late mixin enqueue, adding.
[08:54:38] [main/INFO] [FermiumJarScanner]: FermiumMixinConfig enqueueing mixin(s) parsed from annotated config Ender Watcher Performance Patch (Quark) from fermiummixins.
[08:54:38] [main/INFO] [FermiumRegistryAPI]: FermiumRegistryAPI supplied "mixins.fermiummixins.late.quark.enderwatcher.json" for late mixin enqueue, adding.
[08:54:38] [main/INFO] [FermiumJarScanner]: FermiumMixinConfig enqueueing mixin(s) parsed from annotated config Springy Slime Force Disable (Quark) from fermiummixins.
[08:54:38] [main/INFO] [FermiumRegistryAPI]: FermiumRegistryAPI supplied "mixins.fermiummixins.late.quark.disablespringyslime.json" for late mixin enqueue, adding.
[08:54:38] [main/INFO] [FermiumJarScanner]: FermiumMixinConfig enqueueing mixin(s) parsed from annotated config Emotes Force Disable (Quark) from fermiummixins.
[08:54:38] [main/INFO] [FermiumRegistryAPI]: FermiumRegistryAPI supplied "mixins.fermiummixins.late.quark.disableemotes.json" for late mixin enqueue, adding.
[08:54:38] [main/INFO] [FermiumJarScanner]: FermiumMixinConfig enqueueing mixin(s) parsed from annotated config Potion Colorizer Force Disable (Quark) from fermiummixins.
[08:54:38] [main/INFO] [FermiumRegistryAPI]: FermiumRegistryAPI supplied "mixins.fermiummixins.late.quark.disablecolorizer.json" for late mixin enqueue, adding.
[08:54:38] [main/INFO] [FermiumJarScanner]: FermiumMixinConfig enqueueing mixin(s) parsed from annotated config Reduced Villager Double Door AI Checks (Quark) from fermiummixins.
[08:54:38] [main/INFO] [FermiumRegistryAPI]: FermiumRegistryAPI supplied "mixins.fermiummixins.late.quark.villagerdoorai.json" for late mixin enqueue, adding.
[08:54:38] [main/INFO] [FermiumJarScanner]: FermiumMixinConfig enqueueing mixin(s) parsed from annotated config Stoneling Eyeheight Stall Patch (Quark) from fermiummixins.
[08:54:38] [main/INFO] [FermiumRegistryAPI]: FermiumRegistryAPI supplied "mixins.fermiummixins.late.quark.stonelingstall.json" for late mixin enqueue, adding.
[08:54:38] [main/INFO] [FermiumJarScanner]: FermiumMixinConfig enqueueing mixin(s) parsed from annotated config Stoneling Spawn Patch (Quark) from fermiummixins.
[08:54:38] [main/INFO] [FermiumRegistryAPI]: FermiumRegistryAPI supplied "mixins.fermiummixins.late.quark.stonelingspawn.json" for late mixin enqueue, adding.
[08:54:38] [main/INFO] [FermiumJarScanner]: FermiumMixinConfig enqueueing mixin(s) parsed from annotated config Enchanted Book Tooltip Rendering Patch (Quark) from fermiummixins.
[08:54:38] [main/INFO] [FermiumRegistryAPI]: FermiumRegistryAPI supplied "mixins.fermiummixins.late.quark.enchanttooltip.json" for late mixin enqueue, adding.
[08:54:38] [main/INFO] [FermiumJarScanner]: FermiumMixinConfig enqueueing mixin(s) parsed from annotated config Usage Ticker Forced Visible (Quark) from fermiummixins.
[08:54:38] [main/INFO] [FermiumRegistryAPI]: FermiumRegistryAPI supplied "mixins.fermiummixins.late.quark.usagetickervisible.json" for late mixin enqueue, adding.
[08:54:38] [main/INFO] [FermiumJarScanner]: FermiumMixinConfig enqueueing mixin(s) parsed from annotated config Monster Box Check Player Performance (Quark) from fermiummixins.
[08:54:38] [main/INFO] [FermiumRegistryAPI]: FermiumRegistryAPI supplied "mixins.fermiummixins.late.quark.monsterboxperformance.json" for late mixin enqueue, adding.
[08:54:38] [main/INFO] [FermiumJarScanner]: FermiumMixinConfig enqueueing mixin(s) parsed from annotated config Underground Gen Performance Fix (Quark) from fermiummixins.
[08:54:38] [main/INFO] [FermiumRegistryAPI]: FermiumRegistryAPI supplied "mixins.fermiummixins.late.quark.worldgenlag.json" for late mixin enqueue, adding.
[08:54:38] [main/INFO] [FermiumJarScanner]: FermiumMixinConfig enqueueing mixin(s) parsed from annotated config Player Tracking Patch (Reskillable) from fermiummixins.
[08:54:38] [main/INFO] [FermiumRegistryAPI]: FermiumRegistryAPI supplied "mixins.fermiummixins.late.reskillable.tracking.json" for late mixin enqueue, adding.
[08:54:38] [main/INFO] [FermiumJarScanner]: FermiumMixinConfig enqueueing mixin(s) parsed from annotated config SeedFood Bypass Lock (Reskillable) from fermiummixins.
[08:54:38] [main/INFO] [FermiumRegistryAPI]: FermiumRegistryAPI supplied "mixins.fermiummixins.late.reskillable.seedfood.json" for late mixin enqueue, adding.
[08:54:38] [main/INFO] [FermiumJarScanner]: FermiumMixinConfig enqueueing mixin(s) parsed from annotated config HungryFarmer Rework (Reskillable) from fermiummixins.
[08:54:38] [main/INFO] [FermiumRegistryAPI]: FermiumRegistryAPI supplied "mixins.fermiummixins.late.reskillable.hungryfarmer.json" for late mixin enqueue, adding.
[08:54:38] [main/INFO] [FermiumJarScanner]: FermiumMixinConfig enqueueing mixin(s) parsed from annotated config Indirect Self Damage Patch (Reskillable) from fermiummixins.
[08:54:38] [main/INFO] [FermiumRegistryAPI]: FermiumRegistryAPI supplied "mixins.fermiummixins.late.reskillable.selfdamage.json" for late mixin enqueue, adding.
[08:54:38] [main/INFO] [FermiumJarScanner]: FermiumMixinConfig enqueueing mixin(s) parsed from annotated config RoadWalk Rework (Reskillable) from fermiummixins.
[08:54:38] [main/INFO] [FermiumRegistryAPI]: FermiumRegistryAPI supplied "mixins.fermiummixins.late.reskillable.roadwalk.json" for late mixin enqueue, adding.
[08:54:38] [main/INFO] [FermiumJarScanner]: FermiumMixinConfig enqueueing mixin(s) parsed from annotated config Golden BookWyrm Osmosis (Reskillable/DefiledLands) from fermiummixins.
[08:54:38] [main/INFO] [FermiumRegistryAPI]: FermiumRegistryAPI supplied "mixins.fermiummixins.late.reskillable.goldenbookwyrm.json" for late mixin enqueue, adding.
[08:54:38] [main/INFO] [FermiumJarScanner]: FermiumMixinConfig enqueueing mixin(s) parsed from annotated config Undershirt Compat (Reskillable/FirstAid) from fermiummixins.
[08:54:38] [main/INFO] [FermiumRegistryAPI]: FermiumRegistryAPI supplied "mixins.fermiummixins.late.reskillable.undershirt.json" for late mixin enqueue, adding.
[08:54:38] [main/INFO] [FermiumJarScanner]: FermiumMixinConfig enqueueing mixin(s) parsed from annotated config Healing Salve Bowl Fix (RoughTweaks) from fermiummixins.
[08:54:38] [main/INFO] [FermiumRegistryAPI]: FermiumRegistryAPI supplied "mixins.fermiummixins.late.roughtweaks.salve.json" for late mixin enqueue, adding.
[08:54:38] [main/INFO] [FermiumJarScanner]: FermiumMixinConfig enqueueing mixin(s) parsed from annotated config Reflection Caching Fix (SereneSeasons) from fermiummixins.
[08:54:38] [main/INFO] [FermiumRegistryAPI]: FermiumRegistryAPI supplied "mixins.fermiummixins.late.sereneseasons.performance.json" for late mixin enqueue, adding.
[08:54:38] [main/INFO] [FermiumJarScanner]: FermiumMixinConfig enqueueing mixin(s) parsed from annotated config Purified Rain Water (SimpleDifficulty) from fermiummixins.
[08:54:38] [main/INFO] [FermiumRegistryAPI]: FermiumRegistryAPI supplied "mixins.fermiummixins.late.simpledifficulty.raincanteen.json" for late mixin enqueue, adding.
[08:54:38] [main/INFO] [FermiumJarScanner]: FermiumMixinConfig enqueueing mixin(s) parsed from annotated config Rain Collector Canteen Fix (SimpleDifficulty) from fermiummixins.
[08:54:38] [main/INFO] [FermiumRegistryAPI]: FermiumRegistryAPI supplied "mixins.fermiummixins.late.simpledifficulty.collectorcanteen.json" for late mixin enqueue, adding.
[08:54:38] [main/INFO] [FermiumJarScanner]: FermiumMixinConfig enqueueing mixin(s) parsed from annotated config Command Permissions Fix (SimpleDifficulty) from fermiummixins.
[08:54:38] [main/INFO] [FermiumRegistryAPI]: FermiumRegistryAPI supplied "mixins.fermiummixins.late.simpledifficulty.commands.json" for late mixin enqueue, adding.
[08:54:38] [main/INFO] [FermiumJarScanner]: FermiumMixinConfig enqueueing mixin(s) parsed from annotated config Curing/Conversion Ticks Spawners (MobSpawnerControl) from fermiummixins.
[08:54:38] [main/INFO] [FermiumRegistryAPI]: FermiumRegistryAPI supplied "mixins.fermiummixins.early.spawnercontrol.curing.json" for early mixin enqueue, adding.
[08:54:38] [main/INFO] [FermiumJarScanner]: FermiumMixinConfig enqueueing mixin(s) parsed from annotated config Lycanites Transforming Ticks Spawners (MobSpawnerControl/LycanitesMobs) from fermiummixins.
[08:54:38] [main/INFO] [FermiumRegistryAPI]: FermiumRegistryAPI supplied "mixins.fermiummixins.late.spawnercontrol.lycanitesmobs.json" for late mixin enqueue, adding.
[08:54:38] [main/INFO] [FermiumJarScanner]: FermiumMixinConfig enqueueing mixin(s) parsed from annotated config Quiver Dupe Fix (Switchbow) from fermiummixins.
[08:54:38] [main/INFO] [FermiumRegistryAPI]: FermiumRegistryAPI supplied "mixins.fermiummixins.late.switchbow.quiver.json" for late mixin enqueue, adding.
[08:54:38] [main/INFO] [FermiumJarScanner]: FermiumMixinConfig enqueueing mixin(s) parsed from annotated config Love Arrow Dupe Fix (Switchbow) from fermiummixins.
[08:54:38] [main/INFO] [FermiumRegistryAPI]: FermiumRegistryAPI supplied "mixins.fermiummixins.late.switchbow.lovearrow.json" for late mixin enqueue, adding.
[08:54:38] [main/INFO] [FermiumJarScanner]: FermiumMixinConfig enqueueing mixin(s) parsed from annotated config Luck Arrow Looting Fix (Switchbow) from fermiummixins.
[08:54:38] [main/INFO] [FermiumRegistryAPI]: FermiumRegistryAPI supplied "mixins.fermiummixins.late.switchbow.luckarrow.json" for late mixin enqueue, adding.
[08:54:38] [main/INFO] [FermiumJarScanner]: FermiumMixinConfig enqueueing mixin(s) parsed from annotated config Arrow Launcher Null Stack Fix (Switchbow) from fermiummixins.
[08:54:38] [main/INFO] [FermiumRegistryAPI]: FermiumRegistryAPI supplied "mixins.fermiummixins.late.switchbow.arrowlaunchernullstacks.json" for late mixin enqueue, adding.
[08:54:38] [main/INFO] [FermiumJarScanner]: FermiumMixinConfig enqueueing mixin(s) parsed from annotated config Belt GUI Dupe Fix (ToolBelt) from fermiummixins.
[08:54:38] [main/INFO] [FermiumRegistryAPI]: FermiumRegistryAPI supplied "mixins.fermiummixins.late.toolbelt.dupe.json" for late mixin enqueue, adding.
[08:54:38] [main/INFO] [FermiumJarScanner]: FermiumMixinConfig enqueueing mixin(s) parsed from annotated config MC-119971 Outdated Chunk Data Patch (Vanilla) from fermiummixins.
[08:54:38] [main/INFO] [FermiumRegistryAPI]: FermiumRegistryAPI supplied "mixins.fermiummixins.early.vanilla.outdatedchunkdata.json" for early mixin enqueue, adding.
[08:54:38] [main/INFO] [FermiumJarScanner]: FermiumMixinConfig enqueueing mixin(s) parsed from annotated config Lowered Crouch Eye Height (Vanilla) from fermiummixins.
[08:54:38] [main/INFO] [FermiumRegistryAPI]: FermiumRegistryAPI supplied "mixins.fermiummixins.early.vanilla.lowercroucheyeheight.json" for early mixin enqueue, adding.
[08:54:38] [main/INFO] [FermiumJarScanner]: FermiumMixinConfig enqueueing mixin(s) parsed from annotated config Health Desync Patch (Vanilla) from fermiummixins.
[08:54:38] [main/INFO] [FermiumRegistryAPI]: FermiumRegistryAPI supplied "mixins.fermiummixins.early.vanilla.healthdesyncpatch.json" for early mixin enqueue, adding.
[08:54:38] [main/INFO] [FermiumJarScanner]: FermiumMixinConfig enqueueing mixin(s) parsed from annotated config Smooth Crouching (Vanilla) from fermiummixins.
[08:54:38] [main/INFO] [FermiumRegistryAPI]: FermiumRegistryAPI supplied "mixins.fermiummixins.early.vanilla.smoothcrouching.json" for early mixin enqueue, adding.
[08:54:38] [main/INFO] [FermiumJarScanner]: FermiumMixinConfig enqueueing mixin(s) parsed from annotated config Mending Priorities (Vanilla) from fermiummixins.
[08:54:38] [main/INFO] [FermiumRegistryAPI]: FermiumRegistryAPI supplied "mixins.fermiummixins.early.vanilla.mendingpriorities.json" for early mixin enqueue, adding.
[08:54:38] [main/INFO] [FermiumJarScanner]: FermiumMixinConfig enqueueing mixin(s) parsed from annotated config MC-92916 Entity Tracker Desync Patch (Vanilla) from fermiummixins.
[08:54:38] [main/INFO] [FermiumRegistryAPI]: FermiumRegistryAPI supplied "mixins.fermiummixins.early.vanilla.entitytrackerdesync.json" for early mixin enqueue, adding.
[08:54:38] [main/INFO] [FermiumJarScanner]: FermiumMixinConfig enqueueing mixin(s) parsed from annotated config Particle Render Patch (Vanilla) from fermiummixins.
[08:54:38] [main/INFO] [FermiumRegistryAPI]: FermiumRegistryAPI supplied "mixins.fermiummixins.early.vanilla.particlerenderpatch.json" for early mixin enqueue, adding.
[08:54:38] [main/INFO] [FermiumJarScanner]: FermiumMixinConfig enqueueing mixin(s) parsed from annotated config MC-108469 Chunk Entity List Patch (Vanilla) from fermiummixins.
[08:54:39] [main/INFO] [FermiumRegistryAPI]: FermiumRegistryAPI supplied "mixins.fermiummixins.early.vanilla.chunkentitylistpatch.json" for early mixin enqueue, adding.
[08:54:39] [main/INFO] [FermiumJarScanner]: FermiumMixinConfig enqueueing mixin(s) parsed from annotated config Giant Zombie Spawn Fix (Vanilla) from fermiummixins.
[08:54:39] [main/INFO] [FermiumRegistryAPI]: FermiumRegistryAPI supplied "mixins.fermiummixins.early.vanilla.giantzombiespawnfix.json" for early mixin enqueue, adding.
[08:54:39] [main/INFO] [FermiumJarScanner]: FermiumMixinConfig enqueueing mixin(s) parsed from annotated config Stop Pigmen Portal Spawns (Vanilla) from fermiummixins.
[08:54:39] [main/INFO] [FermiumRegistryAPI]: FermiumRegistryAPI supplied "mixins.fermiummixins.early.vanilla.stoppigmenportalspawns.json" for early mixin enqueue, adding.
[08:54:39] [main/INFO] [FermiumJarScanner]: FermiumMixinConfig enqueueing mixin(s) parsed from annotated config Allow Tipped Arrow Blacklist (Vanilla) from fermiummixins.
[08:54:39] [main/INFO] [FermiumRegistryAPI]: FermiumRegistryAPI supplied "mixins.fermiummixins.early.vanilla.tippedarrowblacklist.json" for early mixin enqueue, adding.
[08:54:39] [main/INFO] [FermiumJarScanner]: FermiumMixinConfig enqueueing mixin(s) parsed from annotated config Teleporting Lag Patch (Vanilla) from fermiummixins.
[08:54:39] [main/INFO] [FermiumRegistryAPI]: FermiumRegistryAPI supplied "mixins.fermiummixins.early.vanilla.teleportinglagpatch.json" for early mixin enqueue, adding.
[08:54:39] [main/INFO] [FermiumJarScanner]: FermiumMixinConfig enqueueing mixin(s) parsed from annotated config Stray/Husk Spawning Fix (Vanilla) from fermiummixins.
[08:54:39] [main/INFO] [FermiumRegistryAPI]: FermiumRegistryAPI supplied "mixins.fermiummixins.early.vanilla.strayhuskspawningfix.json" for early mixin enqueue, adding.
[08:54:39] [main/INFO] [FermiumJarScanner]: FermiumMixinConfig enqueueing mixin(s) parsed from annotated config Prevent Idle Guardian Sinking (Vanilla) from fermiummixins.
[08:54:39] [main/INFO] [FermiumRegistryAPI]: FermiumRegistryAPI supplied "mixins.fermiummixins.early.vanilla.idleguardiansinking.json" for early mixin enqueue, adding.
[08:54:39] [main/INFO] [FermiumJarScanner]: FermiumMixinConfig enqueueing mixin(s) parsed from annotated config Potion Amplifier Visibility (Vanilla) from fermiummixins.
[08:54:39] [main/INFO] [FermiumRegistryAPI]: FermiumRegistryAPI supplied "mixins.fermiummixins.early.vanilla.potionamplifiervisibility.json" for early mixin enqueue, adding.
[08:54:39] [main/INFO] [FermiumJarScanner]: FermiumMixinConfig enqueueing mixin(s) parsed from annotated config MC-63340 Stop Sleep Resetting Weather (Vanilla) from fermiummixins.
[08:54:39] [main/INFO] [FermiumRegistryAPI]: FermiumRegistryAPI supplied "mixins.fermiummixins.early.vanilla.stopsleepresettingweather.json" for early mixin enqueue, adding.
[08:54:39] [main/INFO] [FermiumJarScanner]: FermiumMixinConfig enqueueing mixin(s) parsed from annotated config World Border Time Cache (Vanilla) from fermiummixins.
[08:54:39] [main/INFO] [FermiumRegistryAPI]: FermiumRegistryAPI supplied "mixins.fermiummixins.early.vanilla.worldbordertimecache.json" for early mixin enqueue, adding.
[08:54:39] [main/INFO] [FermiumJarScanner]: FermiumMixinConfig enqueueing mixin(s) parsed from annotated config Water Chunk Gen Ticking Fix (Vanilla) from fermiummixins.
[08:54:39] [main/INFO] [FermiumRegistryAPI]: FermiumRegistryAPI supplied "mixins.fermiummixins.early.vanilla.waterchunkgenticking.json" for early mixin enqueue, adding.
[08:54:39] [main/INFO] [FermiumJarScanner]: FermiumMixinConfig enqueueing mixin(s) parsed from annotated config Random Respawn Placement Protection (Vanilla) from fermiummixins.
[08:54:39] [main/INFO] [FermiumRegistryAPI]: FermiumRegistryAPI supplied "mixins.fermiummixins.early.vanilla.respawnprotection.json" for early mixin enqueue, adding.
[08:54:39] [main/INFO] [FermiumJarScanner]: FermiumMixinConfig enqueueing mixin(s) parsed from annotated config Nuke Advancements (Vanilla) from fermiummixins.
[08:54:39] [main/INFO] [FermiumRegistryAPI]: FermiumRegistryAPI supplied "mixins.fermiummixins.early.vanilla.nukeadvancements.json" for early mixin enqueue, adding.
[08:54:39] [main/INFO] [FermiumJarScanner]: FermiumMixinConfig enqueueing mixin(s) parsed from annotated config Spawn Chunk Radius Patch (Vanilla) from fermiummixins.
[08:54:39] [main/INFO] [FermiumRegistryAPI]: FermiumRegistryAPI supplied "mixins.fermiummixins.early.vanilla.spawnchunkradiuspatch.json" for early mixin enqueue, adding.
[08:54:39] [main/INFO] [FermiumJarScanner]: FermiumMixinConfig enqueueing mixin(s) parsed from annotated config Chunk Visibility Cache (Vanilla) from fermiummixins.
[08:54:39] [main/INFO] [FermiumRegistryAPI]: FermiumRegistryAPI supplied "mixins.fermiummixins.early.vanilla.chunkvisibilitycache.json" for early mixin enqueue, adding.
[08:54:39] [main/INFO] [FermiumJarScanner]: FermiumMixinConfig enqueueing mixin(s) parsed from annotated config World Flammable BlockPos Patch (Vanilla) from fermiummixins.
[08:54:39] [main/INFO] [FermiumRegistryAPI]: FermiumRegistryAPI supplied "mixins.fermiummixins.early.vanilla.worldflammablepos.json" for early mixin enqueue, adding.
[08:54:39] [main/INFO] [FermiumJarScanner]: FermiumMixinConfig enqueueing mixin(s) parsed from annotated config Untipped Arrow Particles Fix (Vanilla) from fermiummixins.
[08:54:39] [main/INFO] [FermiumRegistryAPI]: FermiumRegistryAPI supplied "mixins.fermiummixins.early.vanilla.untippedarrowparticles.json" for early mixin enqueue, adding.
[08:54:39] [main/INFO] [FermiumJarScanner]: FermiumMixinConfig enqueueing mixin(s) parsed from annotated config Player Death Shake Fix (Vanilla) from fermiummixins.
[08:54:39] [main/INFO] [FermiumRegistryAPI]: FermiumRegistryAPI supplied "mixins.fermiummixins.early.vanilla.playerdeathshakefix.json" for early mixin enqueue, adding.
[08:54:39] [main/INFO] [FermiumJarScanner]: FermiumMixinConfig enqueueing mixin(s) parsed from annotated config Allow Hoe Repairing (Vanilla) from fermiummixins.
[08:54:39] [main/INFO] [FermiumRegistryAPI]: FermiumRegistryAPI supplied "mixins.fermiummixins.early.vanilla.hoerepair.json" for early mixin enqueue, adding.
[08:54:39] [main/INFO] [FermiumJarScanner]: FermiumMixinConfig enqueueing mixin(s) parsed from annotated config Weather Timing Config (Vanilla) from fermiummixins.
[08:54:39] [main/INFO] [FermiumRegistryAPI]: FermiumRegistryAPI supplied "mixins.fermiummixins.early.vanilla.weathertiming.json" for early mixin enqueue, adding.
[08:54:39] [main/INFO] [FermiumJarScanner]: FermiumMixinConfig enqueueing mixin(s) parsed from annotated config Furnace XP Limit Fix (Vanilla) from fermiummixins.
[08:54:39] [main/INFO] [FermiumRegistryAPI]: FermiumRegistryAPI supplied "mixins.fermiummixins.early.vanilla.furnacexplimitfix.json" for early mixin enqueue, adding.
[08:54:39] [main/INFO] [FermiumJarScanner]: FermiumMixinConfig enqueueing mixin(s) parsed from annotated config Suppress AddPacket For Removed Entity Warnings (Vanilla) from fermiummixins.
[08:54:39] [main/INFO] [FermiumRegistryAPI]: FermiumRegistryAPI supplied "mixins.fermiummixins.early.vanilla.suppressaddpacket.json" for early mixin enqueue, adding.
[08:54:39] [main/INFO] [FermiumJarScanner]: FermiumMixinConfig enqueueing mixin(s) parsed from annotated config Suppress Received Passengers For Unknown Entity Warnings (Vanilla) from fermiummixins.
[08:54:39] [main/INFO] [FermiumRegistryAPI]: FermiumRegistryAPI supplied "mixins.fermiummixins.early.vanilla.suppressreceivedpassengers.json" for early mixin enqueue, adding.
[08:54:39] [main/INFO] [FermiumJarScanner]: FermiumMixinConfig enqueueing mixin(s) parsed from annotated config Hardcore Game Over Unloading Fix (Vanilla) from fermiummixins.
[08:54:39] [main/INFO] [FermiumRegistryAPI]: FermiumRegistryAPI supplied "mixins.fermiummixins.early.vanilla.hardcoregameoverfix.json" for early mixin enqueue, adding.
[08:54:39] [main/INFO] [FermiumJarScanner]: FermiumMixinConfig enqueueing mixin(s) parsed from annotated config Fix Delayed Packet Errors (Vanilla) from fermiummixins.
[08:54:39] [main/INFO] [FermiumRegistryAPI]: FermiumRegistryAPI supplied "mixins.fermiummixins.early.vanilla.delayedpacketerrors.json" for early mixin enqueue, adding.
[08:54:39] [main/INFO] [FermiumJarScanner]: FermiumMixinConfig enqueueing mixin(s) parsed from annotated config Prevent Mob Spawns in Lazy Chunks (Vanilla) from fermiummixins.
[08:54:39] [main/INFO] [FermiumRegistryAPI]: FermiumRegistryAPI supplied "mixins.fermiummixins.early.vanilla.lazychunkmobspawns.json" for early mixin enqueue, adding.
[08:54:39] [main/INFO] [FermiumJarScanner]: FermiumMixinConfig enqueueing mixin(s) parsed from annotated config Merge XP Orbs (Vanilla) from fermiummixins.
[08:54:39] [main/INFO] [FermiumRegistryAPI]: FermiumRegistryAPI supplied "mixins.fermiummixins.early.vanilla.mergexporbs.json" for early mixin enqueue, adding.
[08:54:39] [main/INFO] [FermiumJarScanner]: FermiumMixinConfig enqueueing mixin(s) parsed from annotated config Stackable Soup Return Bowls Fix (Vanilla) from fermiummixins.
[08:54:39] [main/INFO] [FermiumRegistryAPI]: FermiumRegistryAPI supplied "mixins.fermiummixins.early.vanilla.stackablesoupbowlfix.json" for early mixin enqueue, adding.
[08:54:39] [main/INFO] [FermiumJarScanner]: FermiumMixinConfig enqueueing mixin(s) parsed from annotated config Suppress Dangerous Prefix Errors (Vanilla) from fermiummixins.
[08:54:39] [main/INFO] [FermiumRegistryAPI]: FermiumRegistryAPI supplied "mixins.fermiummixins.early.vanilla.suppressdangerousprefix.json" for early mixin enqueue, adding.
[08:54:39] [main/INFO] [FermiumJarScanner]: FermiumMixinConfig enqueueing mixin(s) parsed from annotated config Suppress Broken Ore Dictionary Errors (Vanilla) from fermiummixins.
[08:54:39] [main/INFO] [FermiumRegistryAPI]: FermiumRegistryAPI supplied "mixins.fermiummixins.early.vanilla.suppressbrokenoredict.json" for early mixin enqueue, adding.
[08:54:39] [main/INFO] [FermiumJarScanner]: FermiumMixinConfig enqueueing mixin(s) parsed from annotated config Mineshaft Biome Blacklist Patch (Vanilla) from fermiummixins.
[08:54:39] [main/INFO] [FermiumRegistryAPI]: FermiumRegistryAPI supplied "mixins.fermiummixins.early.vanilla.mineshaftbiomeblacklist.json" for early mixin enqueue, adding.
[08:54:39] [main/INFO] [FermiumJarScanner]: FermiumMixinConfig enqueueing mixin(s) parsed from annotated config Boss Vehicle Prevention (Vanilla) from fermiummixins.
[08:54:39] [main/INFO] [FermiumRegistryAPI]: FermiumRegistryAPI supplied "mixins.fermiummixins.early.vanilla.bossvehicle.json" for early mixin enqueue, adding.
[08:54:39] [main/INFO] [FermiumJarScanner]: FermiumMixinConfig enqueueing mixin(s) parsed from annotated config Beacon/Merchant GUI Item Drop Fix (Vanilla) from fermiummixins.
[08:54:39] [main/INFO] [FermiumRegistryAPI]: FermiumRegistryAPI supplied "mixins.fermiummixins.early.vanilla.containerdropfix.json" for early mixin enqueue, adding.
[08:54:39] [main/INFO] [FermiumJarScanner]: FermiumMixinConfig enqueueing mixin(s) parsed from annotated config Prevent Pathfinding Chunk Loading (Vanilla) from fermiummixins.
[08:54:39] [main/INFO] [FermiumRegistryAPI]: FermiumRegistryAPI supplied "mixins.fermiummixins.early.vanilla.pathfindingloading.json" for early mixin enqueue, adding.
[08:54:39] [main/INFO] [FermiumJarScanner]: FermiumMixinConfig enqueueing mixin(s) parsed from annotated config World Gen Material Check Fix (Vanilla) from fermiummixins.
[08:54:39] [main/INFO] [FermiumRegistryAPI]: FermiumRegistryAPI supplied "mixins.fermiummixins.early.vanilla.materialcheck.json" for early mixin enqueue, adding.
[08:54:39] [main/INFO] [FermiumJarScanner]: FermiumMixinConfig enqueueing mixin(s) parsed from annotated config Falling Block Tick Performance (Vanilla) from fermiummixins.
[08:54:39] [main/INFO] [FermiumRegistryAPI]: FermiumRegistryAPI supplied "mixins.fermiummixins.early.vanilla.fallblocktick.json" for early mixin enqueue, adding.
[08:54:39] [main/INFO] [FermiumJarScanner]: FermiumMixinConfig enqueueing mixin(s) parsed from annotated config Suppress OpenGL Error Checking (Vanilla) from fermiummixins.
[08:54:39] [main/INFO] [FermiumRegistryAPI]: FermiumRegistryAPI supplied "mixins.fermiummixins.early.vanilla.glerror.json" for early mixin enqueue, adding.
[08:54:39] [main/INFO] [FermiumJarScanner]: FermiumMixinConfig enqueueing mixin(s) parsed from annotated config Block Storage Optifine Lag Fix (Vanilla) from fermiummixins.
[08:54:39] [main/INFO] [FermiumRegistryAPI]: FermiumRegistryAPI supplied "mixins.fermiummixins.early.vanilla.blockstorageoptifine.json" for early mixin enqueue, adding.
[08:54:39] [main/INFO] [FermiumJarScanner]: FermiumMixinConfig enqueueing mixin(s) parsed from annotated config Entity Velocity Limit Fix (Vanilla) from fermiummixins.
[08:54:39] [main/INFO] [FermiumRegistryAPI]: FermiumRegistryAPI supplied "mixins.fermiummixins.early.vanilla.entityvelocitysync.json" for early mixin enqueue, adding.
[08:54:39] [main/INFO] [FermiumJarScanner]: FermiumMixinConfig enqueueing mixin(s) parsed from annotated config Automatic Save Logging (Vanilla) from fermiummixins.
[08:54:39] [main/INFO] [FermiumRegistryAPI]: FermiumRegistryAPI supplied "mixins.fermiummixins.early.vanilla.autosavelog.json" for early mixin enqueue, adding.
[08:54:39] [main/INFO] [FermiumJarScanner]: FermiumMixinConfig enqueueing mixin(s) parsed from annotated config Server Thread Priority Tweak (Vanilla) from fermiummixins.
[08:54:39] [main/INFO] [FermiumRegistryAPI]: FermiumRegistryAPI supplied "mixins.fermiummixins.early.vanilla.serverpriority.json" for early mixin enqueue, adding.
[08:54:39] [main/INFO] [FermiumJarScanner]: FermiumMixinConfig enqueueing mixin(s) parsed from annotated config Client Thread Priority Tweak (Vanilla) from fermiummixins.
[08:54:39] [main/INFO] [FermiumRegistryAPI]: FermiumRegistryAPI supplied "mixins.fermiummixins.early.vanilla.clientpriority.json" for early mixin enqueue, adding.
[08:54:39] [main/INFO] [FermiumJarScanner]: FermiumMixinConfig enqueueing mixin(s) parsed from annotated config Rework Waystone Used Name Check (Waystones) from fermiummixins.
[08:54:39] [main/INFO] [FermiumRegistryAPI]: FermiumRegistryAPI supplied "mixins.fermiummixins.early.waystones.naming.json" for early mixin enqueue, adding.
[08:54:39] [main/INFO] [FermiumRegistryAPI]: FermiumRegistryAPI supplied "mixins.fermiummixins.late.waystones.naming.json" for late mixin enqueue, adding.
[08:54:39] [main/INFO] [FermiumJarScanner]: FermiumMixinConfig enqueueing mixin(s) parsed from annotated config Remove Log Spam from optifinecitpatch.
[08:54:39] [main/INFO] [FermiumRegistryAPI]: FermiumRegistryAPI supplied "mixins.optifinecitpatch.logspam.json" for late mixin enqueue, adding.
[08:54:39] [main/INFO] [FermiumJarScanner]: FermiumMixinConfig enqueueing mixin(s) parsed from annotated config Only First Enchant from optifinecitpatch.
[08:54:39] [main/INFO] [FermiumRegistryAPI]: FermiumRegistryAPI supplied "mixins.optifinecitpatch.firstenchant.json" for late mixin enqueue, adding.
[08:54:39] [main/INFO] [FermiumJarScanner]: FermiumMixinConfig enqueueing mixin(s) parsed from annotated config Fix Missing Enchantment from optifinecitpatch.
[08:54:39] [main/INFO] [FermiumRegistryAPI]: FermiumRegistryAPI supplied "mixins.optifinecitpatch.fixmissing.json" for late mixin enqueue, adding.
[08:54:39] [main/INFO] [FermiumJarScanner]: FermiumMixinConfig enqueueing mixin(s) parsed from annotated config BetterFoliage Chunk Animation XRay Patch (BetterFoliage/ChunkAnimator) from rlmixins.
[08:54:39] [main/INFO] [FermiumRegistryAPI]: FermiumRegistryAPI supplied "mixins.rlmixins.late.betterfoliage.chunkanimator.json" for late mixin enqueue, adding.
[08:54:39] [main/INFO] [FermiumJarScanner]: FermiumMixinConfig enqueueing mixin(s) parsed from annotated config Advancement Tab Quest Replacement (BetterQuesting) from rlmixins.
[08:54:39] [main/INFO] [FermiumRegistryAPI]: FermiumRegistryAPI supplied "mixins.rlmixins.early.betterquesting.button.json" for early mixin enqueue, adding.
[08:54:39] [main/INFO] [FermiumJarScanner]: FermiumMixinConfig enqueueing mixin(s) parsed from annotated config AntiWarp Handling (BetterSurvival) from rlmixins.
[08:54:39] [main/INFO] [FermiumRegistryAPI]: FermiumRegistryAPI supplied "mixins.rlmixins.early.bettersurvival.antiwarp.json" for early mixin enqueue, adding.
[08:54:39] [main/INFO] [FermiumJarScanner]: FermiumMixinConfig enqueueing mixin(s) parsed from annotated config Handler Optimizations (BetterSurvival) from rlmixins.
[08:54:39] [main/INFO] [FermiumRegistryAPI]: FermiumRegistryAPI supplied "mixins.rlmixins.early.bettersurvival.optimization.json" for early mixin enqueue, adding.
[08:54:39] [main/INFO] [FermiumRegistryAPI]: FermiumRegistryAPI supplied "mixins.rlmixins.late.bettersurvival.optimization.json" for late mixin enqueue, adding.
[08:54:39] [main/INFO] [FermiumJarScanner]: FermiumMixinConfig enqueueing mixin(s) parsed from annotated config Education Balance (BetterSurvival/ScalingHealth) from rlmixins.
[08:54:39] [main/INFO] [FermiumRegistryAPI]: FermiumRegistryAPI supplied "mixins.rlmixins.late.bettersurvival.education.json" for late mixin enqueue, adding.
[08:54:39] [main/INFO] [FermiumJarScanner]: FermiumMixinConfig enqueueing mixin(s) parsed from annotated config Modifiable Nunchaku Combo (BetterSurvival) from rlmixins.
[08:54:39] [main/INFO] [FermiumRegistryAPI]: FermiumRegistryAPI supplied "mixins.rlmixins.late.bettersurvival.combo.json" for late mixin enqueue, adding.
[08:54:39] [main/INFO] [FermiumJarScanner]: FermiumMixinConfig enqueueing mixin(s) parsed from annotated config Vampirism Fix (BetterSurvival) from rlmixins.
[08:54:39] [main/INFO] [FermiumRegistryAPI]: FermiumRegistryAPI supplied "mixins.rlmixins.late.bettersurvival.vampirism.json" for late mixin enqueue, adding.
[08:54:39] [main/INFO] [FermiumJarScanner]: FermiumMixinConfig enqueueing mixin(s) parsed from annotated config DragonBone Bow Multishot Patch (BetterSurvival/InFRLCraft) from rlmixins.
[08:54:39] [main/INFO] [FermiumRegistryAPI]: FermiumRegistryAPI supplied "mixins.rlmixins.late.bettersurvival.multishot.json" for late mixin enqueue, adding.
[08:54:39] [main/INFO] [FermiumJarScanner]: FermiumMixinConfig enqueueing mixin(s) parsed from annotated config Penetration Damage Fix (BetterSurvival/SpartanWeaponry/RLCombat) from rlmixins.
[08:54:39] [main/INFO] [FermiumRegistryAPI]: FermiumRegistryAPI supplied "mixins.rlmixins.late.bettersurvival.penetration.json" for late mixin enqueue, adding.
[08:54:39] [main/INFO] [FermiumJarScanner]: FermiumMixinConfig enqueueing mixin(s) parsed from annotated config Ender Sight Render Fix (Charm) from rlmixins.
[08:54:39] [main/INFO] [FermiumRegistryAPI]: FermiumRegistryAPI supplied "mixins.rlmixins.late.charm.endersight.json" for late mixin enqueue, adding.
[08:54:39] [main/INFO] [FermiumJarScanner]: FermiumMixinConfig enqueueing mixin(s) parsed from annotated config Chunk Animation XRay Patch (ChunkAnimator) from rlmixins.
[08:54:39] [main/INFO] [FermiumRegistryAPI]: FermiumRegistryAPI supplied "mixins.rlmixins.early.chunkanimator.xray.json" for early mixin enqueue, adding.
[08:54:39] [main/INFO] [FermiumRegistryAPI]: FermiumRegistryAPI supplied "mixins.rlmixins.late.chunkanimator.xray.json" for late mixin enqueue, adding.
[08:54:39] [main/INFO] [FermiumJarScanner]: FermiumMixinConfig enqueueing mixin(s) parsed from annotated config Scarlite Sword Config Effect (DefiledLands) from rlmixins.
[08:54:39] [main/INFO] [FermiumRegistryAPI]: FermiumRegistryAPI supplied "mixins.rlmixins.late.defiledlands.swordconfig.json" for late mixin enqueue, adding.
[08:54:39] [main/INFO] [FermiumJarScanner]: FermiumMixinConfig enqueueing mixin(s) parsed from annotated config Digging AI Patch (EpicSiegeMod) from rlmixins.
[08:54:39] [main/INFO] [FermiumRegistryAPI]: FermiumRegistryAPI supplied "mixins.rlmixins.late.epicsiegemod.digging.json" for late mixin enqueue, adding.
[08:54:39] [main/INFO] [FermiumJarScanner]: FermiumMixinConfig enqueueing mixin(s) parsed from annotated config Dragon Ticking Abuse Fix (InFRLCraft) from rlmixins.
[08:54:39] [main/INFO] [FermiumRegistryAPI]: FermiumRegistryAPI supplied "mixins.rlmixins.late.infrlcraft.dragontick.json" for late mixin enqueue, adding.
[08:54:39] [main/INFO] [FermiumJarScanner]: FermiumMixinConfig enqueueing mixin(s) parsed from annotated config Horse Death On Stoning (InFRLCraft/CallableHorses) from rlmixins.
[08:54:39] [main/INFO] [FermiumRegistryAPI]: FermiumRegistryAPI supplied "mixins.rlmixins.late.infrlcraft.horse.json" for late mixin enqueue, adding.
[08:54:39] [main/INFO] [FermiumJarScanner]: FermiumMixinConfig enqueueing mixin(s) parsed from annotated config Cauldron Failure Mundane (Inspirations) from rlmixins.
[08:54:39] [main/INFO] [FermiumRegistryAPI]: FermiumRegistryAPI supplied "mixins.rlmixins.late.inspirations.mundane.json" for late mixin enqueue, adding.
[08:54:39] [main/INFO] [FermiumJarScanner]: FermiumMixinConfig enqueueing mixin(s) parsed from annotated config Revert Bookmark Location Change (JEI) from rlmixins.
[08:54:39] [main/INFO] [FermiumRegistryAPI]: FermiumRegistryAPI supplied "mixins.rlmixins.late.jei.bookmark.json" for late mixin enqueue, adding.
[08:54:39] [main/INFO] [FermiumJarScanner]: FermiumMixinConfig enqueueing mixin(s) parsed from annotated config Suppress VariedCommodities Errors (JEI/VariedCommodities) from rlmixins.
[08:54:39] [main/INFO] [FermiumRegistryAPI]: FermiumRegistryAPI supplied "mixins.rlmixins.late.jei.vcerror.json" for late mixin enqueue, adding.
[08:54:39] [main/INFO] [FermiumJarScanner]: FermiumMixinConfig enqueueing mixin(s) parsed from annotated config Mob Targeting Fix (LycanitesMobs/InFRLCraft) from rlmixins.
[08:54:39] [main/INFO] [FermiumRegistryAPI]: FermiumRegistryAPI supplied "mixins.rlmixins.late.lycanitesmobs.stonetarget.json" for late mixin enqueue, adding.
[08:54:39] [main/INFO] [FermiumJarScanner]: FermiumMixinConfig enqueueing mixin(s) parsed from annotated config Disable Online Checks (MoBends) from rlmixins.
[08:54:39] [main/INFO] [FermiumRegistryAPI]: FermiumRegistryAPI supplied "mixins.rlmixins.late.mobends.offline.json" for late mixin enqueue, adding.
[08:54:39] [main/INFO] [FermiumJarScanner]: FermiumMixinConfig enqueueing mixin(s) parsed from annotated config Delayed Launch (PotionCore) from rlmixins.
[08:54:39] [main/INFO] [FermiumRegistryAPI]: FermiumRegistryAPI supplied "mixins.rlmixins.late.potioncore.launch.json" for late mixin enqueue, adding.
[08:54:39] [main/INFO] [FermiumJarScanner]: FermiumMixinConfig enqueueing mixin(s) parsed from annotated config Half Reach (PotionCore) from rlmixins.
[08:54:39] [main/INFO] [FermiumRegistryAPI]: FermiumRegistryAPI supplied "mixins.rlmixins.late.potioncore.reach.json" for late mixin enqueue, adding.
[08:54:39] [main/INFO] [FermiumJarScanner]: FermiumMixinConfig enqueueing mixin(s) parsed from annotated config Stone Statue Chicken Feather Fix (Quark/InFRLCraft) from rlmixins.
[08:54:39] [main/INFO] [FermiumRegistryAPI]: FermiumRegistryAPI supplied "mixins.rlmixins.late.quark.stonechicken.json" for late mixin enqueue, adding.
[08:54:39] [main/INFO] [FermiumJarScanner]: FermiumMixinConfig enqueueing mixin(s) parsed from annotated config Hat Baubles (Quark/Baubles) from rlmixins.
[08:54:39] [main/INFO] [FermiumRegistryAPI]: FermiumRegistryAPI supplied "mixins.rlmixins.late.quark.hatbaubles.json" for late mixin enqueue, adding.
[08:54:39] [main/INFO] [FermiumJarScanner]: FermiumMixinConfig enqueueing mixin(s) parsed from annotated config Hat MoBends Compat (Quark/MoBends) from rlmixins.
[08:54:39] [main/INFO] [FermiumRegistryAPI]: FermiumRegistryAPI supplied "mixins.rlmixins.late.quark.hatmobends.json" for late mixin enqueue, adding.
[08:54:39] [main/INFO] [FermiumJarScanner]: FermiumMixinConfig enqueueing mixin(s) parsed from annotated config Mob Nausea Movement Effects from rlmixins.
[08:54:39] [main/INFO] [FermiumRegistryAPI]: FermiumRegistryAPI supplied "mixins.rlmixins.early.rlmixins.mobnausea.json" for early mixin enqueue, adding.
[08:54:39] [main/INFO] [FermiumJarScanner]: FermiumMixinConfig enqueueing mixin(s) parsed from annotated config Slime Block Bouncy Sides from rlmixins.
[08:54:39] [main/INFO] [FermiumRegistryAPI]: FermiumRegistryAPI supplied "mixins.rlmixins.early.rlmixins.slimebouncysides.json" for early mixin enqueue, adding.
[08:54:39] [main/INFO] [FermiumJarScanner]: FermiumMixinConfig enqueueing mixin(s) parsed from annotated config Coffee Cures Inebriation (Rustic/Charm) from rlmixins.
[08:54:39] [main/INFO] [FermiumRegistryAPI]: FermiumRegistryAPI supplied "mixins.rlmixins.late.rustic.coffee.json" for late mixin enqueue, adding.
[08:54:39] [main/INFO] [FermiumJarScanner]: FermiumMixinConfig enqueueing mixin(s) parsed from annotated config Config Alcohol Effects (Rustic) from rlmixins.
[08:54:39] [main/INFO] [FermiumRegistryAPI]: FermiumRegistryAPI supplied "mixins.rlmixins.late.rustic.alcohol.json" for late mixin enqueue, adding.
[08:54:39] [main/INFO] [FermiumJarScanner]: FermiumMixinConfig enqueueing mixin(s) parsed from annotated config Change Subject Enchants (SME) from rlmixins.
[08:54:39] [main/INFO] [FermiumRegistryAPI]: FermiumRegistryAPI supplied "mixins.rlmixins.late.sme.subjectenchants.json" for late mixin enqueue, adding.
[08:54:39] [main/INFO] [FermiumJarScanner]: FermiumMixinConfig enqueueing mixin(s) parsed from annotated config Replace Parasite Armor Models (SRParasites) from rlmixins.
[08:54:39] [main/INFO] [FermiumRegistryAPI]: FermiumRegistryAPI supplied "mixins.rlmixins.late.srparasites.armormodel.json" for late mixin enqueue, adding.
[08:54:39] [main/INFO] [FermiumJarScanner]: FermiumMixinConfig enqueueing mixin(s) parsed from annotated config Horse Death On Conversion (SRParasites/CallableHorses) from rlmixins.
[08:54:39] [main/INFO] [FermiumRegistryAPI]: FermiumRegistryAPI supplied "mixins.rlmixins.late.srparasites.horse.json" for late mixin enqueue, adding.
[08:54:39] [main/INFO] [FermiumJarScanner]: FermiumMixinConfig enqueueing mixin(s) parsed from annotated config Rehandle AOE Weapons (SRParasites/RLCombat) from rlmixins.
[08:54:39] [main/INFO] [FermiumRegistryAPI]: FermiumRegistryAPI supplied "mixins.rlmixins.late.srparasites.aoeweapon.json" for late mixin enqueue, adding.
[08:54:39] [main/INFO] [FermiumJarScanner]: FermiumMixinConfig enqueueing mixin(s) parsed from annotated config Modify Cleaver Effect (SRParasites) from rlmixins.
[08:54:39] [main/INFO] [FermiumRegistryAPI]: FermiumRegistryAPI supplied "mixins.rlmixins.late.srparasites.cleaver.json" for late mixin enqueue, adding.
[08:54:39] [main/INFO] [FermiumJarScanner]: FermiumMixinConfig enqueueing mixin(s) parsed from annotated config Death Health Desync (ScalingHealth) from rlmixins.
[08:54:39] [main/INFO] [FermiumRegistryAPI]: FermiumRegistryAPI supplied "mixins.rlmixins.late.scalinghealth.desync.json" for late mixin enqueue, adding.
[08:54:39] [main/INFO] [FermiumJarScanner]: FermiumMixinConfig enqueueing mixin(s) parsed from annotated config Bandaged Icon Fix (ScalingHealth) from rlmixins.
[08:54:39] [main/INFO] [FermiumRegistryAPI]: FermiumRegistryAPI supplied "mixins.rlmixins.late.scalinghealth.icon.json" for late mixin enqueue, adding.
[08:54:39] [main/INFO] [FermiumJarScanner]: FermiumMixinConfig enqueueing mixin(s) parsed from annotated config Deny Self Heal On Dummy (MmmMmmMmmMmm/SoManyEnchantments/BetterSurvival/LycanitesMobs) from rlmixins.
[08:54:39] [main/INFO] [FermiumRegistryAPI]: FermiumRegistryAPI supplied "mixins.rlmixins.late.testdummy.nohealondummy.json" for late mixin enqueue, adding.
[08:54:39] [main/INFO] [FermiumJarScanner]: FermiumMixinConfig enqueueing mixin(s) parsed from annotated config ConcretePowder Skip OnBlockAdded (Vanilla) from rlmixins.
[08:54:39] [main/INFO] [FermiumRegistryAPI]: FermiumRegistryAPI supplied "mixins.rlmixins.early.vanilla.concrete.json" for early mixin enqueue, adding.
[08:54:39] [main/INFO] [FermiumJarScanner]: FermiumMixinConfig enqueueing mixin(s) parsed from annotated config BetterSurvival Forced Compatibility from somanyenchantments.
[08:54:39] [main/INFO] [FermiumRegistryAPI]: FermiumRegistryAPI supplied "mixins.somanyenchantments.compatcancel_bs.json" for late mixin enqueue, adding.
[08:54:39] [main/INFO] [FermiumJarScanner]: FermiumMixinConfig enqueueing mixin(s) parsed from annotated config InfernalMobs Random Enchants Compatibility from somanyenchantments.
[08:54:39] [main/INFO] [FermiumRegistryAPI]: FermiumRegistryAPI supplied "mixins.somanyenchantments.infernalmobs_randomenchants.json" for late mixin enqueue, adding.
[08:54:39] [main/INFO] [FermiumJarScanner]: FermiumMixinConfig enqueueing mixin(s) parsed from annotated config .Enable Upgrading Mechanic from somanyenchantments.
[08:54:39] [main/INFO] [FermiumRegistryAPI]: FermiumRegistryAPI supplied "mixins.somanyenchantments.upgrading.json" for early mixin enqueue, adding.
[08:54:39] [main/INFO] [FermiumJarScanner]: FermiumMixinConfig enqueueing mixin(s) parsed from annotated config Overhaul Adaptation from srpmixins.
[08:54:39] [main/INFO] [FermiumRegistryAPI]: FermiumRegistryAPI supplied "mixins.srpmixins.vanilla.adaptationoverhaul.json" for early mixin enqueue, adding.
[08:54:39] [main/INFO] [FermiumRegistryAPI]: FermiumRegistryAPI supplied "mixins.srpmixins.srp.adaptationoverhaul.json" for late mixin enqueue, adding.
[08:54:39] [main/INFO] [FermiumJarScanner]: FermiumMixinConfig enqueueing mixin(s) parsed from annotated config Fix Adaptation While Burning from srpmixins.
[08:54:39] [main/INFO] [FermiumRegistryAPI]: FermiumRegistryAPI supplied "mixins.srpmixins.srp.adaptwhileburningfix.json" for late mixin enqueue, adding.
[08:54:39] [main/INFO] [FermiumJarScanner]: FermiumMixinConfig enqueueing mixin(s) parsed from annotated config Fix Adaptation Bonus Config from srpmixins.
[08:54:39] [main/INFO] [FermiumRegistryAPI]: FermiumRegistryAPI supplied "mixins.srpmixins.srp.adaptationbonusfix.json" for late mixin enqueue, adding.
[08:54:39] [main/INFO] [FermiumJarScanner]: FermiumMixinConfig enqueueing mixin(s) parsed from annotated config Fix Adaptation to Indirect Damages from srpmixins.
[08:54:39] [main/INFO] [FermiumRegistryAPI]: FermiumRegistryAPI supplied "mixins.srpmixins.srp.adapttoindirect.json" for late mixin enqueue, adding.
[08:54:39] [main/INFO] [FermiumJarScanner]: FermiumMixinConfig enqueueing mixin(s) parsed from annotated config Use Chunk Phases from srpmixins.
[08:54:39] [main/INFO] [FermiumRegistryAPI]: FermiumRegistryAPI supplied "mixins.srpmixins.customphasemechanics.json" for late mixin enqueue, adding.
[08:54:39] [main/INFO] [FermiumJarScanner]: FermiumMixinConfig enqueueing mixin(s) parsed from annotated config Fix srpcothimmunity tag from srpmixins.
[08:54:39] [main/INFO] [FermiumRegistryAPI]: FermiumRegistryAPI supplied "mixins.srpmixins.srp.cothimmunityfix.json" for late mixin enqueue, adding.
[08:54:39] [main/INFO] [FermiumJarScanner]: FermiumMixinConfig enqueueing mixin(s) parsed from annotated config Fix Min Assimilations Zero from srpmixins.
[08:54:39] [main/INFO] [FermiumRegistryAPI]: FermiumRegistryAPI supplied "mixins.srpmixins.srp.minassimilations.json" for late mixin enqueue, adding.
[08:54:39] [main/INFO] [FermiumJarScanner]: FermiumMixinConfig enqueueing mixin(s) parsed from annotated config Fix Feral Bear Creation from srpmixins.
[08:54:39] [main/INFO] [FermiumRegistryAPI]: FermiumRegistryAPI supplied "mixins.srpmixins.srp.feraliseferbears.json" for late mixin enqueue, adding.
[08:54:39] [main/INFO] [FermiumJarScanner]: FermiumMixinConfig enqueueing mixin(s) parsed from annotated config Fix Infect Nearby Visibility from srpmixins.
[08:54:39] [main/INFO] [FermiumRegistryAPI]: FermiumRegistryAPI supplied "mixins.srpmixins.srp.infectnearbyfix.json" for late mixin enqueue, adding.
[08:54:39] [main/INFO] [FermiumJarScanner]: FermiumMixinConfig enqueueing mixin(s) parsed from annotated config Call OnDeath when converting from srpmixins.
[08:54:39] [main/INFO] [FermiumRegistryAPI]: FermiumRegistryAPI supplied "mixins.srpmixins.srp.cothondeath.json" for late mixin enqueue, adding.
[08:54:39] [main/INFO] [FermiumJarScanner]: FermiumMixinConfig enqueueing mixin(s) parsed from annotated config Fix Camouflage from srpmixins.
[08:54:39] [main/INFO] [FermiumRegistryAPI]: FermiumRegistryAPI supplied "mixins.srpmixins.srp.camouflagefix.json" for late mixin enqueue, adding.
[08:54:39] [main/INFO] [FermiumJarScanner]: FermiumMixinConfig enqueueing mixin(s) parsed from annotated config Fix Assim turn to Feral from srpmixins.
[08:54:39] [main/INFO] [FermiumRegistryAPI]: FermiumRegistryAPI supplied "mixins.srpmixins.srp.simturntoferalfix.json" for late mixin enqueue, adding.
[08:54:39] [main/INFO] [FermiumJarScanner]: FermiumMixinConfig enqueueing mixin(s) parsed from annotated config Damage Fix: Global switch from srpmixins.
[08:54:39] [main/INFO] [FermiumRegistryAPI]: FermiumRegistryAPI supplied "mixins.srpmixins.srp.damagefix.json" for late mixin enqueue, adding.
[08:54:39] [main/INFO] [FermiumJarScanner]: FermiumMixinConfig enqueueing mixin(s) parsed from annotated config Fix Arachnida Pull from srpmixins.
[08:54:39] [main/INFO] [FermiumRegistryAPI]: FermiumRegistryAPI supplied "mixins.srpmixins.srp.arachnidapullballhit.json" for late mixin enqueue, adding.
[08:54:39] [main/INFO] [FermiumJarScanner]: FermiumMixinConfig enqueueing mixin(s) parsed from annotated config Limit Stage 4 Beckons from srpmixins.
[08:54:39] [main/INFO] [FermiumRegistryAPI]: FermiumRegistryAPI supplied "mixins.srpmixins.srp.beckonupgradedeny.json" for late mixin enqueue, adding.
[08:54:39] [main/INFO] [FermiumJarScanner]: FermiumMixinConfig enqueueing mixin(s) parsed from annotated config Fix Infested Block Reversion from srpmixins.
[08:54:39] [main/INFO] [FermiumRegistryAPI]: FermiumRegistryAPI supplied "mixins.srpmixins.srp.beckoninfestationfix.json" for late mixin enqueue, adding.
[08:54:39] [main/INFO] [FermiumJarScanner]: FermiumMixinConfig enqueueing mixin(s) parsed from annotated config Fix Block Infestation Beckon Upgrade from srpmixins.
[08:54:39] [main/INFO] [FermiumRegistryAPI]: FermiumRegistryAPI supplied "mixins.srpmixins.srp.aiblockinfestfix.json" for late mixin enqueue, adding.
[08:54:39] [main/INFO] [FermiumJarScanner]: FermiumMixinConfig enqueueing mixin(s) parsed from annotated config Disable Infestation Reversion from srpmixins.
[08:54:39] [main/INFO] [FermiumRegistryAPI]: FermiumRegistryAPI supplied "mixins.srpmixins.srp.infestationreversiontoggle.json" for late mixin enqueue, adding.
[08:54:39] [main/INFO] [FermiumJarScanner]: FermiumMixinConfig enqueueing mixin(s) parsed from annotated config Infestation Performance Overhaul from srpmixins.
[08:54:39] [main/INFO] [FermiumRegistryAPI]: FermiumRegistryAPI supplied "mixins.srpmixins.srp.infestationoverhaul.json" for late mixin enqueue, adding.
[08:54:39] [main/INFO] [FermiumJarScanner]: FermiumMixinConfig enqueueing mixin(s) parsed from annotated config Parasite Stat+Drop Multiplier: Global switch from srpmixins.
[08:54:39] [main/INFO] [FermiumRegistryAPI]: FermiumRegistryAPI supplied "mixins.srpmixins.srp.dimensionmultis.json" for late mixin enqueue, adding.
[08:54:39] [main/INFO] [FermiumJarScanner]: FermiumMixinConfig enqueueing mixin(s) parsed from annotated config Fix Carcasses not working during cooldown from srpmixins.
[08:54:39] [main/INFO] [FermiumRegistryAPI]: FermiumRegistryAPI supplied "mixins.srpmixins.srp.cooldownbypass.json" for late mixin enqueue, adding.
[08:54:39] [main/INFO] [FermiumJarScanner]: FermiumMixinConfig enqueueing mixin(s) parsed from annotated config Lures stack cooldown from srpmixins.
[08:54:39] [main/INFO] [FermiumRegistryAPI]: FermiumRegistryAPI supplied "mixins.srpmixins.srp.lurecooldownstack.json" for late mixin enqueue, adding.
[08:54:39] [main/INFO] [FermiumJarScanner]: FermiumMixinConfig enqueueing mixin(s) parsed from annotated config Force carcass all same lure type from srpmixins.
[08:54:39] [main/INFO] [FermiumRegistryAPI]: FermiumRegistryAPI supplied "mixins.srpmixins.srp.carcasssamelures.json" for late mixin enqueue, adding.
[08:54:39] [main/INFO] [FermiumJarScanner]: FermiumMixinConfig enqueueing mixin(s) parsed from annotated config Fix Cooldown Overflow from srpmixins.
[08:54:39] [main/INFO] [FermiumRegistryAPI]: FermiumRegistryAPI supplied "mixins.srpmixins.srp.lureoverflowfix.json" for late mixin enqueue, adding.
[08:54:39] [main/INFO] [FermiumJarScanner]: FermiumMixinConfig enqueueing mixin(s) parsed from annotated config Enable Bloodmoon tweaks from srpmixins.
[08:54:39] [main/INFO] [FermiumRegistryAPI]: FermiumRegistryAPI supplied "mixins.srpmixins.bloodmoon.json" for late mixin enqueue, adding.
[08:54:39] [main/INFO] [FermiumJarScanner]: FermiumMixinConfig enqueueing mixin(s) parsed from annotated config Enable Lost Cities tweaks from srpmixins.
[08:54:39] [main/INFO] [FermiumRegistryAPI]: FermiumRegistryAPI supplied "mixins.srpmixins.lostcities.json" for late mixin enqueue, adding.
[08:54:39] [main/INFO] [FermiumJarScanner]: FermiumMixinConfig enqueueing mixin(s) parsed from annotated config Antique Atlas Compat - Render Biome Tile from srpmixins.
[08:54:39] [main/INFO] [FermiumRegistryAPI]: FermiumRegistryAPI supplied "mixins.srpmixins.antiqueatlas.renderbiometile.json" for late mixin enqueue, adding.
[08:54:39] [main/INFO] [FermiumJarScanner]: FermiumMixinConfig enqueueing mixin(s) parsed from annotated config Enable More Phases from srpmixins.
[08:54:39] [main/INFO] [FermiumRegistryAPI]: FermiumRegistryAPI supplied "mixins.srpmixins.morephases.json" for late mixin enqueue, adding.
[08:54:39] [main/INFO] [FermiumJarScanner]: FermiumMixinConfig enqueueing mixin(s) parsed from annotated config Biome Spread Performance Overhaul from srpmixins.
[08:54:39] [main/INFO] [FermiumRegistryAPI]: FermiumRegistryAPI supplied "mixins.srpmixins.srp.biomespreadoverhaul.json" for late mixin enqueue, adding.
[08:54:39] [main/INFO] [FermiumJarScanner]: FermiumMixinConfig enqueueing mixin(s) parsed from annotated config Fix Parasitic Biome Fog from srpmixins.
[08:54:39] [main/INFO] [FermiumRegistryAPI]: FermiumRegistryAPI supplied "mixins.srpmixins.srp.fogmultiplayerfix.json" for late mixin enqueue, adding.
[08:54:39] [main/INFO] [FermiumJarScanner]: FermiumMixinConfig enqueueing mixin(s) parsed from annotated config Fix Parasite Bush Generation Lag from srpmixins.
[08:54:39] [main/INFO] [FermiumRegistryAPI]: FermiumRegistryAPI supplied "mixins.srpmixins.srp.parasitebushgen.json" for late mixin enqueue, adding.
[08:54:39] [main/INFO] [FermiumJarScanner]: FermiumMixinConfig enqueueing mixin(s) parsed from annotated config Fix SRP Biome Packet from srpmixins.
[08:54:39] [main/INFO] [FermiumRegistryAPI]: FermiumRegistryAPI supplied "mixins.srpmixins.srp.biomepacket.json" for late mixin enqueue, adding.
[08:54:39] [main/INFO] [FermiumJarScanner]: FermiumMixinConfig enqueueing mixin(s) parsed from annotated config Biome Purifier - Tweak+Fix from srpmixins.
[08:54:39] [main/INFO] [FermiumRegistryAPI]: FermiumRegistryAPI supplied "mixins.srpmixins.srp.biomepurifier.json" for late mixin enqueue, adding.
[08:54:39] [main/INFO] [FermiumJarScanner]: FermiumMixinConfig enqueueing mixin(s) parsed from annotated config Bloody Clock percentage from srpmixins.
[08:54:39] [main/INFO] [FermiumRegistryAPI]: FermiumRegistryAPI supplied "mixins.srpmixins.srp.modifiedclock.json" for late mixin enqueue, adding.
[08:54:39] [main/INFO] [FermiumJarScanner]: FermiumMixinConfig enqueueing mixin(s) parsed from annotated config Flat sleep point penalty from srpmixins.
[08:54:39] [main/INFO] [FermiumRegistryAPI]: FermiumRegistryAPI supplied "mixins.srpmixins.srp.flatsleeppenalty.json" for late mixin enqueue, adding.
[08:54:39] [main/INFO] [FermiumJarScanner]: FermiumMixinConfig enqueueing mixin(s) parsed from annotated config Fix phase point reduction from srpmixins.
[08:54:39] [main/INFO] [FermiumRegistryAPI]: FermiumRegistryAPI supplied "mixins.srpmixins.srp.pointreductionlimit.json" for late mixin enqueue, adding.
[08:54:39] [main/INFO] [FermiumJarScanner]: FermiumMixinConfig enqueueing mixin(s) parsed from annotated config Fix Phase Resets from srpmixins.
[08:54:39] [main/INFO] [FermiumRegistryAPI]: FermiumRegistryAPI supplied "mixins.srpmixins.srp.phaseresetfix.json" for late mixin enqueue, adding.
[08:54:39] [main/INFO] [FermiumJarScanner]: FermiumMixinConfig enqueueing mixin(s) parsed from annotated config Fix Node Resets from srpmixins.
[08:54:39] [main/INFO] [FermiumRegistryAPI]: FermiumRegistryAPI supplied "mixins.srpmixins.srp.noderesetfix.json" for late mixin enqueue, adding.
[08:54:39] [main/INFO] [FermiumJarScanner]: FermiumMixinConfig enqueueing mixin(s) parsed from annotated config Fix Adapted Penalty on Instant Despawn from srpmixins.
[08:54:39] [main/INFO] [FermiumRegistryAPI]: FermiumRegistryAPI supplied "mixins.srpmixins.srp.adaptedinstadespawnpenalty.json" for late mixin enqueue, adding.
[08:54:39] [main/INFO] [FermiumJarScanner]: FermiumMixinConfig enqueueing mixin(s) parsed from annotated config Fix Parasites Unlocking from srpmixins.
[08:54:39] [main/INFO] [FermiumRegistryAPI]: FermiumRegistryAPI supplied "mixins.srpmixins.srp.fixparaunlocking.json" for late mixin enqueue, adding.
[08:54:39] [main/INFO] [FermiumJarScanner]: FermiumMixinConfig enqueueing mixin(s) parsed from annotated config Allow Parasite Name in Unlock Message from srpmixins.
[08:54:39] [main/INFO] [FermiumRegistryAPI]: FermiumRegistryAPI supplied "mixins.srpmixins.srp.unlockmessagewithname.json" for late mixin enqueue, adding.
[08:54:39] [main/INFO] [FermiumJarScanner]: FermiumMixinConfig enqueueing mixin(s) parsed from annotated config Needler Fix from srpmixins.
[08:54:39] [main/INFO] [FermiumRegistryAPI]: FermiumRegistryAPI supplied "mixins.srpmixins.srp.needlerfix.json" for late mixin enqueue, adding.
[08:54:39] [main/INFO] [FermiumJarScanner]: FermiumMixinConfig enqueueing mixin(s) parsed from annotated config Fix clientside potions from srpmixins.
[08:54:39] [main/INFO] [FermiumRegistryAPI]: FermiumRegistryAPI supplied "mixins.srpmixins.srp.clientpotions.json" for late mixin enqueue, adding.
[08:54:39] [main/INFO] [FermiumJarScanner]: FermiumMixinConfig enqueueing mixin(s) parsed from annotated config Fix attribute potions from srpmixins.
[08:54:39] [main/INFO] [FermiumRegistryAPI]: FermiumRegistryAPI supplied "mixins.srpmixins.srp.potionuuidfix.json" for late mixin enqueue, adding.
[08:54:39] [main/INFO] [FermiumJarScanner]: FermiumMixinConfig enqueueing mixin(s) parsed from annotated config Modify Assim/Feral Endermen target tp radius from srpmixins.
[08:54:39] [main/INFO] [FermiumRegistryAPI]: FermiumRegistryAPI supplied "mixins.srpmixins.srp.simmermantptarget.json" for late mixin enqueue, adding.
[08:54:39] [main/INFO] [FermiumJarScanner]: FermiumMixinConfig enqueueing mixin(s) parsed from annotated config Fix Spawner Block spawning from srpmixins.
[08:54:39] [main/INFO] [FermiumRegistryAPI]: FermiumRegistryAPI supplied "mixins.srpmixins.srp.spawnerspawnfix.json" for late mixin enqueue, adding.
[08:54:39] [main/INFO] [FermiumJarScanner]: FermiumMixinConfig enqueueing mixin(s) parsed from annotated config Fix Evolution Lock from srpmixins.
[08:54:39] [main/INFO] [FermiumRegistryAPI]: FermiumRegistryAPI supplied "mixins.srpmixins.srp.evolockfix.json" for late mixin enqueue, adding.
[08:54:39] [main/INFO] [FermiumJarScanner]: FermiumMixinConfig enqueueing mixin(s) parsed from annotated config Fix Parasite Biome Spawns from srpmixins.
[08:54:39] [main/INFO] [FermiumRegistryAPI]: FermiumRegistryAPI supplied "mixins.srpmixins.srp.parabiomespawns.json" for late mixin enqueue, adding.
[08:54:39] [main/INFO] [FermiumJarScanner]: FermiumMixinConfig enqueueing mixin(s) parsed from annotated config Fix Colony Carrier Type Id from srpmixins.
[08:54:39] [main/INFO] [FermiumRegistryAPI]: FermiumRegistryAPI supplied "mixins.srpmixins.srp.colocarriertypefix.json" for late mixin enqueue, adding.
[08:54:39] [main/INFO] [FermiumJarScanner]: FermiumMixinConfig enqueueing mixin(s) parsed from annotated config Fix Spawning Entirely from srpmixins.
[08:54:39] [main/INFO] [FermiumRegistryAPI]: FermiumRegistryAPI supplied "mixins.srpmixins.vanilla.enumcreaturetype.json" for early mixin enqueue, adding.
[08:54:39] [main/INFO] [FermiumRegistryAPI]: FermiumRegistryAPI supplied "mixins.srpmixins.srp.fixspawning.json" for late mixin enqueue, adding.
[08:54:39] [main/INFO] [FermiumJarScanner]: FermiumMixinConfig enqueueing mixin(s) parsed from annotated config Fix Colony Lock in Para Biome from srpmixins.
[08:54:39] [main/INFO] [FermiumRegistryAPI]: FermiumRegistryAPI supplied "mixins.srpmixins.srp.colofixinbiome.json" for late mixin enqueue, adding.
[08:54:39] [main/INFO] [FermiumJarScanner]: FermiumMixinConfig enqueueing mixin(s) parsed from annotated config Disable Scent Debug from srpmixins.
[08:54:39] [main/INFO] [FermiumRegistryAPI]: FermiumRegistryAPI supplied "mixins.srpmixins.srp.disablescentdebug.json" for late mixin enqueue, adding.
[08:54:39] [main/INFO] [FermiumJarScanner]: FermiumMixinConfig enqueueing mixin(s) parsed from annotated config Use Forgotten Configs from srpmixins.
[08:54:39] [main/INFO] [FermiumRegistryAPI]: FermiumRegistryAPI supplied "mixins.srpmixins.srp.forgottenconfigs.json" for late mixin enqueue, adding.
[08:54:39] [main/INFO] [FermiumJarScanner]: FermiumMixinConfig enqueueing mixin(s) parsed from annotated config Make Strange Bones stack to 16 from srpmixins.
[08:54:39] [main/INFO] [FermiumRegistryAPI]: FermiumRegistryAPI supplied "mixins.srpmixins.srp.strangebonestacking.json" for late mixin enqueue, adding.
[08:54:39] [main/INFO] [FermiumJarScanner]: FermiumMixinConfig enqueueing mixin(s) parsed from annotated config Fix SRP Command Autocompletion from srpmixins.
[08:54:39] [main/INFO] [FermiumRegistryAPI]: FermiumRegistryAPI supplied "mixins.srpmixins.srp.commandfix.json" for late mixin enqueue, adding.
[08:54:39] [main/INFO] [FermiumJarScanner]: FermiumMixinConfig enqueueing mixin(s) parsed from annotated config Fix Empty Whitelists read as Blacklists from srpmixins.
[08:54:39] [main/INFO] [FermiumRegistryAPI]: FermiumRegistryAPI supplied "mixins.srpmixins.srp.emptywhitelistfix.json" for late mixin enqueue, adding.
[08:54:39] [main/INFO] [FermiumJarScanner]: FermiumMixinConfig enqueueing mixin(s) parsed from annotated config Fix Right Clicking Parasite Entities from srpmixins.
[08:54:39] [main/INFO] [FermiumRegistryAPI]: FermiumRegistryAPI supplied "mixins.srpmixins.srp.parasiterightclickfix.json" for late mixin enqueue, adding.
[08:54:39] [main/INFO] [FermiumJarScanner]: FermiumMixinConfig enqueueing mixin(s) parsed from annotated config Fix Wave Entities Early Death from srpmixins.
[08:54:39] [main/INFO] [FermiumRegistryAPI]: FermiumRegistryAPI supplied "mixins.srpmixins.srp.wavefix.json" for late mixin enqueue, adding.
[08:54:39] [main/INFO] [FermiumJarScanner]: FermiumMixinConfig enqueueing mixin(s) parsed from annotated config SRPModelBiped Render Crash Fix from srpmixins.
[08:54:39] [main/INFO] [FermiumRegistryAPI]: FermiumRegistryAPI supplied "mixins.srpmixins.srp.armorcrash.json" for late mixin enqueue, adding.
[08:54:39] [main/INFO] [FermiumJarScanner]: FermiumMixinConfig enqueueing mixin(s) parsed from annotated config Scents NoClip from srpmixins.
[08:54:39] [main/INFO] [FermiumRegistryAPI]: FermiumRegistryAPI supplied "mixins.srpmixins.srp.scentsnoclip.json" for late mixin enqueue, adding.
[08:54:39] [main/INFO] [FermiumJarScanner]: FermiumMixinConfig enqueueing mixin(s) parsed from annotated config Fix Multiple Phase Warnings from srpmixins.
[08:54:39] [main/INFO] [FermiumRegistryAPI]: FermiumRegistryAPI supplied "mixins.srpmixins.srp.movingsoundfix.json" for late mixin enqueue, adding.
[08:54:39] [main/INFO] [FermiumJarScanner]: FermiumMixinConfig enqueueing mixin(s) parsed from annotated config Fix Paras Regaining Tendrils from srpmixins.
[08:54:39] [main/INFO] [FermiumRegistryAPI]: FermiumRegistryAPI supplied "mixins.srpmixins.srp.tendrilfix.json" for late mixin enqueue, adding.
[08:54:39] [main/INFO] [FermiumJarScanner]: FermiumMixinConfig enqueueing mixin(s) parsed from annotated config Fix Dispatcher Stage IV Head from srpmixins.
[08:54:39] [main/INFO] [FermiumRegistryAPI]: FermiumRegistryAPI supplied "mixins.srpmixins.srp.renderdispatcherhead.json" for late mixin enqueue, adding.
[08:54:39] [main/INFO] [FermiumJarScanner]: FermiumMixinConfig enqueueing mixin(s) parsed from annotated config Fix Zero Hardness Break from srpmixins.
[08:54:39] [main/INFO] [FermiumRegistryAPI]: FermiumRegistryAPI supplied "mixins.srpmixins.srp.zerohardnessbreak.json" for late mixin enqueue, adding.
[08:54:39] [main/INFO] [FermiumJarScanner]: FermiumMixinConfig enqueueing mixin(s) parsed from annotated config Use Vanilla Loot Tables from srpmixins.
[08:54:39] [main/INFO] [FermiumRegistryAPI]: FermiumRegistryAPI supplied "mixins.srpmixins.vanilla.lootpoolparser.json" for early mixin enqueue, adding.
[08:54:39] [main/INFO] [FermiumRegistryAPI]: FermiumRegistryAPI supplied "mixins.srpmixins.srp.loottables.json" for late mixin enqueue, adding.
[08:54:39] [main/INFO] [FermiumJarScanner]: FermiumMixinConfig enqueueing mixin(s) parsed from annotated config Enable Water Spawns from srpmixins.
[08:54:39] [main/INFO] [FermiumRegistryAPI]: FermiumRegistryAPI supplied "mixins.srpmixins.srp.waterspawns.json" for late mixin enqueue, adding.
[08:54:39] [main/INFO] [FermiumJarScanner]: FermiumMixinConfig enqueueing mixin(s) parsed from annotated config Water Parasites Target Squids from srpmixins.
[08:54:39] [main/INFO] [FermiumRegistryAPI]: FermiumRegistryAPI supplied "mixins.srpmixins.srp.squidtargeting.json" for late mixin enqueue, adding.
[08:54:39] [main/INFO] [FermiumJarScanner]: FermiumMixinConfig enqueueing mixin(s) parsed from annotated config Disable Sentient Evolution Mechanic from srpmixins.
[08:54:39] [main/INFO] [FermiumRegistryAPI]: FermiumRegistryAPI supplied "mixins.srpmixins.srp.sentevodisable.json" for late mixin enqueue, adding.
[08:54:39] [main/INFO] [FermiumJarScanner]: FermiumMixinConfig enqueueing mixin(s) parsed from annotated config Fix parasite weapon damage from srpmixins.
[08:54:39] [main/INFO] [FermiumRegistryAPI]: FermiumRegistryAPI supplied "mixins.srpmixins.srp.weapondamage.json" for late mixin enqueue, adding.
[08:54:39] [main/INFO] [FermiumJarScanner]: FermiumMixinConfig enqueueing mixin(s) parsed from annotated config Fix parasite weapon evolution NBT loss from srpmixins.
[08:54:39] [main/INFO] [FermiumRegistryAPI]: FermiumRegistryAPI supplied "mixins.srpmixins.srp.sentnbtlossfix.json" for late mixin enqueue, adding.
[08:54:39] [main/INFO] [FermiumJarScanner]: FermiumMixinConfig enqueueing mixin(s) parsed from annotated config Remove Parasite Kills tooltip from sentient weapons from srpmixins.
[08:54:39] [main/INFO] [FermiumRegistryAPI]: FermiumRegistryAPI supplied "mixins.srpmixins.srp.senttooltipremove.json" for late mixin enqueue, adding.
[08:54:39] [main/INFO] [FermiumJarScanner]: FermiumMixinConfig enqueueing mixin(s) parsed from annotated config Bench - GUI Allow Number Hotkeys from vcfix.
[08:54:39] [main/INFO] [FermiumRegistryAPI]: FermiumRegistryAPI supplied "mixins.vcfix.vc.numberhotkeysingui.json" for late mixin enqueue, adding.
[08:54:39] [main/INFO] [FermiumJarScanner]: FermiumMixinConfig enqueueing mixin(s) parsed from annotated config Bench - Better Shift Click - From Hotbar from vcfix.
[08:54:39] [main/INFO] [FermiumRegistryAPI]: FermiumRegistryAPI supplied "mixins.vcfix.vc.shiftclickhotbar.json" for late mixin enqueue, adding.
[08:54:39] [main/INFO] [FermiumJarScanner]: FermiumMixinConfig enqueueing mixin(s) parsed from annotated config Bench - Better Shift Click - From Inventory from vcfix.
[08:54:39] [main/INFO] [FermiumRegistryAPI]: FermiumRegistryAPI supplied "mixins.vcfix.vc.shiftclickinventory.json" for late mixin enqueue, adding.
[08:54:39] [main/INFO] [FermiumJarScanner]: FermiumMixinConfig enqueueing mixin(s) parsed from annotated config Bench - Stop Drop On GUI Exit from vcfix.
[08:54:39] [main/INFO] [FermiumRegistryAPI]: FermiumRegistryAPI supplied "mixins.vcfix.vc.stopdrop.json" for late mixin enqueue, adding.
[08:54:39] [main/INFO] [FermiumJarScanner]: FermiumMixinConfig enqueueing mixin(s) parsed from annotated config JEI - Stop Log Warn Spam from vcfix.
[08:54:39] [main/INFO] [FermiumRegistryAPI]: FermiumRegistryAPI supplied "mixins.vcfix.jei.stoplogspam.json" for late mixin enqueue, adding.
[08:54:39] [main/INFO] [FermiumJarScanner]: FermiumMixinConfig finished MixinConfig parsing, parsed 350 config options with 1 warnings
[08:54:39] [main/INFO] [FermiumBooter]: FermiumBooter adding "mixins.rlmixins.early.chunkanimator.xray.json" for early mixin application.
[08:54:39] [main/INFO] [FermiumBooter]: FermiumBooter adding "mixins.fermiummixins.early.vanilla.bossvehicle.json" for early mixin application.
[08:54:39] [main/INFO] [FermiumBooter]: FermiumBooter adding "mixins.eaglemixins.vanilla.json" for early mixin application.
[08:54:39] [main/INFO] [FermiumBooter]: FermiumBooter adding "mixins.aaam.vanilla.json" for early mixin application.
[08:54:39] [main/INFO] [FermiumBooter]: FermiumBooter adding "mixins.somanyenchantments.vanilla.json" for early mixin application.
[08:54:39] [main/INFO] [FermiumBooter]: FermiumBooter adding "mixins.fermiummixins.early.vanilla.worldbordertimecache.json" for early mixin application.
[08:54:39] [main/INFO] [FermiumBooter]: FermiumBooter adding "mixins.fermiummixins.early.vanilla.worldflammablepos.json" for early mixin application.
[08:54:39] [main/INFO] [FermiumBooter]: FermiumBooter adding "mixins.fermiummixins.early.vanilla.particlerenderpatch.json" for early mixin application.
[08:54:39] [main/INFO] [FermiumBooter]: FermiumBooter adding "mixins.fermiummixins.early.vanilla.autosavelog.json" for early mixin application.
[08:54:39] [main/INFO] [FermiumBooter]: FermiumBooter adding "mixins.fermiummixins.early.vanilla.pathfindingloading.json" for early mixin application.
[08:54:39] [main/INFO] [FermiumBooter]: FermiumBooter adding "mixins.fermiummixins.early.vanilla.spawnchunkradiuspatch.json" for early mixin application.
[08:54:39] [main/INFO] [FermiumBooter]: FermiumBooter adding "mixins.localizator.core.containername.json" for early mixin application.
[08:54:39] [main/INFO] [FermiumBooter]: FermiumBooter adding "mixins.fermiummixins.early.vanilla.materialcheck.json" for early mixin application.
[08:54:39] [main/INFO] [FermiumBooter]: FermiumBooter adding "mixins.fermiummixins.early.vanilla.stackablesoupbowlfix.json" for early mixin application.
[08:54:39] [main/INFO] [FermiumBooter]: FermiumBooter adding "mixins.boatdeletebegone.json" for early mixin application.
[08:54:39] [main/INFO] [FermiumBooter]: FermiumBooter adding "mixins.fermiummixins.early.vanilla.giantzombiespawnfix.json" for early mixin application.
[08:54:39] [main/INFO] [FermiumBooter]: FermiumBooter adding "mixins.furnacexpstorage.json" for early mixin application.
[08:54:39] [main/INFO] [FermiumBooter]: FermiumBooter adding "mixins.fermiummixins.early.bloodmoon.optifinerender.json" for early mixin application.
[08:54:39] [main/INFO] [FermiumBooter]: FermiumBooter adding "mixins.fermiummixins.early.fancymenu.servercrash.json" for early mixin application.
[08:54:39] [main/INFO] [FermiumBooter]: FermiumBooter adding "mixins.fermiummixins.early.charm.shulkerinsertion.json" for early mixin application.
[08:54:39] [main/INFO] [FermiumBooter]: FermiumBooter adding "mixins.bounceable.vanilla.json" for early mixin application.
[08:54:39] [main/INFO] [FermiumBooter]: FermiumBooter adding "mixins.fermiummixins.early.bountifulbaubles.flaregun.json" for early mixin application.
[08:54:39] [main/INFO] [FermiumBooter]: FermiumBooter adding "mixins.localizator.core.loclore.json" for early mixin application.
[08:54:39] [main/INFO] [FermiumBooter]: FermiumBooter adding "mixins.fermiummixins.early.vanilla.glerror.json" for early mixin application.
[08:54:39] [main/INFO] [FermiumBooter]: FermiumBooter adding "mixins.fermiummixins.early.vanilla.lowercroucheyeheight.json" for early mixin application.
[08:54:39] [main/INFO] [FermiumBooter]: FermiumBooter adding "mixins.fermiummixins.early.vanilla.mergexporbs.json" for early mixin application.
[08:54:39] [main/INFO] [FermiumBooter]: FermiumBooter adding "mixins.fermiummixins.early.vanilla.untippedarrowparticles.json" for early mixin application.
[08:54:39] [main/INFO] [FermiumBooter]: FermiumBooter adding "mixins.editableedibles.vanilla.json" for early mixin application.
[08:54:39] [main/INFO] [FermiumBooter]: FermiumBooter adding "mixins.rlmixins.early.rlmixins.slimebouncysides.json" for early mixin application.
[08:54:39] [main/INFO] [FermiumBooter]: FermiumBooter adding "mixins.fermiummixins.early.vanilla.strayhuskspawningfix.json" for early mixin application.
[08:54:39] [main/INFO] [FermiumBooter]: FermiumBooter adding "mixins.fermiummixins.early.spawnercontrol.curing.json" for early mixin application.
[08:54:39] [main/INFO] [FermiumBooter]: FermiumBooter adding "mixins.misc_fluidregistry.json" for early mixin application.
[08:54:39] [main/INFO] [FermiumBooter]: FermiumBooter adding "mixins.rlmixins.early.bettersurvival.antiwarp.json" for early mixin application.
[08:54:39] [main/INFO] [FermiumBooter]: FermiumBooter adding "mixins.crashes.json" for early mixin application.
[08:54:39] [main/INFO] [FermiumBooter]: FermiumBooter adding "mixins.fix_mc129057.json" for early mixin application.
[08:54:39] [main/INFO] [FermiumBooter]: FermiumBooter adding "mixins.fermiummixins.early.vanilla.outdatedchunkdata.json" for early mixin application.
[08:54:39] [main/INFO] [FermiumBooter]: FermiumBooter adding "mixins.localizator.core.writtenbooks.json" for early mixin application.
[08:54:39] [main/INFO] [FermiumBooter]: FermiumBooter adding "mixins.stripitemstack.json" for early mixin application.
[08:54:39] [main/INFO] [FermiumBooter]: FermiumBooter adding "mixins.fermiummixins.early.vanilla.stoppigmenportalspawns.json" for early mixin application.
[08:54:39] [main/INFO] [FermiumBooter]: FermiumBooter adding "mixins.fermiummixins.early.vanilla.serverpriority.json" for early mixin application.
[08:54:39] [main/INFO] [FermiumBooter]: FermiumBooter adding "mixins.localizator.core.entityaccessor.json" for early mixin application.
[08:54:39] [main/INFO] [FermiumBooter]: FermiumBooter adding "mixins.vanities.json" for early mixin application.
[08:54:39] [main/INFO] [FermiumBooter]: FermiumBooter adding "mixins.bettercombatmod.json" for early mixin application.
[08:54:39] [main/INFO] [FermiumBooter]: FermiumBooter adding "mixins.fermiummixins.early.vanilla.entityvelocitysync.json" for early mixin application.
[08:54:39] [main/INFO] [FermiumBooter]: FermiumBooter adding "mixins.fermiummixins.early.vanilla.chunkentitylistpatch.json" for early mixin application.
[08:54:39] [main/INFO] [FermiumBooter]: FermiumBooter adding "mixins.fermiummixins.early.vanilla.idleguardiansinking.json" for early mixin application.
[08:54:39] [main/INFO] [FermiumBooter]: FermiumBooter adding "mixins.fermiummixins.early.vanilla.entitytrackerdesync.json" for early mixin application.
[08:54:39] [main/INFO] [FermiumBooter]: FermiumBooter adding "mixins.registries.json" for early mixin application.
[08:54:39] [main/INFO] [FermiumBooter]: FermiumBooter adding "mixins.fermiummixins.early.vanilla.healthdesyncpatch.json" for early mixin application.
[08:54:39] [main/INFO] [FermiumBooter]: FermiumBooter adding "mixins.srpmixins.vanilla.enumcreaturetype.json" for early mixin application.
[08:54:39] [main/INFO] [FermiumBooter]: FermiumBooter adding "mixins.fermiummixins.early.vanilla.mineshaftbiomeblacklist.json" for early mixin application.
[08:54:39] [main/INFO] [FermiumBooter]: FermiumBooter adding "mixins.fermiummixins.early.vanilla.potionamplifiervisibility.json" for early mixin application.
[08:54:39] [main/INFO] [FermiumBooter]: FermiumBooter adding "mixins.priorities.json" for early mixin application.
[08:54:39] [main/INFO] [FermiumBooter]: FermiumBooter adding "mixins.localizator.core.writablebooks.json" for early mixin application.
[08:54:39] [main/INFO] [FermiumBooter]: FermiumBooter adding "mixins.rlmixins.early.bettersurvival.optimization.json" for early mixin application.
[08:54:39] [main/INFO] [FermiumBooter]: FermiumBooter adding "mixins.srpmixins.vanilla.adaptationoverhaul.json" for early mixin application.
[08:54:39] [main/INFO] [FermiumBooter]: FermiumBooter adding "mixins.fermiummixins.early.quark.runeoptifine.json" for early mixin application.
[08:54:39] [main/INFO] [FermiumBooter]: FermiumBooter adding "mixins.recipes.json" for early mixin application.
[08:54:39] [main/INFO] [FermiumBooter]: FermiumBooter adding "mixins.fermiummixins.early.vanilla.furnacexplimitfix.json" for early mixin application.
[08:54:39] [main/INFO] [FermiumBooter]: FermiumBooter adding "mixins.internal.json" for early mixin application.
[08:54:39] [main/INFO] [FermiumBooter]: FermiumBooter adding "mixins.fermiummixins.early.vanilla.teleportinglagpatch.json" for early mixin application.
[08:54:39] [main/INFO] [FermiumBooter]: FermiumBooter adding "mixins.fermiummixins.early.vanilla.respawnprotection.json" for early mixin application.
[08:54:39] [main/INFO] [FermiumBooter]: FermiumBooter adding "mixins.rlmixins.early.rlmixins.mobnausea.json" for early mixin application.
[08:54:39] [main/INFO] [FermiumBooter]: FermiumBooter adding "mixins.fermiummixins.early.vanilla.fallblocktick.json" for early mixin application.
[08:54:39] [main/INFO] [FermiumBooter]: FermiumBooter adding "mixins.fermiummixins.early.mobends.idcrash.json" for early mixin application.
[08:54:39] [main/INFO] [FermiumBooter]: FermiumBooter adding "mixins.fermiummixins.early.vanilla.stopsleepresettingweather.json" for early mixin application.
[08:54:39] [main/INFO] [FermiumBooter]: FermiumBooter adding "mixins.fermiummixins.early.vanilla.tippedarrowblacklist.json" for early mixin application.
[08:54:39] [main/INFO] [FermiumBooter]: FermiumBooter adding "mixins.vfix_bugfixes.json" for early mixin application.
[08:54:39] [main/INFO] [FermiumBooter]: FermiumBooter adding "mixins.fermiummixins.early.vanilla.blockstorageoptifine.json" for early mixin application.
[08:54:39] [main/INFO] [FermiumBooter]: FermiumBooter adding "mixins.fermiummixins.early.bloodmoon.lootpickup.json" for early mixin application.
[08:54:39] [main/INFO] [FermiumBooter]: FermiumBooter adding "mixins.capability.json" for early mixin application.
[08:54:39] [main/INFO] [FermiumBooter]: FermiumBooter adding "mixins.rlmixins.early.vanilla.concrete.json" for early mixin application.
[08:54:39] [main/INFO] [FermiumBooter]: FermiumBooter adding "mixins.fermiummixins.early.vanilla.waterchunkgenticking.json" for early mixin application.
[08:54:39] [main/INFO] [FermiumBooter]: FermiumBooter adding "mixins.fermiummixins.early.vanilla.suppressdangerousprefix.json" for early mixin application.
[08:54:39] [main/INFO] [FermiumBooter]: FermiumBooter adding "mixins.fermiummixins.early.vanilla.hardcoregameoverfix.json" for early mixin application.
[08:54:39] [main/INFO] [FermiumBooter]: FermiumBooter adding "mixins.fermiummixins.early.mobends.memleak.json" for early mixin application.
[08:54:39] [main/INFO] [FermiumBooter]: FermiumBooter adding "mixins.somanyenchantments.upgrading.json" for early mixin application.
[08:54:39] [main/INFO] [FermiumBooter]: FermiumBooter adding "mixins.fermiummixins.early.vanilla.suppressbrokenoredict.json" for early mixin application.
[08:54:39] [main/INFO] [FermiumBooter]: FermiumBooter adding "mixins.fermiummixins.early.vanilla.suppressaddpacket.json" for early mixin application.
[08:54:39] [main/INFO] [FermiumBooter]: FermiumBooter adding "mixins.fermiummixins.early.biomesoplenty.waspfarm.json" for early mixin application.
[08:54:39] [main/INFO] [FermiumBooter]: FermiumBooter adding "mixins.fermiummixins.early.waystones.naming.json" for early mixin application.
[08:54:39] [main/INFO] [FermiumBooter]: FermiumBooter adding "mixins.fermiummixins.early.vanilla.playerdeathshakefix.json" for early mixin application.
[08:54:39] [main/INFO] [FermiumBooter]: FermiumBooter adding "mixins.fermiummixins.early.vanilla.chunkvisibilitycache.json" for early mixin application.
[08:54:39] [main/INFO] [FermiumBooter]: FermiumBooter adding "mixins.localizator.core.itementitykill.json" for early mixin application.
[08:54:39] [main/INFO] [FermiumBooter]: FermiumBooter adding "mixins.luckified.vanilla.json" for early mixin application.
[08:54:39] [main/INFO] [FermiumBooter]: FermiumBooter adding "mixins.fermiummixins.early.itemphysics.servercrash.json" for early mixin application.
[08:54:39] [main/INFO] [FermiumBooter]: FermiumBooter adding "mixins.fermiummixins.early.vanilla.mendingpriorities.json" for early mixin application.
[08:54:39] [main/INFO] [FermiumBooter]: FermiumBooter adding "mixins.forgefixes.json" for early mixin application.
[08:54:39] [main/INFO] [FermiumBooter]: FermiumBooter adding "mixins.srpmixins.vanilla.lootpoolparser.json" for early mixin application.
[08:54:39] [main/INFO] [FermiumBooter]: FermiumBooter adding "mixins.fermiummixins.early.vanilla.delayedpacketerrors.json" for early mixin application.
[08:54:39] [main/INFO] [FermiumBooter]: FermiumBooter adding "mixins.efficienthashing.json" for early mixin application.
[08:54:39] [main/INFO] [FermiumBooter]: FermiumBooter adding "mixins.fermiummixins.early.vanilla.hoerepair.json" for early mixin application.
[08:54:39] [main/INFO] [FermiumBooter]: FermiumBooter adding "mixins.lockcode.json" for early mixin application.
[08:54:39] [main/INFO] [FermiumBooter]: FermiumBooter adding "mixins.fermiummixins.early.vanilla.smoothcrouching.json" for early mixin application.
[08:54:39] [main/INFO] [FermiumBooter]: FermiumBooter adding "mixins.fermiummixins.early.anvilpatch.tooexpensivefix.json" for early mixin application.
[08:54:39] [main/INFO] [FermiumBooter]: FermiumBooter adding "mixins.localizator.core.noveltyplacement.json" for early mixin application.
[08:54:39] [main/INFO] [FermiumBooter]: FermiumBooter adding "mixins.fermiummixins.early.vanilla.suppressreceivedpassengers.json" for early mixin application.
[08:54:39] [main/INFO] [FermiumBooter]: FermiumBooter adding "mixins.localizator.core.entityname.json" for early mixin application.
[08:54:39] [main/INFO] [FermiumBooter]: FermiumBooter adding "mixins.rlmixins.early.betterquesting.button.json" for early mixin application.
[08:54:39] [main/INFO] [FermiumBooter]: FermiumBooter adding "mixins.fermiummixins.early.vanilla.nukeadvancements.json" for early mixin application.
[08:54:39] [main/INFO] [FermiumBooter]: FermiumBooter adding "mixins.noisethreader.vanilla.json" for early mixin application.
[08:54:39] [main/INFO] [FermiumBooter]: FermiumBooter adding "mixins.localizator.core.bossoverlay.json" for early mixin application.
[08:54:39] [main/INFO] [FermiumBooter]: FermiumBooter adding "mixins.localizator.core.locname.json" for early mixin application.
[08:54:39] [main/INFO] [FermiumBooter]: FermiumBooter adding "mixins.fermiummixins.early.vanilla.lazychunkmobspawns.json" for early mixin application.
[08:54:39] [main/INFO] [FermiumBooter]: FermiumBooter adding "mixins.fermiummixins.early.vanilla.clientpriority.json" for early mixin application.
[08:54:39] [main/INFO] [FermiumBooter]: FermiumBooter adding "mixins.fermiummixins.early.vanilla.weathertiming.json" for early mixin application.
[08:54:39] [main/INFO] [FermiumBooter]: FermiumBooter adding "mixins.fermiummixins.early.vanilla.containerdropfix.json" for early mixin application.
[08:54:39] [main/INFO] [LaunchWrapper]: Calling tweak class net.minecraftforge.fml.common.launcher.FMLDeobfTweaker
[08:54:39] [main/INFO] [FermiumASM]: FermiumASM is now preparing to bytecode manipulate your game.
[08:54:39] [main/INFO] [FermiumASM]: Adding class net.minecraft.util.ResourceLocation to the transformation queue
[08:54:39] [main/INFO] [FermiumASM]: Adding class net.minecraft.util.registry.RegistrySimple to the transformation queue
[08:54:39] [main/INFO] [FermiumASM]: Adding class net.minecraft.nbt.NBTTagString to the transformation queue
[08:54:39] [main/INFO] [FermiumASM]: Adding class net.minecraftforge.fml.common.discovery.ModCandidate to the transformation queue
[08:54:39] [main/INFO] [FermiumASM]: Adding class net.minecraftforge.fml.common.discovery.ASMDataTable$ASMData to the transformation queue
[08:54:39] [main/INFO] [FermiumASM]: Adding class net.minecraft.item.ItemStack to the transformation queue
[08:54:39] [main/INFO] [FermiumASM]: Adding class net.minecraft.item.crafting.FurnaceRecipes to the transformation queue
[08:54:39] [main/INFO] [FermiumASM]: Adding class mezz.jei.suffixtree.Edge to the transformation queue
[08:54:39] [main/INFO] [FermiumASM]: Adding class net.minecraft.item.ItemStack to the transformation queue
[08:54:39] [main/INFO] [FermiumASM]: Adding class net.minecraft.client.renderer.EntityRenderer to the transformation queue
[08:54:39] [main/INFO] [FermiumASM]: Adding class net.minecraft.client.renderer.EntityRenderer to the transformation queue
[08:54:39] [main/INFO] [FermiumASM]: Adding class net.minecraft.nbt.NBTTagCompound to the transformation queue
[08:54:39] [main/INFO] [STDOUT]: [com.pg85.otg.forge.asm.excluded.OTGClassTransformer:transform:91]: OTG-Core transforming: net.minecraft.entity.EntityLivingBase : vp
[08:54:39] [main/INFO] [Meson ASM]: Transforming EntityPlayer
[08:54:39] [main/INFO] [Meson ASM]: Applying Transformation to method (Names [getArmorVisibility, func_82243_bO, cW] Descriptor ()F / ()F)
[08:54:39] [main/INFO] [Meson ASM]: Located method, patching...
[08:54:39] [main/INFO] [Meson ASM]: Located target IINC 1 1
[08:54:39] [main/INFO] [Meson ASM]: Patch result: true
[08:54:39] [main/INFO] [org.spongepowered.asm.service.mojang.MixinServiceLaunchWrapper]: A re-entrant transformer '$wrapper.svenhjol.charm.base.CharmClassTransformer' was detected and will no longer process meta class data
[08:54:39] [main/INFO] [MixinExtras|Service]: Initializing MixinExtras via com.llamalad7.mixinextras.service.MixinExtrasServiceImpl(version=0.5.0).
[08:54:39] [main/INFO] [LaunchWrapper]: Calling tweak class net.minecraftforge.fml.relauncher.CoreModManager$FMLPluginWrapper
[08:54:39] [main/INFO] [LaunchWrapper]: Calling tweak class net.minecraftforge.fml.relauncher.CoreModManager$FMLPluginWrapper
[08:54:39] [main/INFO] [LaunchWrapper]: Calling tweak class net.minecraftforge.fml.relauncher.CoreModManager$FMLPluginWrapper
[08:54:39] [main/INFO] [LaunchWrapper]: Calling tweak class net.minecraftforge.fml.relauncher.CoreModManager$FMLPluginWrapper
[08:54:39] [main/INFO] [LaunchWrapper]: Calling tweak class net.minecraftforge.fml.relauncher.CoreModManager$FMLPluginWrapper
[08:54:39] [main/INFO] [LaunchWrapper]: Calling tweak class net.minecraftforge.fml.relauncher.CoreModManager$FMLPluginWrapper
[08:54:39] [main/INFO] [LaunchWrapper]: Calling tweak class net.minecraftforge.fml.relauncher.CoreModManager$FMLPluginWrapper
[08:54:39] [main/INFO] [LaunchWrapper]: Calling tweak class net.minecraftforge.fml.relauncher.CoreModManager$FMLPluginWrapper
[08:54:39] [main/INFO] [LaunchWrapper]: Calling tweak class net.minecraftforge.fml.relauncher.CoreModManager$FMLPluginWrapper
[08:54:39] [main/INFO] [LaunchWrapper]: Calling tweak class net.minecraftforge.fml.relauncher.CoreModManager$FMLPluginWrapper
[08:54:39] [main/INFO] [LaunchWrapper]: Calling tweak class net.minecraftforge.fml.relauncher.CoreModManager$FMLPluginWrapper
[08:54:39] [main/INFO] [LaunchWrapper]: Calling tweak class net.minecraftforge.fml.relauncher.CoreModManager$FMLPluginWrapper
[08:54:39] [main/INFO] [LaunchWrapper]: Calling tweak class net.minecraftforge.fml.relauncher.CoreModManager$FMLPluginWrapper
[08:54:40] [main/INFO] [LaunchWrapper]: Calling tweak class net.minecraftforge.fml.relauncher.CoreModManager$FMLPluginWrapper
[08:54:40] [main/INFO] [LaunchWrapper]: Calling tweak class net.minecraftforge.fml.relauncher.CoreModManager$FMLPluginWrapper
[08:54:40] [main/INFO] [LaunchWrapper]: Calling tweak class net.minecraftforge.fml.relauncher.CoreModManager$FMLPluginWrapper
[08:54:40] [main/INFO] [LaunchWrapper]: Calling tweak class net.minecraftforge.fml.relauncher.CoreModManager$FMLPluginWrapper
[08:54:40] [main/INFO] [LaunchWrapper]: Calling tweak class net.minecraftforge.fml.relauncher.CoreModManager$FMLPluginWrapper
[08:54:40] [main/INFO] [LaunchWrapper]: Loading tweak class name net.jan.moddirector.launchwrapper.forge.AfterDeobfTweaker
[08:54:40] [main/INFO] [LaunchWrapper]: Loading tweak class name net.minecraftforge.fml.common.launcher.TerminalTweaker
[08:54:40] [main/INFO] [LaunchWrapper]: Loading tweak class name org.spongepowered.asm.mixin.EnvironmentStateTweaker
[08:54:40] [main/INFO] [LaunchWrapper]: Calling tweak class net.jan.moddirector.launchwrapper.forge.AfterDeobfTweaker
[08:54:40] [main/INFO] [LaunchWrapper]: Calling tweak class net.minecraftforge.fml.common.launcher.TerminalTweaker
[08:54:40] [main/INFO] [LaunchWrapper]: Calling tweak class org.spongepowered.asm.mixin.EnvironmentStateTweaker
[08:54:40] [main/INFO] [ASMUtil]: Transforming class net/minecraft/entity/item/EntityItemFrame
[08:54:40] [main/INFO] [ASMUtil]: Transforming class net/minecraft/entity/item/EntityItemFrame
[08:54:40] [main/INFO] [de.keksuccino.fancymenu.mixin.FMMixinPlugin]: [FANCYMENU] APPLYING MIXIN: de.keksuccino.fancymenu.mixin.client.IMixinStyle | TO TARGET: net.minecraft.util.text.Style
[08:54:40] [main/INFO] [ASMUtil]: Transforming class net/minecraft/block/Block
[08:54:40] [main/INFO] [ASMUtil]: Transforming class net/minecraft/block/Block
[08:54:40] [main/INFO] [Quark ASM]: Transforming net.minecraft.block.BlockPistonBase
[08:54:40] [main/INFO] [Quark ASM]: Applying Transformation to method (Names [canPush, func_185646_a] Descriptor (Lnet/minecraft/block/state/IBlockState;Lnet/minecraft/world/World;Lnet/minecraft/util/math/BlockPos;Lnet/minecraft/util/EnumFacing;ZLnet/minecraft/util/EnumFacing;)Z)
[08:54:40] [main/INFO] [Quark ASM]: Located Method, patching...
[08:54:40] [main/INFO] [Quark ASM]: Located patch target node INVOKEVIRTUAL net/minecraft/block/Block.hasTileEntity (Lnet/minecraft/block/state/IBlockState;)Z
[08:54:40] [main/INFO] [Quark ASM]: Patch result: true
[08:54:40] [main/INFO] [Quark ASM]: Applying Transformation to method (Names [doMove, func_176319_a] Descriptor (Lnet/minecraft/world/World;Lnet/minecraft/util/math/BlockPos;Lnet/minecraft/util/EnumFacing;Z)Z)
[08:54:40] [main/INFO] [Quark ASM]: Located Method, patching...
[08:54:40] [main/INFO] [Quark ASM]: Located patch target node INVOKEVIRTUAL net/minecraft/block/state/BlockPistonStructureHelper.func_177254_c ()Ljava/util/List;
[08:54:40] [main/INFO] [Quark ASM]: Patch result: true
[08:54:40] [main/INFO] [Quark ASM]: Applying Transformation to method (Names [doMove, func_176319_a] Descriptor (Lnet/minecraft/world/World;Lnet/minecraft/util/math/BlockPos;Lnet/minecraft/util/EnumFacing;Z)Z)
[08:54:40] [main/INFO] [Quark ASM]: Located Method, patching...
[08:54:40] [main/INFO] [Quark ASM]: Located patch target node INVOKESPECIAL net/minecraft/block/state/BlockPistonStructureHelper.<init> (Lnet/minecraft/world/World;Lnet/minecraft/util/math/BlockPos;Lnet/minecraft/util/EnumFacing;Z)V
[08:54:40] [main/INFO] [Quark ASM]: Patch result: true
[08:54:40] [main/INFO] [Quark ASM]: Applying Transformation to method (Names [checkForMove, func_176316_e] Descriptor (Lnet/minecraft/world/World;Lnet/minecraft/util/math/BlockPos;Lnet/minecraft/block/state/IBlockState;)V)
[08:54:40] [main/INFO] [Quark ASM]: Located Method, patching...
[08:54:40] [main/INFO] [Quark ASM]: Located patch target node INVOKESPECIAL net/minecraft/block/state/BlockPistonStructureHelper.<init> (Lnet/minecraft/world/World;Lnet/minecraft/util/math/BlockPos;Lnet/minecraft/util/EnumFacing;Z)V
[08:54:40] [main/INFO] [Quark ASM]: Patch result: true
[08:54:40] [main/INFO] [ASMUtil]: Transforming class net/minecraftforge/items/VanillaInventoryCodeHooks
[08:54:40] [main/INFO] [ASMUtil]: Transforming class net/minecraftforge/items/VanillaInventoryCodeHooks
[08:54:40] [main/INFO] [org.spongepowered.asm.service.mojang.MixinServiceLaunchWrapper]: A re-entrant transformer '$wrapper.sereneseasons.asm.transformer.WorldTransformer' was detected and will no longer process meta class data
[08:54:40] [main/INFO] [org.spongepowered.asm.service.mojang.MixinServiceLaunchWrapper]: A re-entrant transformer '$wrapper.lumien.bloodmoon.asm.ClassTransformer' was detected and will no longer process meta class data
[08:54:40] [main/INFO] [STDOUT]: [pl.asie.foamfix.coremod.FoamFixTransformer:spliceClasses:101]: Added INTERFACE: pl/asie/foamfix/coremod/patches/IFoamFixWorldRemovable
[08:54:40] [main/INFO] [STDOUT]: [pl.asie.foamfix.coremod.FoamFixTransformer:spliceClasses:141]: Added METHOD: net.minecraft.world.World.foamfix_removeUnloadedEntities
[08:54:40] [main/INFO] [LibrarianLib ASM]: Transforming World
[08:54:40] [main/INFO] [LibrarianLib ASM]: Applying Transformation to method (Names [updateEntities, func_72939_s] Descriptor ()V)
[08:54:40] [main/INFO] [LibrarianLib ASM]: Attempting to insert: Update hook
[08:54:40] [main/INFO] [LibrarianLib ASM]: Patch result: Success
[08:54:40] [main/INFO] [LibrarianLib ASM]: Applying Transformation to method (Names [updateEntityWithOptionalForce, func_72866_a] Descriptor (Lnet/minecraft/entity/Entity;Z)V)
[08:54:40] [main/INFO] [LibrarianLib ASM]: Attempting to insert: Update hook
[08:54:40] [main/INFO] [LibrarianLib ASM]: Patch result: Success
[08:54:40] [main/INFO] [ASMUtil]: Transforming class net/minecraft/world/World
[08:54:40] [main/INFO] [ASMUtil]: Transforming class net/minecraft/world/World
[08:54:40] [main/INFO] [ASMUtil]: Transforming class net/minecraft/world/World
[08:54:40] [main/INFO] [ASMUtil]: Transforming class net/minecraft/world/World
[08:54:40] [main/INFO] [ASMUtil]: Transforming class net/minecraft/world/World
[08:54:40] [main/INFO] [ASMUtil]: Transforming class net/minecraft/world/World
[08:54:41] [main/INFO] [STDOUT]: [com.pg85.otg.forge.asm.excluded.OTGClassTransformer:transform:91]: OTG-Core transforming: net.minecraft.entity.projectile.EntityArrow : aeh
[08:54:41] [main/INFO] [Quark ASM]: Transforming net.minecraft.entity.Entity
[08:54:41] [main/INFO] [Quark ASM]: Applying Transformation to method (Names [move, func_70091_d] Descriptor (Lnet/minecraft/entity/MoverType;DDD)V)
[08:54:41] [main/INFO] [Quark ASM]: Located Method, patching...
[08:54:41] [main/INFO] [Quark ASM]: Patch result: true
[08:54:41] [main/INFO] [Quark ASM]: Located Method, patching...
[08:54:41] [main/INFO] [Quark ASM]: Located patch target node INVOKEVIRTUAL net/minecraft/entity/Entity.func_145775_I ()V
[08:54:41] [main/INFO] [Quark ASM]: Patch result: true
[08:54:41] [main/INFO] [Quark ASM]: Applying Transformation to method (Names [onEntityUpdate, func_70030_z] Descriptor ()V)
[08:54:41] [main/INFO] [Quark ASM]: Located Method, patching...
[08:54:41] [main/INFO] [Quark ASM]: Patch result: true
[08:54:41] [main/INFO] [ASMUtil]: Transforming class net/minecraft/entity/Entity
[08:54:41] [main/INFO] [ASMUtil]: Transforming class net/minecraft/entity/Entity
[08:54:41] [main/INFO] [ASMUtil]: Transforming class net/minecraft/entity/Entity
[08:54:41] [main/INFO] [ASMUtil]: Transforming class net/minecraft/entity/Entity
[08:54:41] [main/INFO] [STDOUT]: [com.creativemd.creativecore.transformer.CreativeTransformer:transform:49]: [itemphysic] Patched net.minecraft.entity.item.EntityItem ...
[08:54:41] [main/INFO] [STDOUT]: [com.creativemd.creativecore.transformer.CreativeTransformer:transform:49]: [itemphysic] Patched net.minecraft.entity.item.EntityItem ...
[08:54:41] [main/INFO] [STDOUT]: [com.pg85.otg.forge.asm.excluded.OTGClassTransformer:transform:91]: OTG-Core transforming: net.minecraft.entity.item.EntityItem : acl
[08:54:41] [main/INFO] [Quark ASM]: Transforming net.minecraft.entity.item.EntityItem
[08:54:41] [main/INFO] [Quark ASM]: Applying Transformation to method (Names [onUpdate, func_70071_h_] Descriptor ()V)
[08:54:41] [main/INFO] [Quark ASM]: Located Method, patching...
[08:54:41] [main/INFO] [Quark ASM]: Patch result: true
[08:54:41] [main/INFO] [STDOUT]: [com.pg85.otg.forge.asm.excluded.OTGClassTransformer:transform:91]: OTG-Core transforming: net.minecraftforge.registries.GameData : net/minecraftforge/registries/GameData
[08:54:41] [main/INFO] [STDOUT]: [com.pg85.otg.forge.asm.excluded.OTGClassTransformer:transform:91]: OTG-Core transforming: net.minecraft.entity.item.EntityBoat : afd
[08:54:41] [main/INFO] [Quark ASM]: Transforming net.minecraft.entity.item.EntityBoat
[08:54:41] [main/INFO] [Quark ASM]: Applying Transformation to method (Names [attackEntityFrom, func_70097_a] Descriptor (Lnet/minecraft/util/DamageSource;F)Z)
[08:54:41] [main/INFO] [Quark ASM]: Located Method, patching...
[08:54:41] [main/INFO] [Quark ASM]: Located patch target node INVOKEVIRTUAL net/minecraft/entity/item/EntityBoat.func_145778_a (Lnet/minecraft/item/Item;IF)Lnet/minecraft/entity/item/EntityItem;
[08:54:41] [main/INFO] [Quark ASM]: Patch result: true
[08:54:41] [main/INFO] [STDOUT]: [com.pg85.otg.forge.asm.excluded.OTGClassTransformer:transform:91]: OTG-Core transforming: net.minecraft.entity.item.EntityMinecart : afe
[08:54:41] [main/INFO] [Quark ASM]: Transforming net.minecraft.entity.item.EntityMinecart
[08:54:41] [main/INFO] [Quark ASM]: Applying Transformation to method (Names [killMinecart, func_94095_a] Descriptor (Lnet/minecraft/util/DamageSource;)V)
[08:54:41] [main/INFO] [Quark ASM]: Located Method, patching...
[08:54:41] [main/INFO] [Quark ASM]: Located patch target node INVOKEVIRTUAL net/minecraft/entity/item/EntityMinecart.func_70099_a (Lnet/minecraft/item/ItemStack;F)Lnet/minecraft/entity/item/EntityItem;
[08:54:41] [main/INFO] [Quark ASM]: Patch result: true
[08:54:41] [main/INFO] [ASMUtil]: Transforming class net/minecraftforge/client/GuiIngameForge
[08:54:41] [main/INFO] [ASMUtil]: Transforming class net/minecraftforge/client/GuiIngameForge
[08:54:41] [main/INFO] [Quark ASM]: Transforming net.minecraft.item.ItemStack
[08:54:41] [main/INFO] [Quark ASM]: Applying Transformation to method (Names [getTextComponent, func_151000_E] Descriptor ()Lnet/minecraft/util/text/ITextComponent;)
[08:54:41] [main/INFO] [Quark ASM]: Located Method, patching...
[08:54:41] [main/INFO] [Quark ASM]: Located patch target node ARETURN
[08:54:41] [main/INFO] [Quark ASM]: Patch result: true
[08:54:41] [main/INFO] [ASMUtil]: Transforming class net/minecraft/world/storage/loot/functions/EnchantRandomly
[08:54:41] [main/INFO] [ASMUtil]: Transforming class net/minecraft/world/storage/loot/functions/EnchantRandomly
[08:54:41] [main/INFO] [ASMUtil]: Transforming class net/minecraft/entity/passive/EntityVillager$ListEnchantedBookForEmeralds
[08:54:41] [main/INFO] [ASMUtil]: Transforming class net/minecraft/entity/passive/EntityVillager$ListEnchantedBookForEmeralds
[08:54:41] [main/INFO] [ASMUtil]: Transforming class net/minecraft/world/ServerWorldEventHandler
[08:54:41] [main/INFO] [ASMUtil]: Transforming class net/minecraft/world/ServerWorldEventHandler
[08:54:41] [main/INFO] [ASMUtil]: Transforming class net/minecraft/world/ChunkCache
[08:54:41] [main/INFO] [ASMUtil]: Transforming class net/minecraft/world/ChunkCache
[08:54:41] [main/INFO] [STDOUT]: [pl.asie.patchy.helpers.ConstructorReplacingTransformer$FFMethodVisitor:visitTypeInsn:73]: Replaced NEW for net/minecraft/util/ClassInheritanceMultiMap to pl/asie/foamfix/coremod/common/FoamyClassInheritanceMultiMap
[08:54:41] [main/INFO] [STDOUT]: [pl.asie.patchy.helpers.ConstructorReplacingTransformer$FFMethodVisitor:visitMethodInsn:85]: Replaced INVOKESPECIAL for net/minecraft/util/ClassInheritanceMultiMap to pl/asie/foamfix/coremod/common/FoamyClassInheritanceMultiMap
[08:54:41] [main/INFO] [org.spongepowered.asm.service.mojang.MixinServiceLaunchWrapper]: A re-entrant transformer '$wrapper.pl.asie.foamfix.coremod.FoamFixTransformer' was detected and will no longer process meta class data
[08:54:41] [main/INFO] [STDOUT]: [com.pg85.otg.forge.asm.excluded.OTGClassTransformer:transform:91]: OTG-Core transforming: net.minecraft.world.biome.Biome : anh
[08:54:41] [main/INFO] [FermiumASM]: Improving FurnaceRecipes. Lookups are now a lot faster.
[08:54:41] [main/WARN] [mixin]: Error loading class: net/minecraft/client/Minecraft (net.minecraftforge.fml.common.asm.ASMTransformerWrapper$TransformerException: Exception in class transformer net.minecraftforge.fml.common.asm.transformers.SideTransformer@326e0b8e from coremod FMLCorePlugin)
[08:54:41] [main/WARN] [mixin]: @Mixin target net.minecraft.client.Minecraft was not found mixins.fermiummixins.early.vanilla.glerror.json:vanilla.Minecraft_GLErrorMixin
[08:54:41] [main/INFO] [STDOUT]: [com.pg85.otg.forge.asm.excluded.OTGClassTransformer:transform:91]: OTG-Core transforming: net.minecraft.entity.item.EntityXPOrb : vm
[08:54:41] [main/INFO] [Quark ASM]: Transforming net.minecraft.tileentity.TileEntityPiston
[08:54:41] [main/INFO] [Quark ASM]: Applying Transformation to method (Names [update, func_73660_a] Descriptor ()V)
[08:54:41] [main/INFO] [Quark ASM]: Located Method, patching...
[08:54:41] [main/INFO] [Quark ASM]: Patch result: true
[08:54:41] [main/INFO] [Quark ASM]: Applying Transformation to method (Names [clearPistonTileEntity, func_145866_f] Descriptor ()V)
[08:54:41] [main/INFO] [Quark ASM]: Located Method, patching...
[08:54:41] [main/INFO] [Quark ASM]: Located patch target node INVOKEVIRTUAL net/minecraft/world/World.func_180501_a (Lnet/minecraft/util/math/BlockPos;Lnet/minecraft/block/state/IBlockState;I)Z
[08:54:41] [main/INFO] [Quark ASM]: Patch result: true
[08:54:41] [main/INFO] [Quark ASM]: Applying Transformation to method (Names [update, func_73660_a] Descriptor ()V)
[08:54:41] [main/INFO] [Quark ASM]: Located Method, patching...
[08:54:41] [main/INFO] [Quark ASM]: Located patch target node INVOKEVIRTUAL net/minecraft/world/World.func_180501_a (Lnet/minecraft/util/math/BlockPos;Lnet/minecraft/block/state/IBlockState;I)Z
[08:54:41] [main/INFO] [Quark ASM]: Patch result: true
[08:54:41] [main/INFO] [STDOUT]: [com.pg85.otg.forge.asm.excluded.OTGClassTransformer:transform:91]: OTG-Core transforming: net.minecraft.server.management.PlayerList : pl
[08:54:41] [main/INFO] [STDOUT]: [com.pg85.otg.forge.asm.excluded.OTGClassTransformer:transformPlayerList:999]: OTG-Core transforming PlayerList.transformPlayerListUpdateTimeAndWeather
[08:54:41] [main/INFO] [STDOUT]: [com.pg85.otg.forge.asm.excluded.OTGClassTransformer:transformPlayerList:1001]: OTG-Core transforming PlayerList.setPlayerManager
[08:54:41] [main/INFO] [Quark ASM]: Transforming net.minecraft.world.WorldServer
[08:54:41] [main/INFO] [Quark ASM]: Applying Transformation to method (Names [areAllPlayersAsleep, func_73056_e] Descriptor ()Z)
[08:54:41] [main/INFO] [Quark ASM]: Located Method, patching...
[08:54:41] [main/INFO] [Quark ASM]: Patch result: true
[08:54:41] [main/INFO] [Quark ASM]: Applying Transformation to method (Names [wakeAllPlayers, func_73053_d] Descriptor ()V)
[08:54:41] [main/INFO] [Quark ASM]: Located Method, patching...
[08:54:41] [main/INFO] [Quark ASM]: Patch result: true
[08:54:41] [main/INFO] [ASMUtil]: Transforming class net/minecraft/world/WorldServer
[08:54:41] [main/INFO] [ASMUtil]: Transforming class net/minecraft/world/WorldServer
[08:54:41] [main/INFO] [ASMUtil]: Transforming class net/minecraft/world/WorldServer
[08:54:41] [main/INFO] [ASMUtil]: Transforming class net/minecraft/world/WorldServer
[08:54:41] [main/INFO] [Quark ASM]: Transforming net.minecraft.block.BlockDynamicLiquid
[08:54:41] [main/INFO] [Quark ASM]: Applying Transformation to method (Names [isBlocked, func_176372_g] Descriptor (Lnet/minecraft/world/World;Lnet/minecraft/util/math/BlockPos;Lnet/minecraft/block/state/IBlockState;)Z)
[08:54:41] [main/INFO] [Quark ASM]: Located Method, patching...
[08:54:41] [main/INFO] [Quark ASM]: Located patch target node IRETURN
[08:54:41] [main/INFO] [Quark ASM]: Located patch target node IRETURN
[08:54:41] [main/INFO] [Quark ASM]: Patch result: true
[08:54:41] [main/INFO] [ASMUtil]: Transforming class net/minecraftforge/common/ForgeHooks
[08:54:41] [main/INFO] [ASMUtil]: Transforming class net/minecraftforge/common/ForgeHooks
[08:54:41] [main/INFO] [Quark ASM]: Transforming net.minecraft.inventory.ContainerMerchant
[08:54:41] [main/INFO] [Quark ASM]: Applying Transformation to method (Names [transferStackInSlot, func_82846_b] Descriptor (Lnet/minecraft/entity/player/EntityPlayer;I)Lnet/minecraft/item/ItemStack;)
[08:54:41] [main/INFO] [Quark ASM]: Located Method, patching...
[08:54:41] [main/INFO] [Quark ASM]: Located patch target node INVOKEVIRTUAL net/minecraft/inventory/ContainerMerchant.func_75135_a (Lnet/minecraft/item/ItemStack;IIZ)Z
[08:54:41] [main/INFO] [Quark ASM]: Located patch target node INVOKEVIRTUAL net/minecraft/inventory/ContainerMerchant.func_75135_a (Lnet/minecraft/item/ItemStack;IIZ)Z
[08:54:41] [main/INFO] [Quark ASM]: Located patch target node INVOKEVIRTUAL net/minecraft/inventory/ContainerMerchant.func_75135_a (Lnet/minecraft/item/ItemStack;IIZ)Z
[08:54:41] [main/INFO] [Quark ASM]: Located patch target node INVOKEVIRTUAL net/minecraft/inventory/ContainerMerchant.func_75135_a (Lnet/minecraft/item/ItemStack;IIZ)Z
[08:54:41] [main/INFO] [Quark ASM]: Patch result: true
[08:54:41] [main/INFO] [Phosphor Crash Fix]: Patching setBlockStateInjectGenerateSkylightMapVanilla in MixinChunk$Vanilla
[08:54:41] [main/INFO] [Phosphor Crash Fix]: Patching setBlockStatePreventPropagateSkylightOcclusion1 in MixinChunk$Vanilla
[08:54:41] [main/INFO] [Phosphor Crash Fix]: Patching setBlockStatePreventPropagateSkylightOcclusion2 in MixinChunk$Vanilla
[08:54:41] [main/INFO] [ASMUtil]: Transforming class net/minecraft/world/gen/ChunkProviderServer
[08:54:41] [main/INFO] [ASMUtil]: Transforming class net/minecraft/world/gen/ChunkProviderServer
[08:54:42] [main/INFO] [STDOUT]: [pl.asie.foamfix.coremod.FoamFixTransformer:spliceClasses:101]: Added INTERFACE: pl/asie/foamfix/coremod/patches/IFoamFixWorldRemovable
[08:54:42] [main/INFO] [STDOUT]: [pl.asie.foamfix.coremod.FoamFixTransformer:spliceClasses:141]: Added METHOD: net.minecraft.world.World.foamfix_removeUnloadedEntities
[08:54:42] [main/INFO] [LibrarianLib ASM]: Transforming World
[08:54:42] [main/INFO] [LibrarianLib ASM]: Applying Transformation to method (Names [updateEntities, func_72939_s] Descriptor ()V)
[08:54:42] [main/INFO] [LibrarianLib ASM]: Attempting to insert: Update hook
[08:54:42] [main/INFO] [LibrarianLib ASM]: Patch result: Success
[08:54:42] [main/INFO] [LibrarianLib ASM]: Applying Transformation to method (Names [updateEntityWithOptionalForce, func_72866_a] Descriptor (Lnet/minecraft/entity/Entity;Z)V)
[08:54:42] [main/INFO] [LibrarianLib ASM]: Attempting to insert: Update hook
[08:54:42] [main/INFO] [LibrarianLib ASM]: Patch result: Success
[08:54:42] [main/INFO] [ASMUtil]: Transforming class net/minecraft/world/World
[08:54:42] [main/INFO] [ASMUtil]: Transforming class net/minecraft/world/World
[08:54:42] [main/INFO] [ASMUtil]: Transforming class net/minecraft/world/World
[08:54:42] [main/INFO] [ASMUtil]: Transforming class net/minecraft/world/World
[08:54:42] [main/INFO] [ASMUtil]: Transforming class net/minecraft/world/World
[08:54:42] [main/INFO] [ASMUtil]: Transforming class net/minecraft/world/World
[08:54:42] [main/INFO] [STDOUT]: [pl.asie.foamfix.coremod.patches.WorldServerRemovalPatch:apply:57]: Patched updateEntities in net/minecraft/world/WorldServer func_72939_s
[08:54:42] [main/INFO] [Quark ASM]: Transforming net.minecraft.world.WorldServer
[08:54:42] [main/INFO] [Quark ASM]: Applying Transformation to method (Names [areAllPlayersAsleep, func_73056_e] Descriptor ()Z)
[08:54:42] [main/INFO] [Quark ASM]: Located Method, patching...
[08:54:42] [main/INFO] [Quark ASM]: Patch result: true
[08:54:42] [main/INFO] [Quark ASM]: Applying Transformation to method (Names [wakeAllPlayers, func_73053_d] Descriptor ()V)
[08:54:42] [main/INFO] [Quark ASM]: Located Method, patching...
[08:54:42] [main/INFO] [Quark ASM]: Patch result: true
[08:54:42] [main/INFO] [ASMUtil]: Transforming class net/minecraft/world/WorldServer
[08:54:42] [main/INFO] [ASMUtil]: Transforming class net/minecraft/world/WorldServer
[08:54:42] [main/INFO] [ASMUtil]: Transforming class net/minecraft/world/WorldServer
[08:54:42] [main/INFO] [ASMUtil]: Transforming class net/minecraft/world/WorldServer
[08:54:42] [main/INFO] [STDOUT]: [com.pg85.otg.forge.asm.excluded.OTGClassTransformer:transform:91]: OTG-Core transforming: net.minecraft.server.management.PlayerList : pl
[08:54:42] [main/INFO] [STDOUT]: [com.pg85.otg.forge.asm.excluded.OTGClassTransformer:transformPlayerList:999]: OTG-Core transforming PlayerList.transformPlayerListUpdateTimeAndWeather
[08:54:42] [main/INFO] [STDOUT]: [com.pg85.otg.forge.asm.excluded.OTGClassTransformer:transformPlayerList:1001]: OTG-Core transforming PlayerList.setPlayerManager
[08:54:42] [main/INFO] [ASMUtil]: Transforming class net/minecraft/server/management/PlayerInteractionManager
[08:54:42] [main/INFO] [ASMUtil]: Transforming method net/minecraft/server/management/PlayerInteractionManager.func_73076_a(Lnet/minecraft/world/GameType;)V
[08:54:42] [main/INFO] [Meson ASM]: Transforming EntityPlayer
[08:54:42] [main/INFO] [Meson ASM]: Applying Transformation to method (Names [getArmorVisibility, func_82243_bO, cW] Descriptor ()F / ()F)
[08:54:42] [main/INFO] [Meson ASM]: Located method, patching...
[08:54:42] [main/INFO] [Meson ASM]: Located target IINC 1 1
[08:54:42] [main/INFO] [Meson ASM]: Patch result: true
[08:54:42] [main/INFO] [STDOUT]: [com.pg85.otg.forge.asm.excluded.OTGClassTransformer:transform:91]: OTG-Core transforming: net.minecraft.entity.EntityLivingBase : vp
[08:54:42] [main/INFO] [ASMUtil]: Transforming class net/minecraft/entity/EntityLivingBase
[08:54:42] [main/INFO] [ASMUtil]: Transforming class net/minecraft/entity/EntityLivingBase
[08:54:42] [main/INFO] [ASMUtil]: Transforming class net/minecraft/entity/EntityLivingBase
[08:54:42] [main/INFO] [ASMUtil]: Transforming class net/minecraft/entity/EntityLivingBase
[08:54:42] [main/INFO] [Quark ASM]: Transforming net.minecraft.util.DamageSource
[08:54:42] [main/INFO] [Quark ASM]: Applying Transformation to method (Names [causePlayerDamage, func_76365_a] Descriptor (Lnet/minecraft/entity/player/EntityPlayer;)Lnet/minecraft/util/DamageSource;)
[08:54:42] [main/INFO] [Quark ASM]: Located Method, patching...
[08:54:42] [main/INFO] [Quark ASM]: Patch result: true
[08:54:42] [main/INFO] [Quark ASM]: Transforming net.minecraft.enchantment.Enchantment
[08:54:42] [main/INFO] [Quark ASM]: Applying Transformation to method (Names [canApply, func_92089_a] Descriptor (Lnet/minecraft/item/ItemStack;)Z)
[08:54:42] [main/INFO] [Quark ASM]: Located Method, patching...
[08:54:42] [main/INFO] [Quark ASM]: Located patch target node IRETURN
[08:54:42] [main/INFO] [Quark ASM]: Patch result: true
[08:54:42] [main/INFO] [ASMUtil]: Transforming class net/minecraft/potion/PotionEffect
[08:54:42] [main/INFO] [ASMUtil]: Transforming class net/minecraft/potion/PotionEffect
[08:54:42] [main/INFO] [Quark ASM]: Transforming net.minecraft.entity.Entity
[08:54:42] [main/INFO] [Quark ASM]: Applying Transformation to method (Names [move, func_70091_d] Descriptor (Lnet/minecraft/entity/MoverType;DDD)V)
[08:54:42] [main/INFO] [Quark ASM]: Located Method, patching...
[08:54:42] [main/INFO] [Quark ASM]: Patch result: true
[08:54:42] [main/INFO] [Quark ASM]: Located Method, patching...
[08:54:42] [main/INFO] [Quark ASM]: Located patch target node INVOKEVIRTUAL net/minecraft/entity/Entity.func_145775_I ()V
[08:54:42] [main/INFO] [Quark ASM]: Patch result: true
[08:54:42] [main/INFO] [Quark ASM]: Applying Transformation to method (Names [onEntityUpdate, func_70030_z] Descriptor ()V)
[08:54:42] [main/INFO] [Quark ASM]: Located Method, patching...
[08:54:42] [main/INFO] [Quark ASM]: Patch result: true
[08:54:42] [main/INFO] [ASMUtil]: Transforming class net/minecraft/entity/Entity
[08:54:42] [main/INFO] [ASMUtil]: Transforming class net/minecraft/entity/Entity
[08:54:42] [main/INFO] [ASMUtil]: Transforming class net/minecraft/entity/Entity
[08:54:42] [main/INFO] [ASMUtil]: Transforming class net/minecraft/entity/Entity
[08:54:42] [main/INFO] [LaunchWrapper]: Launching wrapped minecraft {net.minecraft.server.MinecraftServer}
[08:54:42] [main/INFO] [STDOUT]: [com.pg85.otg.forge.asm.excluded.OTGClassTransformer:transform:91]: OTG-Core transforming: net.minecraftforge.registries.GameData : net/minecraftforge/registries/GameData
[08:54:42] [main/INFO] [FermiumASM]: Injecting calls in net/minecraft/util/ResourceLocation<init> to canonicalize strings
[08:54:42] [main/INFO] [FermiumASM]: Injecting calls in net/minecraft/util/ResourceLocation<init> to canonicalize strings
[08:54:42] [main/INFO] [FermiumASM]: Injecting calls in net/minecraft/util/ResourceLocation<init> to canonicalize strings
[08:54:42] [main/INFO] [FermiumASM]: Injecting calls in net/minecraft/util/ResourceLocation<init> to canonicalize strings
[08:54:42] [main/INFO] [ASMUtil]: Transforming class net/minecraft/block/Block
[08:54:42] [main/INFO] [ASMUtil]: Transforming class net/minecraft/block/Block
[08:54:42] [main/INFO] [TNTUtils Core]: About to patch obfuscated class amp (net.minecraft.world.Explosion)
[08:54:42] [main/INFO] [TNTUtils Core]: Successfully injected into func_77279_a(Z)V
[08:54:42] [main/INFO] [STDOUT]: [com.pg85.otg.forge.asm.excluded.OTGClassTransformer:transform:91]: OTG-Core transforming: net.minecraft.world.biome.Biome : anh
[08:54:42] [main/INFO] [Quark ASM]: Transforming net.minecraft.enchantment.Enchantment
[08:54:42] [main/INFO] [Quark ASM]: Applying Transformation to method (Names [canApply, func_92089_a] Descriptor (Lnet/minecraft/item/ItemStack;)Z)
[08:54:42] [main/INFO] [Quark ASM]: Located Method, patching...
[08:54:42] [main/INFO] [Quark ASM]: Located patch target node IRETURN
[08:54:42] [main/INFO] [Quark ASM]: Patch result: true
[08:54:42] [main/INFO] [STDOUT]: [com.creativemd.creativecore.transformer.CreativeTransformer:transform:49]: [itemphysic] Patched net.minecraft.entity.item.EntityItem ...
[08:54:43] [main/INFO] [STDOUT]: [com.creativemd.creativecore.transformer.CreativeTransformer:transform:49]: [itemphysic] Patched net.minecraft.entity.item.EntityItem ...
[08:54:43] [main/INFO] [STDOUT]: [com.pg85.otg.forge.asm.excluded.OTGClassTransformer:transform:91]: OTG-Core transforming: net.minecraft.entity.item.EntityItem : acl
[08:54:43] [main/INFO] [Quark ASM]: Transforming net.minecraft.entity.item.EntityItem
[08:54:43] [main/INFO] [Quark ASM]: Applying Transformation to method (Names [onUpdate, func_70071_h_] Descriptor ()V)
[08:54:43] [main/INFO] [Quark ASM]: Located Method, patching...
[08:54:43] [main/INFO] [Quark ASM]: Patch result: true
[08:54:43] [main/INFO] [STDOUT]: [com.pg85.otg.forge.asm.excluded.OTGClassTransformer:transform:91]: OTG-Core transforming: net.minecraft.entity.item.EntityXPOrb : vm
[08:54:43] [main/INFO] [STDOUT]: [pl.asie.foamfix.coremod.FoamFixTransformer:spliceClasses:114]: Spliced in METHOD: net.minecraft.block.state.BlockStateContainer.createState
[08:54:43] [main/INFO] [STDOUT]: [pl.asie.foamfix.coremod.FoamFixTransformer:spliceClasses:165]: Added FIELD: net.minecraft.block.state.BlockStateContainer.foamfix_mapper
[08:54:43] [main/INFO] [STDOUT]: [pl.asie.foamfix.coremod.FoamFixTransformer:spliceClasses:114]: Spliced in METHOD: net.minecraft.block.properties.PropertyEnum.equals
[08:54:43] [main/INFO] [STDOUT]: [pl.asie.foamfix.coremod.FoamFixTransformer:spliceClasses:114]: Spliced in METHOD: net.minecraft.block.properties.PropertyEnum.hashCode
[08:54:43] [main/INFO] [STDOUT]: [pl.asie.foamfix.coremod.FoamFixTransformer:spliceClasses:165]: Added FIELD: net.minecraft.block.properties.PropertyEnum.foamfix_hashCode
[08:54:43] [main/INFO] [STDOUT]: [pl.asie.foamfix.coremod.FoamFixTransformer:spliceClasses:165]: Added FIELD: net.minecraft.block.properties.PropertyEnum.foamfix_hashCode_calced
[08:54:43] [main/INFO] [STDOUT]: [pl.asie.foamfix.coremod.FoamFixTransformer:spliceClasses:114]: Spliced in METHOD: net.minecraft.block.properties.PropertyInteger.hashCode
[08:54:43] [main/INFO] [STDOUT]: [pl.asie.foamfix.coremod.FoamFixTransformer:spliceClasses:165]: Added FIELD: net.minecraft.block.properties.PropertyInteger.foamfix_hashCode
[08:54:43] [main/INFO] [STDOUT]: [pl.asie.foamfix.coremod.FoamFixTransformer:spliceClasses:165]: Added FIELD: net.minecraft.block.properties.PropertyInteger.foamfix_hashCode_calced
[08:54:43] [main/INFO] [STDOUT]: [pl.asie.foamfix.coremod.FoamFixTransformer:spliceClasses:114]: Spliced in METHOD: net.minecraft.block.properties.PropertyBool.equals
[08:54:43] [main/INFO] [STDOUT]: [pl.asie.foamfix.coremod.FoamFixTransformer:spliceClasses:114]: Spliced in METHOD: net.minecraft.block.properties.PropertyBool.hashCode
[08:54:43] [main/INFO] [Quark ASM]: Transforming net.minecraft.item.ItemStack
[08:54:43] [main/INFO] [Quark ASM]: Applying Transformation to method (Names [getTextComponent, func_151000_E] Descriptor ()Lnet/minecraft/util/text/ITextComponent;)
[08:54:43] [main/INFO] [Quark ASM]: Located Method, patching...
[08:54:43] [main/INFO] [Quark ASM]: Located patch target node ARETURN
[08:54:43] [main/INFO] [Quark ASM]: Patch result: true
[08:54:43] [main/INFO] [Quark ASM]: Transforming net.minecraft.block.BlockDynamicLiquid
[08:54:43] [main/INFO] [Quark ASM]: Applying Transformation to method (Names [isBlocked, func_176372_g] Descriptor (Lnet/minecraft/world/World;Lnet/minecraft/util/math/BlockPos;Lnet/minecraft/block/state/IBlockState;)Z)
[08:54:43] [main/INFO] [Quark ASM]: Located Method, patching...
[08:54:43] [main/INFO] [Quark ASM]: Located patch target node IRETURN
[08:54:43] [main/INFO] [Quark ASM]: Located patch target node IRETURN
[08:54:43] [main/INFO] [Quark ASM]: Patch result: true
[08:54:43] [main/INFO] [STDOUT]: [com.pg85.otg.forge.asm.excluded.OTGClassTransformer:transform:91]: OTG-Core transforming: net.minecraft.entity.item.EntityFallingBlock : ack
[08:54:43] [main/INFO] [ASMUtil]: Transforming class net/minecraft/entity/item/EntityFallingBlock
[08:54:43] [main/INFO] [ASMUtil]: Transforming class net/minecraft/entity/item/EntityFallingBlock
[08:54:43] [main/INFO] [STDOUT]: [com.pg85.otg.forge.asm.excluded.OTGClassTransformer:transform:91]: OTG-Core transforming: net.minecraft.entity.item.EntityFallingBlock : ack
[08:54:43] [main/INFO] [ASMUtil]: Transforming class net/minecraft/entity/item/EntityFallingBlock
[08:54:43] [main/INFO] [ASMUtil]: Transforming class net/minecraft/entity/item/EntityFallingBlock
[08:54:43] [main/INFO] [STDOUT]: [pl.asie.foamfix.coremod.FoamFixTransformer:spliceClasses:114]: Spliced in METHOD: net.minecraft.tileentity.TileEntity.func_190559_a
[08:54:43] [main/INFO] [STDOUT]: [pl.asie.foamfix.coremod.FoamFixTransformer:spliceClasses:114]: Spliced in METHOD: net.minecraft.block.BlockBed.func_189540_a
[08:54:43] [main/INFO] [Quark ASM]: Transforming net.minecraft.block.BlockPistonBase
[08:54:43] [main/INFO] [Quark ASM]: Applying Transformation to method (Names [canPush, func_185646_a] Descriptor (Lnet/minecraft/block/state/IBlockState;Lnet/minecraft/world/World;Lnet/minecraft/util/math/BlockPos;Lnet/minecraft/util/EnumFacing;ZLnet/minecraft/util/EnumFacing;)Z)
[08:54:43] [main/INFO] [Quark ASM]: Located Method, patching...
[08:54:43] [main/INFO] [Quark ASM]: Located patch target node INVOKEVIRTUAL net/minecraft/block/Block.hasTileEntity (Lnet/minecraft/block/state/IBlockState;)Z
[08:54:43] [main/INFO] [Quark ASM]: Patch result: true
[08:54:43] [main/INFO] [Quark ASM]: Applying Transformation to method (Names [doMove, func_176319_a] Descriptor (Lnet/minecraft/world/World;Lnet/minecraft/util/math/BlockPos;Lnet/minecraft/util/EnumFacing;Z)Z)
[08:54:43] [main/INFO] [Quark ASM]: Located Method, patching...
[08:54:43] [main/INFO] [Quark ASM]: Located patch target node INVOKEVIRTUAL net/minecraft/block/state/BlockPistonStructureHelper.func_177254_c ()Ljava/util/List;
[08:54:43] [main/INFO] [Quark ASM]: Patch result: true
[08:54:43] [main/INFO] [Quark ASM]: Applying Transformation to method (Names [doMove, func_176319_a] Descriptor (Lnet/minecraft/world/World;Lnet/minecraft/util/math/BlockPos;Lnet/minecraft/util/EnumFacing;Z)Z)
[08:54:43] [main/INFO] [Quark ASM]: Located Method, patching...
[08:54:43] [main/INFO] [Quark ASM]: Located patch target node INVOKESPECIAL net/minecraft/block/state/BlockPistonStructureHelper.<init> (Lnet/minecraft/world/World;Lnet/minecraft/util/math/BlockPos;Lnet/minecraft/util/EnumFacing;Z)V
[08:54:43] [main/INFO] [Quark ASM]: Patch result: true
[08:54:43] [main/INFO] [Quark ASM]: Applying Transformation to method (Names [checkForMove, func_176316_e] Descriptor (Lnet/minecraft/world/World;Lnet/minecraft/util/math/BlockPos;Lnet/minecraft/block/state/IBlockState;)V)
[08:54:43] [main/INFO] [Quark ASM]: Located Method, patching...
[08:54:43] [main/INFO] [Quark ASM]: Located patch target node INVOKESPECIAL net/minecraft/block/state/BlockPistonStructureHelper.<init> (Lnet/minecraft/world/World;Lnet/minecraft/util/math/BlockPos;Lnet/minecraft/util/EnumFacing;Z)V
[08:54:43] [main/INFO] [Quark ASM]: Patch result: true
[08:54:43] [main/INFO] [Quark ASM]: Transforming net.minecraft.tileentity.TileEntityPiston
[08:54:43] [main/INFO] [Quark ASM]: Applying Transformation to method (Names [update, func_73660_a] Descriptor ()V)
[08:54:43] [main/INFO] [Quark ASM]: Located Method, patching...
[08:54:43] [main/INFO] [Quark ASM]: Patch result: true
[08:54:43] [main/INFO] [Quark ASM]: Applying Transformation to method (Names [clearPistonTileEntity, func_145866_f] Descriptor ()V)
[08:54:43] [main/INFO] [Quark ASM]: Located Method, patching...
[08:54:43] [main/INFO] [Quark ASM]: Located patch target node INVOKEVIRTUAL net/minecraft/world/World.func_180501_a (Lnet/minecraft/util/math/BlockPos;Lnet/minecraft/block/state/IBlockState;I)Z
[08:54:43] [main/INFO] [Quark ASM]: Patch result: true
[08:54:43] [main/INFO] [Quark ASM]: Applying Transformation to method (Names [update, func_73660_a] Descriptor ()V)
[08:54:43] [main/INFO] [Quark ASM]: Located Method, patching...
[08:54:43] [main/INFO] [Quark ASM]: Located patch target node INVOKEVIRTUAL net/minecraft/world/World.func_180501_a (Lnet/minecraft/util/math/BlockPos;Lnet/minecraft/block/state/IBlockState;I)Z
[08:54:43] [main/INFO] [Quark ASM]: Patch result: true
[08:54:43] [main/INFO] [STDOUT]: [com.pg85.otg.forge.asm.excluded.OTGClassTransformer:transform:91]: OTG-Core transforming: net.minecraft.entity.item.EntityTNTPrimed : acm
[08:54:43] [main/INFO] [RB-Transformer]: Injecting into apr (net.minecraft.block.BlockWorkbench)
[08:54:43] [main/INFO] [RB-Transformer]:  - ITileEntityProvider
[08:54:43] [main/INFO] [RB-Transformer]:  - createNewTileEntity
[08:54:43] [main/INFO] [RB-Transformer]:  - breakBlock
[08:54:43] [main/INFO] [RB-Transformer]:  - <clinit>
[08:54:43] [main/INFO] [RB-Transformer]:  - Done
[08:54:43] [main/INFO] [ASMUtil]: Transforming class pw/prok/realbench/WorkbenchTile
[08:54:43] [main/INFO] [ASMUtil]: Transforming class pw/prok/realbench/WorkbenchTile
[08:54:43] [main/INFO] [RB-Transformer]: Injecting into pw.prok.realbench.asm.ASMHooks (pw.prok.realbench.asm.ASMHooks)
[08:54:43] [main/INFO] [RB-Transformer]:  - getTile
[08:54:43] [main/INFO] [RB-Transformer]:  - Done
[08:54:43] [main/INFO] [ASMUtil]: Transforming class pw/prok/realbench/asm/ASMHooks
[08:54:43] [main/INFO] [ASMUtil]: Transforming class pw/prok/realbench/asm/ASMHooks
[08:54:43] [main/INFO] [Meson ASM]: Transforming TileEntityFurnace
[08:54:43] [main/INFO] [Meson ASM]: Applying Transformation to method (Names [smeltItem, func_145949_j, o] Descriptor ()V / ()V)
[08:54:43] [main/INFO] [Meson ASM]: Located method, patching...
[08:54:43] [main/INFO] [Meson ASM]: Located target ASTORE 2
[08:54:43] [main/INFO] [Meson ASM]: Patch result: true
[08:54:43] [main/INFO] [Meson ASM]: Applying Transformation to method (Names [isItemValidForSlot, func_94041_b, b] Descriptor (ILnet/minecraft/item/ItemStack;)Z / (ILaip;)Z)
[08:54:43] [main/INFO] [Meson ASM]: Located method, patching...
[08:54:43] [main/INFO] [Meson ASM]: Located target ILOAD 1
[08:54:43] [main/INFO] [Meson ASM]: Patch result: true
[08:54:43] [main/INFO] [Meson ASM]: Transforming TileEntityBeacon
[08:54:43] [main/INFO] [Meson ASM]: Applying Transformation to method (Names [addEffectsToPlayers, func_146000_x, E] Descriptor ()V / ()V)
[08:54:43] [main/INFO] [Meson ASM]: Located method, patching...
[08:54:43] [main/INFO] [Meson ASM]: Located target ALOAD 9
[08:54:43] [main/INFO] [Meson ASM]: Patch result: true
[08:54:43] [main/INFO] [ASMUtil]: Transforming class net/minecraft/tileentity/TileEntityHopper
[08:54:43] [main/INFO] [ASMUtil]: Transforming class net/minecraft/tileentity/TileEntityHopper
[08:54:43] [main/INFO] [Meson ASM]: Transforming TileEntityShulkerBox
[08:54:43] [main/INFO] [Meson ASM]: Applying Transformation to method (Names [canInsertItem, func_180462_a, a] Descriptor (ILnet/minecraft/item/ItemStack;Lnet/minecraft/util/EnumFacing;)Z / (ILaip;Lnet/minecraft/util/EnumFacing;)Z)
[08:54:43] [main/INFO] [Meson ASM]: Failed to locate the method!
[08:54:43] [main/INFO] [STDOUT]: [pl.asie.foamfix.coremod.patches.GhostBusterBlockStateAccessPatch$FFMethodVisitor:visitMethodInsn:93]: Added ghost buster patch (getBlockState call wrapped) in net/minecraft/block/BlockFarmland func_176530_e (net/minecraft/world/World func_180495_p (Lnet/minecraft/util/math/BlockPos;)Lnet/minecraft/block/state/IBlockState;)
[08:54:43] [main/INFO] [ASMUtil]: Transforming class net/minecraft/entity/monster/EntityMob
[08:54:43] [main/INFO] [ASMUtil]: Transforming class net/minecraft/entity/monster/EntityMob
[08:54:43] [main/INFO] [Meson ASM]: Transforming EntityWither
[08:54:43] [main/INFO] [Meson ASM]: Applying Transformation to method (Names [canDestroyBlock, func_181033_a, a] Descriptor (Lnet/minecraft/block/Block;)Z / (Lnet/minecraft/block/Block;)Z)
[08:54:43] [main/INFO] [Meson ASM]: Failed to locate the method!
[08:54:43] [main/INFO] [STDOUT]: [pl.asie.patchy.helpers.ConstructorReplacingTransformer$FFMethodVisitor:visitTypeInsn:73]: Replaced NEW for net/minecraft/tileentity/TileEntityHopper to pl/asie/foamfix/common/TileEntityFasterHopper
[08:54:43] [main/INFO] [STDOUT]: [pl.asie.patchy.helpers.ConstructorReplacingTransformer$FFMethodVisitor:visitMethodInsn:85]: Replaced INVOKESPECIAL for net/minecraft/tileentity/TileEntityHopper to pl/asie/foamfix/common/TileEntityFasterHopper
[08:54:44] [main/INFO] [Quark ASM]: Transforming net.minecraft.enchantment.EnchantmentDamage
[08:54:44] [main/INFO] [Quark ASM]: Applying Transformation to method (Names [canApply, func_92089_a] Descriptor (Lnet/minecraft/item/ItemStack;)Z)
[08:54:44] [main/INFO] [Quark ASM]: Located Method, patching...
[08:54:44] [main/INFO] [Quark ASM]: Located patch target node IRETURN
[08:54:44] [main/INFO] [Quark ASM]: Located patch target node IRETURN
[08:54:44] [main/INFO] [Quark ASM]: Patch result: true
[08:54:44] [main/INFO] [Meson ASM]: Transforming ItemToolMaterial
[08:54:44] [main/INFO] [Meson ASM]: Applying Transformation to method (Names [getMaxUses, func_77997_a, a] Descriptor ()I / ()I)
[08:54:44] [main/INFO] [Meson ASM]: Located method, patching...
[08:54:44] [main/INFO] [Meson ASM]: Located target GETFIELD ain$a.g : I
[08:54:44] [main/INFO] [Meson ASM]: Patch result: true
[08:54:44] [main/INFO] [Meson ASM]: Applying Transformation to method (Names [getEfficiency, func_77998_b, b] Descriptor ()F / ()F)
[08:54:44] [main/INFO] [Meson ASM]: Located method, patching...
[08:54:44] [main/INFO] [Meson ASM]: Located target GETFIELD ain$a.h : F
[08:54:44] [main/INFO] [Meson ASM]: Patch result: true
[08:54:44] [main/INFO] [Meson ASM]: Applying Transformation to method (Names [getAttackDamage, func_78000_c, c] Descriptor ()F / ()F)
[08:54:44] [main/INFO] [Meson ASM]: Located method, patching...
[08:54:44] [main/INFO] [Meson ASM]: Located target GETFIELD ain$a.i : F
[08:54:44] [main/INFO] [Meson ASM]: Patch result: true
[08:54:44] [main/INFO] [Meson ASM]: Applying Transformation to method (Names [getHarvestLevel, func_77996_d, d] Descriptor ()I / ()I)
[08:54:44] [main/INFO] [Meson ASM]: Located method, patching...
[08:54:44] [main/INFO] [Meson ASM]: Located target GETFIELD ain$a.f : I
[08:54:44] [main/INFO] [Meson ASM]: Patch result: true
[08:54:44] [main/INFO] [Meson ASM]: Applying Transformation to method (Names [getEnchantability, func_77995_e, e] Descriptor ()I / ()I)
[08:54:44] [main/INFO] [Meson ASM]: Located method, patching...
[08:54:44] [main/INFO] [Meson ASM]: Located target GETFIELD ain$a.j : I
[08:54:44] [main/INFO] [Meson ASM]: Patch result: true
[08:54:44] [main/INFO] [STDOUT]: [com.pg85.otg.forge.asm.excluded.OTGClassTransformer:transform:91]: OTG-Core transforming: net.minecraft.entity.projectile.EntityArrow : aeh
[08:54:44] [main/INFO] [ASMUtil]: Transforming class net/minecraft/entity/item/EntityItemFrame
[08:54:44] [main/INFO] [ASMUtil]: Transforming class net/minecraft/entity/item/EntityItemFrame
[08:54:44] [main/INFO] [STDOUT]: [com.pg85.otg.forge.asm.excluded.OTGClassTransformer:transform:91]: OTG-Core transforming: net.minecraft.entity.item.EntityMinecart : afe
[08:54:44] [main/INFO] [Quark ASM]: Transforming net.minecraft.entity.item.EntityMinecart
[08:54:44] [main/INFO] [Quark ASM]: Applying Transformation to method (Names [killMinecart, func_94095_a] Descriptor (Lnet/minecraft/util/DamageSource;)V)
[08:54:44] [main/INFO] [Quark ASM]: Located Method, patching...
[08:54:44] [main/INFO] [Quark ASM]: Located patch target node INVOKEVIRTUAL net/minecraft/entity/item/EntityMinecart.func_70099_a (Lnet/minecraft/item/ItemStack;F)Lnet/minecraft/entity/item/EntityItem;
[08:54:44] [main/INFO] [Quark ASM]: Patch result: true
[08:54:44] [main/INFO] [STDOUT]: [com.pg85.otg.forge.asm.excluded.OTGClassTransformer:transform:91]: OTG-Core transforming: net.minecraft.entity.projectile.EntityThrowable : aev
[08:54:44] [main/INFO] [STDOUT]: [com.pg85.otg.forge.asm.excluded.OTGClassTransformer:transform:91]: OTG-Core transforming: net.minecraft.entity.item.EntityBoat : afd
[08:54:44] [main/INFO] [Quark ASM]: Transforming net.minecraft.entity.item.EntityBoat
[08:54:44] [main/INFO] [Quark ASM]: Applying Transformation to method (Names [attackEntityFrom, func_70097_a] Descriptor (Lnet/minecraft/util/DamageSource;F)Z)
[08:54:44] [main/INFO] [Quark ASM]: Located Method, patching...
[08:54:44] [main/INFO] [Quark ASM]: Located patch target node INVOKEVIRTUAL net/minecraft/entity/item/EntityBoat.func_145778_a (Lnet/minecraft/item/Item;IF)Lnet/minecraft/entity/item/EntityItem;
[08:54:44] [main/INFO] [Quark ASM]: Patch result: true
[08:54:44] [main/INFO] [ASMUtil]: Transforming class net/minecraft/entity/player/EntityPlayerMP
[08:54:44] [main/INFO] [ASMUtil]: Transforming class net/minecraft/entity/player/EntityPlayerMP
[08:54:44] [main/INFO] [ASMUtil]: Transforming class net/minecraft/potion/PotionEffect
[08:54:44] [main/INFO] [ASMUtil]: Transforming class net/minecraft/potion/PotionEffect
[08:54:44] [main/INFO] [Quark ASM]: Transforming net.minecraft.item.ItemBanner
[08:54:44] [main/INFO] [Quark ASM]: Applying Transformation to method (Names [appendHoverTextFromTileEntityTag, func_185054_a] Descriptor (Lnet/minecraft/item/ItemStack;Ljava/util/List;)V)
[08:54:44] [main/INFO] [Quark ASM]: Failed to locate the method!
[08:54:44] [main/INFO] [Meson ASM]: Transforming ItemChorusFruit
[08:54:44] [main/INFO] [Meson ASM]: Applying Transformation to method (Names [onItemUseFinish, func_77654_b, a] Descriptor (Lnet/minecraft/item/ItemStack;Lnet/minecraft/world/World;Lnet/minecraft/entity/EntityLivingBase;)Lnet/minecraft/item/ItemStack; / (Laip;Lamu;Lvp;)Laip;)
[08:54:44] [main/INFO] [Meson ASM]: Located method, patching...
[08:54:44] [main/INFO] [Meson ASM]: Located target IFNE L0
[08:54:44] [main/INFO] [Meson ASM]: Patch result: true
[08:54:44] [main/INFO] [STDOUT]: [com.pg85.otg.forge.asm.excluded.OTGClassTransformer:transform:91]: OTG-Core transforming: net.minecraft.entity.projectile.EntityThrowable : aev
[08:54:44] [main/INFO] [ASMUtil]: Transforming class net/minecraft/entity/monster/EntityMob
[08:54:44] [main/INFO] [ASMUtil]: Transforming class net/minecraft/entity/monster/EntityMob
[08:54:44] [main/INFO] [ASMUtil]: Transforming class net/minecraft/entity/ai/attributes/AttributeMap
[08:54:44] [main/INFO] [ASMUtil]: Transforming class net/minecraft/entity/ai/attributes/AttributeMap
[08:54:44] [main/INFO] [ASMUtil]: Transforming class net/minecraft/pathfinding/PathNavigate
[08:54:44] [main/INFO] [ASMUtil]: Transforming class net/minecraft/pathfinding/PathNavigate
[08:54:44] [main/INFO] [Quark ASM]: Transforming net.minecraft.entity.ai.EntityAITarget
[08:54:44] [main/INFO] [Quark ASM]: Applying Transformation to method (Names [isSuitableTarget, func_179445_a] Descriptor (Lnet/minecraft/entity/EntityLiving;Lnet/minecraft/entity/EntityLivingBase;ZZ)Z)
[08:54:44] [main/INFO] [Quark ASM]: Located Method, patching...
[08:54:44] [main/INFO] [Quark ASM]: Patch result: true
[08:54:44] [main/INFO] [STDOUT]: [com.pg85.otg.forge.asm.excluded.OTGClassTransformer:transform:91]: OTG-Core transforming: net.minecraft.entity.projectile.EntityShulkerBullet : aer
[08:54:45] [main/INFO] [STDOUT]: [pl.asie.foamfix.coremod.FoamFixTransformer:spliceClasses:101]: Added INTERFACE: pl/asie/foamfix/api/IFoamFixMobSpawnerLogic
[08:54:45] [main/INFO] [STDOUT]: [pl.asie.foamfix.coremod.FoamFixTransformer:spliceClasses:114]: Spliced in METHOD: net.minecraft.tileentity.MobSpawnerBaseLogic.func_98279_f
[08:54:45] [main/INFO] [STDOUT]: [pl.asie.foamfix.coremod.FoamFixTransformer:spliceClasses:165]: Added FIELD: net.minecraft.tileentity.MobSpawnerBaseLogic.foamfix_activatedCache
[08:54:45] [main/INFO] [STDOUT]: [pl.asie.foamfix.coremod.FoamFixTransformer:spliceClasses:165]: Added FIELD: net.minecraft.tileentity.MobSpawnerBaseLogic.foamfix_activatedCachePESize
[08:54:45] [main/INFO] [STDOUT]: [pl.asie.foamfix.coremod.FoamFixTransformer:spliceClasses:165]: Added FIELD: net.minecraft.tileentity.MobSpawnerBaseLogic.foamfix_activatedCacheTime
[08:54:45] [main/INFO] [STDOUT]: [pl.asie.foamfix.coremod.FoamFixTransformer:spliceClasses:165]: Added FIELD: net.minecraft.tileentity.MobSpawnerBaseLogic.foamfix_forcedCache
[08:54:45] [main/INFO] [STDOUT]: [pl.asie.foamfix.coremod.FoamFixTransformer:spliceClasses:165]: Added FIELD: net.minecraft.tileentity.MobSpawnerBaseLogic.foamfix_forcedCacheTime
[08:54:45] [main/INFO] [ASMUtil]: Transforming class net/minecraft/pathfinding/PathNavigate
[08:54:45] [main/INFO] [ASMUtil]: Transforming class net/minecraft/pathfinding/PathNavigate
[08:54:45] [main/INFO] [STDOUT]: [com.pg85.otg.forge.asm.excluded.OTGClassTransformer:transform:91]: OTG-Core transforming: net.minecraft.entity.projectile.EntityLlamaSpit : aeo
[08:54:45] [main/INFO] [ASMUtil]: Transforming class net/minecraft/entity/passive/EntityVillager$ListEnchantedBookForEmeralds
[08:54:45] [main/INFO] [ASMUtil]: Transforming class net/minecraft/entity/passive/EntityVillager$ListEnchantedBookForEmeralds
[08:54:45] [main/INFO] [Quark ASM]: Transforming net.minecraft.item.crafting.RecipesBanners$RecipeAddPattern
[08:54:45] [main/INFO] [Quark ASM]: Applying Transformation to method (Names [matches, func_77569_a] Descriptor (Lnet/minecraft/inventory/InventoryCrafting;Lnet/minecraft/world/World;)Z)
[08:54:45] [main/INFO] [Quark ASM]: Located Method, patching...
[08:54:45] [main/INFO] [Quark ASM]: Located patch target node INVOKESTATIC net/minecraft/tileentity/TileEntityBanner.func_175113_c (Lnet/minecraft/item/ItemStack;)I
[08:54:45] [main/INFO] [Quark ASM]: Patch result: true
[08:54:46] [main/INFO] [FermiumASM]: Improving FurnaceRecipes. Lookups are now a lot faster.
[08:54:46] [main/INFO] [Quark ASM]: Transforming net.minecraft.inventory.ContainerMerchant
[08:54:46] [main/INFO] [Quark ASM]: Applying Transformation to method (Names [transferStackInSlot, func_82846_b] Descriptor (Lnet/minecraft/entity/player/EntityPlayer;I)Lnet/minecraft/item/ItemStack;)
[08:54:46] [main/INFO] [Quark ASM]: Located Method, patching...
[08:54:46] [main/INFO] [Quark ASM]: Located patch target node INVOKEVIRTUAL net/minecraft/inventory/ContainerMerchant.func_75135_a (Lnet/minecraft/item/ItemStack;IIZ)Z
[08:54:46] [main/INFO] [Quark ASM]: Located patch target node INVOKEVIRTUAL net/minecraft/inventory/ContainerMerchant.func_75135_a (Lnet/minecraft/item/ItemStack;IIZ)Z
[08:54:46] [main/INFO] [Quark ASM]: Located patch target node INVOKEVIRTUAL net/minecraft/inventory/ContainerMerchant.func_75135_a (Lnet/minecraft/item/ItemStack;IIZ)Z
[08:54:46] [main/INFO] [Quark ASM]: Located patch target node INVOKEVIRTUAL net/minecraft/inventory/ContainerMerchant.func_75135_a (Lnet/minecraft/item/ItemStack;IIZ)Z
[08:54:46] [main/INFO] [Quark ASM]: Patch result: true
[08:54:46] [main/INFO] [Meson ASM]: Transforming ContainerFurnace
[08:54:46] [main/INFO] [Meson ASM]: Applying Transformation to method (Names [<init>, <init>, ] Descriptor (Lnet/minecraft/entity/player/InventoryPlayer;Lnet/minecraft/inventory/IInventory;)V / (Laec;Ltv;)V)
[08:54:46] [main/INFO] [Meson ASM]: Located method, patching...
[08:54:46] [main/INFO] [Meson ASM]: Located target NEW agr
[08:54:46] [main/INFO] [Meson ASM]: Patch result: true
[08:54:46] [main/INFO] [Meson ASM]: Applying Transformation to method (Names [<init>, <init>, ] Descriptor (Lnet/minecraft/entity/player/InventoryPlayer;Lnet/minecraft/inventory/IInventory;)V / (Laec;Ltv;)V)
[08:54:46] [main/INFO] [Meson ASM]: Located method, patching...
[08:54:46] [main/INFO] [Meson ASM]: Located target INVOKESPECIAL agr.<init> (Ltv;III)V
[08:54:46] [main/INFO] [Meson ASM]: Patch result: true
[08:54:46] [main/INFO] [fermiummixins.FermiumMixins]: FermiumMixins setting Server thread to priority 10 (Max)
[08:54:46] [Server thread/INFO] [net.minecraft.server.dedicated.DedicatedServer]: Starting minecraft server version 1.12.2
[08:54:46] [Server thread/INFO] [FML]: MinecraftForge v14.23.5.2860 Initialized
[08:54:46] [Server thread/INFO] [FML]: Starts to replace vanilla recipe ingredients with ore ingredients.
[08:54:46] [Server thread/INFO] [FML]: Invalid recipe found with multiple oredict ingredients in the same ingredient...
[08:54:46] [Server thread/INFO] [FML]: Replaced 1227 ore ingredients
[08:54:46] [Server thread/INFO] [ASMUtil]: Transforming class net/minecraftforge/common/ForgeHooks
[08:54:46] [Server thread/INFO] [ASMUtil]: Transforming class net/minecraftforge/common/ForgeHooks
[08:54:46] [Server thread/WARN] [FML]: Enabling removal of erroring Entities - USE AT YOUR OWN RISK
[08:54:46] [Server thread/WARN] [FML]: Enabling removal of erroring Tile Entities - USE AT YOUR OWN RISK
[08:54:46] [Server thread/INFO] [FML]: Searching /home/Minecraft/rlcraft-server/./mods for mods
[08:54:46] [Server thread/INFO] [FML]: Searching /home/Minecraft/rlcraft-server/./mods/1.12.2 for mods
[08:54:46] [Server thread/INFO] [FML]: Disabling mod bhmenu it is client side only.
[08:54:47] [Server thread/INFO] [FML]: Disabling mod antiqueatlasoverlay it is client side only.
[08:54:47] [Server thread/INFO] [FML]: Disabling mod betterbiomeblend it is client side only.
[08:54:47] [Server thread/WARN] [FML]: Mod bettermineshafts is missing the required element 'version' and a version.properties file could not be found. Falling back to metadata version 1.12.2-2.2.1
[08:54:47] [Server thread/INFO] [FML]: Disabling mod bhmenu it is client side only.
[08:54:47] [Server thread/WARN] [FML]: Mod cd4017be_lib is missing the required element 'version' and a version.properties file could not be found. Falling back to metadata version 6.5.1
[08:54:47] [Server thread/INFO] [FML]: Disabling mod chunkanimator it is client side only.
[08:54:47] [Server thread/INFO] [FML]: Disabling mod controlling it is client side only.
[08:54:47] [Server thread/WARN] [FML]: Mod craftablechainmail is missing the required element 'version' and a version.properties file could not be found. Falling back to metadata version 1.0
[08:54:47] [Server thread/INFO] [FML]: Disabling mod ctgui it is client side only.
[08:54:47] [Server thread/WARN] [FML]: Mod cookingforblockheads is missing the required element 'version' and a version.properties file could not be found. Falling back to metadata version 1.1.0
[08:54:47] [Server thread/WARN] [FML]: Zip file DregoraRL-3.5.jar failed to read properly, it will be ignored
java.util.zip.ZipException: error in opening zip file
	at java.util.zip.ZipFile.open(Native Method) ~[?:1.8.0_492]
	at java.util.zip.ZipFile.<init>(ZipFile.java:231) ~[?:1.8.0_492]
	at java.util.zip.ZipFile.<init>(ZipFile.java:157) ~[?:1.8.0_492]
	at java.util.jar.JarFile.<init>(JarFile.java:169) ~[?:1.8.0_492]
	at java.util.jar.JarFile.<init>(JarFile.java:133) ~[?:1.8.0_492]
	at net.minecraftforge.fml.common.discovery.JarDiscoverer.discover(JarDiscoverer.java:56) [JarDiscoverer.class:?]
	at net.minecraftforge.fml.common.discovery.ContainerType.findMods(ContainerType.java:47) [ContainerType.class:?]
	at net.minecraftforge.fml.common.discovery.ModCandidate.explore(ModCandidate.java:74) [ModCandidate.class:?]
	at net.minecraftforge.fml.common.discovery.ModDiscoverer.identifyMods(ModDiscoverer.java:93) [ModDiscoverer.class:?]
	at net.minecraftforge.fml.common.Loader.identifyMods(Loader.java:427) [Loader.class:?]
	at net.minecraftforge.fml.common.Loader.loadMods(Loader.java:568) [Loader.class:?]
	at net.minecraftforge.fml.server.FMLServerHandler.beginServerLoading(FMLServerHandler.java:98) [FMLServerHandler.class:?]
	at net.minecraftforge.fml.common.FMLCommonHandler.onServerStart(FMLCommonHandler.java:333) [FMLCommonHandler.class:?]
	at net.minecraft.server.dedicated.DedicatedServer.init(DedicatedServer.java:125) [nz.class:?]
	at net.minecraft.server.MinecraftServer.run(MinecraftServer.java:486) [MinecraftServer.class:?]
	at java.lang.Thread.run(Thread.java:750) [?:1.8.0_492]
[08:54:47] [Server thread/WARN] [FML]: Mod dynamictreesdefiledlands is missing the required element 'version' and a version.properties file could not be found. Falling back to metadata version 1.12.2-1.0.0
[08:54:47] [Server thread/WARN] [FML]: Mod dynamictreesquark is missing the required element 'version' and a version.properties file could not be found. Falling back to metadata version 1.12.2-1.0.6
[08:54:47] [Server thread/INFO] [FML]: Disabling mod enchdesc it is client side only.
[08:54:47] [Server thread/INFO] [FML]: Disabling mod fbp it is client side only.
[08:54:47] [Server thread/WARN] [FML]: Mod fancymenu is missing the required element 'version' and a version.properties file could not be found. Falling back to metadata version 2.14.9
[08:54:48] [Server thread/INFO] [FML]: Disabling mod googlyeyes it is client side only.
[08:54:48] [Server thread/WARN] [FML]: Mod helpfixer is missing the required element 'version' and a version.properties file could not be found. Falling back to metadata version 1.12.1-1.5.18
[08:54:48] [Server thread/WARN] [FML]: Mod konkrete is missing the required element 'version' and a version.properties file could not be found. Falling back to metadata version 1.6.1
[08:54:48] [Server thread/INFO] [FML]: Disabling mod legendarytooltips it is client side only.
[08:54:49] [Server thread/INFO] [FML]: Disabling mod loadingscreens it is client side only.
[08:54:49] [Server thread/WARN] [FML]: Mod mobends is missing the required element 'version' and a version.properties file could not be found. Falling back to metadata version 1.2.1
[08:54:49] [Server thread/INFO] [FML]: Disabling mod mousetweaks it is client side only.
[08:54:49] [Server thread/INFO] [FML]: Disabling mod neat it is client side only.
[08:54:49] [Server thread/INFO] [FML]: Disabling mod particleculling it is client side only.
[08:54:49] [Server thread/INFO] [FML]: Mod playerbosses is missing the required element 'name'. Substituting playerbosses
[08:54:49] [Server thread/WARN] [FML]: Mod playerbosses is missing the required element 'version' and no fallback can be found. Substituting '1.0'.
[08:54:49] [Server thread/INFO] [FML]: Disabling mod potiondescriptions it is client side only.
[08:54:49] [Server thread/WARN] [FML]: Mod reachfix is missing the required element 'version' and a version.properties file could not be found. Falling back to metadata version 1.1.3
[08:54:49] [Server thread/INFO] [FML]: Disabling mod resourceloader it is client side only.
[08:54:49] [Server thread/INFO] [FML]: Disabling mod betterfoliage it is client side only.
[08:54:50] [Server thread/INFO] [FML]: Disabling mod soundfilters it is client side only.
[08:54:50] [Server thread/INFO] [FML]: Disabling mod spartanhudbaubles it is client side only.
[08:54:50] [Server Shutdown Thread/INFO] [net.minecraft.server.MinecraftServer]: Stopping server
[08:54:50] [Server Shutdown Thread/INFO] [net.minecraft.server.MinecraftServer]: Saving worlds
